Entity,Code,Year,Terrestrial protected areas (% of total land area)
Afghanistan,AFG,2016,0.1
Afghanistan,AFG,2017,0.104707034792812
Afghanistan,AFG,2018,0.104707034792812
Africa Eastern and Southern,,2016,16.4936604991237
Africa Eastern and Southern,,2017,16.9073441434583
Africa Eastern and Southern,,2018,16.9073461079775
Africa Western and Central,,2016,15.491133110851
Africa Western and Central,,2017,15.725047476481
Africa Western and Central,,2018,15.725047476481
Albania,ALB,2016,17.21
Albania,ALB,2017,17.7360953122157
Albania,ALB,2018,17.7360953122157
Algeria,DZA,2016,7.5
Algeria,DZA,2017,7.49506002830462
Algeria,DZA,2018,7.49506002830462
American Samoa,ASM,2016,4.27
American Samoa,ASM,2017,15.8477447307274
American Samoa,ASM,2018,15.8477447307274
Andorra,AND,2016,21.19
Andorra,AND,2017,26.7277247815139
Andorra,AND,2018,26.7277247815139
Angola,AGO,2016,6.97
Angola,AGO,2017,6.97142669594584
Angola,AGO,2018,6.97142669594584
Antigua and Barbuda,ATG,2016,19.33
Antigua and Barbuda,ATG,2017,18.5696736890488
Antigua and Barbuda,ATG,2018,18.5696736890488
Arab World,,2016,4.94955949787357
Arab World,,2017,5.28213856176033
Arab World,,2018,5.28213892598963
Argentina,ARG,2016,8.89
Argentina,ARG,2017,8.80825141581955
Argentina,ARG,2018,8.80825141581955
Armenia,ARM,2016,23.11
Armenia,ARM,2017,23.1105028060216
Armenia,ARM,2018,23.1105028060216
Aruba,ABW,2016,0.53
Aruba,ABW,2017,18.9175762600279
Aruba,ABW,2018,18.9175762600279
Australia,AUS,2016,16.98
Australia,AUS,2017,19.2656223071572
Australia,AUS,2018,19.2656223071572
Austria,AUT,2016,28.44
Austria,AUT,2017,28.397981655605
Austria,AUT,2018,28.397981655605
Azerbaijan,AZE,2016,10.15
Azerbaijan,AZE,2017,10.1551256208372
Azerbaijan,AZE,2018,10.1551256208372
Bahamas,BHS,2016,31.2
Bahamas,BHS,2017,36.6336475275265
Bahamas,BHS,2018,36.6336475275265
Bahrain,BHR,2016,6.7
Bahrain,BHR,2017,6.62174781265092
Bahrain,BHR,2018,6.62174781265092
Bangladesh,BGD,2016,4.61
Bangladesh,BGD,2017,4.60596281196676
Bangladesh,BGD,2018,4.60596281196676
Barbados,BRB,2016,1.35
Barbados,BRB,2017,1.27010819350234
Barbados,BRB,2018,1.27010819350234
Belarus,BLR,2016,9.51
Belarus,BLR,2017,9.35349335261769
Belarus,BLR,2018,9.35349335261769
Belgium,BEL,2016,23.21
Belgium,BEL,2017,23.293342934656
Belgium,BEL,2018,23.293342934656
Belize,BLZ,2016,37.68
Belize,BLZ,2017,37.6793655671877
Belize,BLZ,2018,37.6793655671877
Benin,BEN,2016,28.87
Benin,BEN,2017,29.6233712049703
Benin,BEN,2018,29.6233712049703
Bermuda,BMU,2016,5.52
Bermuda,BMU,2017,2.07991902345745
Bermuda,BMU,2018,2.07991902345745
Bhutan,BTN,2016,48.01
Bhutan,BTN,2017,48.0078510451913
Bhutan,BTN,2018,48.0078510451913
Bolivia,BOL,2016,30.87
Bolivia,BOL,2017,30.8654914952936
Bolivia,BOL,2018,30.8654914952936
Bosnia and Herzegovina,BIH,2016,1.45
Bosnia and Herzegovina,BIH,2017,1.39550157071326
Bosnia and Herzegovina,BIH,2018,1.39550157071326
Botswana,BWA,2016,29.14
Botswana,BWA,2017,29.1432374214093
Botswana,BWA,2018,29.1432374214093
Brazil,BRA,2016,28.94
Brazil,BRA,2017,29.4196676737717
Brazil,BRA,2018,29.4196676737717
British Virgin Islands,VGB,2016,8.54
British Virgin Islands,VGB,2017,9.10881468166607
British Virgin Islands,VGB,2018,9.10881468166607
Brunei,BRN,2016,46.87
Brunei,BRN,2017,46.87211976066
Brunei,BRN,2018,46.87211976066
Bulgaria,BGR,2016,34.69
Bulgaria,BGR,2017,34.7035801172141
Bulgaria,BGR,2018,34.7035801172141
Burkina Faso,BFA,2016,15.08
Burkina Faso,BFA,2017,14.9228805539331
Burkina Faso,BFA,2018,14.9228805539331
Burundi,BDI,2016,7.59
Burundi,BDI,2017,7.5914717058788
Burundi,BDI,2018,7.5914717058788
Cambodia,KHM,2016,26.03
Cambodia,KHM,2017,26.027716099692
Cambodia,KHM,2018,26.027716099692
Cameroon,CMR,2016,10.6
Cameroon,CMR,2017,10.6005464149767
Cameroon,CMR,2018,10.6005464149767
Canada,CAN,2016,9.69
Canada,CAN,2017,9.68557393581083
Canada,CAN,2018,9.68557393581083
Cape Verde,CPV,2016,2.6
Cape Verde,CPV,2017,2.89524038891919
Cape Verde,CPV,2018,2.89524038891919
Caribbean Small States,,2016,13.6508563415251
Caribbean Small States,,2017,13.8223398502535
Caribbean Small States,,2018,13.8223398502535
Cayman Islands,CYM,2016,10.72
Cayman Islands,CYM,2017,10.7627698356687
Cayman Islands,CYM,2018,10.7627698356687
Central African Republic,CAF,2016,18.06
Central African Republic,CAF,2017,18.0648242198926
Central African Republic,CAF,2018,18.0648242198926
Central Europe and the Baltics,,2016,30.2879378878688
Central Europe and the Baltics,,2017,30.3790316869392
Central Europe and the Baltics,,2018,30.3790451116586
Chad,TCD,2016,20.35
Chad,TCD,2017,20.3544358034532
Chad,TCD,2018,20.3544358034532
Chile,CHL,2016,18.4
Chile,CHL,2017,18.4944542424793
Chile,CHL,2018,18.4944542424793
China,CHN,2016,17.08
China,CHN,2017,15.449041955767
China,CHN,2018,15.449041955767
Colombia,COL,2016,14.16
Colombia,COL,2017,14.8069558212089
Colombia,COL,2018,14.8069558212089
Comoros,COM,2016,10.17
Comoros,COM,2017,10.1514342727337
Comoros,COM,2018,10.1514342727337
Congo,COG,2016,40.59
Congo,COG,2017,40.7380367837893
Congo,COG,2018,40.7380367837893
Costa Rica,CRI,2016,27.6
Costa Rica,CRI,2017,27.6026953211753
Costa Rica,CRI,2018,27.6026953211753
Cote d'Ivoire,CIV,2016,22.88
Cote d'Ivoire,CIV,2017,22.8846634839832
Cote d'Ivoire,CIV,2018,22.8846634839832
Croatia,HRV,2016,38.11
Croatia,HRV,2017,38.2536302140039
Croatia,HRV,2018,38.2536302140039
Cuba,CUB,2016,16.55
Cuba,CUB,2017,16.5532324654921
Cuba,CUB,2018,16.5532324654921
Curacao,CUW,2016,15.52
Curacao,CUW,2017,15.4623806987241
Curacao,CUW,2018,15.4623806987241
Cyprus,CYP,2016,18.65
Cyprus,CYP,2017,18.6504409036147
Cyprus,CYP,2018,18.6504409036147
Czechia,CZE,2016,21.69
Czechia,CZE,2017,22.1556760039807
Czechia,CZE,2018,22.1556760039807
Democratic Republic of Congo,COD,2016,12.7
Democratic Republic of Congo,COD,2017,13.8332604673993
Democratic Republic of Congo,COD,2018,13.8332604673993
Denmark,DNK,2016,17.56
Denmark,DNK,2017,18.1020211937511
Denmark,DNK,2018,18.1020211937511
Djibouti,DJI,2016,1.57
Djibouti,DJI,2017,1.57464592463938
Djibouti,DJI,2018,1.57464592463938
Dominica,DMA,2016,22.06
Dominica,DMA,2017,21.9868244583373
Dominica,DMA,2018,21.9868244583373
Dominican Republic,DOM,2016,23.02
Dominican Republic,DOM,2017,26.2367518845671
Dominican Republic,DOM,2018,26.2367518845671
Early-demographic dividend,,2016,12.7816050761336
Early-demographic dividend,,2017,12.6747068257384
Early-demographic dividend,,2018,12.6747988550734
East Asia & Pacific,,2016,16.2218227225575
East Asia & Pacific,,2017,16.4776379621587
East Asia & Pacific,,2018,16.4776307018755
East Asia & Pacific (IDA & IBRD),,2016,15.5894969012813
East Asia & Pacific (IDA & IBRD),,2017,14.65300245011
East Asia & Pacific (IDA & IBRD),,2018,14.6529960712479
East Asia & Pacific (excluding high income),,2016,15.4918273835879
East Asia & Pacific (excluding high income),,2017,14.5623630689915
East Asia & Pacific (excluding high income),,2018,14.5623569833008
Ecuador,ECU,2016,20.03
Ecuador,ECU,2017,21.6861189348777
Ecuador,ECU,2018,21.6861189348777
Egypt,EGY,2016,13.14
Egypt,EGY,2017,13.1360553831375
Egypt,EGY,2018,13.1360553831375
El Salvador,SLV,2016,8.78
El Salvador,SLV,2017,8.77628667233756
El Salvador,SLV,2018,8.77628667233756
Equatorial Guinea,GNQ,2016,19.27
Equatorial Guinea,GNQ,2017,19.2667589536442
Equatorial Guinea,GNQ,2018,19.2667589536442
Eritrea,ERI,2016,4.87
Eritrea,ERI,2017,4.87239093903435
Eritrea,ERI,2018,4.87239093903435
Estonia,EST,2016,20.18
Estonia,EST,2017,20.2184748207416
Estonia,EST,2018,20.2184748207416
Eswatini,SWZ,2016,4.1
Eswatini,SWZ,2017,4.23300820628733
Eswatini,SWZ,2018,4.23300820628733
Ethiopia,ETH,2016,18.47
Ethiopia,ETH,2017,18.4749603066502
Ethiopia,ETH,2018,18.4749603066502
Euro area,,2016,25.7932665837787
Euro area,,2017,25.8012501181309
Euro area,,2018,25.8001309402977
Europe & Central Asia,,2016,11.6675553519525
Europe & Central Asia,,2017,11.6988235495076
Europe & Central Asia,,2018,11.6990944968267
Europe & Central Asia (IDA & IBRD),,2016,9.06058610885651
Europe & Central Asia (IDA & IBRD),,2017,9.07566977534725
Europe & Central Asia (IDA & IBRD),,2018,9.07567891472431
Europe & Central Asia (excluding high income),,2016,8.54455985175123
Europe & Central Asia (excluding high income),,2017,8.55896070444849
Europe & Central Asia (excluding high income),,2018,8.55896070444849
European Union,,2016,25.7959371019854
European Union,,2017,25.8717748106833
European Union,,2018,25.8710458050527
Faeroe Islands,FRO,2016,2.34
Faeroe Islands,FRO,2017,2.32909328433195
Faeroe Islands,FRO,2018,2.32909328433195
Fiji,FJI,2016,5.4
Fiji,FJI,2017,5.41119687502089
Fiji,FJI,2018,5.41119687502089
Finland,FIN,2016,14.94
Finland,FIN,2017,15.0232916032633
Finland,FIN,2018,15.0232916032633
Fragile and conflict affected situations,,2016,12.8212757448514
Fragile and conflict affected situations,,2017,13.3222712688598
Fragile and conflict affected situations,,2018,13.3222730416939
France,FRA,2016,26.03
France,FRA,2017,25.7919660039
France,FRA,2018,25.7919660039
French Polynesia,PYF,2016,1.96
French Polynesia,PYF,2017,1.95319459774213
French Polynesia,PYF,2018,1.95319459774213
Gabon,GAB,2016,20.14
Gabon,GAB,2017,22.4427560590428
Gabon,GAB,2018,22.4427560590428
Gambia,GMB,2016,4.11
Gambia,GMB,2017,4.10736207362125
Gambia,GMB,2018,4.10736207362125
Georgia,GEO,2016,8.33
Georgia,GEO,2017,8.33359715447386
Georgia,GEO,2018,8.33359715447386
Germany,DEU,2016,37.68
Germany,DEU,2017,37.7519230162364
Germany,DEU,2018,37.7519230162364
Ghana,GHA,2016,15.06
Ghana,GHA,2017,15.0573797984075
Ghana,GHA,2018,15.0573797984075
Gibraltar,GIB,2016,26.67
Gibraltar,GIB,2017,32.4234218176205
Gibraltar,GIB,2018,32.4234218176205
Greece,GRC,2016,34.96
Greece,GRC,2017,35.2163408633262
Greece,GRC,2018,35.2163408633262
Greenland,GRL,2016,41.12
Greenland,GRL,2017,41.1536023513172
Greenland,GRL,2018,41.1536023513172
Grenada,GRD,2016,9.37
Grenada,GRD,2017,9.77750817324608
Grenada,GRD,2018,9.77750817324608
Guam,GUM,2016,21.92
Guam,GUM,2017,22.4691376782389
Guam,GUM,2018,22.4691376782389
Guatemala,GTM,2016,31.75
Guatemala,GTM,2017,20.0478790782543
Guatemala,GTM,2018,20.0478790782543
Guinea,GIN,2016,30.68
Guinea,GIN,2017,35.6461939863954
Guinea,GIN,2018,35.6461939863954
Guinea-Bissau,GNB,2016,16.66
Guinea-Bissau,GNB,2017,16.662653555347
Guinea-Bissau,GNB,2018,16.662653555347
Guyana,GUY,2016,8.74
Guyana,GUY,2017,8.73748680882895
Guyana,GUY,2018,8.73748680882895
Haiti,HTI,2016,0.27
Haiti,HTI,2017,1.9498829806779
Haiti,HTI,2018,1.9498829806779
Heavily indebted poor countries (HIPC),,2016,15.9133310221024
Heavily indebted poor countries (HIPC),,2017,16.6524395697762
Heavily indebted poor countries (HIPC),,2018,16.6524410571792
High income,,2016,14.4490802879703
High income,,2017,15.0943198350976
High income,,2018,15.094460096576
Honduras,HND,2016,28.44
Honduras,HND,2017,23.8855522578119
Honduras,HND,2018,23.8855522578119
Hong Kong,HKG,2016,41.9
Hong Kong,HKG,2017,41.8836803684402
Hong Kong,HKG,2018,41.8836803684402
Hungary,HUN,2016,22.6
Hungary,HUN,2017,22.5975581595624
Hungary,HUN,2018,22.5975581595624
IBRD only,,2016,14.6688070942297
IBRD only,,2017,14.4835418278569
IBRD only,,2018,14.4835429905006
IDA & IBRD total,,2016,14.5115637369364
IDA & IBRD total,,2017,14.5036487530488
IDA & IBRD total,,2018,14.5036897161573
IDA blend,,2016,14.0548220978528
IDA blend,,2017,14.0672473909739
IDA blend,,2018,14.0672473909739
IDA only,,2016,14.0634212614568
IDA only,,2017,14.6707140638273
IDA only,,2018,14.6709095667128
IDA total,,2016,14.0619194067779
IDA total,,2017,14.5626198478128
IDA total,,2018,14.5627785543369
Iceland,ISL,2016,17.44
Iceland,ISL,2017,18.15153229479
Iceland,ISL,2018,18.15153229479
India,IND,2016,5.97
India,IND,2017,5.96651940171319
India,IND,2018,5.96651940171319
Indonesia,IDN,2016,11.87
Indonesia,IDN,2017,12.1656963637972
Indonesia,IDN,2018,12.1656963637972
Iran,IRN,2016,8.61
Iran,IRN,2017,8.61413274206963
Iran,IRN,2018,8.61413274206963
Iraq,IRQ,2016,1.54
Iraq,IRQ,2017,1.53341211794309
Iraq,IRQ,2018,1.53341211794309
Ireland,IRL,2016,14.44
Ireland,IRL,2017,14.4412618535015
Ireland,IRL,2018,14.4412618535015
Isle of Man,IMN,2016,3.78
Isle of Man,IMN,2017,3.72176999077853
Isle of Man,IMN,2018,3.72176999077853
Israel,ISR,2016,19.94
Israel,ISR,2017,19.9465990771498
Israel,ISR,2018,19.9465990771498
Italy,ITA,2016,21.51
Italy,ITA,2017,21.5390596088817
Italy,ITA,2018,21.5390596088817
Jamaica,JAM,2016,15.91
Jamaica,JAM,2017,15.916513533077
Jamaica,JAM,2018,15.916513533077
Japan,JPN,2016,19.36
Japan,JPN,2017,29.3875386330145
Japan,JPN,2018,29.3875386330145
Jordan,JOR,2016,1.73
Jordan,JOR,2017,1.77057864219415
Jordan,JOR,2018,1.77057864219415
Kazakhstan,KAZ,2016,3.28
Kazakhstan,KAZ,2017,3.3120856618332
Kazakhstan,KAZ,2018,3.3120856618332
Kenya,KEN,2016,12.36
Kenya,KEN,2017,12.3633596228224
Kenya,KEN,2018,12.3633596228224
Kiribati,KIR,2016,22.37
Kiribati,KIR,2017,22.3604134900276
Kiribati,KIR,2018,22.3604134900276
Kuwait,KWT,2016,17.5
Kuwait,KWT,2017,17.5006769636402
Kuwait,KWT,2018,17.5006769636402
Kyrgyzstan,KGZ,2016,6.51
Kyrgyzstan,KGZ,2017,6.70269298312778
Kyrgyzstan,KGZ,2018,6.70269298312778
Laos,LAO,2016,16.68
Laos,LAO,2017,16.6822056274146
Laos,LAO,2018,16.6822056274146
Late-demographic dividend,,2016,15.6543818172389
Late-demographic dividend,,2017,15.4545216570049
Late-demographic dividend,,2018,15.454526853247
Latin America & Caribbean,,2016,23.1079889512083
Latin America & Caribbean,,2017,23.4632977730426
Latin America & Caribbean,,2018,23.4632973492518
Latin America & Caribbean (IDA & IBRD),,2016,23.1450780754694
Latin America & Caribbean (IDA & IBRD),,2017,23.4989988598484
Latin America & Caribbean (IDA & IBRD),,2018,23.4989984314684
Latin America & Caribbean (excluding high income),,2016,21.9605474922985
Latin America & Caribbean (excluding high income),,2017,22.3441764886364
Latin America & Caribbean (excluding high income),,2018,22.344176082308
Latvia,LVA,2016,18.17
Latvia,LVA,2017,18.1713211908866
Latvia,LVA,2018,18.1713211908866
Least developed countries: UN classification,,2016,13.4583557894643
Least developed countries: UN classification,,2017,14.0789420671084
Least developed countries: UN classification,,2018,14.0791283495746
Lebanon,LBN,2016,2.59
Lebanon,LBN,2017,2.59730862397557
Lebanon,LBN,2018,2.59730862397557
Lesotho,LSO,2016,0.26
Lesotho,LSO,2017,0.261388681242792
Lesotho,LSO,2018,0.261388681242792
Liberia,LBR,2016,2.49
Liberia,LBR,2017,4.05131092547338
Liberia,LBR,2018,4.05131092547338
Libya,LBY,2016,0.21
Libya,LBY,2017,0.211847868078981
Libya,LBY,2018,0.211847868078981
Liechtenstein,LIE,2016,42.49
Liechtenstein,LIE,2017,11.9351041815517
Liechtenstein,LIE,2018,11.9351041815517
Lithuania,LTU,2016,16.94
Lithuania,LTU,2017,17.0231009753366
Lithuania,LTU,2018,17.0231009753366
Low & middle income,,2016,14.0100613282361
Low & middle income,,2017,13.9974185989562
Low & middle income,,2018,13.9974566226648
Low income,,2016,11.6760061659712
Low income,,2017,12.4883297358513
Low income,,2018,12.4883322153025
Lower middle income,,2016,13.8393387948865
Lower middle income,,2017,13.8425585408174
Lower middle income,,2018,13.8426930644539
Luxembourg,LUX,2016,32.27
Luxembourg,LUX,2017,40.87274137855
Luxembourg,LUX,2018,40.87274137855
Madagascar,MDG,2016,5.25
Madagascar,MDG,2017,5.58955631461027
Madagascar,MDG,2018,5.58955631461027
Malawi,MWI,2016,16.89
Malawi,MWI,2017,22.8760477102777
Malawi,MWI,2018,22.8760477102777
Malaysia,MYS,2016,19.14
Malaysia,MYS,2017,19.1193165594385
Malaysia,MYS,2018,19.1193165594385
Maldives,MDV,2016,0.98
Maldives,MDV,2017,1.20909567705006
Maldives,MDV,2018,1.20909567705006
Mali,MLI,2016,8.23
Mali,MLI,2017,8.23161005507261
Mali,MLI,2018,8.23161005507261
Malta,MLT,2016,23.69
Malta,MLT,2017,30.2863758326223
Malta,MLT,2018,30.2863758326223
Marshall Islands,MHL,2016,12.06
Marshall Islands,MHL,2017,11.9157086072553
Marshall Islands,MHL,2018,11.9157086072553
Mauritania,MRT,2016,0.62
Mauritania,MRT,2017,0.621988213831289
Mauritania,MRT,2018,0.621988213831289
Mauritius,MUS,2016,4.75
Mauritius,MUS,2017,4.7253888127124
Mauritius,MUS,2018,4.7253888127124
Mexico,MEX,2016,14.27
Mexico,MEX,2017,14.5005326014623
Mexico,MEX,2018,14.5005326014623
Micronesia (country),FSM,2016,4.28
Micronesia (country),FSM,2017,0.0491628404366948
Micronesia (country),FSM,2018,0.0491628404366948
Middle East & North Africa,,2016,6.5976185389697
Middle East & North Africa,,2017,6.73166417123848
Middle East & North Africa,,2018,6.73166417123848
Middle East & North Africa (IDA & IBRD),,2016,7.17191158203136
Middle East & North Africa (IDA & IBRD),,2017,7.1698753918924
Middle East & North Africa (IDA & IBRD),,2018,7.1698753918924
Middle East & North Africa (excluding high income),,2016,7.17191158203136
Middle East & North Africa (excluding high income),,2017,7.17069132991216
Middle East & North Africa (excluding high income),,2018,7.17069132991216
Middle income,,2016,14.4474572761876
Middle income,,2017,14.2683486171349
Middle income,,2018,14.268394273376
Moldova,MDA,2016,4.15
Moldova,MDA,2017,4.15053454855149
Moldova,MDA,2018,4.15053454855149
Monaco,MCO,2016,62.5
Monaco,MCO,2017,33.1551035825643
Monaco,MCO,2018,33.1551035825643
Mongolia,MNG,2016,17.4
Mongolia,MNG,2017,17.7138825654778
Mongolia,MNG,2018,17.7138825654778
Montenegro,MNE,2016,4.06
Montenegro,MNE,2017,6.40071102866758
Montenegro,MNE,2018,6.40071102866758
Morocco,MAR,2016,30.81
Morocco,MAR,2017,30.7776011103996
Morocco,MAR,2018,30.7776011103996
Mozambique,MOZ,2016,21.59
Mozambique,MOZ,2017,21.5932282429122
Mozambique,MOZ,2018,21.5932282429122
Myanmar,MMR,2016,7.17
Myanmar,MMR,2017,6.37050102009697
Myanmar,MMR,2018,6.37050102009697
Namibia,NAM,2016,37.89
Namibia,NAM,2017,37.8909310253112
Namibia,NAM,2018,37.8909310253112
Nepal,NPL,2016,23.63
Nepal,NPL,2017,23.6260419833246
Nepal,NPL,2018,23.6260419833246
Netherlands,NLD,2016,11.33
Netherlands,NLD,2017,11.2437344510112
Netherlands,NLD,2018,11.2437344510112
New Caledonia,NCL,2016,54.41
New Caledonia,NCL,2017,54.4041576282141
New Caledonia,NCL,2018,54.4041576282141
New Zealand,NZL,2016,32.55
New Zealand,NZL,2017,32.5452558558454
New Zealand,NZL,2018,32.5452558558454
Nicaragua,NIC,2016,37.23
Nicaragua,NIC,2017,37.2258679264252
Nicaragua,NIC,2018,37.2258679264252
Niger,NER,2016,17.32
Niger,NER,2017,17.3170925189084
Niger,NER,2018,17.3170925189084
Nigeria,NGA,2016,13.93
Nigeria,NGA,2017,13.9295836103116
Nigeria,NGA,2018,13.9295836103116
North America,,2016,11.3247230231974
North America,,2017,11.3336607232689
North America,,2018,11.3336607232689
North Korea,PRK,2016,2.44
North Korea,PRK,2017,2.43534150328306
North Korea,PRK,2018,2.43534150328306
North Macedonia,MKD,2016,9.65
North Macedonia,MKD,2017,9.65406515792627
North Macedonia,MKD,2018,9.65406515792627
Northern Mariana Islands,MNP,2016,7.58
Northern Mariana Islands,MNP,2017,7.6694498339144
Northern Mariana Islands,MNP,2018,7.6694498339144
Norway,NOR,2016,16.97
Norway,NOR,2017,17.1064928744818
Norway,NOR,2018,17.1064928744818
OECD members,,2016,14.5019877555596
OECD members,,2017,15.1265080415915
OECD members,,2018,15.1266474632033
Oman,OMN,2016,2.57
Oman,OMN,2017,2.5727331813508
Oman,OMN,2018,2.5727331813508
Other small states,,2016,29.0696904183542
Other small states,,2017,29.4826467638992
Other small states,,2018,29.4826162400659
Pacific island small states,,2016,4.31602026715799
Pacific island small states,,2017,4.29880205732725
Pacific island small states,,2018,4.29880205732725
Pakistan,PAK,2016,12.31
Pakistan,PAK,2017,12.3145852779876
Pakistan,PAK,2018,12.3145852779876
Palau,PLW,2016,27.94
Palau,PLW,2017,28.0001910270941
Palau,PLW,2018,28.0001910270941
Palestine,PSE,2017,8.3592518432039
Palestine,PSE,2018,8.3592518432039
Panama,PAN,2016,20.89
Panama,PAN,2017,20.8919399833618
Panama,PAN,2018,20.8919399833618
Papua New Guinea,PNG,2016,3.07
Papua New Guinea,PNG,2017,3.06592990438946
Papua New Guinea,PNG,2018,3.06592990438946
Paraguay,PRY,2016,6.51
Paraguay,PRY,2017,14.3147360800329
Paraguay,PRY,2018,14.3147360800329
Peru,PER,2016,21.27
Peru,PER,2017,21.3141727885924
Peru,PER,2018,21.3141727885924
Philippines,PHL,2016,15.32
Philippines,PHL,2017,15.3166593209145
Philippines,PHL,2018,15.3166593209145
Poland,POL,2016,39.62
Poland,POL,2017,39.6501395273886
Poland,POL,2018,39.6501395273886
Portugal,PRT,2016,22.96
Portugal,PRT,2017,22.9011800781885
Portugal,PRT,2018,22.9011800781885
Post-demographic dividend,,2016,14.3544228683379
Post-demographic dividend,,2017,15.016326404157
Post-demographic dividend,,2018,15.0164764379455
Pre-demographic dividend,,2016,13.8462417105013
Pre-demographic dividend,,2017,14.5105177818808
Pre-demographic dividend,,2018,14.5105186906889
Puerto Rico,PRI,2016,7.44
Puerto Rico,PRI,2017,7.26916490580618
Puerto Rico,PRI,2018,7.26916490580618
Qatar,QAT,2016,2.45
Qatar,QAT,2017,13.2292354317909
Qatar,QAT,2018,13.2292354317909
Romania,ROU,2016,24.35
Romania,ROU,2017,24.461867500098
Romania,ROU,2018,24.461867500098
Russia,RUS,2016,9.72
Russia,RUS,2017,9.72691481458987
Russia,RUS,2018,9.72691481458987
Rwanda,RWA,2016,9.12
Rwanda,RWA,2017,9.11408907313889
Rwanda,RWA,2018,9.11408907313889
Saint Kitts and Nevis,KNA,2016,3.32
Saint Kitts and Nevis,KNA,2017,3.3166347171568
Saint Kitts and Nevis,KNA,2018,3.3166347171568
Saint Lucia,LCA,2016,18.8
Saint Lucia,LCA,2017,18.7452095914066
Saint Lucia,LCA,2018,18.7452095914066
Saint Martin (French part),MAF,2016,16.78
Saint Martin (French part),MAF,2017,12.77155153357
Saint Martin (French part),MAF,2018,12.77155153357
Saint Vincent and the Grenadines,VCT,2016,22.44
Saint Vincent and the Grenadines,VCT,2017,22.4196222232063
Saint Vincent and the Grenadines,VCT,2018,22.4196222232063
Samoa,WSM,2016,6.77
Samoa,WSM,2017,7.34958500166056
Samoa,WSM,2018,7.34958500166056
Sao Tome and Principe,STP,2016,29.21
Sao Tome and Principe,STP,2017,29.2559098318401
Sao Tome and Principe,STP,2018,29.2559098318401
Saudi Arabia,SAU,2016,4.33
Saudi Arabia,SAU,2017,4.76012714075407
Saudi Arabia,SAU,2018,4.76012714075407
Senegal,SEN,2016,25.21
Senegal,SEN,2017,25.3527742991175
Senegal,SEN,2018,25.3527742991175
Serbia,SRB,2016,6.15
Serbia,SRB,2017,6.61310734024645
Serbia,SRB,2018,6.61310734024645
Seychelles,SYC,2016,42.1
Seychelles,SYC,2017,42.0940459472333
Seychelles,SYC,2018,42.0940459472333
Sierra Leone,SLE,2016,9.39
Sierra Leone,SLE,2017,9.38631962647526
Sierra Leone,SLE,2018,9.38631962647526
Singapore,SGP,2016,5.62
Singapore,SGP,2017,5.55455982847758
Singapore,SGP,2018,5.55455982847758
Sint Maarten (Dutch part),SXM,2017,0.0003725939881699
Sint Maarten (Dutch part),SXM,2018,0.0003725939881699
Slovakia,SVK,2016,37.28
Slovakia,SVK,2017,37.6304133373472
Slovakia,SVK,2018,37.6304133373472
Slovenia,SVN,2016,53.64
Slovenia,SVN,2017,53.6229604410885
Slovenia,SVN,2018,53.6229604410885
Small states,,2016,25.8362597861933
Small states,,2017,26.1975028787423
Small states,,2018,26.1974719039982
Solomon Islands,SLB,2016,2.21
Solomon Islands,SLB,2017,2.21026612316804
Solomon Islands,SLB,2018,2.21026612316804
Somalia,SOM,2016,0.83
South Africa,ZAF,2016,14.13
South Africa,ZAF,2017,7.99816492065785
South Africa,ZAF,2018,7.99816492065785
South Asia,,2016,7.29287769069698
South Asia,,2017,7.2915707956986
South Asia,,2018,7.29175193077222
South Asia (IDA & IBRD),,2016,7.29287769069698
South Asia (IDA & IBRD),,2017,7.2915707956986
South Asia (IDA & IBRD),,2018,7.29175193077222
South Korea,KOR,2016,11.23
South Korea,KOR,2017,11.6711249951255
South Korea,KOR,2018,11.6711249951255
South Sudan,SSD,2016,15.5
South Sudan,SSD,2017,15.5015012515745
South Sudan,SSD,2018,15.5015012515745
Spain,ESP,2016,28.02
Spain,ESP,2017,28.0656336491221
Spain,ESP,2018,28.0656336491221
Sri Lanka,LKA,2016,29.86
Sri Lanka,LKA,2017,29.8619988979122
Sri Lanka,LKA,2018,29.8619988979122
Sub-Saharan Africa,,2016,16.1152985845667
Sub-Saharan Africa,,2017,16.449104910369
Sub-Saharan Africa,,2018,16.4491061473997
Sub-Saharan Africa (IDA & IBRD),,2016,16.1152985845667
Sub-Saharan Africa (IDA & IBRD),,2017,16.449104910369
Sub-Saharan Africa (IDA & IBRD),,2018,16.4491061473997
Sub-Saharan Africa (excluding high income),,2016,16.1148064291031
Sub-Saharan Africa (excluding high income),,2017,16.448606093488
Sub-Saharan Africa (excluding high income),,2018,16.4486073305797
Sudan,SDN,2016,2.28
Sudan,SDN,2017,2.28176318372903
Sudan,SDN,2018,2.28176318372903
Suriname,SUR,2016,14.52
Suriname,SUR,2017,14.5201387866369
Suriname,SUR,2018,14.5201387866369
Sweden,SWE,2016,14.47
Sweden,SWE,2017,14.8820274643842
Sweden,SWE,2018,14.8820274643842
Switzerland,CHE,2016,9.65
Switzerland,CHE,2017,9.66518426119506
Switzerland,CHE,2018,9.66518426119506
Syria,SYR,2016,0.69
Syria,SYR,2017,0.685302813189004
Syria,SYR,2018,0.685302813189004
Tajikistan,TJK,2016,22.28
Tajikistan,TJK,2017,22.2786610881726
Tajikistan,TJK,2018,22.2786610881726
Tanzania,TZA,2016,38.12
Tanzania,TZA,2017,38.1455762725252
Tanzania,TZA,2018,38.1455762725252
Thailand,THA,2016,18.81
Thailand,THA,2017,18.8091720900762
Thailand,THA,2018,18.8091720900762
Timor,TLS,2016,13.05
Timor,TLS,2017,13.0574664834943
Timor,TLS,2018,13.0574664834943
Togo,TGO,2016,27.62
Togo,TGO,2017,27.621242705615
Togo,TGO,2018,27.621242705615
Tonga,TON,2016,15.92
Tonga,TON,2017,15.9127902459233
Tonga,TON,2018,15.9127902459233
Trinidad and Tobago,TTO,2016,30.6
Trinidad and Tobago,TTO,2017,30.5928101253097
Trinidad and Tobago,TTO,2018,30.5928101253097
Tunisia,TUN,2016,7.91
Tunisia,TUN,2017,7.91467724685807
Tunisia,TUN,2018,7.91467724685807
Turkey,TUR,2016,0.22
Turkey,TUR,2017,0.218488653218068
Turkey,TUR,2018,0.218488653218068
Turkmenistan,TKM,2016,3.25
Turkmenistan,TKM,2017,3.24826224726187
Turkmenistan,TKM,2018,3.24826224726187
Turks and Caicos Islands,TCA,2016,44.39
Turks and Caicos Islands,TCA,2017,44.3674254967153
Turks and Caicos Islands,TCA,2018,44.3674254967153
Tuvalu,TUV,2016,2.39
Tuvalu,TUV,2017,1.95194115592284
Tuvalu,TUV,2018,1.95194115592284
Uganda,UGA,2016,16.06
Uganda,UGA,2017,16.0639496289362
Uganda,UGA,2018,16.0639496289362
Ukraine,UKR,2016,3.96
Ukraine,UKR,2017,3.98675314313722
Ukraine,UKR,2018,3.98675314313722
United Arab Emirates,ARE,2016,13.07
United Arab Emirates,ARE,2017,17.9549206384619
United Arab Emirates,ARE,2018,17.9549206384619
United Kingdom,GBR,2016,28.24
United Kingdom,GBR,2017,28.683437277978
United Kingdom,GBR,2018,28.683437277978
United States,USA,2016,12.97
United States,USA,2017,12.9938720224773
United States,USA,2018,12.9938720224773
United States Virgin Islands,VIR,2016,14.64
United States Virgin Islands,VIR,2017,13.7945741945059
United States Virgin Islands,VIR,2018,13.7945741945059
Upper middle income,,2016,14.7398301257736
Upper middle income,,2017,14.4731356023785
Upper middle income,,2018,14.4731356457902
Uruguay,URY,2016,3.5
Uruguay,URY,2017,3.44620192299909
Uruguay,URY,2018,3.44620192299909
Uzbekistan,UZB,2016,3.38
Uzbekistan,UZB,2017,3.37521371527249
Uzbekistan,UZB,2018,3.37521371527249
Vanuatu,VUT,2016,4.2
Vanuatu,VUT,2017,4.20053186765401
Vanuatu,VUT,2018,4.20053186765401
Venezuela,VEN,2016,54.14
Venezuela,VEN,2017,54.1441744357702
Venezuela,VEN,2018,54.1441744357702
Vietnam,VNM,2016,7.58
Vietnam,VNM,2017,7.57677987501149
Vietnam,VNM,2018,7.57677987501149
World,OWID_WRL,2016,14.4031678149315
World,OWID_WRL,2017,14.5747297954981
World,OWID_WRL,2018,14.5748004804494
Yemen,YEM,2016,0.77
Yemen,YEM,2017,0.771943980228183
Yemen,YEM,2018,0.771943980228183
Zambia,ZMB,2016,38.05
Zambia,ZMB,2017,37.8700104508234
Zambia,ZMB,2018,37.8700104508234
Zimbabwe,ZWE,2016,27.21
Zimbabwe,ZWE,2017,27.2145851759138
Zimbabwe,ZWE,2018,27.2145851759138