Entity,Code,Year,"1.a.1 - Official development assistance grants for poverty reduction, by recipient countries (percentage of GNI) - DC_ODA_POVLG"
Afghanistan,AFG,2009,3.96
Afghanistan,AFG,2010,3.44
Afghanistan,AFG,2011,3
Afghanistan,AFG,2012,2.29
Afghanistan,AFG,2013,2.58
Afghanistan,AFG,2014,2.99
Afghanistan,AFG,2015,1.53
Afghanistan,AFG,2016,1.81
Afghanistan,AFG,2017,1.75
Afghanistan,AFG,2018,2.37
Afghanistan,AFG,2019,2.14
Albania,ALB,2000,0.97
Albania,ALB,2001,0.35
Albania,ALB,2002,0.28
Albania,ALB,2003,0.88
Albania,ALB,2004,0.28
Albania,ALB,2005,0.38
Albania,ALB,2006,0.28
Albania,ALB,2007,0.24
Albania,ALB,2008,0.29
Albania,ALB,2009,0.22
Albania,ALB,2010,0.21
Albania,ALB,2011,0.18
Albania,ALB,2012,0.2
Albania,ALB,2013,0.24
Albania,ALB,2014,0.38
Albania,ALB,2015,0.43
Albania,ALB,2016,0.19
Albania,ALB,2017,0.18
Albania,ALB,2018,0.11
Albania,ALB,2019,0.14
Algeria,DZA,2000,0.01
Algeria,DZA,2001,0.02
Algeria,DZA,2002,0.01
Algeria,DZA,2003,0.01
Algeria,DZA,2004,0.01
Algeria,DZA,2005,0.02
Algeria,DZA,2006,0.01
Algeria,DZA,2007,0.01
Algeria,DZA,2008,0.01
Algeria,DZA,2009,0.01
Algeria,DZA,2010,0.01
Algeria,DZA,2011,0.01
Algeria,DZA,2012,0
Algeria,DZA,2013,0.01
Algeria,DZA,2014,0
Algeria,DZA,2015,0
Algeria,DZA,2016,0.01
Algeria,DZA,2017,0
Algeria,DZA,2018,0
Algeria,DZA,2019,0.01
Angola,AGO,2000,0.86
Angola,AGO,2001,1.27
Angola,AGO,2002,0.39
Angola,AGO,2003,0.45
Angola,AGO,2004,0.31
Angola,AGO,2005,0.23
Angola,AGO,2006,0.13
Angola,AGO,2007,0.2
Angola,AGO,2008,0.15
Angola,AGO,2009,0.12
Angola,AGO,2010,0.09
Angola,AGO,2011,0.05
Angola,AGO,2012,0.07
Angola,AGO,2013,0.07
Angola,AGO,2014,0.04
Angola,AGO,2015,0.05
Angola,AGO,2016,0.05
Angola,AGO,2017,0.06
Angola,AGO,2018,0.05
Angola,AGO,2019,0.05
Antigua and Barbuda,ATG,2002,0.03
Antigua and Barbuda,ATG,2009,0
Antigua and Barbuda,ATG,2010,0.01
Antigua and Barbuda,ATG,2011,0
Antigua and Barbuda,ATG,2012,0
Antigua and Barbuda,ATG,2013,0
Antigua and Barbuda,ATG,2014,0
Antigua and Barbuda,ATG,2015,0
Antigua and Barbuda,ATG,2016,0
Antigua and Barbuda,ATG,2017,0.03
Antigua and Barbuda,ATG,2018,0
Antigua and Barbuda,ATG,2019,0.07
Argentina,ARG,2000,0
Argentina,ARG,2001,0
Argentina,ARG,2002,0
Argentina,ARG,2003,0.01
Argentina,ARG,2004,0
Argentina,ARG,2005,0
Argentina,ARG,2006,0.01
Argentina,ARG,2007,0
Argentina,ARG,2008,0
Argentina,ARG,2009,0
Argentina,ARG,2010,0
Argentina,ARG,2011,0
Argentina,ARG,2012,0
Argentina,ARG,2013,0
Argentina,ARG,2014,0
Argentina,ARG,2015,0
Argentina,ARG,2016,0
Argentina,ARG,2017,0
Argentina,ARG,2018,0
Argentina,ARG,2019,0
Armenia,ARM,2000,1.48
Armenia,ARM,2001,0.39
Armenia,ARM,2002,0.31
Armenia,ARM,2003,0.19
Armenia,ARM,2004,0.24
Armenia,ARM,2005,0.45
Armenia,ARM,2006,0.36
Armenia,ARM,2007,0.13
Armenia,ARM,2008,0.15
Armenia,ARM,2009,0.16
Armenia,ARM,2010,0.16
Armenia,ARM,2011,0.16
Armenia,ARM,2012,0.1
Armenia,ARM,2013,0.18
Armenia,ARM,2014,0.09
Armenia,ARM,2015,0.13
Armenia,ARM,2016,0.13
Armenia,ARM,2017,0.07
Armenia,ARM,2018,0.07
Armenia,ARM,2019,0.07
Azerbaijan,AZE,2000,0.47
Azerbaijan,AZE,2001,0.16
Azerbaijan,AZE,2002,0.03
Azerbaijan,AZE,2003,0.15
Azerbaijan,AZE,2004,0.15
Azerbaijan,AZE,2005,0.18
Azerbaijan,AZE,2006,0.06
Azerbaijan,AZE,2007,0.06
Azerbaijan,AZE,2008,0.03
Azerbaijan,AZE,2009,0.03
Azerbaijan,AZE,2010,0.03
Azerbaijan,AZE,2011,0.04
Azerbaijan,AZE,2012,0.01
Azerbaijan,AZE,2013,0.03
Azerbaijan,AZE,2014,0.03
Azerbaijan,AZE,2015,0.02
Azerbaijan,AZE,2016,0.02
Azerbaijan,AZE,2017,0.02
Azerbaijan,AZE,2018,0.01
Azerbaijan,AZE,2019,0.01
Bahrain,BHR,2004,0
Bangladesh,BGD,2000,0.4
Bangladesh,BGD,2001,0.51
Bangladesh,BGD,2002,0.18
Bangladesh,BGD,2003,0.21
Bangladesh,BGD,2004,0.23
Bangladesh,BGD,2005,0.36
Bangladesh,BGD,2006,0.39
Bangladesh,BGD,2007,0.37
Bangladesh,BGD,2008,0.48
Bangladesh,BGD,2009,0.35
Bangladesh,BGD,2010,0.45
Bangladesh,BGD,2011,0.38
Bangladesh,BGD,2012,0.3
Bangladesh,BGD,2013,0.32
Bangladesh,BGD,2014,0.21
Bangladesh,BGD,2015,0.19
Bangladesh,BGD,2016,0.19
Bangladesh,BGD,2017,0.16
Bangladesh,BGD,2018,0.14
Bangladesh,BGD,2019,0.13
Barbados,BRB,2001,0
Barbados,BRB,2003,0.02
Barbados,BRB,2004,0
Barbados,BRB,2006,0
Barbados,BRB,2007,0
Barbados,BRB,2008,0
Barbados,BRB,2009,0
Barbados,BRB,2010,0.01
Belarus,BLR,2005,0
Belarus,BLR,2006,0
Belarus,BLR,2007,0.01
Belarus,BLR,2008,0.01
Belarus,BLR,2009,0
Belarus,BLR,2010,0.02
Belarus,BLR,2011,0.01
Belarus,BLR,2012,0.01
Belarus,BLR,2013,0.01
Belarus,BLR,2014,0.01
Belarus,BLR,2015,0
Belarus,BLR,2016,0.03
Belarus,BLR,2017,0.01
Belarus,BLR,2018,0.01
Belarus,BLR,2019,0.02
Belize,BLZ,2000,0.38
Belize,BLZ,2001,0.4
Belize,BLZ,2002,0.24
Belize,BLZ,2003,0.04
Belize,BLZ,2004,0.04
Belize,BLZ,2005,0.04
Belize,BLZ,2006,0.02
Belize,BLZ,2007,0.01
Belize,BLZ,2008,0.06
Belize,BLZ,2009,0.02
Belize,BLZ,2010,0.24
Belize,BLZ,2011,0.18
Belize,BLZ,2012,0.18
Belize,BLZ,2013,0.13
Belize,BLZ,2014,0.11
Belize,BLZ,2015,0.26
Belize,BLZ,2016,0.23
Belize,BLZ,2017,0.18
Belize,BLZ,2018,0.32
Belize,BLZ,2019,0.2
Benin,BEN,2000,1.36
Benin,BEN,2001,0.64
Benin,BEN,2002,0.55
Benin,BEN,2003,0.77
Benin,BEN,2004,1.16
Benin,BEN,2005,1.2
Benin,BEN,2006,0.83
Benin,BEN,2007,1.21
Benin,BEN,2008,1.21
Benin,BEN,2009,1.26
Benin,BEN,2010,1.38
Benin,BEN,2011,1.3
Benin,BEN,2012,1.08
Benin,BEN,2013,1.03
Benin,BEN,2014,0.97
Benin,BEN,2015,0.59
Benin,BEN,2016,0.84
Benin,BEN,2017,1.54
Benin,BEN,2018,0.63
Benin,BEN,2019,0.96
Bhutan,BTN,2000,0.9
Bhutan,BTN,2001,0.24
Bhutan,BTN,2002,0.15
Bhutan,BTN,2003,1.31
Bhutan,BTN,2004,1.04
Bhutan,BTN,2005,0.91
Bhutan,BTN,2006,0.98
Bhutan,BTN,2007,0.68
Bhutan,BTN,2008,1.31
Bhutan,BTN,2009,0.31
Bhutan,BTN,2010,0.22
Bhutan,BTN,2011,0.24
Bhutan,BTN,2012,0.25
Bhutan,BTN,2013,0.31
Bhutan,BTN,2014,0.36
Bhutan,BTN,2015,0.28
Bhutan,BTN,2016,0.23
Bhutan,BTN,2017,0.18
Bhutan,BTN,2018,0.12
Bolivia,BOL,2000,1.43
Bolivia,BOL,2001,0.95
Bolivia,BOL,2002,0.93
Bolivia,BOL,2003,1.5
Bolivia,BOL,2004,1
Bolivia,BOL,2005,1.03
Bolivia,BOL,2006,1.17
Bolivia,BOL,2007,1.13
Bolivia,BOL,2008,0.83
Bolivia,BOL,2009,0.76
Bolivia,BOL,2010,0.53
Bolivia,BOL,2011,0.49
Bolivia,BOL,2012,0.31
Bolivia,BOL,2013,0.24
Bolivia,BOL,2014,0.17
Bolivia,BOL,2015,0.19
Bolivia,BOL,2016,0.23
Bolivia,BOL,2017,0.19
Bolivia,BOL,2018,0.19
Bolivia,BOL,2019,0.15
Bosnia and Herzegovina,BIH,2000,0.5
Bosnia and Herzegovina,BIH,2001,0.93
Bosnia and Herzegovina,BIH,2002,0.14
Bosnia and Herzegovina,BIH,2003,0.26
Bosnia and Herzegovina,BIH,2004,0.23
Bosnia and Herzegovina,BIH,2005,0.12
Bosnia and Herzegovina,BIH,2006,0.14
Bosnia and Herzegovina,BIH,2007,0.11
Bosnia and Herzegovina,BIH,2008,0.09
Bosnia and Herzegovina,BIH,2009,0.06
Bosnia and Herzegovina,BIH,2010,0.15
Bosnia and Herzegovina,BIH,2011,0.18
Bosnia and Herzegovina,BIH,2012,0.28
Bosnia and Herzegovina,BIH,2013,0.17
Bosnia and Herzegovina,BIH,2014,0.1
Bosnia and Herzegovina,BIH,2015,0.26
Bosnia and Herzegovina,BIH,2016,0.16
Bosnia and Herzegovina,BIH,2017,0.13
Bosnia and Herzegovina,BIH,2018,0.08
Bosnia and Herzegovina,BIH,2019,0.1
Botswana,BWA,2000,0.01
Botswana,BWA,2001,0.01
Botswana,BWA,2002,0.05
Botswana,BWA,2003,0.01
Botswana,BWA,2004,0.02
Botswana,BWA,2005,0.01
Botswana,BWA,2006,0.04
Botswana,BWA,2007,0.04
Botswana,BWA,2008,0.05
Botswana,BWA,2009,0.03
Botswana,BWA,2010,0.05
Botswana,BWA,2011,0.04
Botswana,BWA,2012,0.03
Botswana,BWA,2013,0.03
Botswana,BWA,2014,0.03
Botswana,BWA,2015,0.03
Botswana,BWA,2016,0.04
Botswana,BWA,2017,0.12
Botswana,BWA,2018,0.09
Botswana,BWA,2019,0.08
Brazil,BRA,2000,0
Brazil,BRA,2001,0
Brazil,BRA,2002,0
Brazil,BRA,2003,0
Brazil,BRA,2004,0
Brazil,BRA,2005,0
Brazil,BRA,2006,0
Brazil,BRA,2007,0
Brazil,BRA,2008,0
Brazil,BRA,2009,0
Brazil,BRA,2010,0
Brazil,BRA,2011,0
Brazil,BRA,2012,0
Brazil,BRA,2013,0
Brazil,BRA,2014,0
Brazil,BRA,2015,0
Brazil,BRA,2016,0
Brazil,BRA,2017,0
Brazil,BRA,2018,0
Brazil,BRA,2019,0
Burkina Faso,BFA,2015,1.8
Burkina Faso,BFA,2016,1.96
Burkina Faso,BFA,2017,1.48
Burkina Faso,BFA,2018,1.5
Burkina Faso,BFA,2019,1.75
Burundi,BDI,2000,0.61
Burundi,BDI,2001,0.71
Burundi,BDI,2002,1.08
Burundi,BDI,2003,1.13
Burundi,BDI,2004,1.95
Burundi,BDI,2005,2.29
Burundi,BDI,2006,3.41
Burundi,BDI,2007,4.09
Burundi,BDI,2008,5.43
Burundi,BDI,2009,5.12
Burundi,BDI,2010,5.61
Burundi,BDI,2011,5.29
Burundi,BDI,2012,3.84
Burundi,BDI,2013,3.8
Burundi,BDI,2014,2.92
Burundi,BDI,2015,2.47
Burundi,BDI,2016,4.64
Burundi,BDI,2017,3.86
Burundi,BDI,2018,4.08
Burundi,BDI,2019,5.57
Cambodia,KHM,2000,0.57
Cambodia,KHM,2001,1.14
Cambodia,KHM,2002,0.69
Cambodia,KHM,2003,1.25
Cambodia,KHM,2004,0.97
Cambodia,KHM,2005,1.32
Cambodia,KHM,2006,1.01
Cambodia,KHM,2007,1.02
Cambodia,KHM,2008,0.8
Cambodia,KHM,2009,0.94
Cambodia,KHM,2010,1.26
Cambodia,KHM,2011,0.86
Cambodia,KHM,2012,0.78
Cambodia,KHM,2013,0.78
Cambodia,KHM,2014,0.59
Cambodia,KHM,2015,0.63
Cambodia,KHM,2016,0.56
Cambodia,KHM,2017,0.7
Cambodia,KHM,2018,0.5
Cambodia,KHM,2019,0.52
Cameroon,CMR,2000,0.21
Cameroon,CMR,2001,0.19
Cameroon,CMR,2002,0.15
Cameroon,CMR,2003,0.21
Cameroon,CMR,2004,0.24
Cameroon,CMR,2005,0.21
Cameroon,CMR,2006,0.2
Cameroon,CMR,2007,0.23
Cameroon,CMR,2008,0.21
Cameroon,CMR,2009,0.18
Cameroon,CMR,2010,0.16
Cameroon,CMR,2011,0.43
Cameroon,CMR,2012,0.18
Cameroon,CMR,2013,0.24
Cameroon,CMR,2014,0.23
Cameroon,CMR,2015,0.34
Cameroon,CMR,2016,0.2
Cameroon,CMR,2017,0.23
Cameroon,CMR,2018,0.26
Cameroon,CMR,2019,0.27
Cape Verde,CPV,2000,1.73
Cape Verde,CPV,2001,2.86
Cape Verde,CPV,2002,1.94
Cape Verde,CPV,2003,1.4
Cape Verde,CPV,2004,2.01
Cape Verde,CPV,2005,1.69
Cape Verde,CPV,2006,1.13
Cape Verde,CPV,2007,0.56
Cape Verde,CPV,2008,0.77
Cape Verde,CPV,2009,1.69
Cape Verde,CPV,2010,1.34
Cape Verde,CPV,2011,1.19
Cape Verde,CPV,2012,1.15
Cape Verde,CPV,2013,0.68
Cape Verde,CPV,2014,0.49
Cape Verde,CPV,2015,1.57
Cape Verde,CPV,2016,1.17
Cape Verde,CPV,2017,1.37
Cape Verde,CPV,2018,0.62
Cape Verde,CPV,2019,0.59
Central African Republic,CAF,2000,0.2
Central African Republic,CAF,2001,0.88
Central African Republic,CAF,2002,1.01
Central African Republic,CAF,2003,0.4
Central African Republic,CAF,2004,0.97
Central African Republic,CAF,2005,0.77
Central African Republic,CAF,2006,0.77
Central African Republic,CAF,2007,0.76
Central African Republic,CAF,2008,1.58
Central African Republic,CAF,2009,1.65
Central African Republic,CAF,2010,1.09
Central African Republic,CAF,2011,1.08
Central African Republic,CAF,2012,1.19
Central African Republic,CAF,2013,1.86
Central African Republic,CAF,2014,2.26
Central African Republic,CAF,2015,2.78
Central African Republic,CAF,2016,3.04
Central African Republic,CAF,2017,2.9
Central African Republic,CAF,2018,2.55
Central African Republic,CAF,2019,3.79
Chad,TCD,2000,2.63
Chad,TCD,2001,0.57
Chad,TCD,2002,1.17
Chad,TCD,2003,1.07
Chad,TCD,2004,0.75
Chad,TCD,2005,0.65
Chad,TCD,2006,0.58
Chad,TCD,2007,0.68
Chad,TCD,2008,0.76
Chad,TCD,2009,0.81
Chad,TCD,2010,0.95
Chad,TCD,2011,0.57
Chad,TCD,2012,0.62
Chad,TCD,2013,0.9
Chad,TCD,2014,0.62
Chad,TCD,2015,0.69
Chad,TCD,2016,1.03
Chad,TCD,2017,0.99
Chad,TCD,2018,1.13
Chad,TCD,2019,1.27
Chile,CHL,2000,0
Chile,CHL,2001,0.01
Chile,CHL,2002,0
Chile,CHL,2003,0
Chile,CHL,2004,0.01
Chile,CHL,2005,0
Chile,CHL,2006,0
Chile,CHL,2007,0
Chile,CHL,2008,0
Chile,CHL,2009,0
Chile,CHL,2010,0
Chile,CHL,2011,0
Chile,CHL,2012,0
Chile,CHL,2013,0
Chile,CHL,2014,0
Chile,CHL,2015,0
Chile,CHL,2016,0
Chile,CHL,2017,0
China,CHN,2000,0.01
China,CHN,2001,0
China,CHN,2002,0
China,CHN,2003,0.01
China,CHN,2004,0.01
China,CHN,2005,0
China,CHN,2006,0
China,CHN,2007,0
China,CHN,2008,0
China,CHN,2009,0
China,CHN,2010,0
China,CHN,2011,0
China,CHN,2012,0
China,CHN,2013,0
China,CHN,2014,0
China,CHN,2015,0
China,CHN,2016,0
China,CHN,2017,0
China,CHN,2018,0
China,CHN,2019,0
Colombia,COL,2000,0
Colombia,COL,2001,0.01
Colombia,COL,2002,0.01
Colombia,COL,2003,0.01
Colombia,COL,2004,0.01
Colombia,COL,2005,0.01
Colombia,COL,2006,0.01
Colombia,COL,2007,0.01
Colombia,COL,2008,0.01
Colombia,COL,2009,0.04
Colombia,COL,2010,0.01
Colombia,COL,2011,0.01
Colombia,COL,2012,0.01
Colombia,COL,2013,0.01
Colombia,COL,2014,0.01
Colombia,COL,2015,0.01
Colombia,COL,2016,0
Colombia,COL,2017,0.01
Colombia,COL,2018,0.01
Colombia,COL,2019,0.01
Comoros,COM,2000,0.27
Comoros,COM,2001,0.73
Comoros,COM,2002,0.25
Comoros,COM,2003,0.24
Comoros,COM,2004,0.27
Comoros,COM,2005,0.47
Comoros,COM,2006,0.37
Comoros,COM,2007,0.2
Comoros,COM,2008,0.22
Comoros,COM,2009,0.94
Comoros,COM,2010,1.15
Comoros,COM,2011,0.94
Comoros,COM,2012,1.97
Comoros,COM,2013,1.08
Comoros,COM,2014,1.45
Comoros,COM,2015,1.4
Comoros,COM,2016,1.31
Comoros,COM,2017,0.89
Comoros,COM,2018,1.34
Comoros,COM,2019,0.95
Congo,COG,2000,0.36
Congo,COG,2001,0.37
Congo,COG,2002,0.27
Congo,COG,2003,0.29
Congo,COG,2004,0.26
Congo,COG,2005,0.15
Congo,COG,2006,0.31
Congo,COG,2007,0.3
Congo,COG,2008,0.26
Congo,COG,2009,0.14
Congo,COG,2010,0.38
Congo,COG,2011,0.24
Congo,COG,2012,0.33
Congo,COG,2013,0.27
Congo,COG,2014,0.13
Congo,COG,2015,0.14
Congo,COG,2016,0.16
Congo,COG,2017,0.11
Congo,COG,2018,0.21
Congo,COG,2019,0.21
Costa Rica,CRI,2000,0.01
Costa Rica,CRI,2001,0.01
Costa Rica,CRI,2002,0.01
Costa Rica,CRI,2003,0.01
Costa Rica,CRI,2004,0.01
Costa Rica,CRI,2005,0.01
Costa Rica,CRI,2006,0.02
Costa Rica,CRI,2007,0.02
Costa Rica,CRI,2008,0.04
Costa Rica,CRI,2009,0.02
Costa Rica,CRI,2010,0.02
Costa Rica,CRI,2011,0.01
Costa Rica,CRI,2012,0.01
Costa Rica,CRI,2013,0.01
Costa Rica,CRI,2014,0.01
Costa Rica,CRI,2015,0.01
Costa Rica,CRI,2016,0.01
Costa Rica,CRI,2017,0.03
Costa Rica,CRI,2018,0.01
Costa Rica,CRI,2019,0.01
Cote d'Ivoire,CIV,2000,0.07
Cote d'Ivoire,CIV,2001,0.06
Cote d'Ivoire,CIV,2002,0.11
Cote d'Ivoire,CIV,2003,0.12
Cote d'Ivoire,CIV,2004,0.2
Cote d'Ivoire,CIV,2005,0.1
Cote d'Ivoire,CIV,2006,0.08
Cote d'Ivoire,CIV,2007,0.15
Cote d'Ivoire,CIV,2008,0.2
Cote d'Ivoire,CIV,2009,0.33
Cote d'Ivoire,CIV,2010,0.5
Cote d'Ivoire,CIV,2011,0.34
Cote d'Ivoire,CIV,2012,0.31
Cote d'Ivoire,CIV,2013,0.32
Cote d'Ivoire,CIV,2014,0.34
Cote d'Ivoire,CIV,2015,0.15
Cote d'Ivoire,CIV,2016,0.28
Cote d'Ivoire,CIV,2017,0.23
Cote d'Ivoire,CIV,2018,0.19
Cote d'Ivoire,CIV,2019,0.21
Croatia,HRV,2000,0
Croatia,HRV,2001,0.01
Croatia,HRV,2002,0
Croatia,HRV,2003,0
Croatia,HRV,2004,0
Croatia,HRV,2005,0
Croatia,HRV,2006,0.01
Croatia,HRV,2007,0.01
Croatia,HRV,2008,0.01
Croatia,HRV,2009,0.01
Croatia,HRV,2010,0.01
Cuba,CUB,2000,0.03
Cuba,CUB,2001,0.02
Cuba,CUB,2002,0.02
Cuba,CUB,2003,0.02
Cuba,CUB,2004,0.03
Cuba,CUB,2005,0.02
Cuba,CUB,2006,0.01
Cuba,CUB,2007,0.01
Cuba,CUB,2008,0.02
Cuba,CUB,2009,0.02
Cuba,CUB,2010,0.03
Cuba,CUB,2011,0.01
Cuba,CUB,2012,0.01
Cuba,CUB,2013,0.02
Cuba,CUB,2014,0.01
Cuba,CUB,2015,0.01
Cuba,CUB,2016,0.01
Democratic Republic of Congo,COD,2000,0.19
Democratic Republic of Congo,COD,2001,0.55
Democratic Republic of Congo,COD,2002,0.79
Democratic Republic of Congo,COD,2003,0.58
Democratic Republic of Congo,COD,2004,0.85
Democratic Republic of Congo,COD,2005,0.94
Democratic Republic of Congo,COD,2006,0.88
Democratic Republic of Congo,COD,2007,1.18
Democratic Republic of Congo,COD,2008,2.02
Democratic Republic of Congo,COD,2009,2.34
Democratic Republic of Congo,COD,2010,2.34
Democratic Republic of Congo,COD,2011,2.06
Democratic Republic of Congo,COD,2012,2.12
Democratic Republic of Congo,COD,2013,2.26
Democratic Republic of Congo,COD,2014,2.05
Democratic Republic of Congo,COD,2015,1.88
Democratic Republic of Congo,COD,2016,1.47
Democratic Republic of Congo,COD,2017,1.68
Democratic Republic of Congo,COD,2018,1.42
Democratic Republic of Congo,COD,2019,1.74
Djibouti,DJI,2000,0.53
Djibouti,DJI,2001,1.6
Djibouti,DJI,2002,0.86
Djibouti,DJI,2003,1.21
Djibouti,DJI,2004,1.59
Djibouti,DJI,2005,2.51
Djibouti,DJI,2006,1.34
Djibouti,DJI,2007,1.79
Djibouti,DJI,2008,1.49
Djibouti,DJI,2009,2.54
Djibouti,DJI,2010,1.49
Djibouti,DJI,2011,1.66
Djibouti,DJI,2012,2.78
Djibouti,DJI,2013,1.21
Djibouti,DJI,2014,1.05
Djibouti,DJI,2015,0.47
Djibouti,DJI,2016,0.63
Djibouti,DJI,2017,0.85
Djibouti,DJI,2018,1.29
Djibouti,DJI,2019,1.4
Dominica,DMA,2002,0.08
Dominica,DMA,2003,0.08
Dominica,DMA,2004,0.3
Dominica,DMA,2005,0.39
Dominica,DMA,2006,0.36
Dominica,DMA,2007,0.05
Dominica,DMA,2008,0.21
Dominica,DMA,2009,0.05
Dominica,DMA,2010,0.03
Dominica,DMA,2011,0.2
Dominica,DMA,2012,0.87
Dominica,DMA,2013,0.43
Dominica,DMA,2014,0.12
Dominica,DMA,2015,0.15
Dominica,DMA,2016,0
Dominica,DMA,2017,0.02
Dominica,DMA,2018,0.01
Dominica,DMA,2019,0.03
Dominican Republic,DOM,2000,0.1
Dominican Republic,DOM,2001,0.07
Dominican Republic,DOM,2002,0.11
Dominican Republic,DOM,2003,0.15
Dominican Republic,DOM,2004,0.12
Dominican Republic,DOM,2005,0.08
Dominican Republic,DOM,2006,0.1
Dominican Republic,DOM,2007,0.03
Dominican Republic,DOM,2008,0.04
Dominican Republic,DOM,2009,0.05
Dominican Republic,DOM,2010,0.09
Dominican Republic,DOM,2011,0.04
Dominican Republic,DOM,2012,0.07
Dominican Republic,DOM,2013,0.03
Dominican Republic,DOM,2014,0.03
Dominican Republic,DOM,2015,0.02
Dominican Republic,DOM,2016,0.04
Dominican Republic,DOM,2017,0.04
Dominican Republic,DOM,2018,0.03
Dominican Republic,DOM,2019,0.03
Ecuador,ECU,2000,0.25
Ecuador,ECU,2001,0.22
Ecuador,ECU,2002,0.06
Ecuador,ECU,2003,0.07
Ecuador,ECU,2004,0.09
Ecuador,ECU,2005,0.09
Ecuador,ECU,2006,0.11
Ecuador,ECU,2007,0.11
Ecuador,ECU,2008,0.11
Ecuador,ECU,2009,0.06
Ecuador,ECU,2010,0.07
Ecuador,ECU,2011,0.04
Ecuador,ECU,2012,0.02
Ecuador,ECU,2013,0.02
Ecuador,ECU,2014,0.02
Ecuador,ECU,2015,0.01
Ecuador,ECU,2016,0.02
Ecuador,ECU,2017,0.02
Ecuador,ECU,2018,0.02
Ecuador,ECU,2019,0.02
Egypt,EGY,2000,0.08
Egypt,EGY,2001,0.11
Egypt,EGY,2002,0.13
Egypt,EGY,2003,0.13
Egypt,EGY,2004,0.33
Egypt,EGY,2005,0.12
Egypt,EGY,2006,0.15
Egypt,EGY,2007,0.19
Egypt,EGY,2008,0.14
Egypt,EGY,2009,0.11
Egypt,EGY,2010,0.05
Egypt,EGY,2011,0.03
Egypt,EGY,2012,0.04
Egypt,EGY,2013,0.02
Egypt,EGY,2014,0.03
Egypt,EGY,2015,0.03
Egypt,EGY,2016,0.04
Egypt,EGY,2017,0.03
Egypt,EGY,2018,0.02
Egypt,EGY,2019,0.03
El Salvador,SLV,2000,0.17
El Salvador,SLV,2001,0.55
El Salvador,SLV,2002,0.18
El Salvador,SLV,2003,0.2
El Salvador,SLV,2004,0.24
El Salvador,SLV,2005,0.28
El Salvador,SLV,2006,0.26
El Salvador,SLV,2007,0.3
El Salvador,SLV,2008,0.31
El Salvador,SLV,2009,0.46
El Salvador,SLV,2010,0.41
El Salvador,SLV,2011,0.21
El Salvador,SLV,2012,0.16
El Salvador,SLV,2013,0.08
El Salvador,SLV,2014,0.1
El Salvador,SLV,2015,0.08
El Salvador,SLV,2016,0.11
El Salvador,SLV,2017,0.19
El Salvador,SLV,2018,0.22
El Salvador,SLV,2019,0.12
Equatorial Guinea,GNQ,2000,0.77
Equatorial Guinea,GNQ,2001,0.67
Equatorial Guinea,GNQ,2002,1.07
Equatorial Guinea,GNQ,2003,0.49
Equatorial Guinea,GNQ,2004,0.61
Equatorial Guinea,GNQ,2005,0.21
Equatorial Guinea,GNQ,2006,0.15
Equatorial Guinea,GNQ,2007,0.07
Equatorial Guinea,GNQ,2008,0.09
Equatorial Guinea,GNQ,2009,0.07
Equatorial Guinea,GNQ,2010,0.1
Equatorial Guinea,GNQ,2011,0.09
Equatorial Guinea,GNQ,2012,0.03
Equatorial Guinea,GNQ,2013,0
Equatorial Guinea,GNQ,2014,0.01
Equatorial Guinea,GNQ,2015,0.02
Equatorial Guinea,GNQ,2016,0.02
Equatorial Guinea,GNQ,2017,0.03
Equatorial Guinea,GNQ,2018,0.02
Equatorial Guinea,GNQ,2019,0.02
Eritrea,ERI,2000,8.69
Eritrea,ERI,2001,4.32
Eritrea,ERI,2002,2.03
Eritrea,ERI,2003,3.47
Eritrea,ERI,2004,2.24
Eritrea,ERI,2005,1.63
Eritrea,ERI,2006,1.21
Eritrea,ERI,2007,3.39
Eritrea,ERI,2008,2.39
Eritrea,ERI,2009,1
Eritrea,ERI,2010,2.79
Eritrea,ERI,2011,1.16
Eswatini,SWZ,2000,0.03
Eswatini,SWZ,2001,0.04
Eswatini,SWZ,2002,0.08
Eswatini,SWZ,2003,0.13
Eswatini,SWZ,2004,0.18
Eswatini,SWZ,2005,0.13
Eswatini,SWZ,2006,0.07
Eswatini,SWZ,2007,0.27
Eswatini,SWZ,2008,0.27
Eswatini,SWZ,2009,0.32
Eswatini,SWZ,2010,0.29
Eswatini,SWZ,2011,0.36
Eswatini,SWZ,2012,0.24
Eswatini,SWZ,2013,0.26
Eswatini,SWZ,2014,0.21
Eswatini,SWZ,2015,0.49
Eswatini,SWZ,2016,0.92
Eswatini,SWZ,2017,0.6
Eswatini,SWZ,2018,0.5
Eswatini,SWZ,2019,0.42
Ethiopia,ETH,2000,2.2
Ethiopia,ETH,2001,2.1
Ethiopia,ETH,2002,0.97
Ethiopia,ETH,2003,2.18
Ethiopia,ETH,2004,1.67
Ethiopia,ETH,2005,2.09
Ethiopia,ETH,2006,2.61
Ethiopia,ETH,2007,3.93
Ethiopia,ETH,2008,2.6
Ethiopia,ETH,2009,2.03
Ethiopia,ETH,2010,2.38
Ethiopia,ETH,2011,2.4
Ethiopia,ETH,2012,1.82
Ethiopia,ETH,2013,1.88
Ethiopia,ETH,2014,1.56
Ethiopia,ETH,2015,1.2
Ethiopia,ETH,2016,0.95
Ethiopia,ETH,2017,0.91
Ethiopia,ETH,2018,0.8
Ethiopia,ETH,2019,0.71
Fiji,FJI,2000,0.15
Fiji,FJI,2001,0.66
Fiji,FJI,2002,0.19
Fiji,FJI,2003,0.18
Fiji,FJI,2004,0.13
Fiji,FJI,2005,0.12
Fiji,FJI,2006,0.06
Fiji,FJI,2007,0.04
Fiji,FJI,2008,0.12
Fiji,FJI,2009,0.22
Fiji,FJI,2010,0.28
Fiji,FJI,2011,0.32
Fiji,FJI,2012,0.49
Fiji,FJI,2013,0.51
Fiji,FJI,2014,0.38
Fiji,FJI,2015,0.44
Fiji,FJI,2016,0.29
Fiji,FJI,2017,0.28
Fiji,FJI,2018,0.39
Fiji,FJI,2019,0.56
Gabon,GAB,2000,0.04
Gabon,GAB,2001,0.14
Gabon,GAB,2002,0.05
Gabon,GAB,2003,0.08
Gabon,GAB,2004,0.12
Gabon,GAB,2005,0.08
Gabon,GAB,2006,0.07
Gabon,GAB,2007,0.04
Gabon,GAB,2008,0.03
Gabon,GAB,2009,0.07
Gabon,GAB,2010,0.04
Gabon,GAB,2011,0.03
Gabon,GAB,2012,0.02
Gabon,GAB,2013,0.02
Gabon,GAB,2014,0.01
Gabon,GAB,2015,0.05
Gabon,GAB,2016,0.05
Gabon,GAB,2017,0.04
Gabon,GAB,2018,0.03
Gabon,GAB,2019,0.03
Gambia,GMB,2000,0.46
Gambia,GMB,2001,0.19
Gambia,GMB,2002,0.14
Gambia,GMB,2003,0.79
Gambia,GMB,2004,0.5
Gambia,GMB,2005,0.88
Gambia,GMB,2006,1.52
Gambia,GMB,2007,2.45
Gambia,GMB,2008,1.88
Gambia,GMB,2009,1.57
Gambia,GMB,2010,2.12
Gambia,GMB,2011,2.22
Gambia,GMB,2012,1.59
Gambia,GMB,2013,2.62
Gambia,GMB,2014,1.98
Gambia,GMB,2015,2.04
Gambia,GMB,2016,1.13
Gambia,GMB,2017,2.28
Gambia,GMB,2018,1.81
Gambia,GMB,2019,1.07
Georgia,GEO,2000,0.72
Georgia,GEO,2001,1.1
Georgia,GEO,2002,0.35
Georgia,GEO,2003,0.38
Georgia,GEO,2004,0.74
Georgia,GEO,2005,0.35
Georgia,GEO,2006,0.33
Georgia,GEO,2007,0.26
Georgia,GEO,2008,0.19
Georgia,GEO,2009,0.25
Georgia,GEO,2010,0.33
Georgia,GEO,2011,0.29
Georgia,GEO,2012,0.15
Georgia,GEO,2013,0.1
Georgia,GEO,2014,0.08
Georgia,GEO,2015,0.11
Georgia,GEO,2016,0.15
Georgia,GEO,2017,0.12
Georgia,GEO,2018,0.08
Georgia,GEO,2019,0.13
Ghana,GHA,2000,1.54
Ghana,GHA,2001,1.45
Ghana,GHA,2002,1.17
Ghana,GHA,2003,1.42
Ghana,GHA,2004,1.12
Ghana,GHA,2005,1.19
Ghana,GHA,2006,0.59
Ghana,GHA,2007,0.76
Ghana,GHA,2008,0.71
Ghana,GHA,2009,0.76
Ghana,GHA,2010,0.69
Ghana,GHA,2011,0.52
Ghana,GHA,2012,0.63
Ghana,GHA,2013,0.44
Ghana,GHA,2014,0.43
Ghana,GHA,2015,0.6
Ghana,GHA,2016,0.48
Ghana,GHA,2017,0.43
Ghana,GHA,2018,0.4
Ghana,GHA,2019,0.36
Grenada,GRD,2000,0.01
Grenada,GRD,2002,0.01
Grenada,GRD,2004,0.02
Grenada,GRD,2005,1.58
Grenada,GRD,2006,0.01
Grenada,GRD,2007,0.02
Grenada,GRD,2008,0.32
Grenada,GRD,2009,0.54
Grenada,GRD,2010,0.08
Grenada,GRD,2011,0.09
Grenada,GRD,2012,0.13
Grenada,GRD,2013,0.01
Grenada,GRD,2014,0
Grenada,GRD,2015,0.01
Grenada,GRD,2016,0
Grenada,GRD,2017,0
Grenada,GRD,2018,0
Grenada,GRD,2019,0.05
Guatemala,GTM,2000,0.26
Guatemala,GTM,2001,0.22
Guatemala,GTM,2002,0.14
Guatemala,GTM,2003,0.32
Guatemala,GTM,2004,0.21
Guatemala,GTM,2005,0.27
Guatemala,GTM,2006,0.33
Guatemala,GTM,2007,0.22
Guatemala,GTM,2008,0.24
Guatemala,GTM,2009,0.32
Guatemala,GTM,2010,0.23
Guatemala,GTM,2011,0.2
Guatemala,GTM,2012,0.14
Guatemala,GTM,2013,0.11
Guatemala,GTM,2014,0.1
Guatemala,GTM,2015,0.12
Guatemala,GTM,2016,0.1
Guatemala,GTM,2017,0.15
Guatemala,GTM,2018,0.14
Guatemala,GTM,2019,0.09
Guinea,GIN,2000,1.21
Guinea,GIN,2001,1.39
Guinea,GIN,2002,0.83
Guinea,GIN,2003,1.19
Guinea,GIN,2004,1.29
Guinea,GIN,2005,1.76
Guinea,GIN,2006,0.99
Guinea,GIN,2007,0.72
Guinea,GIN,2008,0.66
Guinea,GIN,2009,0.7
Guinea,GIN,2010,0.72
Guinea,GIN,2011,0.45
Guinea,GIN,2012,0.63
Guinea,GIN,2013,0.37
Guinea,GIN,2014,1.3
Guinea,GIN,2015,1.23
Guinea,GIN,2016,1.43
Guinea,GIN,2017,0.94
Guinea,GIN,2018,0.98
Guinea,GIN,2019,1
Guinea-Bissau,GNB,2000,0.39
Guinea-Bissau,GNB,2001,1.04
Guinea-Bissau,GNB,2002,1.2
Guinea-Bissau,GNB,2003,0.75
Guinea-Bissau,GNB,2004,1.21
Guinea-Bissau,GNB,2005,1.25
Guinea-Bissau,GNB,2006,1.88
Guinea-Bissau,GNB,2007,2.55
Guinea-Bissau,GNB,2008,3.4
Guinea-Bissau,GNB,2009,2.7
Guinea-Bissau,GNB,2010,3.67
Guinea-Bissau,GNB,2011,1.86
Guinea-Bissau,GNB,2012,2.7
Guinea-Bissau,GNB,2013,5.14
Guinea-Bissau,GNB,2014,2.13
Guinea-Bissau,GNB,2015,2.36
Guinea-Bissau,GNB,2016,2.78
Guinea-Bissau,GNB,2017,2.81
Guinea-Bissau,GNB,2018,2.14
Guinea-Bissau,GNB,2019,2.12
Guyana,GUY,2000,5.26
Guyana,GUY,2001,2.05
Guyana,GUY,2002,1.06
Guyana,GUY,2003,0.83
Guyana,GUY,2004,2.28
Guyana,GUY,2005,1.42
Guyana,GUY,2006,0.96
Guyana,GUY,2007,0.91
Guyana,GUY,2008,0.82
Guyana,GUY,2009,0.64
Guyana,GUY,2010,0.59
Guyana,GUY,2011,0.19
Guyana,GUY,2012,0.18
Guyana,GUY,2013,0.1
Guyana,GUY,2014,0.37
Guyana,GUY,2015,0.13
Guyana,GUY,2016,0.1
Guyana,GUY,2017,0.12
Guyana,GUY,2018,0.2
Guyana,GUY,2019,0.06
Haiti,HTI,2000,1.68
Haiti,HTI,2001,1.57
Haiti,HTI,2002,1.1
Haiti,HTI,2003,1.95
Haiti,HTI,2004,1.88
Haiti,HTI,2005,1.3
Haiti,HTI,2006,1.75
Haiti,HTI,2007,1.32
Haiti,HTI,2008,1.97
Haiti,HTI,2009,3.36
Haiti,HTI,2010,2.32
Haiti,HTI,2011,2.81
Haiti,HTI,2012,2.02
Haiti,HTI,2013,1.58
Haiti,HTI,2014,1.63
Haiti,HTI,2015,1.64
Haiti,HTI,2016,2.46
Haiti,HTI,2017,2.61
Haiti,HTI,2018,1.71
Haiti,HTI,2019,1.46
Honduras,HND,2000,0.98
Honduras,HND,2001,0.5
Honduras,HND,2002,0.45
Honduras,HND,2003,0.64
Honduras,HND,2004,0.65
Honduras,HND,2005,0.77
Honduras,HND,2006,0.81
Honduras,HND,2007,0.61
Honduras,HND,2008,0.61
Honduras,HND,2009,0.52
Honduras,HND,2010,0.6
Honduras,HND,2011,0.4
Honduras,HND,2012,0.4
Honduras,HND,2013,0.34
Honduras,HND,2014,0.24
Honduras,HND,2015,0.49
Honduras,HND,2016,0.21
Honduras,HND,2017,0.21
Honduras,HND,2018,0.31
Honduras,HND,2019,0.24
India,IND,2000,0.11
India,IND,2001,0.09
India,IND,2002,0.05
India,IND,2003,0.05
India,IND,2004,0.05
India,IND,2005,0.07
India,IND,2006,0.07
India,IND,2007,0.03
India,IND,2008,0.02
India,IND,2009,0.03
India,IND,2010,0.02
India,IND,2011,0.02
India,IND,2012,0.02
India,IND,2013,0.02
India,IND,2014,0.02
India,IND,2015,0.02
India,IND,2016,0.02
India,IND,2017,0.01
India,IND,2018,0.01
India,IND,2019,0.01
Indonesia,IDN,2000,0.13
Indonesia,IDN,2001,0.1
Indonesia,IDN,2002,0.05
Indonesia,IDN,2003,0.05
Indonesia,IDN,2004,0.04
Indonesia,IDN,2005,0.04
Indonesia,IDN,2006,0.05
Indonesia,IDN,2007,0.05
Indonesia,IDN,2008,0.06
Indonesia,IDN,2009,0.05
Indonesia,IDN,2010,0.03
Indonesia,IDN,2011,0.02
Indonesia,IDN,2012,0.03
Indonesia,IDN,2013,0.03
Indonesia,IDN,2014,0.02
Indonesia,IDN,2015,0.02
Indonesia,IDN,2016,0.02
Indonesia,IDN,2017,0.04
Indonesia,IDN,2018,0.01
Indonesia,IDN,2019,0.01
Iran,IRN,2000,0
Iran,IRN,2001,0
Iran,IRN,2002,0
Iran,IRN,2003,0
Iran,IRN,2004,0
Iran,IRN,2005,0
Iran,IRN,2006,0
Iran,IRN,2007,0
Iran,IRN,2008,0
Iran,IRN,2009,0
Iran,IRN,2010,0
Iran,IRN,2011,0
Iran,IRN,2012,0
Iran,IRN,2013,0
Iran,IRN,2014,0
Iran,IRN,2015,0
Iran,IRN,2016,0
Iran,IRN,2017,0
Iraq,IRQ,2004,0.57
Iraq,IRQ,2005,3.04
Iraq,IRQ,2006,1.56
Iraq,IRQ,2007,0.76
Iraq,IRQ,2008,0.13
Iraq,IRQ,2009,0.16
Iraq,IRQ,2010,0.13
Iraq,IRQ,2011,0.03
Iraq,IRQ,2012,0.01
Iraq,IRQ,2013,0.01
Iraq,IRQ,2014,0.01
Iraq,IRQ,2015,0.04
Iraq,IRQ,2016,0.02
Iraq,IRQ,2017,0.02
Iraq,IRQ,2018,0.03
Iraq,IRQ,2019,0.05
Jamaica,JAM,2000,0.33
Jamaica,JAM,2001,0.13
Jamaica,JAM,2002,0.06
Jamaica,JAM,2003,0.16
Jamaica,JAM,2004,0.19
Jamaica,JAM,2005,0.23
Jamaica,JAM,2006,0.18
Jamaica,JAM,2007,0.07
Jamaica,JAM,2008,0.08
Jamaica,JAM,2009,0.08
Jamaica,JAM,2010,0.07
Jamaica,JAM,2011,0.05
Jamaica,JAM,2012,0.04
Jamaica,JAM,2013,0.04
Jamaica,JAM,2014,0.1
Jamaica,JAM,2015,0.05
Jamaica,JAM,2016,0.06
Jamaica,JAM,2017,0.04
Jamaica,JAM,2018,0.08
Jamaica,JAM,2019,0.03
Jordan,JOR,2000,1.64
Jordan,JOR,2001,0.97
Jordan,JOR,2002,0.84
Jordan,JOR,2003,0.48
Jordan,JOR,2004,0.7
Jordan,JOR,2005,1.59
Jordan,JOR,2006,1.24
Jordan,JOR,2007,1.08
Jordan,JOR,2008,0.77
Jordan,JOR,2009,0.74
Jordan,JOR,2010,0.78
Jordan,JOR,2011,0.75
Jordan,JOR,2012,0.86
Jordan,JOR,2013,0.81
Jordan,JOR,2014,0.95
Jordan,JOR,2015,0.87
Jordan,JOR,2016,1.15
Jordan,JOR,2017,1.42
Jordan,JOR,2018,1.04
Jordan,JOR,2019,0.98
Kazakhstan,KAZ,2000,0.06
Kazakhstan,KAZ,2001,0.02
Kazakhstan,KAZ,2002,0.03
Kazakhstan,KAZ,2003,0.05
Kazakhstan,KAZ,2004,0.03
Kazakhstan,KAZ,2005,0.03
Kazakhstan,KAZ,2006,0.03
Kazakhstan,KAZ,2007,0.01
Kazakhstan,KAZ,2008,0.01
Kazakhstan,KAZ,2009,0.02
Kazakhstan,KAZ,2010,0.02
Kazakhstan,KAZ,2011,0.01
Kazakhstan,KAZ,2012,0.01
Kazakhstan,KAZ,2013,0
Kazakhstan,KAZ,2014,0
Kazakhstan,KAZ,2015,0
Kazakhstan,KAZ,2016,0.01
Kazakhstan,KAZ,2017,0.01
Kazakhstan,KAZ,2018,0
Kazakhstan,KAZ,2019,0
Kenya,KEN,2000,0.76
Kenya,KEN,2001,0.64
Kenya,KEN,2002,0.53
Kenya,KEN,2003,0.95
Kenya,KEN,2004,0.66
Kenya,KEN,2005,0.67
Kenya,KEN,2006,0.72
Kenya,KEN,2007,0.52
Kenya,KEN,2008,0.57
Kenya,KEN,2009,0.6
Kenya,KEN,2010,0.68
Kenya,KEN,2011,0.74
Kenya,KEN,2012,0.6
Kenya,KEN,2013,0.53
Kenya,KEN,2014,0.52
Kenya,KEN,2015,0.5
Kenya,KEN,2016,0.35
Kenya,KEN,2017,0.44
Kenya,KEN,2018,0.3
Kenya,KEN,2019,0.33
Kiribati,KIR,2000,0.07
Kiribati,KIR,2001,0.26
Kiribati,KIR,2002,0.74
Kiribati,KIR,2003,0.23
Kiribati,KIR,2004,0.16
Kiribati,KIR,2005,1.06
Kiribati,KIR,2006,0.68
Kiribati,KIR,2007,0.44
Kiribati,KIR,2008,0.11
Kiribati,KIR,2009,0.97
Kiribati,KIR,2010,0.35
Kiribati,KIR,2011,6.76
Kiribati,KIR,2012,4.21
Kiribati,KIR,2013,4.39
Kiribati,KIR,2014,3.96
Kiribati,KIR,2015,4.05
Kiribati,KIR,2016,2.58
Kiribati,KIR,2017,4.56
Kiribati,KIR,2018,2.9
Kiribati,KIR,2019,3.14
Kyrgyzstan,KGZ,2000,1.93
Kyrgyzstan,KGZ,2001,1.89
Kyrgyzstan,KGZ,2002,0.61
Kyrgyzstan,KGZ,2003,0.69
Kyrgyzstan,KGZ,2004,0.63
Kyrgyzstan,KGZ,2005,1.05
Kyrgyzstan,KGZ,2006,0.56
Kyrgyzstan,KGZ,2007,0.78
Kyrgyzstan,KGZ,2008,0.69
Kyrgyzstan,KGZ,2009,0.51
Kyrgyzstan,KGZ,2010,0.54
Kyrgyzstan,KGZ,2011,0.94
Kyrgyzstan,KGZ,2012,0.6
Kyrgyzstan,KGZ,2013,0.44
Kyrgyzstan,KGZ,2014,0.65
Kyrgyzstan,KGZ,2015,0.56
Kyrgyzstan,KGZ,2016,0.61
Kyrgyzstan,KGZ,2017,0.64
Kyrgyzstan,KGZ,2018,0.5
Kyrgyzstan,KGZ,2019,0.57
Laos,LAO,2000,1.25
Laos,LAO,2001,1.38
Laos,LAO,2002,1.1
Laos,LAO,2003,1.37
Laos,LAO,2004,1.18
Laos,LAO,2005,1.36
Laos,LAO,2006,0.89
Laos,LAO,2007,1.14
Laos,LAO,2008,1.12
Laos,LAO,2009,0.85
Laos,LAO,2010,0.8
Laos,LAO,2011,0.91
Laos,LAO,2012,0.85
Laos,LAO,2013,0.67
Laos,LAO,2014,0.6
Laos,LAO,2015,0.59
Laos,LAO,2016,0.52
Laos,LAO,2017,0.54
Laos,LAO,2018,0.53
Laos,LAO,2019,0.56
Lebanon,LBN,2000,0.13
Lebanon,LBN,2001,0.19
Lebanon,LBN,2002,0.05
Lebanon,LBN,2003,0.04
Lebanon,LBN,2004,0.02
Lebanon,LBN,2005,0.24
Lebanon,LBN,2006,0.34
Lebanon,LBN,2007,0.26
Lebanon,LBN,2008,0.35
Lebanon,LBN,2009,0.23
Lebanon,LBN,2010,0.24
Lebanon,LBN,2011,0.23
Lebanon,LBN,2012,0.26
Lebanon,LBN,2013,0.3
Lebanon,LBN,2014,0.34
Lebanon,LBN,2015,0.38
Lebanon,LBN,2016,0.75
Lebanon,LBN,2017,0.51
Lebanon,LBN,2018,0.47
Lebanon,LBN,2019,0.61
Lesotho,LSO,2000,0.54
Lesotho,LSO,2001,0.48
Lesotho,LSO,2002,0.99
Lesotho,LSO,2003,0.81
Lesotho,LSO,2004,0.57
Lesotho,LSO,2005,0.69
Lesotho,LSO,2006,0.45
Lesotho,LSO,2007,0.86
Lesotho,LSO,2008,1.48
Lesotho,LSO,2009,1.52
Lesotho,LSO,2010,1.75
Lesotho,LSO,2011,2.5
Lesotho,LSO,2012,3.02
Lesotho,LSO,2013,5.53
Lesotho,LSO,2014,0.51
Lesotho,LSO,2015,0.3
Lesotho,LSO,2016,1.1
Lesotho,LSO,2017,1.21
Lesotho,LSO,2018,0.99
Lesotho,LSO,2019,1.04
Liberia,LBR,2000,1.3
Liberia,LBR,2001,1.07
Liberia,LBR,2002,0.98
Liberia,LBR,2003,2.04
Liberia,LBR,2004,2.12
Liberia,LBR,2005,1.96
Liberia,LBR,2006,1.95
Liberia,LBR,2007,3.09
Liberia,LBR,2008,5.53
Liberia,LBR,2009,5.78
Liberia,LBR,2010,5.59
Liberia,LBR,2011,5.14
Liberia,LBR,2012,5.13
Liberia,LBR,2013,4.23
Liberia,LBR,2014,6.19
Liberia,LBR,2015,4.07
Liberia,LBR,2016,4.38
Liberia,LBR,2017,4.66
Liberia,LBR,2018,3.97
Liberia,LBR,2019,3.85
Libya,LBY,2005,0
Libya,LBY,2006,0
Libya,LBY,2007,0
Libya,LBY,2008,0.03
Libya,LBY,2009,0.03
Libya,LBY,2010,0
Libya,LBY,2011,0.01
Libya,LBY,2012,0.01
Libya,LBY,2013,0.01
Libya,LBY,2014,0
Libya,LBY,2015,0.01
Libya,LBY,2016,0.02
Libya,LBY,2017,0.02
Libya,LBY,2018,0.01
Libya,LBY,2019,0.01
Madagascar,MDG,2000,0.58
Madagascar,MDG,2001,0.5
Madagascar,MDG,2002,0.38
Madagascar,MDG,2003,0.49
Madagascar,MDG,2004,0.8
Madagascar,MDG,2005,1.53
Madagascar,MDG,2006,1.34
Madagascar,MDG,2007,1.31
Madagascar,MDG,2008,0.96
Madagascar,MDG,2009,1.1
Madagascar,MDG,2010,1.53
Madagascar,MDG,2011,1.01
Madagascar,MDG,2012,0.94
Madagascar,MDG,2013,1.23
Madagascar,MDG,2014,0.84
Madagascar,MDG,2015,1.96
Madagascar,MDG,2016,1.16
Madagascar,MDG,2017,1
Madagascar,MDG,2018,1.19
Madagascar,MDG,2019,0.81
Malawi,MWI,2000,8.57
Malawi,MWI,2001,3.32
Malawi,MWI,2002,1.42
Malawi,MWI,2003,2.34
Malawi,MWI,2004,2.28
Malawi,MWI,2005,2.07
Malawi,MWI,2006,2.91
Malawi,MWI,2007,2.99
Malawi,MWI,2008,3.53
Malawi,MWI,2009,2.7
Malawi,MWI,2010,2.57
Malawi,MWI,2011,3.48
Malawi,MWI,2012,4.98
Malawi,MWI,2013,5.47
Malawi,MWI,2014,3.59
Malawi,MWI,2015,3.85
Malawi,MWI,2016,5.86
Malawi,MWI,2017,6.57
Malawi,MWI,2018,4.83
Malawi,MWI,2019,4.73
Malaysia,MYS,2000,0
Malaysia,MYS,2001,0
Malaysia,MYS,2002,0
Malaysia,MYS,2003,0
Malaysia,MYS,2004,0
Malaysia,MYS,2005,0
Malaysia,MYS,2006,0
Malaysia,MYS,2007,0
Malaysia,MYS,2008,0
Malaysia,MYS,2009,0
Malaysia,MYS,2010,0
Malaysia,MYS,2011,0
Malaysia,MYS,2012,0
Malaysia,MYS,2013,0
Malaysia,MYS,2014,0
Malaysia,MYS,2015,0
Malaysia,MYS,2016,0
Malaysia,MYS,2017,0
Malaysia,MYS,2018,0
Malaysia,MYS,2019,0
Maldives,MDV,2000,0.34
Maldives,MDV,2001,0.31
Maldives,MDV,2002,0.28
Maldives,MDV,2003,0.47
Maldives,MDV,2004,0.34
Maldives,MDV,2005,0.3
Maldives,MDV,2006,0.18
Maldives,MDV,2007,0.27
Maldives,MDV,2008,0.15
Maldives,MDV,2009,0.42
Maldives,MDV,2010,0.07
Maldives,MDV,2011,0.43
Maldives,MDV,2012,0.04
Maldives,MDV,2013,0.02
Maldives,MDV,2014,0.02
Maldives,MDV,2015,0.03
Maldives,MDV,2016,0.04
Maldives,MDV,2017,0.1
Maldives,MDV,2018,0.27
Maldives,MDV,2019,0.03
Mali,MLI,2000,1.56
Mali,MLI,2001,1.97
Mali,MLI,2002,0.75
Mali,MLI,2003,0.99
Mali,MLI,2004,1.52
Mali,MLI,2005,1.49
Mali,MLI,2006,1.81
Mali,MLI,2007,1.88
Mali,MLI,2008,2.22
Mali,MLI,2009,2.33
Mali,MLI,2010,2.3
Mali,MLI,2011,1.89
Mali,MLI,2012,1.73
Mali,MLI,2013,1.77
Mali,MLI,2014,1.61
Mali,MLI,2015,1.8
Mali,MLI,2016,1.86
Mali,MLI,2017,1.74
Mali,MLI,2018,1.72
Mali,MLI,2019,1.47
Marshall Islands,MHL,2000,3.25
Marshall Islands,MHL,2001,0
Marshall Islands,MHL,2003,3.04
Marshall Islands,MHL,2004,0.26
Marshall Islands,MHL,2005,0.36
Marshall Islands,MHL,2006,0.39
Marshall Islands,MHL,2007,0.22
Marshall Islands,MHL,2008,0.21
Marshall Islands,MHL,2009,0.3
Marshall Islands,MHL,2010,0.43
Marshall Islands,MHL,2011,0.67
Marshall Islands,MHL,2012,10.54
Marshall Islands,MHL,2013,0.57
Marshall Islands,MHL,2014,4.18
Marshall Islands,MHL,2015,0.57
Marshall Islands,MHL,2016,0.37
Marshall Islands,MHL,2017,0.86
Marshall Islands,MHL,2018,3.07
Mauritania,MRT,2000,0.47
Mauritania,MRT,2001,0.73
Mauritania,MRT,2002,0.73
Mauritania,MRT,2003,1.19
Mauritania,MRT,2004,0.81
Mauritania,MRT,2005,0.76
Mauritania,MRT,2006,0.6
Mauritania,MRT,2007,1.04
Mauritania,MRT,2008,0.99
Mauritania,MRT,2009,0.8
Mauritania,MRT,2010,0.67
Mauritania,MRT,2011,0.53
Mauritania,MRT,2012,0.71
Mauritania,MRT,2013,0.53
Mauritania,MRT,2014,0.55
Mauritania,MRT,2015,0.53
Mauritania,MRT,2016,0.29
Mauritania,MRT,2017,0.37
Mauritania,MRT,2018,0.46
Mauritania,MRT,2019,0.42
Mauritius,MUS,2000,0.09
Mauritius,MUS,2001,0.16
Mauritius,MUS,2002,0.28
Mauritius,MUS,2003,0.06
Mauritius,MUS,2004,0.17
Mauritius,MUS,2005,0.15
Mauritius,MUS,2006,0.22
Mauritius,MUS,2007,0.17
Mauritius,MUS,2008,0.08
Mauritius,MUS,2009,0.03
Mauritius,MUS,2010,0.02
Mauritius,MUS,2011,0.05
Mauritius,MUS,2012,0.02
Mauritius,MUS,2013,0.02
Mauritius,MUS,2014,0.01
Mauritius,MUS,2015,0.03
Mauritius,MUS,2016,0.03
Mauritius,MUS,2017,0.02
Mauritius,MUS,2018,0.01
Mauritius,MUS,2019,0.03
Mexico,MEX,2000,0
Mexico,MEX,2001,0
Mexico,MEX,2002,0
Mexico,MEX,2003,0
Mexico,MEX,2004,0
Mexico,MEX,2005,0.01
Mexico,MEX,2006,0.01
Mexico,MEX,2007,0
Mexico,MEX,2008,0
Mexico,MEX,2009,0
Mexico,MEX,2010,0
Mexico,MEX,2011,0
Mexico,MEX,2012,0
Mexico,MEX,2013,0
Mexico,MEX,2014,0
Mexico,MEX,2015,0
Mexico,MEX,2016,0
Mexico,MEX,2017,0
Mexico,MEX,2018,0
Mexico,MEX,2019,0
Micronesia (country),FSM,2000,4.98
Micronesia (country),FSM,2001,0.01
Micronesia (country),FSM,2002,0.06
Micronesia (country),FSM,2003,4.43
Micronesia (country),FSM,2004,0.1
Micronesia (country),FSM,2005,0.13
Micronesia (country),FSM,2006,0.16
Micronesia (country),FSM,2007,0.12
Micronesia (country),FSM,2008,0.13
Micronesia (country),FSM,2009,0.13
Micronesia (country),FSM,2010,0.63
Micronesia (country),FSM,2011,0.77
Micronesia (country),FSM,2012,12.5
Micronesia (country),FSM,2013,0.72
Micronesia (country),FSM,2014,6.18
Micronesia (country),FSM,2015,0.73
Micronesia (country),FSM,2016,0.79
Micronesia (country),FSM,2017,0.73
Micronesia (country),FSM,2018,0.49
Moldova,MDA,2000,1.04
Moldova,MDA,2001,0.07
Moldova,MDA,2002,0.4
Moldova,MDA,2003,0.95
Moldova,MDA,2004,0.3
Moldova,MDA,2005,0.93
Moldova,MDA,2006,0.2
Moldova,MDA,2007,0.38
Moldova,MDA,2008,0.28
Moldova,MDA,2009,0.76
Moldova,MDA,2010,0.43
Moldova,MDA,2011,0.37
Moldova,MDA,2012,0.44
Moldova,MDA,2013,0.23
Moldova,MDA,2014,0.41
Moldova,MDA,2015,0.27
Moldova,MDA,2016,0.2
Moldova,MDA,2017,0.26
Moldova,MDA,2018,0.21
Mongolia,MNG,2000,2.9
Mongolia,MNG,2001,1.07
Mongolia,MNG,2002,1.81
Mongolia,MNG,2003,0.84
Mongolia,MNG,2004,1.62
Mongolia,MNG,2005,0.85
Mongolia,MNG,2006,0.77
Mongolia,MNG,2007,0.65
Mongolia,MNG,2008,0.87
Mongolia,MNG,2009,0.92
Mongolia,MNG,2010,0.65
Mongolia,MNG,2011,0.64
Mongolia,MNG,2012,0.47
Mongolia,MNG,2013,0.38
Mongolia,MNG,2014,0.23
Mongolia,MNG,2015,0.17
Mongolia,MNG,2016,0.14
Mongolia,MNG,2017,0.21
Mongolia,MNG,2018,0.18
Mongolia,MNG,2019,0.13
Montenegro,MNE,2006,0.09
Montenegro,MNE,2007,0.14
Montenegro,MNE,2008,0.09
Montenegro,MNE,2009,0.06
Montenegro,MNE,2010,0.07
Montenegro,MNE,2011,0.16
Montenegro,MNE,2012,0.41
Montenegro,MNE,2013,0.08
Montenegro,MNE,2014,0.07
Montenegro,MNE,2015,0.11
Montenegro,MNE,2016,0.09
Montenegro,MNE,2017,0.06
Montenegro,MNE,2018,0.07
Montenegro,MNE,2019,0.04
Morocco,MAR,2000,0.16
Morocco,MAR,2001,0.33
Morocco,MAR,2002,0.05
Morocco,MAR,2003,0.07
Morocco,MAR,2004,0.06
Morocco,MAR,2005,0.11
Morocco,MAR,2006,0.21
Morocco,MAR,2007,0.13
Morocco,MAR,2008,0.12
Morocco,MAR,2009,0.11
Morocco,MAR,2010,0.12
Morocco,MAR,2011,0.1
Morocco,MAR,2012,0.08
Morocco,MAR,2013,0.06
Morocco,MAR,2014,0.06
Morocco,MAR,2015,0.09
Morocco,MAR,2016,0.21
Morocco,MAR,2017,0.07
Morocco,MAR,2018,0.06
Morocco,MAR,2019,0.07
Mozambique,MOZ,2000,3.3
Mozambique,MOZ,2001,3.33
Mozambique,MOZ,2002,2
Mozambique,MOZ,2003,1.88
Mozambique,MOZ,2004,1.83
Mozambique,MOZ,2005,1.81
Mozambique,MOZ,2006,2.26
Mozambique,MOZ,2007,2.49
Mozambique,MOZ,2008,2.56
Mozambique,MOZ,2009,2.74
Mozambique,MOZ,2010,2.64
Mozambique,MOZ,2011,2.11
Mozambique,MOZ,2012,2.26
Mozambique,MOZ,2013,2.42
Mozambique,MOZ,2014,1.86
Mozambique,MOZ,2015,1.88
Mozambique,MOZ,2016,3.02
Mozambique,MOZ,2017,2.9
Mozambique,MOZ,2018,2.18
Mozambique,MOZ,2019,2.33
Myanmar,MMR,2000,0.08
Myanmar,MMR,2001,0.23
Myanmar,MMR,2002,0.21
Myanmar,MMR,2003,0.23
Myanmar,MMR,2004,0.15
Myanmar,MMR,2005,0.19
Myanmar,MMR,2006,0.16
Myanmar,MMR,2007,0.22
Myanmar,MMR,2008,0.22
Myanmar,MMR,2009,0.26
Myanmar,MMR,2010,0.26
Myanmar,MMR,2011,0.15
Myanmar,MMR,2012,0.31
Myanmar,MMR,2013,0.25
Myanmar,MMR,2014,0.4
Myanmar,MMR,2015,0.27
Myanmar,MMR,2016,0.36
Myanmar,MMR,2017,0.31
Myanmar,MMR,2018,0.22
Myanmar,MMR,2019,0.27
Namibia,NAM,2000,0.56
Namibia,NAM,2001,0.56
Namibia,NAM,2002,0.31
Namibia,NAM,2003,0.42
Namibia,NAM,2004,0.52
Namibia,NAM,2005,0.18
Namibia,NAM,2006,0.32
Namibia,NAM,2007,0.24
Namibia,NAM,2008,0.32
Namibia,NAM,2009,0.46
Namibia,NAM,2010,0.2
Namibia,NAM,2011,0.2
Namibia,NAM,2012,0.16
Namibia,NAM,2013,0.23
Namibia,NAM,2014,0.21
Namibia,NAM,2015,0.08
Namibia,NAM,2016,0.21
Namibia,NAM,2017,0.17
Namibia,NAM,2018,0.3
Namibia,NAM,2019,0.21
Nauru,NRU,2007,2.28
Nauru,NRU,2008,0.69
Nauru,NRU,2009,0.2
Nauru,NRU,2010,2.34
Nauru,NRU,2011,2.6
Nauru,NRU,2012,1.93
Nauru,NRU,2013,2.21
Nauru,NRU,2014,1.55
Nauru,NRU,2015,7.99
Nauru,NRU,2016,3.08
Nauru,NRU,2017,1.44
Nauru,NRU,2018,0.27
Nauru,NRU,2019,0.19
Nepal,NPL,2000,0.62
Nepal,NPL,2001,1.48
Nepal,NPL,2002,0.65
Nepal,NPL,2003,0.83
Nepal,NPL,2004,0.75
Nepal,NPL,2005,0.64
Nepal,NPL,2006,0.92
Nepal,NPL,2007,0.83
Nepal,NPL,2008,0.94
Nepal,NPL,2009,1.41
Nepal,NPL,2010,0.99
Nepal,NPL,2011,0.76
Nepal,NPL,2012,0.65
Nepal,NPL,2013,0.79
Nepal,NPL,2014,1.01
Nepal,NPL,2015,0.74
Nepal,NPL,2016,0.65
Nepal,NPL,2017,0.58
Nepal,NPL,2018,0.53
Nepal,NPL,2019,0.45
Nicaragua,NIC,2000,1.46
Nicaragua,NIC,2001,0.93
Nicaragua,NIC,2002,1
Nicaragua,NIC,2003,1.15
Nicaragua,NIC,2004,0.92
Nicaragua,NIC,2005,1.12
Nicaragua,NIC,2006,1.28
Nicaragua,NIC,2007,1.51
Nicaragua,NIC,2008,1.32
Nicaragua,NIC,2009,1.77
Nicaragua,NIC,2010,0.77
Nicaragua,NIC,2011,0.69
Nicaragua,NIC,2012,0.64
Nicaragua,NIC,2013,0.89
Nicaragua,NIC,2014,0.56
Nicaragua,NIC,2015,0.57
Nicaragua,NIC,2016,0.52
Nicaragua,NIC,2017,0.36
Nicaragua,NIC,2018,0.45
Nicaragua,NIC,2019,0.29
Niger,NER,2000,1.54
Niger,NER,2001,1.43
Niger,NER,2002,1.07
Niger,NER,2003,1.2
Niger,NER,2004,1.63
Niger,NER,2005,2.09
Niger,NER,2006,2.06
Niger,NER,2007,2.47
Niger,NER,2008,2.55
Niger,NER,2009,2.15
Niger,NER,2010,2.09
Niger,NER,2011,1.37
Niger,NER,2012,1.79
Niger,NER,2013,1.23
Niger,NER,2014,1.66
Niger,NER,2015,1.81
Niger,NER,2016,1.62
Niger,NER,2017,1.39
Niger,NER,2018,1.6
Niger,NER,2019,2.1
Nigeria,NGA,2000,0.2
Nigeria,NGA,2001,0.15
Nigeria,NGA,2002,0.06
Nigeria,NGA,2003,0.06
Nigeria,NGA,2004,0.07
Nigeria,NGA,2005,0.07
Nigeria,NGA,2006,0.05
Nigeria,NGA,2007,0.09
Nigeria,NGA,2008,0.09
Nigeria,NGA,2009,0.15
Nigeria,NGA,2010,0.05
Nigeria,NGA,2011,0.07
Nigeria,NGA,2012,0.09
Nigeria,NGA,2013,0.11
Nigeria,NGA,2014,0.09
Nigeria,NGA,2015,0.1
Nigeria,NGA,2016,0.14
Nigeria,NGA,2017,0.18
Nigeria,NGA,2018,0.13
Nigeria,NGA,2019,0.15
North Macedonia,MKD,2000,0.53
North Macedonia,MKD,2001,0.47
North Macedonia,MKD,2002,0.19
North Macedonia,MKD,2003,0.35
North Macedonia,MKD,2004,0.22
North Macedonia,MKD,2005,0.27
North Macedonia,MKD,2006,0.28
North Macedonia,MKD,2007,0.18
North Macedonia,MKD,2008,0.24
North Macedonia,MKD,2009,0.25
North Macedonia,MKD,2010,0.18
North Macedonia,MKD,2011,0.11
North Macedonia,MKD,2012,0.06
North Macedonia,MKD,2013,0.11
North Macedonia,MKD,2014,0.09
North Macedonia,MKD,2015,0.11
North Macedonia,MKD,2016,0.17
North Macedonia,MKD,2017,0.13
North Macedonia,MKD,2018,0.12
North Macedonia,MKD,2019,0.11
Oman,OMN,2000,0
Oman,OMN,2001,0
Oman,OMN,2002,0
Oman,OMN,2003,0
Oman,OMN,2004,0
Oman,OMN,2005,0
Oman,OMN,2006,0
Oman,OMN,2007,0
Oman,OMN,2008,0
Oman,OMN,2009,0
Oman,OMN,2010,0
Pakistan,PAK,2000,0.05
Pakistan,PAK,2001,0.14
Pakistan,PAK,2002,0.08
Pakistan,PAK,2003,0.06
Pakistan,PAK,2004,0.07
Pakistan,PAK,2005,0.1
Pakistan,PAK,2006,0.13
Pakistan,PAK,2007,0.2
Pakistan,PAK,2008,0.15
Pakistan,PAK,2009,0.23
Pakistan,PAK,2010,0.2
Pakistan,PAK,2011,0.13
Pakistan,PAK,2012,0.18
Pakistan,PAK,2013,0.19
Pakistan,PAK,2014,0.12
Pakistan,PAK,2015,0.13
Pakistan,PAK,2016,0.16
Pakistan,PAK,2017,0.17
Pakistan,PAK,2018,0.16
Pakistan,PAK,2019,0.14
Palau,PLW,2000,1.73
Palau,PLW,2001,0.01
Palau,PLW,2003,0.75
Palau,PLW,2004,0.58
Palau,PLW,2005,0.73
Palau,PLW,2006,1.06
Palau,PLW,2007,0.59
Palau,PLW,2008,0.75
Palau,PLW,2009,0.66
Palau,PLW,2010,0.43
Palau,PLW,2011,0.32
Palau,PLW,2012,0.31
Palau,PLW,2013,0.36
Palau,PLW,2014,0.23
Palau,PLW,2015,0.39
Palau,PLW,2016,2.29
Palau,PLW,2017,1.72
Palau,PLW,2018,2.33
Palestine,PSE,2000,2.88
Palestine,PSE,2001,6.47
Palestine,PSE,2002,2.24
Palestine,PSE,2003,2.6
Palestine,PSE,2004,3.85
Palestine,PSE,2005,4.95
Palestine,PSE,2006,8.06
Palestine,PSE,2007,11.39
Palestine,PSE,2008,7.6
Palestine,PSE,2009,4.73
Palestine,PSE,2010,4.86
Palestine,PSE,2011,4.31
Palestine,PSE,2012,3.82
Palestine,PSE,2013,2.98
Palestine,PSE,2014,3.34
Palestine,PSE,2015,3.48
Palestine,PSE,2016,3.38
Palestine,PSE,2017,3.87
Palestine,PSE,2018,3.41
Panama,PAN,2000,0.02
Panama,PAN,2001,0.04
Panama,PAN,2002,0
Panama,PAN,2003,0.02
Panama,PAN,2004,0.01
Panama,PAN,2005,0.04
Panama,PAN,2006,0.05
Panama,PAN,2007,0.01
Panama,PAN,2008,0.01
Panama,PAN,2009,0.01
Panama,PAN,2010,0.01
Panama,PAN,2011,0.01
Panama,PAN,2012,0.01
Panama,PAN,2013,0.02
Panama,PAN,2014,0.01
Panama,PAN,2015,0.01
Panama,PAN,2016,0.01
Panama,PAN,2017,0.02
Panama,PAN,2018,0.01
Panama,PAN,2019,0.01
Papua New Guinea,PNG,2000,3.24
Papua New Guinea,PNG,2001,0.81
Papua New Guinea,PNG,2002,2.4
Papua New Guinea,PNG,2003,1.93
Papua New Guinea,PNG,2004,1.47
Papua New Guinea,PNG,2005,1.43
Papua New Guinea,PNG,2006,0.5
Papua New Guinea,PNG,2007,0.46
Papua New Guinea,PNG,2008,0.46
Papua New Guinea,PNG,2009,0.77
Papua New Guinea,PNG,2010,0.56
Papua New Guinea,PNG,2011,0.58
Papua New Guinea,PNG,2012,0.3
Papua New Guinea,PNG,2013,0.22
Papua New Guinea,PNG,2014,0.14
Papua New Guinea,PNG,2015,0.33
Papua New Guinea,PNG,2016,0.14
Papua New Guinea,PNG,2017,0.29
Papua New Guinea,PNG,2018,0.33
Papua New Guinea,PNG,2019,0.59
Paraguay,PRY,2000,0.02
Paraguay,PRY,2001,0.02
Paraguay,PRY,2002,0.02
Paraguay,PRY,2003,0.05
Paraguay,PRY,2004,0.04
Paraguay,PRY,2005,0.06
Paraguay,PRY,2006,0.04
Paraguay,PRY,2007,0.09
Paraguay,PRY,2008,0.08
Paraguay,PRY,2009,0.1
Paraguay,PRY,2010,0.07
Paraguay,PRY,2011,0.1
Paraguay,PRY,2012,0.06
Paraguay,PRY,2013,0.07
Paraguay,PRY,2014,0.02
Paraguay,PRY,2015,0.06
Paraguay,PRY,2016,0.06
Paraguay,PRY,2017,0.03
Paraguay,PRY,2018,0.04
Paraguay,PRY,2019,0.03
Peru,PER,2000,0.2
Peru,PER,2001,0.16
Peru,PER,2002,0.12
Peru,PER,2003,0.12
Peru,PER,2004,0.1
Peru,PER,2005,0.1
Peru,PER,2006,0.09
Peru,PER,2007,0.06
Peru,PER,2008,0.06
Peru,PER,2009,0.09
Peru,PER,2010,0.05
Peru,PER,2011,0.03
Peru,PER,2012,0.04
Peru,PER,2013,0.04
Peru,PER,2014,0.02
Peru,PER,2015,0.02
Peru,PER,2016,0.03
Peru,PER,2017,0.02
Peru,PER,2018,0.02
Peru,PER,2019,0.02
Philippines,PHL,2000,0.03
Philippines,PHL,2001,0.05
Philippines,PHL,2002,0.03
Philippines,PHL,2003,0.05
Philippines,PHL,2004,0.06
Philippines,PHL,2005,0.04
Philippines,PHL,2006,0.04
Philippines,PHL,2007,0.04
Philippines,PHL,2008,0.04
Philippines,PHL,2009,0.06
Philippines,PHL,2010,0.07
Philippines,PHL,2011,0.04
Philippines,PHL,2012,0.04
Philippines,PHL,2013,0.03
Philippines,PHL,2014,0.05
Philippines,PHL,2015,0.06
Philippines,PHL,2016,0.04
Philippines,PHL,2017,0.03
Philippines,PHL,2018,0.04
Philippines,PHL,2019,0.03
Rwanda,RWA,2000,1.39
Rwanda,RWA,2001,1.65
Rwanda,RWA,2002,2.13
Rwanda,RWA,2003,2.35
Rwanda,RWA,2004,2.45
Rwanda,RWA,2005,2.77
Rwanda,RWA,2006,3.04
Rwanda,RWA,2007,2.7
Rwanda,RWA,2008,3.44
Rwanda,RWA,2009,2.69
Rwanda,RWA,2010,2.09
Rwanda,RWA,2011,1.77
Rwanda,RWA,2012,1.47
Rwanda,RWA,2013,1.66
Rwanda,RWA,2014,1.73
Rwanda,RWA,2015,1.54
Rwanda,RWA,2016,1.55
Rwanda,RWA,2017,1.57
Rwanda,RWA,2018,1.26
Rwanda,RWA,2019,1.73
Saint Kitts and Nevis,KNA,2001,0.02
Saint Kitts and Nevis,KNA,2002,0.26
Saint Kitts and Nevis,KNA,2003,0
Saint Kitts and Nevis,KNA,2009,0.01
Saint Kitts and Nevis,KNA,2010,0
Saint Kitts and Nevis,KNA,2011,0
Saint Kitts and Nevis,KNA,2013,0
Saint Lucia,LCA,2000,0.04
Saint Lucia,LCA,2001,0.01
Saint Lucia,LCA,2002,0.04
Saint Lucia,LCA,2003,0.04
Saint Lucia,LCA,2004,0.03
Saint Lucia,LCA,2005,0.04
Saint Lucia,LCA,2006,0.06
Saint Lucia,LCA,2007,0.03
Saint Lucia,LCA,2008,0.15
Saint Lucia,LCA,2009,0.02
Saint Lucia,LCA,2010,0.11
Saint Lucia,LCA,2011,0.04
Saint Lucia,LCA,2012,0.03
Saint Lucia,LCA,2013,0.01
Saint Lucia,LCA,2014,0.04
Saint Lucia,LCA,2015,0.02
Saint Lucia,LCA,2016,0.07
Saint Lucia,LCA,2017,0.02
Saint Lucia,LCA,2018,0.01
Saint Lucia,LCA,2019,0.01
Saint Vincent and the Grenadines,VCT,2001,0.01
Saint Vincent and the Grenadines,VCT,2003,0.01
Saint Vincent and the Grenadines,VCT,2004,0.01
Saint Vincent and the Grenadines,VCT,2005,0.02
Saint Vincent and the Grenadines,VCT,2006,0.08
Saint Vincent and the Grenadines,VCT,2007,0.39
Saint Vincent and the Grenadines,VCT,2009,0.03
Saint Vincent and the Grenadines,VCT,2010,0.01
Saint Vincent and the Grenadines,VCT,2012,0.09
Saint Vincent and the Grenadines,VCT,2013,0.03
Saint Vincent and the Grenadines,VCT,2014,0.03
Saint Vincent and the Grenadines,VCT,2015,0.03
Saint Vincent and the Grenadines,VCT,2016,0.01
Saint Vincent and the Grenadines,VCT,2017,0.04
Saint Vincent and the Grenadines,VCT,2018,0.11
Saint Vincent and the Grenadines,VCT,2019,0.08
Samoa,WSM,2002,1.63
Samoa,WSM,2003,0.98
Samoa,WSM,2004,0.47
Samoa,WSM,2005,0.48
Samoa,WSM,2006,1.01
Samoa,WSM,2007,0.5
Samoa,WSM,2008,1.78
Samoa,WSM,2009,2.09
Samoa,WSM,2010,3.27
Samoa,WSM,2011,3.71
Samoa,WSM,2012,2.36
Samoa,WSM,2013,1.92
Samoa,WSM,2014,2.52
Samoa,WSM,2015,2.86
Samoa,WSM,2016,1.89
Samoa,WSM,2017,1.92
Samoa,WSM,2018,3.1
Samoa,WSM,2019,1.48
Sao Tome and Principe,STP,2001,3.59
Sao Tome and Principe,STP,2002,3.85
Sao Tome and Principe,STP,2003,3.45
Sao Tome and Principe,STP,2004,2.33
Sao Tome and Principe,STP,2005,3.59
Sao Tome and Principe,STP,2006,1.96
Sao Tome and Principe,STP,2007,2.87
Sao Tome and Principe,STP,2008,6.88
Sao Tome and Principe,STP,2009,2.44
Sao Tome and Principe,STP,2010,4.92
Sao Tome and Principe,STP,2011,4.7
Sao Tome and Principe,STP,2012,3.25
Sao Tome and Principe,STP,2013,3.4
Sao Tome and Principe,STP,2014,2.91
Sao Tome and Principe,STP,2015,3.1
Sao Tome and Principe,STP,2016,4.08
Sao Tome and Principe,STP,2017,4.39
Sao Tome and Principe,STP,2018,2.45
Sao Tome and Principe,STP,2019,2.31
Saudi Arabia,SAU,2000,0
Saudi Arabia,SAU,2001,0
Saudi Arabia,SAU,2002,0
Saudi Arabia,SAU,2003,0
Saudi Arabia,SAU,2004,0
Saudi Arabia,SAU,2005,0
Saudi Arabia,SAU,2006,0
Saudi Arabia,SAU,2007,0
Senegal,SEN,2000,0.45
Senegal,SEN,2001,0.7
Senegal,SEN,2002,0.43
Senegal,SEN,2003,0.55
Senegal,SEN,2004,0.65
Senegal,SEN,2005,0.53
Senegal,SEN,2006,0.58
Senegal,SEN,2007,0.6
Senegal,SEN,2008,0.86
Senegal,SEN,2009,0.89
Senegal,SEN,2010,0.95
Senegal,SEN,2011,0.89
Senegal,SEN,2012,0.98
Senegal,SEN,2013,0.81
Senegal,SEN,2014,0.94
Senegal,SEN,2015,0.79
Senegal,SEN,2016,0.79
Senegal,SEN,2017,0.71
Senegal,SEN,2018,0.76
Senegal,SEN,2019,0.74
Serbia,SRB,2000,0.86
Serbia,SRB,2001,0.58
Serbia,SRB,2002,0.13
Serbia,SRB,2003,0.1
Serbia,SRB,2004,0.09
Serbia,SRB,2005,0.13
Serbia,SRB,2006,0.1
Serbia,SRB,2007,0.07
Serbia,SRB,2008,0.08
Serbia,SRB,2009,0.07
Serbia,SRB,2010,0.07
Serbia,SRB,2011,0.05
Serbia,SRB,2012,0.07
Serbia,SRB,2013,0.05
Serbia,SRB,2014,0.07
Serbia,SRB,2015,0.08
Serbia,SRB,2016,0.07
Serbia,SRB,2017,0.08
Serbia,SRB,2018,0.03
Serbia,SRB,2019,0.04
Seychelles,SYC,2003,0.01
Seychelles,SYC,2004,0.03
Seychelles,SYC,2006,0.01
Seychelles,SYC,2007,0.02
Seychelles,SYC,2008,0.06
Seychelles,SYC,2009,0.11
Seychelles,SYC,2010,0.08
Seychelles,SYC,2011,0.22
Seychelles,SYC,2012,0.11
Seychelles,SYC,2013,0.1
Seychelles,SYC,2014,0.09
Seychelles,SYC,2015,0.03
Seychelles,SYC,2016,0.32
Seychelles,SYC,2017,0.03
Sierra Leone,SLE,2000,1.53
Sierra Leone,SLE,2001,1.18
Sierra Leone,SLE,2002,1.33
Sierra Leone,SLE,2003,1.15
Sierra Leone,SLE,2004,2.07
Sierra Leone,SLE,2005,2.12
Sierra Leone,SLE,2006,1.78
Sierra Leone,SLE,2007,2.54
Sierra Leone,SLE,2008,2.29
Sierra Leone,SLE,2009,2.62
Sierra Leone,SLE,2010,2.37
Sierra Leone,SLE,2011,2.53
Sierra Leone,SLE,2012,2.05
Sierra Leone,SLE,2013,2.01
Sierra Leone,SLE,2014,3.19
Sierra Leone,SLE,2015,2.49
Sierra Leone,SLE,2016,3.77
Sierra Leone,SLE,2017,3.37
Sierra Leone,SLE,2018,2.88
Sierra Leone,SLE,2019,2.65
Slovenia,SVN,2000,0.05
Slovenia,SVN,2001,0.04
Slovenia,SVN,2002,0
Solomon Islands,SLB,2000,1.77
Solomon Islands,SLB,2001,0.29
Solomon Islands,SLB,2002,0.29
Solomon Islands,SLB,2003,0.68
Solomon Islands,SLB,2004,2.2
Solomon Islands,SLB,2005,1.96
Solomon Islands,SLB,2006,2.15
Solomon Islands,SLB,2007,1.93
Solomon Islands,SLB,2008,4.52
Solomon Islands,SLB,2009,6.36
Solomon Islands,SLB,2010,5.07
Solomon Islands,SLB,2011,4.52
Solomon Islands,SLB,2012,2.56
Solomon Islands,SLB,2013,5.79
Solomon Islands,SLB,2014,2.14
Solomon Islands,SLB,2015,2.99
Solomon Islands,SLB,2016,2.03
Solomon Islands,SLB,2017,0.99
Solomon Islands,SLB,2018,1.37
Solomon Islands,SLB,2019,1.17
South Africa,ZAF,2000,0.03
South Africa,ZAF,2001,0.08
South Africa,ZAF,2002,0.06
South Africa,ZAF,2003,0.04
South Africa,ZAF,2004,0.02
South Africa,ZAF,2005,0.03
South Africa,ZAF,2006,0.04
South Africa,ZAF,2007,0.03
South Africa,ZAF,2008,0.04
South Africa,ZAF,2009,0.04
South Africa,ZAF,2010,0.03
South Africa,ZAF,2011,0.03
South Africa,ZAF,2012,0.03
South Africa,ZAF,2013,0.03
South Africa,ZAF,2014,0.01
South Africa,ZAF,2015,0.04
South Africa,ZAF,2016,0.03
South Africa,ZAF,2017,0.04
South Africa,ZAF,2018,0.04
South Africa,ZAF,2019,0.04
South Sudan,SSD,2011,1
South Sudan,SSD,2012,1.48
South Sudan,SSD,2013,0.94
South Sudan,SSD,2014,1.68
South Sudan,SSD,2015,3.09
Sri Lanka,LKA,2000,0.07
Sri Lanka,LKA,2001,0.12
Sri Lanka,LKA,2002,0.04
Sri Lanka,LKA,2003,0.15
Sri Lanka,LKA,2004,0.17
Sri Lanka,LKA,2005,0.4
Sri Lanka,LKA,2006,0.26
Sri Lanka,LKA,2007,0.14
Sri Lanka,LKA,2008,0.19
Sri Lanka,LKA,2009,0.13
Sri Lanka,LKA,2010,0.09
Sri Lanka,LKA,2011,0.07
Sri Lanka,LKA,2012,0.06
Sri Lanka,LKA,2013,0.06
Sri Lanka,LKA,2014,0.04
Sri Lanka,LKA,2015,0.04
Sri Lanka,LKA,2016,0.05
Sri Lanka,LKA,2017,0.03
Sri Lanka,LKA,2018,0.06
Sri Lanka,LKA,2019,0.03
Sudan,SDN,2000,0.18
Sudan,SDN,2001,0.23
Sudan,SDN,2002,0.25
Sudan,SDN,2003,0.19
Sudan,SDN,2004,0.32
Sudan,SDN,2005,0.63
Sudan,SDN,2006,0.41
Sudan,SDN,2007,0.38
Sudan,SDN,2008,0.56
Sudan,SDN,2009,0.43
Sudan,SDN,2010,0.46
Sudan,SDN,2011,0.35
Sudan,SDN,2012,0.42
Sudan,SDN,2013,0.34
Sudan,SDN,2014,0.22
Sudan,SDN,2015,0.22
Sudan,SDN,2016,0.36
Sudan,SDN,2017,0.27
Sudan,SDN,2018,1.4
Sudan,SDN,2019,1.84
Suriname,SUR,2000,0.02
Suriname,SUR,2001,0
Suriname,SUR,2002,0.25
Suriname,SUR,2003,0.19
Suriname,SUR,2004,0.29
Suriname,SUR,2005,0.56
Suriname,SUR,2006,0.3
Suriname,SUR,2007,0.21
Suriname,SUR,2008,0.2
Suriname,SUR,2009,0.22
Suriname,SUR,2010,0.33
Suriname,SUR,2011,0.34
Suriname,SUR,2012,0.03
Suriname,SUR,2013,0.04
Suriname,SUR,2014,0.02
Suriname,SUR,2015,0.05
Suriname,SUR,2016,0.06
Suriname,SUR,2017,0.15
Suriname,SUR,2018,0.06
Suriname,SUR,2019,0.06
Syria,SYR,2000,0.1
Syria,SYR,2001,0.06
Syria,SYR,2002,0.02
Syria,SYR,2003,0.07
Syria,SYR,2004,0.06
Syria,SYR,2005,0.11
Syria,SYR,2006,0.13
Syria,SYR,2007,0.13
Tajikistan,TJK,2000,3.53
Tajikistan,TJK,2001,3.21
Tajikistan,TJK,2002,1.69
Tajikistan,TJK,2003,1.42
Tajikistan,TJK,2004,1.34
Tajikistan,TJK,2005,1.48
Tajikistan,TJK,2006,1.12
Tajikistan,TJK,2007,0.72
Tajikistan,TJK,2008,0.87
Tajikistan,TJK,2009,0.96
Tajikistan,TJK,2010,0.63
Tajikistan,TJK,2011,0.54
Tajikistan,TJK,2012,0.67
Tajikistan,TJK,2013,0.47
Tajikistan,TJK,2014,0.58
Tajikistan,TJK,2015,0.65
Tajikistan,TJK,2016,0.66
Tajikistan,TJK,2017,0.64
Tajikistan,TJK,2018,0.53
Tajikistan,TJK,2019,0.45
Tanzania,TZA,2000,0.42
Tanzania,TZA,2001,0.46
Tanzania,TZA,2002,0.75
Tanzania,TZA,2003,0.93
Tanzania,TZA,2004,1.05
Tanzania,TZA,2005,0.79
Tanzania,TZA,2006,1.01
Tanzania,TZA,2007,1.17
Tanzania,TZA,2008,1.31
Tanzania,TZA,2009,1.2
Tanzania,TZA,2010,1.14
Tanzania,TZA,2011,1.09
Tanzania,TZA,2012,1.09
Tanzania,TZA,2013,0.95
Tanzania,TZA,2014,0.85
Tanzania,TZA,2015,0.96
Tanzania,TZA,2016,0.69
Tanzania,TZA,2017,0.73
Tanzania,TZA,2018,0.59
Tanzania,TZA,2019,0.61
Thailand,THA,2000,0
Thailand,THA,2001,0.01
Thailand,THA,2002,0
Thailand,THA,2003,0
Thailand,THA,2004,0
Thailand,THA,2005,0.01
Thailand,THA,2006,0.01
Thailand,THA,2007,0.01
Thailand,THA,2008,0.01
Thailand,THA,2009,0.01
Thailand,THA,2010,0.01
Thailand,THA,2011,0.01
Thailand,THA,2012,0.01
Thailand,THA,2013,0.01
Thailand,THA,2014,0.01
Thailand,THA,2015,0.01
Thailand,THA,2016,0.01
Thailand,THA,2017,0.01
Thailand,THA,2018,0
Thailand,THA,2019,0.01
Timor,TLS,2000,3.97
Timor,TLS,2001,2.74
Timor,TLS,2002,0.58
Timor,TLS,2003,1.33
Timor,TLS,2004,1.68
Timor,TLS,2005,3.06
Timor,TLS,2006,2.58
Timor,TLS,2007,2.53
Timor,TLS,2008,1.29
Timor,TLS,2009,1.49
Timor,TLS,2010,1.13
Timor,TLS,2011,1.06
Timor,TLS,2012,0.92
Timor,TLS,2013,0.57
Timor,TLS,2014,1.21
Timor,TLS,2015,1.05
Timor,TLS,2016,1.28
Timor,TLS,2017,0.94
Timor,TLS,2018,0.96
Timor,TLS,2019,1.53
Togo,TGO,2000,1.11
Togo,TGO,2001,0.47
Togo,TGO,2002,0.26
Togo,TGO,2003,0.62
Togo,TGO,2004,0.75
Togo,TGO,2005,0.74
Togo,TGO,2006,0.76
Togo,TGO,2007,0.96
Togo,TGO,2008,1.06
Togo,TGO,2009,1.23
Togo,TGO,2010,0.93
Togo,TGO,2011,1.37
Togo,TGO,2012,0.68
Togo,TGO,2013,1.21
Togo,TGO,2014,0.85
Togo,TGO,2015,0.65
Togo,TGO,2016,1.21
Togo,TGO,2017,1.39
Togo,TGO,2018,0.83
Togo,TGO,2019,0.85
Tonga,TON,2000,6.07
Tonga,TON,2001,0.45
Tonga,TON,2002,0.8
Tonga,TON,2003,0.4
Tonga,TON,2004,0.94
Tonga,TON,2005,4.57
Tonga,TON,2006,1.28
Tonga,TON,2007,1.41
Tonga,TON,2008,0.64
Tonga,TON,2009,0.71
Tonga,TON,2010,2.17
Tonga,TON,2011,5.35
Tonga,TON,2012,2.42
Tonga,TON,2013,2.14
Tonga,TON,2014,0.76
Tonga,TON,2015,1.45
Tonga,TON,2016,2.41
Tonga,TON,2017,1.75
Tonga,TON,2018,1.19
Trinidad and Tobago,TTO,2001,0
Trinidad and Tobago,TTO,2002,0
Trinidad and Tobago,TTO,2003,0
Trinidad and Tobago,TTO,2004,0
Trinidad and Tobago,TTO,2005,0
Trinidad and Tobago,TTO,2006,0
Trinidad and Tobago,TTO,2007,0
Trinidad and Tobago,TTO,2008,0
Trinidad and Tobago,TTO,2009,0
Trinidad and Tobago,TTO,2010,0
Tunisia,TUN,2000,0.24
Tunisia,TUN,2001,0.07
Tunisia,TUN,2002,0.03
Tunisia,TUN,2003,0.03
Tunisia,TUN,2004,0.01
Tunisia,TUN,2005,0.09
Tunisia,TUN,2006,0.1
Tunisia,TUN,2007,0.03
Tunisia,TUN,2008,0.03
Tunisia,TUN,2009,0.05
Tunisia,TUN,2010,0.06
Tunisia,TUN,2011,0.04
Tunisia,TUN,2012,0.05
Tunisia,TUN,2013,0.03
Tunisia,TUN,2014,0.07
Tunisia,TUN,2015,0.07
Tunisia,TUN,2016,0.08
Tunisia,TUN,2017,0.09
Tunisia,TUN,2018,0.04
Tunisia,TUN,2019,0.07
Turkey,TUR,2000,0.01
Turkey,TUR,2001,0
Turkey,TUR,2002,0
Turkey,TUR,2003,0
Turkey,TUR,2004,0
Turkey,TUR,2005,0.01
Turkey,TUR,2006,0.01
Turkey,TUR,2007,0.01
Turkey,TUR,2008,0
Turkey,TUR,2009,0
Turkey,TUR,2010,0
Turkey,TUR,2011,0
Turkey,TUR,2012,0
Turkey,TUR,2013,0
Turkey,TUR,2014,0.01
Turkey,TUR,2015,0.01
Turkey,TUR,2016,0.01
Turkey,TUR,2017,0.03
Turkey,TUR,2018,0.02
Turkey,TUR,2019,0.02
Turkmenistan,TKM,2000,0.16
Turkmenistan,TKM,2001,0.06
Turkmenistan,TKM,2002,0.05
Turkmenistan,TKM,2003,0.03
Turkmenistan,TKM,2004,0.02
Turkmenistan,TKM,2005,0.03
Turkmenistan,TKM,2006,0.02
Turkmenistan,TKM,2007,0.02
Turkmenistan,TKM,2008,0.01
Turkmenistan,TKM,2009,0.01
Turkmenistan,TKM,2010,0.02
Turkmenistan,TKM,2011,0.03
Turkmenistan,TKM,2012,0.01
Turkmenistan,TKM,2013,0.02
Turkmenistan,TKM,2014,0.01
Turkmenistan,TKM,2015,0.01
Turkmenistan,TKM,2016,0.03
Turkmenistan,TKM,2017,0.01
Turkmenistan,TKM,2018,0.01
Tuvalu,TUV,2001,23.21
Tuvalu,TUV,2002,14.05
Tuvalu,TUV,2003,5.92
Tuvalu,TUV,2004,0.11
Tuvalu,TUV,2005,0.13
Tuvalu,TUV,2007,0.07
Tuvalu,TUV,2009,0.79
Tuvalu,TUV,2010,0.61
Tuvalu,TUV,2011,6.18
Tuvalu,TUV,2012,3.22
Tuvalu,TUV,2013,5.46
Tuvalu,TUV,2014,0.66
Tuvalu,TUV,2015,4.93
Tuvalu,TUV,2016,2.5
Tuvalu,TUV,2017,0.4
Tuvalu,TUV,2018,0.56
Tuvalu,TUV,2019,1.27
Uganda,UGA,2000,1.49
Uganda,UGA,2001,2.09
Uganda,UGA,2002,2.21
Uganda,UGA,2003,1.99
Uganda,UGA,2004,2.12
Uganda,UGA,2005,2.39
Uganda,UGA,2006,2.11
Uganda,UGA,2007,1.52
Uganda,UGA,2008,1.83
Uganda,UGA,2009,1
Uganda,UGA,2010,0.85
Uganda,UGA,2011,0.81
Uganda,UGA,2012,1.21
Uganda,UGA,2013,0.86
Uganda,UGA,2014,0.9
Uganda,UGA,2015,0.88
Uganda,UGA,2016,1.25
Uganda,UGA,2017,1.03
Uganda,UGA,2018,0.99
Uganda,UGA,2019,1.05
Ukraine,UKR,2005,0.01
Ukraine,UKR,2006,0.02
Ukraine,UKR,2007,0.01
Ukraine,UKR,2008,0.01
Ukraine,UKR,2009,0.02
Ukraine,UKR,2010,0.01
Ukraine,UKR,2011,0.02
Ukraine,UKR,2012,0.02
Ukraine,UKR,2013,0.02
Ukraine,UKR,2014,0.03
Ukraine,UKR,2015,0.07
Ukraine,UKR,2016,0.08
Ukraine,UKR,2017,0.04
Ukraine,UKR,2018,0.05
Ukraine,UKR,2019,0.05
Uruguay,URY,2000,0
Uruguay,URY,2001,0.01
Uruguay,URY,2002,0.01
Uruguay,URY,2003,0.01
Uruguay,URY,2004,0.02
Uruguay,URY,2005,0.02
Uruguay,URY,2006,0.01
Uruguay,URY,2007,0.01
Uruguay,URY,2008,0.01
Uruguay,URY,2009,0.01
Uruguay,URY,2010,0.01
Uruguay,URY,2011,0
Uruguay,URY,2012,0
Uruguay,URY,2013,0
Uruguay,URY,2014,0
Uruguay,URY,2015,0
Uruguay,URY,2016,0
Uruguay,URY,2017,0
Uzbekistan,UZB,2000,0.09
Uzbekistan,UZB,2001,0.09
Uzbekistan,UZB,2002,0.25
Uzbekistan,UZB,2003,0.27
Uzbekistan,UZB,2004,0.22
Uzbekistan,UZB,2005,0.13
Uzbekistan,UZB,2006,0.09
Uzbekistan,UZB,2007,0.07
Uzbekistan,UZB,2008,0.07
Uzbekistan,UZB,2009,0.05
Uzbekistan,UZB,2010,0.04
Uzbekistan,UZB,2011,0.03
Uzbekistan,UZB,2012,0.06
Uzbekistan,UZB,2013,0.02
Uzbekistan,UZB,2014,0.04
Uzbekistan,UZB,2015,0.03
Uzbekistan,UZB,2016,0.05
Uzbekistan,UZB,2017,0.06
Uzbekistan,UZB,2018,0.06
Uzbekistan,UZB,2019,0.09
Vanuatu,VUT,2000,0.21
Vanuatu,VUT,2001,0.7
Vanuatu,VUT,2002,0.21
Vanuatu,VUT,2003,0.61
Vanuatu,VUT,2004,0.26
Vanuatu,VUT,2005,0.5
Vanuatu,VUT,2006,0.69
Vanuatu,VUT,2007,0.69
Vanuatu,VUT,2008,1.06
Vanuatu,VUT,2009,1.38
Vanuatu,VUT,2010,1.53
Vanuatu,VUT,2011,1.7
Vanuatu,VUT,2012,2.26
Vanuatu,VUT,2013,2.55
Vanuatu,VUT,2014,2.19
Vanuatu,VUT,2015,2.37
Vanuatu,VUT,2016,1.74
Vanuatu,VUT,2017,1.61
Vanuatu,VUT,2018,1.28
Vanuatu,VUT,2019,1.37
Venezuela,VEN,2000,0
Venezuela,VEN,2001,0
Venezuela,VEN,2002,0
Venezuela,VEN,2003,0
Venezuela,VEN,2004,0
Venezuela,VEN,2005,0
Venezuela,VEN,2006,0
Venezuela,VEN,2007,0
Venezuela,VEN,2008,0
Venezuela,VEN,2009,0
Venezuela,VEN,2010,0
Venezuela,VEN,2011,0
Venezuela,VEN,2012,0
Venezuela,VEN,2013,0
Venezuela,VEN,2014,0
Vietnam,VNM,2000,0.32
Vietnam,VNM,2001,0.14
Vietnam,VNM,2002,0.12
Vietnam,VNM,2003,0.19
Vietnam,VNM,2004,0.18
Vietnam,VNM,2005,0.17
Vietnam,VNM,2006,0.14
Vietnam,VNM,2007,0.19
Vietnam,VNM,2008,0.15
Vietnam,VNM,2009,0.17
Vietnam,VNM,2010,0.16
Vietnam,VNM,2011,0.12
Vietnam,VNM,2012,0.1
Vietnam,VNM,2013,0.12
Vietnam,VNM,2014,0.07
Vietnam,VNM,2015,0.05
Vietnam,VNM,2016,0.04
Vietnam,VNM,2017,0.04
Vietnam,VNM,2018,0.03
Vietnam,VNM,2019,0.03
Yemen,YEM,2000,1.71
Yemen,YEM,2001,1.35
Yemen,YEM,2002,0.58
Yemen,YEM,2003,0.62
Yemen,YEM,2004,0.74
Yemen,YEM,2005,0.51
Yemen,YEM,2006,0.49
Yemen,YEM,2007,0.52
Yemen,YEM,2008,0.48
Yemen,YEM,2009,0.9
Yemen,YEM,2010,0.41
Yemen,YEM,2011,0.42
Yemen,YEM,2012,0.42
Yemen,YEM,2013,0.76
Yemen,YEM,2014,0.5
Yemen,YEM,2015,0.36
Yemen,YEM,2016,0.69
Yemen,YEM,2017,0.54
Yemen,YEM,2018,0.97
Zambia,ZMB,2000,1.5
Zambia,ZMB,2001,2.78
Zambia,ZMB,2002,2.05
Zambia,ZMB,2003,1.75
Zambia,ZMB,2004,2.26
Zambia,ZMB,2005,1.76
Zambia,ZMB,2006,1.23
Zambia,ZMB,2007,1.5
Zambia,ZMB,2008,1.07
Zambia,ZMB,2009,1.06
Zambia,ZMB,2010,0.59
Zambia,ZMB,2011,0.7
Zambia,ZMB,2012,0.74
Zambia,ZMB,2013,1.18
Zambia,ZMB,2014,0.68
Zambia,ZMB,2015,1.11
Zambia,ZMB,2016,1.36
Zambia,ZMB,2017,1.29
Zambia,ZMB,2018,1.12
Zambia,ZMB,2019,1.12
Zimbabwe,ZWE,2000,0.47
Zimbabwe,ZWE,2001,0.22
Zimbabwe,ZWE,2002,0.31
Zimbabwe,ZWE,2003,0.81
Zimbabwe,ZWE,2004,0.3
Zimbabwe,ZWE,2005,0.28
Zimbabwe,ZWE,2006,0.41
Zimbabwe,ZWE,2007,2.04
Zimbabwe,ZWE,2008,2.53
Zimbabwe,ZWE,2009,1.24
Zimbabwe,ZWE,2010,1.57
Zimbabwe,ZWE,2011,1.14
Zimbabwe,ZWE,2012,1.73
Zimbabwe,ZWE,2013,1.12
Zimbabwe,ZWE,2014,1.07
Zimbabwe,ZWE,2015,1.12
Zimbabwe,ZWE,2016,0.81
Zimbabwe,ZWE,2017,1.03
Zimbabwe,ZWE,2018,0.68
Zimbabwe,ZWE,2019,1.08