Entity,Code,Year,15.2.1 - Forest area under an independently verified forest management certification scheme (thousands of hectares) - AG_LND_FRSTCERT
Afghanistan,AFG,2000,0
Afghanistan,AFG,2005,0
Afghanistan,AFG,2010,0
Afghanistan,AFG,2015,0
Afghanistan,AFG,2016,0
Afghanistan,AFG,2017,0
Afghanistan,AFG,2018,0
Afghanistan,AFG,2019,0
Afghanistan,AFG,2020,0
Afghanistan,AFG,2021,0
Africa,,2000,1112382
Africa,,2005,2327907
Africa,,2010,7366788
Africa,,2015,6348421
Africa,,2016,7601250
Africa,,2017,7681802
Africa,,2018,7003825
Africa,,2019,6779534
Africa,,2020,9052637
Africa,,2021,9399119
Aland Islands,,2000,0
Aland Islands,,2005,0
Aland Islands,,2010,0
Aland Islands,,2015,0
Aland Islands,,2016,0
Aland Islands,,2017,0
Aland Islands,,2018,0
Aland Islands,,2019,0
Aland Islands,,2020,0
Aland Islands,,2021,0
Albania,ALB,2000,0
Albania,ALB,2005,0
Albania,ALB,2010,0
Albania,ALB,2015,0
Albania,ALB,2016,0
Albania,ALB,2017,0
Albania,ALB,2018,0
Albania,ALB,2019,0
Albania,ALB,2020,0
Albania,ALB,2021,0
Algeria,DZA,2000,0
Algeria,DZA,2005,0
Algeria,DZA,2010,0
Algeria,DZA,2015,0
Algeria,DZA,2016,0
Algeria,DZA,2017,0
Algeria,DZA,2018,0
Algeria,DZA,2019,0
Algeria,DZA,2020,0
Algeria,DZA,2021,0
American Samoa,ASM,2000,0
American Samoa,ASM,2005,0
American Samoa,ASM,2010,0
American Samoa,ASM,2015,0
American Samoa,ASM,2016,0
American Samoa,ASM,2017,0
American Samoa,ASM,2018,0
American Samoa,ASM,2019,0
American Samoa,ASM,2020,0
American Samoa,ASM,2021,0
Americas,,2000,3908048
Americas,,2005,146189611
Americas,,2010,200321437
Americas,,2015,216290564
Americas,,2016,220249760
Americas,,2017,222949546
Americas,,2018,225156097
Americas,,2019,220338156
Americas,,2020,218878035.15
Americas,,2021,224879330
Andorra,AND,2000,0
Andorra,AND,2005,0
Andorra,AND,2010,0
Andorra,AND,2015,0
Andorra,AND,2016,0
Andorra,AND,2017,0
Andorra,AND,2018,0
Andorra,AND,2019,0
Andorra,AND,2020,0
Andorra,AND,2021,0
Angola,AGO,2000,0
Angola,AGO,2005,0
Angola,AGO,2010,0
Angola,AGO,2015,0
Angola,AGO,2016,0
Angola,AGO,2017,0
Angola,AGO,2018,0
Angola,AGO,2019,0
Angola,AGO,2020,0
Angola,AGO,2021,0
Anguilla,AIA,2000,0
Anguilla,AIA,2005,0
Anguilla,AIA,2010,0
Anguilla,AIA,2015,0
Anguilla,AIA,2016,0
Anguilla,AIA,2017,0
Anguilla,AIA,2018,0
Anguilla,AIA,2019,0
Anguilla,AIA,2020,0
Anguilla,AIA,2021,0
Antigua and Barbuda,ATG,2000,0
Antigua and Barbuda,ATG,2005,0
Antigua and Barbuda,ATG,2010,0
Antigua and Barbuda,ATG,2015,0
Antigua and Barbuda,ATG,2016,0
Antigua and Barbuda,ATG,2017,0
Antigua and Barbuda,ATG,2018,0
Antigua and Barbuda,ATG,2019,0
Antigua and Barbuda,ATG,2020,0
Antigua and Barbuda,ATG,2021,0
Argentina,ARG,2000,0
Argentina,ARG,2005,77921
Argentina,ARG,2010,216205
Argentina,ARG,2015,275436
Argentina,ARG,2016,471038
Argentina,ARG,2017,490527
Argentina,ARG,2018,527632
Argentina,ARG,2019,534200
Argentina,ARG,2020,556223
Argentina,ARG,2021,599109
Armenia,ARM,2000,0
Armenia,ARM,2005,0
Armenia,ARM,2010,0
Armenia,ARM,2015,0
Armenia,ARM,2016,0
Armenia,ARM,2017,0
Armenia,ARM,2018,0
Armenia,ARM,2019,0
Armenia,ARM,2020,0
Armenia,ARM,2021,0
Aruba,ABW,2000,0
Aruba,ABW,2005,0
Aruba,ABW,2010,0
Aruba,ABW,2015,0
Aruba,ABW,2016,0
Aruba,ABW,2017,0
Aruba,ABW,2018,0
Aruba,ABW,2019,0
Aruba,ABW,2020,0
Aruba,ABW,2021,0
Asia,,2000,289927
Asia,,2005,904632
Asia,,2010,8472968
Asia,,2015,20620393
Asia,,2016,21548421
Asia,,2017,23348188
Asia,,2018,25221277
Asia,,2019,25037069
Asia,,2020,25982512
Asia,,2021,25880721
Australia,AUS,2000,0
Australia,AUS,2005,5677333
Australia,AUS,2010,10509599
Australia,AUS,2015,10581821
Australia,AUS,2016,26774675
Australia,AUS,2017,24241877
Australia,AUS,2018,8898983
Australia,AUS,2019,11532516
Australia,AUS,2020,11422190.4
Australia,AUS,2021,16439688.999999998
Australia and New Zealand,,2000,19695
Australia and New Zealand,,2005,6579440
Australia and New Zealand,,2010,11581437
Australia and New Zealand,,2015,11844723
Australia and New Zealand,,2016,28038495
Australia and New Zealand,,2017,25513257
Australia and New Zealand,,2018,10182344
Australia and New Zealand,,2019,12825052
Australia and New Zealand,,2020,12732453.4
Australia and New Zealand,,2021,17767570
Austria,AUT,2000,550000
Austria,AUT,2005,3931768
Austria,AUT,2010,1960595
Austria,AUT,2015,2936719
Austria,AUT,2016,2984460
Austria,AUT,2017,3051102
Austria,AUT,2018,3126375
Austria,AUT,2019,3059336
Austria,AUT,2020,3229135
Austria,AUT,2021,3241703
Azerbaijan,AZE,2000,0
Azerbaijan,AZE,2005,0
Azerbaijan,AZE,2010,0
Azerbaijan,AZE,2015,0
Azerbaijan,AZE,2016,0
Azerbaijan,AZE,2017,0
Azerbaijan,AZE,2018,0
Azerbaijan,AZE,2019,0
Azerbaijan,AZE,2020,0
Azerbaijan,AZE,2021,0
Bahamas,BHS,2000,0
Bahamas,BHS,2005,0
Bahamas,BHS,2010,0
Bahamas,BHS,2015,0
Bahamas,BHS,2016,0
Bahamas,BHS,2017,0
Bahamas,BHS,2018,0
Bahamas,BHS,2019,0
Bahamas,BHS,2020,0
Bahamas,BHS,2021,0
Bahrain,BHR,2000,0
Bahrain,BHR,2005,0
Bahrain,BHR,2010,0
Bahrain,BHR,2015,0
Bahrain,BHR,2016,0
Bahrain,BHR,2017,0
Bahrain,BHR,2018,0
Bahrain,BHR,2019,0
Bahrain,BHR,2020,0
Bahrain,BHR,2021,0
Bangladesh,BGD,2000,0
Bangladesh,BGD,2005,0
Bangladesh,BGD,2010,0
Bangladesh,BGD,2015,0
Bangladesh,BGD,2016,0
Bangladesh,BGD,2017,0
Bangladesh,BGD,2018,0
Bangladesh,BGD,2019,0
Bangladesh,BGD,2020,0
Bangladesh,BGD,2021,0
Barbados,BRB,2000,0
Barbados,BRB,2005,0
Barbados,BRB,2010,0
Barbados,BRB,2015,0
Barbados,BRB,2016,0
Barbados,BRB,2017,0
Barbados,BRB,2018,0
Barbados,BRB,2019,0
Barbados,BRB,2020,0
Barbados,BRB,2021,0
Belarus,BLR,2000,0
Belarus,BLR,2005,106400
Belarus,BLR,2010,6018100
Belarus,BLR,2015,9404565
Belarus,BLR,2016,9316696
Belarus,BLR,2017,9303709
Belarus,BLR,2018,9354756
Belarus,BLR,2019,9250703
Belarus,BLR,2020,9247020
Belarus,BLR,2021,9121499
Belgium,BEL,2000,0
Belgium,BEL,2005,250440
Belgium,BEL,2010,292929
Belgium,BEL,2015,321759
Belgium,BEL,2016,322759
Belgium,BEL,2017,322759
Belgium,BEL,2018,323694
Belgium,BEL,2019,328734
Belgium,BEL,2020,235137
Belgium,BEL,2021,324631
Belize,BLZ,2000,104888
Belize,BLZ,2005,104888
Belize,BLZ,2010,104888
Belize,BLZ,2015,150830
Belize,BLZ,2016,197122
Belize,BLZ,2017,197122
Belize,BLZ,2018,197122
Belize,BLZ,2019,197122
Belize,BLZ,2020,197122
Belize,BLZ,2021,101813
Benin,BEN,2000,0
Benin,BEN,2005,0
Benin,BEN,2010,0
Benin,BEN,2015,0
Benin,BEN,2016,0
Benin,BEN,2017,0
Benin,BEN,2018,0
Benin,BEN,2019,0
Benin,BEN,2020,0
Benin,BEN,2021,0
Bermuda,BMU,2000,0
Bermuda,BMU,2005,0
Bermuda,BMU,2010,0
Bermuda,BMU,2015,0
Bermuda,BMU,2016,0
Bermuda,BMU,2017,0
Bermuda,BMU,2018,0
Bermuda,BMU,2019,0
Bermuda,BMU,2020,0
Bermuda,BMU,2021,0
Bhutan,BTN,2000,0
Bhutan,BTN,2005,0
Bhutan,BTN,2010,0
Bhutan,BTN,2015,0
Bhutan,BTN,2016,0
Bhutan,BTN,2017,0
Bhutan,BTN,2018,0
Bhutan,BTN,2019,0
Bhutan,BTN,2020,0
Bhutan,BTN,2021,0
Bolivia,BOL,2000,539180
Bolivia,BOL,2005,1160788
Bolivia,BOL,2010,1657117
Bolivia,BOL,2015,890529
Bolivia,BOL,2016,890375
Bolivia,BOL,2017,981862
Bolivia,BOL,2018,981862
Bolivia,BOL,2019,482409
Bolivia,BOL,2020,866246
Bolivia,BOL,2021,866246
Bonaire Sint Eustatius and Saba,BES,2000,0
Bonaire Sint Eustatius and Saba,BES,2005,0
Bonaire Sint Eustatius and Saba,BES,2010,0
Bonaire Sint Eustatius and Saba,BES,2015,0
Bonaire Sint Eustatius and Saba,BES,2016,0
Bonaire Sint Eustatius and Saba,BES,2017,0
Bonaire Sint Eustatius and Saba,BES,2018,0
Bonaire Sint Eustatius and Saba,BES,2019,0
Bonaire Sint Eustatius and Saba,BES,2020,0
Bonaire Sint Eustatius and Saba,BES,2021,0
Bosnia and Herzegovina,BIH,2000,0
Bosnia and Herzegovina,BIH,2005,0
Bosnia and Herzegovina,BIH,2010,108692
Bosnia and Herzegovina,BIH,2015,1496115
Bosnia and Herzegovina,BIH,2016,1495526
Bosnia and Herzegovina,BIH,2017,1532625
Bosnia and Herzegovina,BIH,2018,1654459
Bosnia and Herzegovina,BIH,2019,1768071
Bosnia and Herzegovina,BIH,2020,1888803
Bosnia and Herzegovina,BIH,2021,2008714
Botswana,BWA,2000,0
Botswana,BWA,2005,0
Botswana,BWA,2010,0
Botswana,BWA,2015,0
Botswana,BWA,2016,0
Botswana,BWA,2017,0
Botswana,BWA,2018,0
Botswana,BWA,2019,0
Botswana,BWA,2020,0
Botswana,BWA,2021,0
Brazil,BRA,2000,638420
Brazil,BRA,2005,3119289
Brazil,BRA,2010,5852189
Brazil,BRA,2015,6751736
Brazil,BRA,2016,6397352
Brazil,BRA,2017,7305835
Brazil,BRA,2018,6905470
Brazil,BRA,2019,7504418
Brazil,BRA,2020,8608953.149999999
Brazil,BRA,2021,8749987
British Indian Ocean Territory,IOT,2000,0
British Indian Ocean Territory,IOT,2005,0
British Indian Ocean Territory,IOT,2010,0
British Indian Ocean Territory,IOT,2015,0
British Indian Ocean Territory,IOT,2016,0
British Indian Ocean Territory,IOT,2017,0
British Indian Ocean Territory,IOT,2018,0
British Indian Ocean Territory,IOT,2019,0
British Indian Ocean Territory,IOT,2020,0
British Indian Ocean Territory,IOT,2021,0
British Virgin Islands,VGB,2000,0
British Virgin Islands,VGB,2005,0
British Virgin Islands,VGB,2010,0
British Virgin Islands,VGB,2015,0
British Virgin Islands,VGB,2016,0
British Virgin Islands,VGB,2017,0
British Virgin Islands,VGB,2018,0
British Virgin Islands,VGB,2019,0
British Virgin Islands,VGB,2020,0
British Virgin Islands,VGB,2021,0
Brunei,BRN,2000,0
Brunei,BRN,2005,0
Brunei,BRN,2010,0
Brunei,BRN,2015,0
Brunei,BRN,2016,0
Brunei,BRN,2017,0
Brunei,BRN,2018,0
Brunei,BRN,2019,0
Brunei,BRN,2020,0
Brunei,BRN,2021,0
Bulgaria,BGR,2000,0
Bulgaria,BGR,2005,0
Bulgaria,BGR,2010,303580
Bulgaria,BGR,2015,706653
Bulgaria,BGR,2016,561685
Bulgaria,BGR,2017,1290198
Bulgaria,BGR,2018,1483382
Bulgaria,BGR,2019,1233785
Bulgaria,BGR,2020,1496355
Bulgaria,BGR,2021,2374088
Burkina Faso,BFA,2000,0
Burkina Faso,BFA,2005,0
Burkina Faso,BFA,2010,0
Burkina Faso,BFA,2015,0
Burkina Faso,BFA,2016,0
Burkina Faso,BFA,2017,0
Burkina Faso,BFA,2018,0
Burkina Faso,BFA,2019,0
Burkina Faso,BFA,2020,0
Burkina Faso,BFA,2021,0
Burundi,BDI,2000,0
Burundi,BDI,2005,0
Burundi,BDI,2010,0
Burundi,BDI,2015,0
Burundi,BDI,2016,0
Burundi,BDI,2017,0
Burundi,BDI,2018,0
Burundi,BDI,2019,0
Burundi,BDI,2020,0
Burundi,BDI,2021,0
Cambodia,KHM,2000,0
Cambodia,KHM,2005,0
Cambodia,KHM,2010,0
Cambodia,KHM,2015,12746
Cambodia,KHM,2016,12746
Cambodia,KHM,2017,7896
Cambodia,KHM,2018,7896
Cambodia,KHM,2019,7896
Cambodia,KHM,2020,7896
Cambodia,KHM,2021,7896
Cameroon,CMR,2000,0
Cameroon,CMR,2005,0
Cameroon,CMR,2010,705064
Cameroon,CMR,2015,942462
Cameroon,CMR,2016,940945
Cameroon,CMR,2017,1130301
Cameroon,CMR,2018,411976
Cameroon,CMR,2019,341708
Cameroon,CMR,2020,341708
Cameroon,CMR,2021,341708
Canada,CAN,2000,33282
Canada,CAN,2005,111573958
Canada,CAN,2010,148434535
Canada,CAN,2015,164262985
Canada,CAN,2016,167713443
Canada,CAN,2017,169279299
Canada,CAN,2018,170985027
Canada,CAN,2019,166773636
Canada,CAN,2020,160077533.5
Canada,CAN,2021,164830565
Cape Verde,CPV,2000,0
Cape Verde,CPV,2005,0
Cape Verde,CPV,2010,0
Cape Verde,CPV,2015,0
Cape Verde,CPV,2016,0
Cape Verde,CPV,2017,0
Cape Verde,CPV,2018,0
Cape Verde,CPV,2019,0
Cape Verde,CPV,2020,0
Cape Verde,CPV,2021,0
Caribbean,,2000,0
Caribbean,,2005,0
Caribbean,,2010,0
Caribbean,,2015,0
Caribbean,,2016,0
Caribbean,,2017,365
Caribbean,,2018,365
Caribbean,,2019,365
Caribbean,,2020,0
Caribbean,,2021,0
Cayman Islands,CYM,2000,0
Cayman Islands,CYM,2005,0
Cayman Islands,CYM,2010,0
Cayman Islands,CYM,2015,0
Cayman Islands,CYM,2016,0
Cayman Islands,CYM,2017,0
Cayman Islands,CYM,2018,0
Cayman Islands,CYM,2019,0
Cayman Islands,CYM,2020,0
Cayman Islands,CYM,2021,0
Central African Republic,CAF,2000,0
Central African Republic,CAF,2005,0
Central African Republic,CAF,2010,0
Central African Republic,CAF,2015,0
Central African Republic,CAF,2016,0
Central African Republic,CAF,2017,0
Central African Republic,CAF,2018,0
Central African Republic,CAF,2019,0
Central African Republic,CAF,2020,0
Central African Republic,CAF,2021,0
Central America,,2000,420515
Central America,,2005,1584818
Central America,,2010,1411453
Central America,,2015,1664984
Central America,,2016,1747898
Central America,,2017,1593876
Central America,,2018,2008849
Central America,,2019,2045169
Central America,,2020,2094364
Central America,,2021,2070205
Central Asia,,2000,0
Central Asia,,2005,0
Central Asia,,2010,0
Central Asia,,2015,0
Central Asia,,2016,0
Central Asia,,2017,0
Central Asia,,2018,312
Central Asia,,2019,312
Central Asia,,2020,0
Central Asia,,2021,0
Central and Southern Asia,,2000,17510
Central and Southern Asia,,2005,31944
Central and Southern Asia,,2010,37993
Central and Southern Asia,,2015,833649
Central and Southern Asia,,2016,769514
Central and Southern Asia,,2017,527449
Central and Southern Asia,,2018,539020
Central and Southern Asia,,2019,652161
Central and Southern Asia,,2020,568546
Central and Southern Asia,,2021,563762
Chad,TCD,2000,0
Chad,TCD,2005,0
Chad,TCD,2010,0
Chad,TCD,2015,0
Chad,TCD,2016,0
Chad,TCD,2017,0
Chad,TCD,2018,0
Chad,TCD,2019,0
Chad,TCD,2020,0
Chad,TCD,2021,0
Channel Islands,OWID_CIS,2000,0
Channel Islands,OWID_CIS,2005,0
Channel Islands,OWID_CIS,2010,0
Channel Islands,OWID_CIS,2015,0
Channel Islands,OWID_CIS,2016,0
Channel Islands,OWID_CIS,2017,0
Channel Islands,OWID_CIS,2018,0
Channel Islands,OWID_CIS,2019,0
Channel Islands,OWID_CIS,2020,0
Channel Islands,OWID_CIS,2021,0
Chile,CHL,2000,0
Chile,CHL,2005,2109742
Chile,CHL,2010,2433373
Chile,CHL,2015,2394654
Chile,CHL,2016,2303158
Chile,CHL,2017,2278792
Chile,CHL,2018,2328289
Chile,CHL,2019,2332673
Chile,CHL,2020,2335643
Chile,CHL,2021,2356170
China,CHN,2000,0
China,CHN,2005,435452
China,CHN,2010,1377750
China,CHN,2015,7078762
China,CHN,2016,6724060
China,CHN,2017,6755355
China,CHN,2018,7589198
China,CHN,2019,7598876
China,CHN,2020,3098081
China,CHN,2021,2429976
"China, Hong Kong Special Administrative Region",,2000,0
"China, Hong Kong Special Administrative Region",,2005,0
"China, Hong Kong Special Administrative Region",,2010,0
"China, Hong Kong Special Administrative Region",,2015,0
"China, Hong Kong Special Administrative Region",,2016,0
"China, Hong Kong Special Administrative Region",,2017,0
"China, Hong Kong Special Administrative Region",,2018,0
"China, Hong Kong Special Administrative Region",,2019,0
"China, Hong Kong Special Administrative Region",,2020,0
"China, Hong Kong Special Administrative Region",,2021,0
Christmas Island,CXR,2000,0
Christmas Island,CXR,2005,0
Christmas Island,CXR,2010,0
Christmas Island,CXR,2015,0
Christmas Island,CXR,2016,0
Christmas Island,CXR,2017,0
Christmas Island,CXR,2018,0
Christmas Island,CXR,2019,0
Christmas Island,CXR,2020,0
Christmas Island,CXR,2021,0
Cocos Islands,CCK,2000,0
Cocos Islands,CCK,2005,0
Cocos Islands,CCK,2010,0
Cocos Islands,CCK,2015,0
Cocos Islands,CCK,2016,0
Cocos Islands,CCK,2017,0
Cocos Islands,CCK,2018,0
Cocos Islands,CCK,2019,0
Cocos Islands,CCK,2020,0
Cocos Islands,CCK,2021,0
Colombia,COL,2000,0
Colombia,COL,2005,87129
Colombia,COL,2010,94206
Colombia,COL,2015,137688
Colombia,COL,2016,144025
Colombia,COL,2017,132485
Colombia,COL,2018,150037
Colombia,COL,2019,151936
Colombia,COL,2020,165084
Colombia,COL,2021,162919
Comoros,COM,2000,0
Comoros,COM,2005,0
Comoros,COM,2010,0
Comoros,COM,2015,0
Comoros,COM,2016,0
Comoros,COM,2017,0
Comoros,COM,2018,0
Comoros,COM,2019,0
Comoros,COM,2020,0
Comoros,COM,2021,0
Congo,COG,2000,0
Congo,COG,2005,0
Congo,COG,2010,1907843
Congo,COG,2015,2443186
Congo,COG,2016,2625003
Congo,COG,2017,2478943
Congo,COG,2018,2410693
Congo,COG,2019,2410693
Congo,COG,2020,2989168
Congo,COG,2021,2989168
Cook Islands,COK,2000,0
Cook Islands,COK,2005,0
Cook Islands,COK,2010,0
Cook Islands,COK,2015,0
Cook Islands,COK,2016,0
Cook Islands,COK,2017,0
Cook Islands,COK,2018,0
Cook Islands,COK,2019,0
Cook Islands,COK,2020,0
Cook Islands,COK,2021,0
Costa Rica,CRI,2000,87970
Costa Rica,CRI,2005,74965
Costa Rica,CRI,2010,56238
Costa Rica,CRI,2015,54909
Costa Rica,CRI,2016,46677
Costa Rica,CRI,2017,41870
Costa Rica,CRI,2018,39429
Costa Rica,CRI,2019,34510
Costa Rica,CRI,2020,38635
Costa Rica,CRI,2021,35308
Cote d'Ivoire,CIV,2000,0
Cote d'Ivoire,CIV,2005,0
Cote d'Ivoire,CIV,2010,0
Cote d'Ivoire,CIV,2015,0
Cote d'Ivoire,CIV,2016,0
Cote d'Ivoire,CIV,2017,0
Cote d'Ivoire,CIV,2018,0
Cote d'Ivoire,CIV,2019,0
Cote d'Ivoire,CIV,2020,0
Cote d'Ivoire,CIV,2021,0
Croatia,HRV,2000,72203
Croatia,HRV,2005,2018987
Croatia,HRV,2010,2018987
Croatia,HRV,2015,2039123
Croatia,HRV,2016,2039223
Croatia,HRV,2017,2039241
Croatia,HRV,2018,2048516.9999999998
Croatia,HRV,2019,2048581.0000000002
Croatia,HRV,2020,2044675
Croatia,HRV,2021,2038604
Cuba,CUB,2000,0
Cuba,CUB,2005,0
Cuba,CUB,2010,0
Cuba,CUB,2015,0
Cuba,CUB,2016,0
Cuba,CUB,2017,0
Cuba,CUB,2018,0
Cuba,CUB,2019,0
Cuba,CUB,2020,0
Cuba,CUB,2021,0
Curacao,CUW,2000,0
Curacao,CUW,2005,0
Curacao,CUW,2010,0
Curacao,CUW,2015,0
Curacao,CUW,2016,0
Curacao,CUW,2017,0
Curacao,CUW,2018,0
Curacao,CUW,2019,0
Curacao,CUW,2020,0
Curacao,CUW,2021,0
Cyprus,CYP,2000,0
Cyprus,CYP,2005,0
Cyprus,CYP,2010,0
Cyprus,CYP,2015,0
Cyprus,CYP,2016,0
Cyprus,CYP,2017,0
Cyprus,CYP,2018,0
Cyprus,CYP,2019,0
Cyprus,CYP,2020,0
Cyprus,CYP,2021,0
Czechia,CZE,2000,11339
Czechia,CZE,2005,1952223
Czechia,CZE,2010,1883854
Czechia,CZE,2015,1771780
Czechia,CZE,2016,1779409
Czechia,CZE,2017,1796748
Czechia,CZE,2018,1834698
Czechia,CZE,2019,1820338
Czechia,CZE,2020,1840681
Czechia,CZE,2021,1816023
Democratic Republic of Congo,COD,2000,0
Democratic Republic of Congo,COD,2005,0
Democratic Republic of Congo,COD,2010,0
Democratic Republic of Congo,COD,2015,0
Democratic Republic of Congo,COD,2016,0
Democratic Republic of Congo,COD,2017,0
Democratic Republic of Congo,COD,2018,0
Democratic Republic of Congo,COD,2019,0
Democratic Republic of Congo,COD,2020,0
Democratic Republic of Congo,COD,2021,0
Denmark,DNK,2000,36
Denmark,DNK,2005,13834
Denmark,DNK,2010,234908
Denmark,DNK,2015,261796
Denmark,DNK,2016,261964.99999999997
Denmark,DNK,2017,265559
Denmark,DNK,2018,268937
Denmark,DNK,2019,280446
Denmark,DNK,2020,294003.5
Denmark,DNK,2021,305182
Djibouti,DJI,2000,0
Djibouti,DJI,2005,0
Djibouti,DJI,2010,0
Djibouti,DJI,2015,0
Djibouti,DJI,2016,0
Djibouti,DJI,2017,0
Djibouti,DJI,2018,0
Djibouti,DJI,2019,0
Djibouti,DJI,2020,0
Djibouti,DJI,2021,0
Dominica,DMA,2000,0
Dominica,DMA,2005,0
Dominica,DMA,2010,0
Dominica,DMA,2015,0
Dominica,DMA,2016,0
Dominica,DMA,2017,0
Dominica,DMA,2018,0
Dominica,DMA,2019,0
Dominica,DMA,2020,0
Dominica,DMA,2021,0
Dominican Republic,DOM,2000,0
Dominican Republic,DOM,2005,0
Dominican Republic,DOM,2010,0
Dominican Republic,DOM,2015,0
Dominican Republic,DOM,2016,0
Dominican Republic,DOM,2017,365
Dominican Republic,DOM,2018,365
Dominican Republic,DOM,2019,365
Dominican Republic,DOM,2020,0
Dominican Republic,DOM,2021,0
Eastern Africa,,2000,56457
Eastern Africa,,2005,298005
Eastern Africa,,2010,315902
Eastern Africa,,2015,241610
Eastern Africa,,2016,261457
Eastern Africa,,2017,276623
Eastern Africa,,2018,315121
Eastern Africa,,2019,320938
Eastern Africa,,2020,396486
Eastern Africa,,2021,396539
Eastern Asia,,2000,12440
Eastern Asia,,2005,704172
Eastern Asia,,2010,2805071
Eastern Asia,,2015,9118328
Eastern Asia,,2016,9069848
Eastern Asia,,2017,9167105
Eastern Asia,,2018,10177343
Eastern Asia,,2019,10215207
Eastern Asia,,2020,6300724
Eastern Asia,,2021,5670196
Eastern Europe,,2000,2034694
Eastern Europe,,2005,14347737
Eastern Europe,,2010,45344298
Eastern Europe,,2015,65534309.18
Eastern Europe,,2016,70440685
Eastern Europe,,2017,75447018
Eastern Europe,,2018,77097053
Eastern Europe,,2019,82548466
Eastern Europe,,2020,93349521.14
Eastern Europe,,2021,101007197
Eastern and South-Eastern Asia,,2000,272417
Eastern and South-Eastern Asia,,2005,872688
Eastern and South-Eastern Asia,,2010,8434975
Eastern and South-Eastern Asia,,2015,17427271
Eastern and South-Eastern Asia,,2016,18413154
Eastern and South-Eastern Asia,,2017,20470661
Eastern and South-Eastern Asia,,2018,22285380
Eastern and South-Eastern Asia,,2019,21263507
Eastern and South-Eastern Asia,,2020,18981938
Eastern and South-Eastern Asia,,2021,18649816
Ecuador,ECU,2000,0
Ecuador,ECU,2005,26527
Ecuador,ECU,2010,41219
Ecuador,ECU,2015,54422
Ecuador,ECU,2016,55544
Ecuador,ECU,2017,56604
Ecuador,ECU,2018,57466
Ecuador,ECU,2019,58668
Ecuador,ECU,2020,64663
Ecuador,ECU,2021,64422
Egypt,EGY,2000,0
Egypt,EGY,2005,0
Egypt,EGY,2010,0
Egypt,EGY,2015,0
Egypt,EGY,2016,0
Egypt,EGY,2017,0
Egypt,EGY,2018,0
Egypt,EGY,2019,0
Egypt,EGY,2020,0
Egypt,EGY,2021,0
El Salvador,SLV,2000,0
El Salvador,SLV,2005,0
El Salvador,SLV,2010,0
El Salvador,SLV,2015,0
El Salvador,SLV,2016,0
El Salvador,SLV,2017,0
El Salvador,SLV,2018,0
El Salvador,SLV,2019,0
El Salvador,SLV,2020,0
El Salvador,SLV,2021,0
Equatorial Guinea,GNQ,2000,0
Equatorial Guinea,GNQ,2005,0
Equatorial Guinea,GNQ,2010,0
Equatorial Guinea,GNQ,2015,0
Equatorial Guinea,GNQ,2016,0
Equatorial Guinea,GNQ,2017,0
Equatorial Guinea,GNQ,2018,0
Equatorial Guinea,GNQ,2019,0
Equatorial Guinea,GNQ,2020,0
Equatorial Guinea,GNQ,2021,0
Eritrea,ERI,2000,0
Eritrea,ERI,2005,0
Eritrea,ERI,2010,0
Eritrea,ERI,2015,0
Eritrea,ERI,2016,0
Eritrea,ERI,2017,0
Eritrea,ERI,2018,0
Eritrea,ERI,2019,0
Eritrea,ERI,2020,0
Eritrea,ERI,2021,0
Estonia,EST,2000,0
Estonia,EST,2005,1083049
Estonia,EST,2010,1133425
Estonia,EST,2015,1297520
Estonia,EST,2016,1427155
Estonia,EST,2017,1525362
Estonia,EST,2018,1602172
Estonia,EST,2019,1646662
Estonia,EST,2020,1444172
Estonia,EST,2021,1467212
Eswatini,SWZ,2000,0
Eswatini,SWZ,2005,17018
Eswatini,SWZ,2010,114465
Eswatini,SWZ,2015,114761
Eswatini,SWZ,2016,124527
Eswatini,SWZ,2017,120674
Eswatini,SWZ,2018,123497
Eswatini,SWZ,2019,125438
Eswatini,SWZ,2020,125713
Eswatini,SWZ,2021,128675.99999999999
Ethiopia,ETH,2000,0
Ethiopia,ETH,2005,0
Ethiopia,ETH,2010,0
Ethiopia,ETH,2015,0
Ethiopia,ETH,2016,0
Ethiopia,ETH,2017,0
Ethiopia,ETH,2018,0
Ethiopia,ETH,2019,0
Ethiopia,ETH,2020,0
Ethiopia,ETH,2021,0
Europe,,2000,45975237
Europe,,2005,83355821
Europe,,2010,115682868
Europe,,2015,142248777.19
Europe,,2016,146271922
Europe,,2017,152314626
Europe,,2018,155025052
Europe,,2019,161248578
Europe,,2020,168746146.04
Europe,,2021,184912128
Europe and Northern America,,2000,48285170
Europe and Northern America,,2005,221073974
Europe and Northern America,,2010,302196143
Europe and Northern America,,2015,344039069.19
Europe and Northern America,,2016,352133548
Europe and Northern America,,2017,359761786
Europe and Northern America,,2018,364741555
Europe and Northern America,,2019,366106983
Europe and Northern America,,2020,367696563.03999996
Europe and Northern America,,2021,389591982
Faeroe Islands,FRO,2000,0
Faeroe Islands,FRO,2005,0
Faeroe Islands,FRO,2010,0
Faeroe Islands,FRO,2015,0
Faeroe Islands,FRO,2016,0
Faeroe Islands,FRO,2017,0
Faeroe Islands,FRO,2018,0
Faeroe Islands,FRO,2019,0
Faeroe Islands,FRO,2020,0
Faeroe Islands,FRO,2021,0
Falkland Islands,FLK,2000,0
Falkland Islands,FLK,2005,0
Falkland Islands,FLK,2010,0
Falkland Islands,FLK,2015,0
Falkland Islands,FLK,2016,0
Falkland Islands,FLK,2017,0
Falkland Islands,FLK,2018,0
Falkland Islands,FLK,2019,0
Falkland Islands,FLK,2020,0
Falkland Islands,FLK,2021,0
Fiji,FJI,2000,0
Fiji,FJI,2005,0
Fiji,FJI,2010,0
Fiji,FJI,2015,85385
Fiji,FJI,2016,85385
Fiji,FJI,2017,85385
Fiji,FJI,2018,85385
Fiji,FJI,2019,83253
Fiji,FJI,2020,83368
Fiji,FJI,2021,83368
Finland,FIN,2000,21910000
Finland,FIN,2005,22367196
Finland,FIN,2010,20796642
Finland,FIN,2015,17614091
Finland,FIN,2016,16571828.000000002
Finland,FIN,2017,17744520
Finland,FIN,2018,18161432
Finland,FIN,2019,18082222
Finland,FIN,2020,18270234
Finland,FIN,2021,18561710
France,FRA,2000,1050
France,FRA,2005,3985613
France,FRA,2010,5117919
France,FRA,2015,8035013
France,FRA,2016,8215114
France,FRA,2017,8218200.999999999
France,FRA,2018,8017654
France,FRA,2019,8035241
France,FRA,2020,5626444
France,FRA,2021,5625166
French Guiana,GUF,2000,0
French Guiana,GUF,2005,0
French Guiana,GUF,2010,0
French Guiana,GUF,2015,0
French Guiana,GUF,2016,0
French Guiana,GUF,2017,0
French Guiana,GUF,2018,0
French Guiana,GUF,2019,0
French Guiana,GUF,2020,2425034
French Guiana,GUF,2021,2425034
French Polynesia,PYF,2000,0
French Polynesia,PYF,2005,0
French Polynesia,PYF,2010,0
French Polynesia,PYF,2015,0
French Polynesia,PYF,2016,0
French Polynesia,PYF,2017,0
French Polynesia,PYF,2018,0
French Polynesia,PYF,2019,0
French Polynesia,PYF,2020,0
French Polynesia,PYF,2021,0
French Southern Territories,ATF,2000,0
French Southern Territories,ATF,2005,0
French Southern Territories,ATF,2010,0
French Southern Territories,ATF,2015,0
French Southern Territories,ATF,2016,0
French Southern Territories,ATF,2017,0
French Southern Territories,ATF,2018,0
French Southern Territories,ATF,2019,0
French Southern Territories,ATF,2020,0
French Southern Territories,ATF,2021,0
Gabon,GAB,2000,0
Gabon,GAB,2005,0
Gabon,GAB,2010,1873505
Gabon,GAB,2015,1185243
Gabon,GAB,2016,2033627
Gabon,GAB,2017,2042616
Gabon,GAB,2018,2042616
Gabon,GAB,2019,1741228
Gabon,GAB,2020,2061190
Gabon,GAB,2021,2061190
Gambia,GMB,2000,0
Gambia,GMB,2005,0
Gambia,GMB,2010,0
Gambia,GMB,2015,0
Gambia,GMB,2016,0
Gambia,GMB,2017,0
Gambia,GMB,2018,0
Gambia,GMB,2019,0
Gambia,GMB,2020,0
Gambia,GMB,2021,0
Georgia,GEO,2000,0
Georgia,GEO,2005,0
Georgia,GEO,2010,0
Georgia,GEO,2015,0
Georgia,GEO,2016,0
Georgia,GEO,2017,0
Georgia,GEO,2018,0
Georgia,GEO,2019,0
Georgia,GEO,2020,0
Georgia,GEO,2021,0
Germany,DEU,2000,3208500
Germany,DEU,2005,7186541
Germany,DEU,2010,7465359
Germany,DEU,2015,7557808
Germany,DEU,2016,7548415
Germany,DEU,2017,7645629
Germany,DEU,2018,7760405
Germany,DEU,2019,7813116
Germany,DEU,2020,7979942
Germany,DEU,2021,8899923
Ghana,GHA,2000,0
Ghana,GHA,2005,0
Ghana,GHA,2010,1778
Ghana,GHA,2015,3367
Ghana,GHA,2016,3367
Ghana,GHA,2017,3447
Ghana,GHA,2018,12147
Ghana,GHA,2019,12147
Ghana,GHA,2020,21430
Ghana,GHA,2021,21430
Gibraltar,GIB,2000,0
Gibraltar,GIB,2005,0
Gibraltar,GIB,2010,0
Gibraltar,GIB,2015,0
Gibraltar,GIB,2016,0
Gibraltar,GIB,2017,0
Gibraltar,GIB,2018,0
Gibraltar,GIB,2019,0
Gibraltar,GIB,2020,0
Gibraltar,GIB,2021,0
Greece,GRC,2000,0
Greece,GRC,2005,36626
Greece,GRC,2010,0
Greece,GRC,2015,0
Greece,GRC,2016,0
Greece,GRC,2017,0
Greece,GRC,2018,0
Greece,GRC,2019,0
Greece,GRC,2020,0
Greece,GRC,2021,0
Greenland,GRL,2000,0
Greenland,GRL,2005,0
Greenland,GRL,2010,0
Greenland,GRL,2015,0
Greenland,GRL,2016,0
Greenland,GRL,2017,0
Greenland,GRL,2018,0
Greenland,GRL,2019,0
Greenland,GRL,2020,0
Greenland,GRL,2021,0
Grenada,GRD,2000,0
Grenada,GRD,2005,0
Grenada,GRD,2010,0
Grenada,GRD,2015,0
Grenada,GRD,2016,0
Grenada,GRD,2017,0
Grenada,GRD,2018,0
Grenada,GRD,2019,0
Grenada,GRD,2020,0
Grenada,GRD,2021,0
Guadeloupe,GLP,2000,0
Guadeloupe,GLP,2005,0
Guadeloupe,GLP,2010,0
Guadeloupe,GLP,2015,0
Guadeloupe,GLP,2016,0
Guadeloupe,GLP,2017,0
Guadeloupe,GLP,2018,0
Guadeloupe,GLP,2019,0
Guadeloupe,GLP,2020,0
Guadeloupe,GLP,2021,0
Guam,GUM,2000,0
Guam,GUM,2005,0
Guam,GUM,2010,0
Guam,GUM,2015,0
Guam,GUM,2016,0
Guam,GUM,2017,0
Guam,GUM,2018,0
Guam,GUM,2019,0
Guam,GUM,2020,0
Guam,GUM,2021,0
Guatemala,GTM,2000,99089
Guatemala,GTM,2005,508634
Guatemala,GTM,2010,248425
Guatemala,GTM,2015,499575
Guatemala,GTM,2016,497968
Guatemala,GTM,2017,439022
Guatemala,GTM,2018,503745
Guatemala,GTM,2019,502066
Guatemala,GTM,2020,504965
Guatemala,GTM,2021,505630
Guernsey,GGY,2000,0
Guernsey,GGY,2005,0
Guernsey,GGY,2010,0
Guernsey,GGY,2015,0
Guernsey,GGY,2016,0
Guernsey,GGY,2017,0
Guernsey,GGY,2018,0
Guernsey,GGY,2019,0
Guernsey,GGY,2020,0
Guernsey,GGY,2021,0
Guinea,GIN,2000,0
Guinea,GIN,2005,0
Guinea,GIN,2010,0
Guinea,GIN,2015,0
Guinea,GIN,2016,0
Guinea,GIN,2017,0
Guinea,GIN,2018,0
Guinea,GIN,2019,0
Guinea,GIN,2020,0
Guinea,GIN,2021,0
Guinea-Bissau,GNB,2000,0
Guinea-Bissau,GNB,2005,0
Guinea-Bissau,GNB,2010,0
Guinea-Bissau,GNB,2015,0
Guinea-Bissau,GNB,2016,0
Guinea-Bissau,GNB,2017,0
Guinea-Bissau,GNB,2018,0
Guinea-Bissau,GNB,2019,0
Guinea-Bissau,GNB,2020,0
Guinea-Bissau,GNB,2021,0
Guyana,GUY,2000,0
Guyana,GUY,2005,0
Guyana,GUY,2010,371681
Guyana,GUY,2015,0
Guyana,GUY,2016,0
Guyana,GUY,2017,371680
Guyana,GUY,2018,371680
Guyana,GUY,2019,423565
Guyana,GUY,2020,566379
Guyana,GUY,2021,570075
Haiti,HTI,2000,0
Haiti,HTI,2005,0
Haiti,HTI,2010,0
Haiti,HTI,2015,0
Haiti,HTI,2016,0
Haiti,HTI,2017,0
Haiti,HTI,2018,0
Haiti,HTI,2019,0
Haiti,HTI,2020,0
Haiti,HTI,2021,0
Heard Island and McDonald Islands,HMD,2000,0
Heard Island and McDonald Islands,HMD,2005,0
Heard Island and McDonald Islands,HMD,2010,0
Heard Island and McDonald Islands,HMD,2015,0
Heard Island and McDonald Islands,HMD,2016,0
Heard Island and McDonald Islands,HMD,2017,0
Heard Island and McDonald Islands,HMD,2018,0
Heard Island and McDonald Islands,HMD,2019,0
Heard Island and McDonald Islands,HMD,2020,0
Heard Island and McDonald Islands,HMD,2021,0
Honduras,HND,2000,28835
Honduras,HND,2005,24580
Honduras,HND,2010,50536
Honduras,HND,2015,55600
Honduras,HND,2016,20164
Honduras,HND,2017,17815
Honduras,HND,2018,17815
Honduras,HND,2019,17815
Honduras,HND,2020,17815
Honduras,HND,2021,16639
Hungary,HUN,2000,0
Hungary,HUN,2005,134446
Hungary,HUN,2010,251906
Hungary,HUN,2015,306585
Hungary,HUN,2016,304273
Hungary,HUN,2017,304428
Hungary,HUN,2018,304118
Hungary,HUN,2019,304092
Hungary,HUN,2020,308784
Hungary,HUN,2021,406861
Iceland,ISL,2000,0
Iceland,ISL,2005,0
Iceland,ISL,2010,0
Iceland,ISL,2015,0
Iceland,ISL,2016,0
Iceland,ISL,2017,0
Iceland,ISL,2018,0
Iceland,ISL,2019,0
Iceland,ISL,2020,0
Iceland,ISL,2021,0
India,IND,2000,0
India,IND,2005,0
India,IND,2010,676
India,IND,2015,818466
India,IND,2016,754911
India,IND,2017,509927
India,IND,2018,521678
India,IND,2019,619255
India,IND,2020,547889
India,IND,2021,543327
Indonesia,IDN,2000,204838
Indonesia,IDN,2005,92273
Indonesia,IDN,2010,1105448
Indonesia,IDN,2015,2756041
Indonesia,IDN,2016,4527564
Indonesia,IDN,2017,6251341
Indonesia,IDN,2018,6786685
Indonesia,IDN,2019,6726871
Indonesia,IDN,2020,7083647
Indonesia,IDN,2021,7150476
Iran,IRN,2000,0
Iran,IRN,2005,0
Iran,IRN,2010,0
Iran,IRN,2015,0
Iran,IRN,2016,0
Iran,IRN,2017,0
Iran,IRN,2018,0
Iran,IRN,2019,0
Iran,IRN,2020,0
Iran,IRN,2021,0
Iraq,IRQ,2000,0
Iraq,IRQ,2005,0
Iraq,IRQ,2010,0
Iraq,IRQ,2015,0
Iraq,IRQ,2016,0
Iraq,IRQ,2017,0
Iraq,IRQ,2018,0
Iraq,IRQ,2019,0
Iraq,IRQ,2020,0
Iraq,IRQ,2021,0
Ireland,IRL,2000,0
Ireland,IRL,2005,446481
Ireland,IRL,2010,449573
Ireland,IRL,2015,448120
Ireland,IRL,2016,446647
Ireland,IRL,2017,446647
Ireland,IRL,2018,446873
Ireland,IRL,2019,446873
Ireland,IRL,2020,449840.7
Ireland,IRL,2021,450103
Isle of Man,IMN,2000,0
Isle of Man,IMN,2005,0
Isle of Man,IMN,2010,0
Isle of Man,IMN,2015,0
Isle of Man,IMN,2016,0
Isle of Man,IMN,2017,0
Isle of Man,IMN,2018,0
Isle of Man,IMN,2019,0
Isle of Man,IMN,2020,0
Isle of Man,IMN,2021,0
Israel,ISR,2000,0
Israel,ISR,2005,0
Israel,ISR,2010,0
Israel,ISR,2015,0
Israel,ISR,2016,0
Israel,ISR,2017,0
Israel,ISR,2018,0
Israel,ISR,2019,0
Israel,ISR,2020,0
Israel,ISR,2021,0
Italy,ITA,2000,14323
Italy,ITA,2005,626517
Italy,ITA,2010,536564
Italy,ITA,2015,828344.96
Italy,ITA,2016,819915
Italy,ITA,2017,840114
Italy,ITA,2018,818266
Italy,ITA,2019,865937
Italy,ITA,2020,866442.87
Italy,ITA,2021,998100
Jamaica,JAM,2000,0
Jamaica,JAM,2005,0
Jamaica,JAM,2010,0
Jamaica,JAM,2015,0
Jamaica,JAM,2016,0
Jamaica,JAM,2017,0
Jamaica,JAM,2018,0
Jamaica,JAM,2019,0
Jamaica,JAM,2020,0
Jamaica,JAM,2021,0
Japan,JPN,2000,12440
Japan,JPN,2005,268720
Japan,JPN,2010,1233930
Japan,JPN,2015,1655350
Japan,JPN,2016,1955220
Japan,JPN,2017,2019459
Japan,JPN,2018,2250529
Japan,JPN,2019,2401760
Japan,JPN,2020,2529450
Japan,JPN,2021,2529450
Jersey,JEY,2000,0
Jersey,JEY,2005,0
Jersey,JEY,2010,0
Jersey,JEY,2015,0
Jersey,JEY,2016,0
Jersey,JEY,2017,0
Jersey,JEY,2018,0
Jersey,JEY,2019,0
Jersey,JEY,2020,0
Jersey,JEY,2021,0
Jordan,JOR,2000,0
Jordan,JOR,2005,0
Jordan,JOR,2010,0
Jordan,JOR,2015,0
Jordan,JOR,2016,0
Jordan,JOR,2017,0
Jordan,JOR,2018,0
Jordan,JOR,2019,0
Jordan,JOR,2020,0
Jordan,JOR,2021,0
Kazakhstan,KAZ,2000,0
Kazakhstan,KAZ,2005,0
Kazakhstan,KAZ,2010,0
Kazakhstan,KAZ,2015,0
Kazakhstan,KAZ,2016,0
Kazakhstan,KAZ,2017,0
Kazakhstan,KAZ,2018,0
Kazakhstan,KAZ,2019,0
Kazakhstan,KAZ,2020,0
Kazakhstan,KAZ,2021,0
Kenya,KEN,2000,0
Kenya,KEN,2005,2362
Kenya,KEN,2010,195
Kenya,KEN,2015,0
Kenya,KEN,2016,0
Kenya,KEN,2017,0
Kenya,KEN,2018,0
Kenya,KEN,2019,0
Kenya,KEN,2020,0
Kenya,KEN,2021,0
Kiribati,KIR,2000,0
Kiribati,KIR,2005,0
Kiribati,KIR,2010,0
Kiribati,KIR,2015,0
Kiribati,KIR,2016,0
Kiribati,KIR,2017,0
Kiribati,KIR,2018,0
Kiribati,KIR,2019,0
Kiribati,KIR,2020,0
Kiribati,KIR,2021,0
Kuwait,KWT,2000,0
Kuwait,KWT,2005,0
Kuwait,KWT,2010,0
Kuwait,KWT,2015,0
Kuwait,KWT,2016,0
Kuwait,KWT,2017,0
Kuwait,KWT,2018,0
Kuwait,KWT,2019,0
Kuwait,KWT,2020,0
Kuwait,KWT,2021,0
Kyrgyzstan,KGZ,2000,0
Kyrgyzstan,KGZ,2005,0
Kyrgyzstan,KGZ,2010,0
Kyrgyzstan,KGZ,2015,0
Kyrgyzstan,KGZ,2016,0
Kyrgyzstan,KGZ,2017,0
Kyrgyzstan,KGZ,2018,312
Kyrgyzstan,KGZ,2019,312
Kyrgyzstan,KGZ,2020,0
Kyrgyzstan,KGZ,2021,0
Landlocked developing countries (LLDCs),,2000,595637
Landlocked developing countries (LLDCs),,2005,1490294
Landlocked developing countries (LLDCs),,2010,2103437
Landlocked developing countries (LLDCs),,2015,1201988
Landlocked developing countries (LLDCs),,2016,1079216
Landlocked developing countries (LLDCs),,2017,1195846
Landlocked developing countries (LLDCs),,2018,1206688
Landlocked developing countries (LLDCs),,2019,776638
Landlocked developing countries (LLDCs),,2020,1171439
Landlocked developing countries (LLDCs),,2021,1185049
Laos,LAO,2000,0
Laos,LAO,2005,0
Laos,LAO,2010,81618
Laos,LAO,2015,132702
Laos,LAO,2016,317
Laos,LAO,2017,13555
Laos,LAO,2018,18010
Laos,LAO,2019,59686
Laos,LAO,2020,85985
Laos,LAO,2021,88020
Latin America and the Caribbean,,2000,1598115
Latin America and the Caribbean,,2005,8471458
Latin America and the Caribbean,,2010,13808162
Latin America and the Caribbean,,2015,14500272
Latin America and the Caribbean,,2016,14388134
Latin America and the Caribbean,,2017,15502386
Latin America and the Caribbean,,2018,15439594
Latin America and the Caribbean,,2019,15479751
Latin America and the Caribbean,,2020,19927618.15
Latin America and the Caribbean,,2021,20199476
Latvia,LVA,2000,0
Latvia,LVA,2005,1687062
Latvia,LVA,2010,1622590
Latvia,LVA,2015,1798671
Latvia,LVA,2016,2541221
Latvia,LVA,2017,1862894
Latvia,LVA,2018,1898679
Latvia,LVA,2019,1977933
Latvia,LVA,2020,1999339.15
Latvia,LVA,2021,2022512
Least developed countries (LDCs),,2000,1356
Least developed countries (LDCs),,2005,245147
Least developed countries (LDCs),,2010,411470
Least developed countries (LDCs),,2015,452086
Least developed countries (LDCs),,2016,313921
Least developed countries (LDCs),,2017,341657
Least developed countries (LDCs),,2018,383570
Least developed countries (LDCs),,2019,446429
Least developed countries (LDCs),,2020,535997
Least developed countries (LDCs),,2021,541915
Lebanon,LBN,2000,0
Lebanon,LBN,2005,0
Lebanon,LBN,2010,0
Lebanon,LBN,2015,0
Lebanon,LBN,2016,0
Lebanon,LBN,2017,0
Lebanon,LBN,2018,0
Lebanon,LBN,2019,0
Lebanon,LBN,2020,0
Lebanon,LBN,2021,0
Lesotho,LSO,2000,0
Lesotho,LSO,2005,0
Lesotho,LSO,2010,0
Lesotho,LSO,2015,0
Lesotho,LSO,2016,0
Lesotho,LSO,2017,0
Lesotho,LSO,2018,0
Lesotho,LSO,2019,0
Lesotho,LSO,2020,0
Lesotho,LSO,2021,0
Liberia,LBR,2000,0
Liberia,LBR,2005,0
Liberia,LBR,2010,0
Liberia,LBR,2015,0
Liberia,LBR,2016,0
Liberia,LBR,2017,0
Liberia,LBR,2018,0
Liberia,LBR,2019,0
Liberia,LBR,2020,0
Liberia,LBR,2021,0
Libya,LBY,2000,0
Libya,LBY,2005,0
Libya,LBY,2010,0
Libya,LBY,2015,0
Libya,LBY,2016,0
Libya,LBY,2017,0
Libya,LBY,2018,0
Libya,LBY,2019,0
Libya,LBY,2020,0
Libya,LBY,2021,0
Liechtenstein,LIE,2000,0
Liechtenstein,LIE,2005,7372
Liechtenstein,LIE,2010,0
Liechtenstein,LIE,2015,0
Liechtenstein,LIE,2016,0
Liechtenstein,LIE,2017,0
Liechtenstein,LIE,2018,0
Liechtenstein,LIE,2019,0
Liechtenstein,LIE,2020,0
Liechtenstein,LIE,2021,0
Lithuania,LTU,2000,0
Lithuania,LTU,2005,1005526
Lithuania,LTU,2010,1033198.0000000001
Lithuania,LTU,2015,1073221
Lithuania,LTU,2016,1083790
Lithuania,LTU,2017,1094502
Lithuania,LTU,2018,1140240
Lithuania,LTU,2019,1180325
Lithuania,LTU,2020,1214407
Lithuania,LTU,2021,1261908
Luxembourg,LUX,2000,0
Luxembourg,LUX,2005,16627
Luxembourg,LUX,2010,46331
Luxembourg,LUX,2015,39894.05
Luxembourg,LUX,2016,41777
Luxembourg,LUX,2017,38951
Luxembourg,LUX,2018,41395
Luxembourg,LUX,2019,42508
Luxembourg,LUX,2020,41164
Luxembourg,LUX,2021,43004
Macao,MAC,2000,0
Macao,MAC,2005,0
Macao,MAC,2010,0
Macao,MAC,2015,0
Macao,MAC,2016,0
Macao,MAC,2017,0
Macao,MAC,2018,0
Macao,MAC,2019,0
Macao,MAC,2020,0
Macao,MAC,2021,0
Madagascar,MDG,2000,0
Madagascar,MDG,2005,0
Madagascar,MDG,2010,1000
Madagascar,MDG,2015,0
Madagascar,MDG,2016,1298
Madagascar,MDG,2017,1298
Madagascar,MDG,2018,1298
Madagascar,MDG,2019,1298
Madagascar,MDG,2020,0
Madagascar,MDG,2021,0
Malawi,MWI,2000,0
Malawi,MWI,2005,0
Malawi,MWI,2010,0
Malawi,MWI,2015,0
Malawi,MWI,2016,0
Malawi,MWI,2017,0
Malawi,MWI,2018,0
Malawi,MWI,2019,0
Malawi,MWI,2020,0
Malawi,MWI,2021,0
Malaysia,MYS,2000,55139
Malaysia,MYS,2005,73303
Malaysia,MYS,2010,4425413
Malaysia,MYS,2015,5229604
Malaysia,MYS,2016,4583567
Malaysia,MYS,2017,4736860
Malaysia,MYS,2018,5011183
Malaysia,MYS,2019,3966825
Malaysia,MYS,2020,5197200
Malaysia,MYS,2021,5384351
Maldives,MDV,2000,0
Maldives,MDV,2005,0
Maldives,MDV,2010,0
Maldives,MDV,2015,0
Maldives,MDV,2016,0
Maldives,MDV,2017,0
Maldives,MDV,2018,0
Maldives,MDV,2019,0
Maldives,MDV,2020,0
Maldives,MDV,2021,0
Mali,MLI,2000,0
Mali,MLI,2005,0
Mali,MLI,2010,0
Mali,MLI,2015,0
Mali,MLI,2016,0
Mali,MLI,2017,0
Mali,MLI,2018,0
Mali,MLI,2019,0
Mali,MLI,2020,0
Mali,MLI,2021,0
Malta,MLT,2000,0
Malta,MLT,2005,0
Malta,MLT,2010,0
Malta,MLT,2015,0
Malta,MLT,2016,0
Malta,MLT,2017,0
Malta,MLT,2018,0
Malta,MLT,2019,0
Malta,MLT,2020,0
Malta,MLT,2021,0
Marshall Islands,MHL,2000,0
Marshall Islands,MHL,2005,0
Marshall Islands,MHL,2010,0
Marshall Islands,MHL,2015,0
Marshall Islands,MHL,2016,0
Marshall Islands,MHL,2017,0
Marshall Islands,MHL,2018,0
Marshall Islands,MHL,2019,0
Marshall Islands,MHL,2020,0
Marshall Islands,MHL,2021,0
Martinique,MTQ,2000,0
Martinique,MTQ,2005,0
Martinique,MTQ,2010,0
Martinique,MTQ,2015,0
Martinique,MTQ,2016,0
Martinique,MTQ,2017,0
Martinique,MTQ,2018,0
Martinique,MTQ,2019,0
Martinique,MTQ,2020,0
Martinique,MTQ,2021,0
Mauritania,MRT,2000,0
Mauritania,MRT,2005,0
Mauritania,MRT,2010,0
Mauritania,MRT,2015,0
Mauritania,MRT,2016,0
Mauritania,MRT,2017,0
Mauritania,MRT,2018,0
Mauritania,MRT,2019,0
Mauritania,MRT,2020,0
Mauritania,MRT,2021,0
Mauritius,MUS,2000,0
Mauritius,MUS,2005,0
Mauritius,MUS,2010,0
Mauritius,MUS,2015,0
Mauritius,MUS,2016,0
Mauritius,MUS,2017,0
Mauritius,MUS,2018,0
Mauritius,MUS,2019,0
Mauritius,MUS,2020,0
Mauritius,MUS,2021,0
Mayotte,MYT,2000,0
Mayotte,MYT,2005,0
Mayotte,MYT,2010,0
Mayotte,MYT,2015,0
Mayotte,MYT,2016,0
Mayotte,MYT,2017,0
Mayotte,MYT,2018,0
Mayotte,MYT,2019,0
Mayotte,MYT,2020,0
Mayotte,MYT,2021,0
Melanesia,OWID_MNS,2000,5666
Melanesia,OWID_MNS,2005,66756
Melanesia,OWID_MNS,2010,2705
Melanesia,OWID_MNS,2015,188512
Melanesia,OWID_MNS,2016,161277
Melanesia,OWID_MNS,2017,163406
Melanesia,OWID_MNS,2018,162366
Melanesia,OWID_MNS,2019,159338
Melanesia,OWID_MNS,2020,137768
Melanesia,OWID_MNS,2021,137799
Mexico,MEX,2000,99189
Mexico,MEX,2005,823459
Mexico,MEX,2010,867072
Mexico,MEX,2015,834299
Mexico,MEX,2016,921387
Mexico,MEX,2017,849615
Mexico,MEX,2018,1205334
Mexico,MEX,2019,1247594
Mexico,MEX,2020,1281936
Mexico,MEX,2021,1359703
Micronesia (country),FSM,2000,0
Micronesia (country),FSM,2005,0
Micronesia (country),FSM,2010,0
Micronesia (country),FSM,2015,0
Micronesia (country),FSM,2016,0
Micronesia (country),FSM,2017,0
Micronesia (country),FSM,2018,0
Micronesia (country),FSM,2019,0
Micronesia (country),FSM,2020,0
Micronesia (country),FSM,2021,0
Middle Africa,,2000,0
Middle Africa,,2005,0
Middle Africa,,2010,4486412
Middle Africa,,2015,4570891
Middle Africa,,2016,5599575
Middle Africa,,2017,5651860
Middle Africa,,2018,4865285
Middle Africa,,2019,4493629
Middle Africa,,2020,5392066
Middle Africa,,2021,5392066
Moldova,MDA,2000,0
Moldova,MDA,2005,0
Moldova,MDA,2010,0
Moldova,MDA,2015,0
Moldova,MDA,2016,0
Moldova,MDA,2017,0
Moldova,MDA,2018,0
Moldova,MDA,2019,0
Moldova,MDA,2020,0
Moldova,MDA,2021,0
Monaco,MCO,2000,0
Monaco,MCO,2005,0
Monaco,MCO,2010,0
Monaco,MCO,2015,0
Monaco,MCO,2016,0
Monaco,MCO,2017,0
Monaco,MCO,2018,0
Monaco,MCO,2019,0
Monaco,MCO,2020,0
Monaco,MCO,2021,0
Mongolia,MNG,2000,0
Mongolia,MNG,2005,0
Mongolia,MNG,2010,0
Mongolia,MNG,2015,0
Mongolia,MNG,2016,0
Mongolia,MNG,2017,0
Mongolia,MNG,2018,0
Mongolia,MNG,2019,0
Mongolia,MNG,2020,0
Mongolia,MNG,2021,0
Montenegro,MNE,2000,0
Montenegro,MNE,2005,0
Montenegro,MNE,2010,0
Montenegro,MNE,2015,0
Montenegro,MNE,2016,0
Montenegro,MNE,2017,0
Montenegro,MNE,2018,0
Montenegro,MNE,2019,0
Montenegro,MNE,2020,0
Montenegro,MNE,2021,0
Montserrat,MSR,2000,0
Montserrat,MSR,2005,0
Montserrat,MSR,2010,0
Montserrat,MSR,2015,0
Montserrat,MSR,2016,0
Montserrat,MSR,2017,0
Montserrat,MSR,2018,0
Montserrat,MSR,2019,0
Montserrat,MSR,2020,0
Montserrat,MSR,2021,0
Morocco,MAR,2000,0
Morocco,MAR,2005,0
Morocco,MAR,2010,20270
Morocco,MAR,2015,0
Morocco,MAR,2016,0
Morocco,MAR,2017,0
Morocco,MAR,2018,0
Morocco,MAR,2019,0
Morocco,MAR,2020,0
Morocco,MAR,2021,0
Mozambique,MOZ,2000,0
Mozambique,MOZ,2005,0
Mozambique,MOZ,2010,71061
Mozambique,MOZ,2015,59905
Mozambique,MOZ,2016,49132
Mozambique,MOZ,2017,50753
Mozambique,MOZ,2018,50753
Mozambique,MOZ,2019,50753
Mozambique,MOZ,2020,117916
Mozambique,MOZ,2021,117848
Myanmar,MMR,2000,0
Myanmar,MMR,2005,0
Myanmar,MMR,2010,0
Myanmar,MMR,2015,0
Myanmar,MMR,2016,0
Myanmar,MMR,2017,0
Myanmar,MMR,2018,0
Myanmar,MMR,2019,0
Myanmar,MMR,2020,0
Myanmar,MMR,2021,0
Namibia,NAM,2000,54420
Namibia,NAM,2005,292157
Namibia,NAM,2010,277315
Namibia,NAM,2015,142474
Namibia,NAM,2016,152888
Namibia,NAM,2017,225477
Namibia,NAM,2018,212009
Namibia,NAM,2019,387226
Namibia,NAM,2020,1683488
Namibia,NAM,2021,1653586
Nauru,NRU,2000,0
Nauru,NRU,2005,0
Nauru,NRU,2010,0
Nauru,NRU,2015,0
Nauru,NRU,2016,0
Nauru,NRU,2017,0
Nauru,NRU,2018,0
Nauru,NRU,2019,0
Nauru,NRU,2020,0
Nauru,NRU,2021,0
Nepal,NPL,2000,0
Nepal,NPL,2005,14145
Nepal,NPL,2010,14145
Nepal,NPL,2015,0
Nepal,NPL,2016,0
Nepal,NPL,2017,0
Nepal,NPL,2018,0
Nepal,NPL,2019,12282
Nepal,NPL,2020,0
Nepal,NPL,2021,0
Netherlands,NLD,2000,53059
Netherlands,NLD,2005,99030
Netherlands,NLD,2010,152085
Netherlands,NLD,2015,167135
Netherlands,NLD,2016,136311
Netherlands,NLD,2017,169647
Netherlands,NLD,2018,171235
Netherlands,NLD,2019,171235
Netherlands,NLD,2020,168708
Netherlands,NLD,2021,164757
New Caledonia,NCL,2000,0
New Caledonia,NCL,2005,0
New Caledonia,NCL,2010,0
New Caledonia,NCL,2015,0
New Caledonia,NCL,2016,0
New Caledonia,NCL,2017,0
New Caledonia,NCL,2018,0
New Caledonia,NCL,2019,0
New Caledonia,NCL,2020,0
New Caledonia,NCL,2021,0
New Zealand,NZL,2000,19695
New Zealand,NZL,2005,902107
New Zealand,NZL,2010,1071838
New Zealand,NZL,2015,1262902
New Zealand,NZL,2016,1263820
New Zealand,NZL,2017,1271380
New Zealand,NZL,2018,1283361
New Zealand,NZL,2019,1292536
New Zealand,NZL,2020,1310263
New Zealand,NZL,2021,1327881
Nicaragua,NIC,2000,0
Nicaragua,NIC,2005,42455
Nicaragua,NIC,2010,25766
Nicaragua,NIC,2015,25554
Nicaragua,NIC,2016,21696
Nicaragua,NIC,2017,25931
Nicaragua,NIC,2018,22903
Nicaragua,NIC,2019,22903
Nicaragua,NIC,2020,22732
Nicaragua,NIC,2021,19953
Niger,NER,2000,0
Niger,NER,2005,0
Niger,NER,2010,0
Niger,NER,2015,0
Niger,NER,2016,0
Niger,NER,2017,0
Niger,NER,2018,0
Niger,NER,2019,0
Niger,NER,2020,0
Niger,NER,2021,0
Nigeria,NGA,2000,0
Nigeria,NGA,2005,0
Nigeria,NGA,2010,0
Nigeria,NGA,2015,0
Nigeria,NGA,2016,0
Nigeria,NGA,2017,0
Nigeria,NGA,2018,0
Nigeria,NGA,2019,0
Nigeria,NGA,2020,0
Nigeria,NGA,2021,0
Niue,NIU,2000,0
Niue,NIU,2005,0
Niue,NIU,2010,0
Niue,NIU,2015,0
Niue,NIU,2016,0
Niue,NIU,2017,0
Niue,NIU,2018,0
Niue,NIU,2019,0
Niue,NIU,2020,0
Niue,NIU,2021,0
Norfolk Island,NFK,2000,0
Norfolk Island,NFK,2005,0
Norfolk Island,NFK,2010,0
Norfolk Island,NFK,2015,0
Norfolk Island,NFK,2016,0
Norfolk Island,NFK,2017,0
Norfolk Island,NFK,2018,0
Norfolk Island,NFK,2019,0
Norfolk Island,NFK,2020,0
Norfolk Island,NFK,2021,0
North Korea,PRK,2000,0
North Korea,PRK,2005,0
North Korea,PRK,2010,0
North Korea,PRK,2015,0
North Korea,PRK,2016,0
North Korea,PRK,2017,0
North Korea,PRK,2018,0
North Korea,PRK,2019,0
North Korea,PRK,2020,0
North Korea,PRK,2021,0
North Macedonia,MKD,2000,0
North Macedonia,MKD,2005,0
North Macedonia,MKD,2010,0
North Macedonia,MKD,2015,0
North Macedonia,MKD,2016,0
North Macedonia,MKD,2017,0
North Macedonia,MKD,2018,0
North Macedonia,MKD,2019,0
North Macedonia,MKD,2020,0
North Macedonia,MKD,2021,0
Northern Africa,,2000,0
Northern Africa,,2005,0
Northern Africa,,2010,20270
Northern Africa,,2015,0
Northern Africa,,2016,0
Northern Africa,,2017,0
Northern Africa,,2018,0
Northern Africa,,2019,0
Northern Africa,,2020,0
Northern Africa,,2021,0
Northern Africa and Western Asia,,2000,0
Northern Africa and Western Asia,,2005,0
Northern Africa and Western Asia,,2010,20270
Northern Africa and Western Asia,,2015,2359473
Northern Africa and Western Asia,,2016,2365753
Northern Africa and Western Asia,,2017,2350078
Northern Africa and Western Asia,,2018,2396877
Northern Africa and Western Asia,,2019,3121401
Northern Africa and Western Asia,,2020,6432028
Northern Africa and Western Asia,,2021,6667143
Northern America,,2000,2309933
Northern America,,2005,137718153
Northern America,,2010,186513275
Northern America,,2015,201790292
Northern America,,2016,205861626
Northern America,,2017,207447160
Northern America,,2018,209716503
Northern America,,2019,204858405
Northern America,,2020,198950417
Northern America,,2021,204679854
Northern Europe,,2000,39904722
Northern Europe,,2005,49747137
Northern Europe,,2010,49744939
Northern Europe,,2015,48987939
Northern Europe,,2016,47886380
Northern Europe,,2017,48564847
Northern Europe,,2018,49355989
Northern Europe,,2019,49882581
Northern Europe,,2020,48523501.35
Northern Europe,,2021,55556993
Northern Mariana Islands,MNP,2000,0
Northern Mariana Islands,MNP,2005,0
Northern Mariana Islands,MNP,2010,0
Northern Mariana Islands,MNP,2015,0
Northern Mariana Islands,MNP,2016,0
Northern Mariana Islands,MNP,2017,0
Northern Mariana Islands,MNP,2018,0
Northern Mariana Islands,MNP,2019,0
Northern Mariana Islands,MNP,2020,0
Northern Mariana Islands,MNP,2021,0
Norway,NOR,2000,5600000
Norway,NOR,2005,9236800
Norway,NOR,2010,9120579
Norway,NOR,2015,9218403
Norway,NOR,2016,7387649
Norway,NOR,2017,7414176
Norway,NOR,2018,7380750
Norway,NOR,2019,7575879
Norway,NOR,2020,7381778
Norway,NOR,2021,7380922
Oceania,,2000,25361
Oceania,,2005,6646196
Oceania,,2010,11584142
Oceania,,2015,12033235
Oceania,,2016,28199772
Oceania,,2017,25676663
Oceania,,2018,10344710
Oceania,,2019,12984390
Oceania,,2020,12870221.4
Oceania,,2021,17905369
Oceania (exc. Australia and New Zealand),,2000,5666
Oceania (exc. Australia and New Zealand),,2005,66756
Oceania (exc. Australia and New Zealand),,2010,2705
Oceania (exc. Australia and New Zealand),,2015,188512
Oceania (exc. Australia and New Zealand),,2016,161277
Oceania (exc. Australia and New Zealand),,2017,163406
Oceania (exc. Australia and New Zealand),,2018,162366
Oceania (exc. Australia and New Zealand),,2019,159338
Oceania (exc. Australia and New Zealand),,2020,137768
Oceania (exc. Australia and New Zealand),,2021,137799
Oman,OMN,2000,0
Oman,OMN,2005,0
Oman,OMN,2010,0
Oman,OMN,2015,0
Oman,OMN,2016,0
Oman,OMN,2017,0
Oman,OMN,2018,0
Oman,OMN,2019,0
Oman,OMN,2020,0
Oman,OMN,2021,0
Pakistan,PAK,2000,0
Pakistan,PAK,2005,0
Pakistan,PAK,2010,0
Pakistan,PAK,2015,0
Pakistan,PAK,2016,0
Pakistan,PAK,2017,0
Pakistan,PAK,2018,0
Pakistan,PAK,2019,0
Pakistan,PAK,2020,0
Pakistan,PAK,2021,0
Palau,PLW,2000,0
Palau,PLW,2005,0
Palau,PLW,2010,0
Palau,PLW,2015,0
Palau,PLW,2016,0
Palau,PLW,2017,0
Palau,PLW,2018,0
Palau,PLW,2019,0
Palau,PLW,2020,0
Palau,PLW,2021,0
Palestine,PSE,2000,0
Palestine,PSE,2005,0
Palestine,PSE,2010,0
Palestine,PSE,2015,0
Palestine,PSE,2016,0
Palestine,PSE,2017,0
Palestine,PSE,2018,0
Palestine,PSE,2019,0
Palestine,PSE,2020,0
Palestine,PSE,2021,0
Panama,PAN,2000,544
Panama,PAN,2005,5837
Panama,PAN,2010,58528
Panama,PAN,2015,44217
Panama,PAN,2016,42884
Panama,PAN,2017,22501
Panama,PAN,2018,22501
Panama,PAN,2019,23159
Panama,PAN,2020,31159
Panama,PAN,2021,31159
Papua New Guinea,PNG,2000,4310
Papua New Guinea,PNG,2005,27354
Papua New Guinea,PNG,2010,2705
Papua New Guinea,PNG,2015,38099
Papua New Guinea,PNG,2016,36491
Papua New Guinea,PNG,2017,37575
Papua New Guinea,PNG,2018,37575
Papua New Guinea,PNG,2019,36739
Papua New Guinea,PNG,2020,15054
Papua New Guinea,PNG,2021,15054
Paraguay,PRY,2000,0
Paraguay,PRY,2005,2700
Paraguay,PRY,2010,13245
Paraguay,PRY,2015,25022
Paraguay,PRY,2016,25022
Paraguay,PRY,2017,38880
Paraguay,PRY,2018,41686
Paraguay,PRY,2019,43941
Paraguay,PRY,2020,42613
Paraguay,PRY,2021,51104
Peru,PER,2000,0
Peru,PER,2005,30386
Peru,PER,2010,673716
Peru,PER,2015,550517
Peru,PER,2016,498837
Peru,PER,2017,669724
Peru,PER,2018,805831
Peru,PER,2019,774679
Peru,PER,2020,1055618
Peru,PER,2021,1055614
Philippines,PHL,2000,0
Philippines,PHL,2005,0
Philippines,PHL,2010,0
Philippines,PHL,2015,0
Philippines,PHL,2016,0
Philippines,PHL,2017,0
Philippines,PHL,2018,0
Philippines,PHL,2019,0
Philippines,PHL,2020,0
Philippines,PHL,2021,0
Pitcairn,PCN,2000,0
Pitcairn,PCN,2005,0
Pitcairn,PCN,2010,0
Pitcairn,PCN,2015,0
Pitcairn,PCN,2016,0
Pitcairn,PCN,2017,0
Pitcairn,PCN,2018,0
Pitcairn,PCN,2019,0
Pitcairn,PCN,2020,0
Pitcairn,PCN,2021,0
Poland,POL,2000,1973955
Poland,POL,2005,6977564
Poland,POL,2010,6694123
Poland,POL,2015,7407011
Poland,POL,2016,7320840
Poland,POL,2017,7261238
Poland,POL,2018,7169080
Poland,POL,2019,7372430
Poland,POL,2020,7377602
Poland,POL,2021,7203726
Polynesia,OWID_PYA,2000,0
Polynesia,OWID_PYA,2005,0
Polynesia,OWID_PYA,2010,0
Polynesia,OWID_PYA,2015,0
Polynesia,OWID_PYA,2016,0
Polynesia,OWID_PYA,2017,0
Polynesia,OWID_PYA,2018,0
Polynesia,OWID_PYA,2019,0
Polynesia,OWID_PYA,2020,0
Polynesia,OWID_PYA,2021,0
Portugal,PRT,2000,0
Portugal,PRT,2005,101300
Portugal,PRT,2010,438890
Portugal,PRT,2015,362786
Portugal,PRT,2016,380043
Portugal,PRT,2017,386267
Portugal,PRT,2018,424730
Portugal,PRT,2019,458611
Portugal,PRT,2020,503061.68000000005
Portugal,PRT,2021,543510
Puerto Rico,PRI,2000,0
Puerto Rico,PRI,2005,0
Puerto Rico,PRI,2010,0
Puerto Rico,PRI,2015,0
Puerto Rico,PRI,2016,0
Puerto Rico,PRI,2017,0
Puerto Rico,PRI,2018,0
Puerto Rico,PRI,2019,0
Puerto Rico,PRI,2020,0
Puerto Rico,PRI,2021,0
Qatar,QAT,2000,0
Qatar,QAT,2005,0
Qatar,QAT,2010,0
Qatar,QAT,2015,0
Qatar,QAT,2016,0
Qatar,QAT,2017,0
Qatar,QAT,2018,0
Qatar,QAT,2019,0
Qatar,QAT,2020,0
Qatar,QAT,2021,0
Reunion,REU,2000,0
Reunion,REU,2005,0
Reunion,REU,2010,0
Reunion,REU,2015,0
Reunion,REU,2016,0
Reunion,REU,2017,0
Reunion,REU,2018,0
Reunion,REU,2019,0
Reunion,REU,2020,0
Reunion,REU,2021,0
Romania,ROU,2000,0
Romania,ROU,2005,48900
Romania,ROU,2010,914676
Romania,ROU,2015,2523395
Romania,ROU,2016,2523707
Romania,ROU,2017,2630427
Romania,ROU,2018,2728308
Romania,ROU,2019,2829534
Romania,ROU,2020,2808680
Romania,ROU,2021,2854004
Russia,RUS,2000,49400
Russia,RUS,2005,4915993
Russia,RUS,2010,26703248
Russia,RUS,2015,38978692
Russia,RUS,2016,44352216
Russia,RUS,2017,47800717
Russia,RUS,2018,48846021
Russia,RUS,2019,54105898
Russia,RUS,2020,64459486.14
Russia,RUS,2021,72279177
Rwanda,RWA,2000,0
Rwanda,RWA,2005,0
Rwanda,RWA,2010,0
Rwanda,RWA,2015,0
Rwanda,RWA,2016,0
Rwanda,RWA,2017,0
Rwanda,RWA,2018,0
Rwanda,RWA,2019,9785
Rwanda,RWA,2020,10002
Rwanda,RWA,2021,10123
Saint Barthlemy,,2000,0
Saint Barthlemy,,2005,0
Saint Barthlemy,,2010,0
Saint Barthlemy,,2015,0
Saint Barthlemy,,2016,0
Saint Barthlemy,,2017,0
Saint Barthlemy,,2018,0
Saint Barthlemy,,2019,0
Saint Barthlemy,,2020,0
Saint Barthlemy,,2021,0
Saint Helena,SHN,2000,0
Saint Helena,SHN,2005,0
Saint Helena,SHN,2010,0
Saint Helena,SHN,2015,0
Saint Helena,SHN,2016,0
Saint Helena,SHN,2017,0
Saint Helena,SHN,2018,0
Saint Helena,SHN,2019,0
Saint Helena,SHN,2020,0
Saint Helena,SHN,2021,0
Saint Kitts and Nevis,KNA,2000,0
Saint Kitts and Nevis,KNA,2005,0
Saint Kitts and Nevis,KNA,2010,0
Saint Kitts and Nevis,KNA,2015,0
Saint Kitts and Nevis,KNA,2016,0
Saint Kitts and Nevis,KNA,2017,0
Saint Kitts and Nevis,KNA,2018,0
Saint Kitts and Nevis,KNA,2019,0
Saint Kitts and Nevis,KNA,2020,0
Saint Kitts and Nevis,KNA,2021,0
Saint Lucia,LCA,2000,0
Saint Lucia,LCA,2005,0
Saint Lucia,LCA,2010,0
Saint Lucia,LCA,2015,0
Saint Lucia,LCA,2016,0
Saint Lucia,LCA,2017,0
Saint Lucia,LCA,2018,0
Saint Lucia,LCA,2019,0
Saint Lucia,LCA,2020,0
Saint Lucia,LCA,2021,0
Saint Martin (French part),MAF,2000,0
Saint Martin (French part),MAF,2005,0
Saint Martin (French part),MAF,2010,0
Saint Martin (French part),MAF,2015,0
Saint Martin (French part),MAF,2016,0
Saint Martin (French part),MAF,2017,0
Saint Martin (French part),MAF,2018,0
Saint Martin (French part),MAF,2019,0
Saint Martin (French part),MAF,2020,0
Saint Martin (French part),MAF,2021,0
Saint Pierre and Miquelon,SPM,2000,0
Saint Pierre and Miquelon,SPM,2005,0
Saint Pierre and Miquelon,SPM,2010,0
Saint Pierre and Miquelon,SPM,2015,0
Saint Pierre and Miquelon,SPM,2016,0
Saint Pierre and Miquelon,SPM,2017,0
Saint Pierre and Miquelon,SPM,2018,0
Saint Pierre and Miquelon,SPM,2019,0
Saint Pierre and Miquelon,SPM,2020,0
Saint Pierre and Miquelon,SPM,2021,0
Saint Vincent and the Grenadines,VCT,2000,0
Saint Vincent and the Grenadines,VCT,2005,0
Saint Vincent and the Grenadines,VCT,2010,0
Saint Vincent and the Grenadines,VCT,2015,0
Saint Vincent and the Grenadines,VCT,2016,0
Saint Vincent and the Grenadines,VCT,2017,0
Saint Vincent and the Grenadines,VCT,2018,0
Saint Vincent and the Grenadines,VCT,2019,0
Saint Vincent and the Grenadines,VCT,2020,0
Saint Vincent and the Grenadines,VCT,2021,0
Samoa,WSM,2000,0
Samoa,WSM,2005,0
Samoa,WSM,2010,0
Samoa,WSM,2015,0
Samoa,WSM,2016,0
Samoa,WSM,2017,0
Samoa,WSM,2018,0
Samoa,WSM,2019,0
Samoa,WSM,2020,0
Samoa,WSM,2021,0
San Marino,SMR,2000,0
San Marino,SMR,2005,0
San Marino,SMR,2010,0
San Marino,SMR,2015,0
San Marino,SMR,2016,0
San Marino,SMR,2017,0
San Marino,SMR,2018,0
San Marino,SMR,2019,0
San Marino,SMR,2020,0
San Marino,SMR,2021,0
Sao Tome and Principe,STP,2000,0
Sao Tome and Principe,STP,2005,0
Sao Tome and Principe,STP,2010,0
Sao Tome and Principe,STP,2015,0
Sao Tome and Principe,STP,2016,0
Sao Tome and Principe,STP,2017,0
Sao Tome and Principe,STP,2018,0
Sao Tome and Principe,STP,2019,0
Sao Tome and Principe,STP,2020,0
Sao Tome and Principe,STP,2021,0
Saudi Arabia,SAU,2000,0
Saudi Arabia,SAU,2005,0
Saudi Arabia,SAU,2010,0
Saudi Arabia,SAU,2015,0
Saudi Arabia,SAU,2016,0
Saudi Arabia,SAU,2017,0
Saudi Arabia,SAU,2018,0
Saudi Arabia,SAU,2019,0
Saudi Arabia,SAU,2020,0
Saudi Arabia,SAU,2021,0
Senegal,SEN,2000,0
Senegal,SEN,2005,0
Senegal,SEN,2010,0
Senegal,SEN,2015,0
Senegal,SEN,2016,0
Senegal,SEN,2017,0
Senegal,SEN,2018,0
Senegal,SEN,2019,0
Senegal,SEN,2020,0
Senegal,SEN,2021,0
Serbia,SRB,2000,0
Serbia,SRB,2005,0
Serbia,SRB,2010,371659
Serbia,SRB,2015,1001943
Serbia,SRB,2016,1001347
Serbia,SRB,2017,963955
Serbia,SRB,2018,963228
Serbia,SRB,2019,963228
Serbia,SRB,2020,948097
Serbia,SRB,2021,948097
Seychelles,SYC,2000,0
Seychelles,SYC,2005,0
Seychelles,SYC,2010,0
Seychelles,SYC,2015,0
Seychelles,SYC,2016,0
Seychelles,SYC,2017,0
Seychelles,SYC,2018,0
Seychelles,SYC,2019,0
Seychelles,SYC,2020,0
Seychelles,SYC,2021,0
Sierra Leone,SLE,2000,0
Sierra Leone,SLE,2005,0
Sierra Leone,SLE,2010,0
Sierra Leone,SLE,2015,0
Sierra Leone,SLE,2016,0
Sierra Leone,SLE,2017,3137
Sierra Leone,SLE,2018,3137
Sierra Leone,SLE,2019,6281
Sierra Leone,SLE,2020,6284
Sierra Leone,SLE,2021,10083
Singapore,SGP,2000,0
Singapore,SGP,2005,0
Singapore,SGP,2010,0
Singapore,SGP,2015,0
Singapore,SGP,2016,0
Singapore,SGP,2017,0
Singapore,SGP,2018,0
Singapore,SGP,2019,0
Singapore,SGP,2020,0
Singapore,SGP,2021,0
Sint Maarten (Dutch part),SXM,2000,0
Sint Maarten (Dutch part),SXM,2005,0
Sint Maarten (Dutch part),SXM,2010,0
Sint Maarten (Dutch part),SXM,2015,0
Sint Maarten (Dutch part),SXM,2016,0
Sint Maarten (Dutch part),SXM,2017,0
Sint Maarten (Dutch part),SXM,2018,0
Sint Maarten (Dutch part),SXM,2019,0
Sint Maarten (Dutch part),SXM,2020,0
Sint Maarten (Dutch part),SXM,2021,0
Slovakia,SVK,2000,0
Slovakia,SVK,2005,68854
Slovakia,SVK,2010,1312291
Slovakia,SVK,2015,1288207.1800000002
Slovakia,SVK,2016,1289267
Slovakia,SVK,2017,1295482
Slovakia,SVK,2018,1284013
Slovakia,SVK,2019,1280476
Slovakia,SVK,2020,1220964
Slovakia,SVK,2021,1298263
Slovenia,SVN,2000,0
Slovenia,SVN,2005,0
Slovenia,SVN,2010,212104
Slovenia,SVN,2015,297069
Slovenia,SVN,2016,296642
Slovenia,SVN,2017,297259
Slovenia,SVN,2018,301082
Slovenia,SVN,2019,300875
Slovenia,SVN,2020,292200
Slovenia,SVN,2021,319692
Small Island Developing States (SIDS),,2000,110554
Small Island Developing States (SIDS),,2005,171644
Small Island Developing States (SIDS),,2010,568398
Small Island Developing States (SIDS),,2015,703822
Small Island Developing States (SIDS),,2016,744599
Small Island Developing States (SIDS),,2017,1095663
Small Island Developing States (SIDS),,2018,777858
Small Island Developing States (SIDS),,2019,802110
Small Island Developing States (SIDS),,2020,922989
Small Island Developing States (SIDS),,2021,831407
Solomon Islands,SLB,2000,1356
Solomon Islands,SLB,2005,39402
Solomon Islands,SLB,2010,0
Solomon Islands,SLB,2015,65028.00000000001
Solomon Islands,SLB,2016,39401
Solomon Islands,SLB,2017,40446
Solomon Islands,SLB,2018,39406
Solomon Islands,SLB,2019,39346
Solomon Islands,SLB,2020,39346
Solomon Islands,SLB,2021,39377
Somalia,SOM,2000,0
Somalia,SOM,2005,0
Somalia,SOM,2010,0
Somalia,SOM,2015,0
Somalia,SOM,2016,0
Somalia,SOM,2017,0
Somalia,SOM,2018,0
Somalia,SOM,2019,0
Somalia,SOM,2020,0
Somalia,SOM,2021,0
South Africa,ZAF,2000,1001505
South Africa,ZAF,2005,1720727
South Africa,ZAF,2010,2150646
South Africa,ZAF,2015,1275318
South Africa,ZAF,2016,1459436
South Africa,ZAF,2017,1400584
South Africa,ZAF,2018,1472629
South Africa,ZAF,2019,1433875
South Africa,ZAF,2020,1427170
South Africa,ZAF,2021,1796739
South America,,2000,1177600
South America,,2005,6886640
South America,,2010,12396709
South America,,2015,12835288
South America,,2016,12640236
South America,,2017,13908145
South America,,2018,13430380
South America,,2019,13434217
South America,,2020,17833254.150000002
South America,,2021,18129271
South Georgia and the South Sandwich Islands,SGS,2000,0
South Georgia and the South Sandwich Islands,SGS,2005,0
South Georgia and the South Sandwich Islands,SGS,2010,0
South Georgia and the South Sandwich Islands,SGS,2015,0
South Georgia and the South Sandwich Islands,SGS,2016,0
South Georgia and the South Sandwich Islands,SGS,2017,0
South Georgia and the South Sandwich Islands,SGS,2018,0
South Georgia and the South Sandwich Islands,SGS,2019,0
South Georgia and the South Sandwich Islands,SGS,2020,0
South Georgia and the South Sandwich Islands,SGS,2021,0
South Korea,KOR,2000,0
South Korea,KOR,2005,0
South Korea,KOR,2010,193391
South Korea,KOR,2015,384216
South Korea,KOR,2016,390568
South Korea,KOR,2017,392291
South Korea,KOR,2018,337616
South Korea,KOR,2019,214571
South Korea,KOR,2020,673193
South Korea,KOR,2021,710770
South Sudan,SSD,2000,0
South Sudan,SSD,2005,0
South Sudan,SSD,2010,0
South Sudan,SSD,2015,0
South Sudan,SSD,2016,0
South Sudan,SSD,2017,0
South Sudan,SSD,2018,0
South Sudan,SSD,2019,0
South Sudan,SSD,2020,0
South Sudan,SSD,2021,0
South-eastern Asia,,2000,259976.99999999997
South-eastern Asia,,2005,168516
South-eastern Asia,,2010,5629904
South-eastern Asia,,2015,8308942.999999999
South-eastern Asia,,2016,9343306
South-eastern Asia,,2017,11303556
South-eastern Asia,,2018,12108037
South-eastern Asia,,2019,11048300
South-eastern Asia,,2020,12681214
South-eastern Asia,,2021,12979620
Southern Africa,,2000,1055925
Southern Africa,,2005,2029902
Southern Africa,,2010,2542426
Southern Africa,,2015,1532553
Southern Africa,,2016,1736851
Southern Africa,,2017,1746735
Southern Africa,,2018,1808135
Southern Africa,,2019,1946539
Southern Africa,,2020,3236371
Southern Africa,,2021,3579001
Southern Asia,,2000,17510
Southern Asia,,2005,31944
Southern Asia,,2010,37993
Southern Asia,,2015,833649
Southern Asia,,2016,769514
Southern Asia,,2017,527449
Southern Asia,,2018,538708
Southern Asia,,2019,651849
Southern Asia,,2020,568546
Southern Asia,,2021,563762
Southern Europe,,2000,86526
Southern Europe,,2005,3290813
Southern Europe,,2010,5030180
Southern Europe,,2015,8065301.96
Southern Europe,,2016,8089673
Southern Europe,,2017,8243127
Southern Europe,,2018,8525017
Southern Europe,,2019,8776538
Southern Europe,,2020,9000605.55
Southern Europe,,2021,9462297
Spain,ESP,2000,0
Spain,ESP,2005,507383
Spain,ESP,2010,1343284
Spain,ESP,2015,2039921
Spain,ESP,2016,2056976.9999999998
Spain,ESP,2017,2183666
Spain,ESP,2018,2314735
Spain,ESP,2019,2371235
Spain,ESP,2020,2457326
Spain,ESP,2021,2605580
Sri Lanka,LKA,2000,17510
Sri Lanka,LKA,2005,17799
Sri Lanka,LKA,2010,23172
Sri Lanka,LKA,2015,15183
Sri Lanka,LKA,2016,14603
Sri Lanka,LKA,2017,17522
Sri Lanka,LKA,2018,17030
Sri Lanka,LKA,2019,20312
Sri Lanka,LKA,2020,20657
Sri Lanka,LKA,2021,20435
Sub-Saharan Africa,,2000,1112382
Sub-Saharan Africa,,2005,2327907
Sub-Saharan Africa,,2010,7346518
Sub-Saharan Africa,,2015,6348421
Sub-Saharan Africa,,2016,7601250
Sub-Saharan Africa,,2017,7681802
Sub-Saharan Africa,,2018,7003825
Sub-Saharan Africa,,2019,6779534
Sub-Saharan Africa,,2020,9052637
Sub-Saharan Africa,,2021,9399119
Sudan,SDN,2000,0
Sudan,SDN,2005,0
Sudan,SDN,2010,0
Sudan,SDN,2015,0
Sudan,SDN,2016,0
Sudan,SDN,2017,0
Sudan,SDN,2018,0
Sudan,SDN,2019,0
Sudan,SDN,2020,0
Sudan,SDN,2021,0
Suriname,SUR,2000,0
Suriname,SUR,2005,0
Suriname,SUR,2010,89124
Suriname,SUR,2015,364480
Suriname,SUR,2016,386200
Suriname,SUR,2017,363090
Suriname,SUR,2018,46325
Suriname,SUR,2019,21720
Suriname,SUR,2020,21720
Suriname,SUR,2021,21720
Svalbard and Jan Mayen,SJM,2000,0
Svalbard and Jan Mayen,SJM,2005,0
Svalbard and Jan Mayen,SJM,2010,0
Svalbard and Jan Mayen,SJM,2015,0
Svalbard and Jan Mayen,SJM,2016,0
Svalbard and Jan Mayen,SJM,2017,0
Svalbard and Jan Mayen,SJM,2018,0
Svalbard and Jan Mayen,SJM,2019,0
Svalbard and Jan Mayen,SJM,2020,0
Svalbard and Jan Mayen,SJM,2021,0
Sweden,SWE,2000,12206501
Sweden,SWE,2005,12301049
Sweden,SWE,2010,13766546
Sweden,SWE,2015,15666703
Sweden,SWE,2016,16566319
Sweden,SWE,2017,16600753
Sweden,SWE,2018,16853029
Sweden,SWE,2019,17059424
Sweden,SWE,2020,15847125
Sweden,SWE,2021,22475796
Switzerland,CHE,2000,136686
Switzerland,CHE,2005,492743
Switzerland,CHE,2010,528233
Switzerland,CHE,2015,602899
Switzerland,CHE,2016,606348
Switzerland,CHE,2017,613345
Switzerland,CHE,2018,606235
Switzerland,CHE,2019,590823
Switzerland,CHE,2020,591988
Switzerland,CHE,2021,586457
Syria,SYR,2000,0
Syria,SYR,2005,0
Syria,SYR,2010,0
Syria,SYR,2015,0
Syria,SYR,2016,0
Syria,SYR,2017,0
Syria,SYR,2018,0
Syria,SYR,2019,0
Syria,SYR,2020,0
Syria,SYR,2021,0
Tajikistan,TJK,2000,0
Tajikistan,TJK,2005,0
Tajikistan,TJK,2010,0
Tajikistan,TJK,2015,0
Tajikistan,TJK,2016,0
Tajikistan,TJK,2017,0
Tajikistan,TJK,2018,0
Tajikistan,TJK,2019,0
Tajikistan,TJK,2020,0
Tajikistan,TJK,2021,0
Tanzania,TZA,2000,0
Tanzania,TZA,2005,0
Tanzania,TZA,2010,20799
Tanzania,TZA,2015,142731
Tanzania,TZA,2016,172052
Tanzania,TZA,2017,183697
Tanzania,TZA,2018,221749
Tanzania,TZA,2019,216317
Tanzania,TZA,2020,227688
Tanzania,TZA,2021,227688
Thailand,THA,2000,0
Thailand,THA,2005,2940
Thailand,THA,2010,7643
Thailand,THA,2015,44237
Thailand,THA,2016,61795
Thailand,THA,2017,63374
Thailand,THA,2018,56877
Thailand,THA,2019,75781
Thailand,THA,2020,88666
Thailand,THA,2021,118054
Timor,TLS,2000,0
Timor,TLS,2005,0
Timor,TLS,2010,0
Timor,TLS,2015,0
Timor,TLS,2016,0
Timor,TLS,2017,0
Timor,TLS,2018,0
Timor,TLS,2019,0
Timor,TLS,2020,0
Timor,TLS,2021,0
Togo,TGO,2000,0
Togo,TGO,2005,0
Togo,TGO,2010,0
Togo,TGO,2015,0
Togo,TGO,2016,0
Togo,TGO,2017,0
Togo,TGO,2018,0
Togo,TGO,2019,0
Togo,TGO,2020,0
Togo,TGO,2021,0
Tokelau,TKL,2000,0
Tokelau,TKL,2005,0
Tokelau,TKL,2010,0
Tokelau,TKL,2015,0
Tokelau,TKL,2016,0
Tokelau,TKL,2017,0
Tokelau,TKL,2018,0
Tokelau,TKL,2019,0
Tokelau,TKL,2020,0
Tokelau,TKL,2021,0
Tonga,TON,2000,0
Tonga,TON,2005,0
Tonga,TON,2010,0
Tonga,TON,2015,0
Tonga,TON,2016,0
Tonga,TON,2017,0
Tonga,TON,2018,0
Tonga,TON,2019,0
Tonga,TON,2020,0
Tonga,TON,2021,0
Trinidad and Tobago,TTO,2000,0
Trinidad and Tobago,TTO,2005,0
Trinidad and Tobago,TTO,2010,0
Trinidad and Tobago,TTO,2015,0
Trinidad and Tobago,TTO,2016,0
Trinidad and Tobago,TTO,2017,0
Trinidad and Tobago,TTO,2018,0
Trinidad and Tobago,TTO,2019,0
Trinidad and Tobago,TTO,2020,0
Trinidad and Tobago,TTO,2021,0
Tunisia,TUN,2000,0
Tunisia,TUN,2005,0
Tunisia,TUN,2010,0
Tunisia,TUN,2015,0
Tunisia,TUN,2016,0
Tunisia,TUN,2017,0
Tunisia,TUN,2018,0
Tunisia,TUN,2019,0
Tunisia,TUN,2020,0
Tunisia,TUN,2021,0
Turkey,TUR,2000,0
Turkey,TUR,2005,0
Turkey,TUR,2010,0
Turkey,TUR,2015,2359473
Turkey,TUR,2016,2365753
Turkey,TUR,2017,2350078
Turkey,TUR,2018,2396877
Turkey,TUR,2019,3121401
Turkey,TUR,2020,6432028
Turkey,TUR,2021,6667143
Turkmenistan,TKM,2000,0
Turkmenistan,TKM,2005,0
Turkmenistan,TKM,2010,0
Turkmenistan,TKM,2015,0
Turkmenistan,TKM,2016,0
Turkmenistan,TKM,2017,0
Turkmenistan,TKM,2018,0
Turkmenistan,TKM,2019,0
Turkmenistan,TKM,2020,0
Turkmenistan,TKM,2021,0
Turks and Caicos Islands,TCA,2000,0
Turks and Caicos Islands,TCA,2005,0
Turks and Caicos Islands,TCA,2010,0
Turks and Caicos Islands,TCA,2015,0
Turks and Caicos Islands,TCA,2016,0
Turks and Caicos Islands,TCA,2017,0
Turks and Caicos Islands,TCA,2018,0
Turks and Caicos Islands,TCA,2019,0
Turks and Caicos Islands,TCA,2020,0
Turks and Caicos Islands,TCA,2021,0
Tuvalu,TUV,2000,0
Tuvalu,TUV,2005,0
Tuvalu,TUV,2010,0
Tuvalu,TUV,2015,0
Tuvalu,TUV,2016,0
Tuvalu,TUV,2017,0
Tuvalu,TUV,2018,0
Tuvalu,TUV,2019,0
Tuvalu,TUV,2020,0
Tuvalu,TUV,2021,0
Uganda,UGA,2000,0
Uganda,UGA,2005,191600
Uganda,UGA,2010,222847
Uganda,UGA,2015,38974
Uganda,UGA,2016,38975
Uganda,UGA,2017,40875
Uganda,UGA,2018,41321
Uganda,UGA,2019,42785
Uganda,UGA,2020,40880
Uganda,UGA,2021,40880
Ukraine,UKR,2000,0
Ukraine,UKR,2005,143357
Ukraine,UKR,2010,1262520
Ukraine,UKR,2015,3147421
Ukraine,UKR,2016,2992592
Ukraine,UKR,2017,3764071
Ukraine,UKR,2018,4092677
Ukraine,UKR,2019,4351210
Ukraine,UKR,2020,4589949
Ukraine,UKR,2021,3653556
United Arab Emirates,ARE,2000,0
United Arab Emirates,ARE,2005,0
United Arab Emirates,ARE,2010,0
United Arab Emirates,ARE,2015,0
United Arab Emirates,ARE,2016,0
United Arab Emirates,ARE,2017,0
United Arab Emirates,ARE,2018,0
United Arab Emirates,ARE,2019,0
United Arab Emirates,ARE,2020,0
United Arab Emirates,ARE,2021,0
United Kingdom,GBR,2000,188185
United Kingdom,GBR,2005,1606140
United Kingdom,GBR,2010,1587478
United Kingdom,GBR,2015,1609414
United Kingdom,GBR,2016,1599806
United Kingdom,GBR,2017,1610434
United Kingdom,GBR,2018,1603877
United Kingdom,GBR,2019,1632817
United Kingdom,GBR,2020,1622602
United Kingdom,GBR,2021,1631648
United States,USA,2000,2276651
United States,USA,2005,26144195
United States,USA,2010,38078740
United States,USA,2015,37527307
United States,USA,2016,38148183
United States,USA,2017,38167861
United States,USA,2018,38731476
United States,USA,2019,38084769
United States,USA,2020,38872883.5
United States,USA,2021,39849289
United States Minor Outlying Islands,UMI,2000,0
United States Minor Outlying Islands,UMI,2005,0
United States Minor Outlying Islands,UMI,2010,0
United States Minor Outlying Islands,UMI,2015,0
United States Minor Outlying Islands,UMI,2016,0
United States Minor Outlying Islands,UMI,2017,0
United States Minor Outlying Islands,UMI,2018,0
United States Minor Outlying Islands,UMI,2019,0
United States Minor Outlying Islands,UMI,2020,0
United States Minor Outlying Islands,UMI,2021,0
United States Virgin Islands,VIR,2000,0
United States Virgin Islands,VIR,2005,0
United States Virgin Islands,VIR,2010,0
United States Virgin Islands,VIR,2015,0
United States Virgin Islands,VIR,2016,0
United States Virgin Islands,VIR,2017,0
United States Virgin Islands,VIR,2018,0
United States Virgin Islands,VIR,2019,0
United States Virgin Islands,VIR,2020,0
United States Virgin Islands,VIR,2021,0
Uruguay,URY,2000,0
Uruguay,URY,2005,132524
Uruguay,URY,2010,815000
Uruguay,URY,2015,1240664
Uruguay,URY,2016,1312846
Uruguay,URY,2017,1062827
Uruguay,URY,2018,1197350
Uruguay,URY,2019,1106008
Uruguay,URY,2020,1125078
Uruguay,URY,2021,1206871
Uzbekistan,UZB,2000,0
Uzbekistan,UZB,2005,0
Uzbekistan,UZB,2010,0
Uzbekistan,UZB,2015,0
Uzbekistan,UZB,2016,0
Uzbekistan,UZB,2017,0
Uzbekistan,UZB,2018,0
Uzbekistan,UZB,2019,0
Uzbekistan,UZB,2020,0
Uzbekistan,UZB,2021,0
Vanuatu,VUT,2000,0
Vanuatu,VUT,2005,0
Vanuatu,VUT,2010,0
Vanuatu,VUT,2015,0
Vanuatu,VUT,2016,0
Vanuatu,VUT,2017,0
Vanuatu,VUT,2018,0
Vanuatu,VUT,2019,0
Vanuatu,VUT,2020,0
Vanuatu,VUT,2021,0
Vatican,VAT,2000,0
Vatican,VAT,2005,0
Vatican,VAT,2010,0
Vatican,VAT,2015,0
Vatican,VAT,2016,0
Vatican,VAT,2017,0
Vatican,VAT,2018,0
Vatican,VAT,2019,0
Vatican,VAT,2020,0
Vatican,VAT,2021,0
Venezuela,VEN,2000,0
Venezuela,VEN,2005,139634
Venezuela,VEN,2010,139634
Venezuela,VEN,2015,150140
Venezuela,VEN,2016,155839
Venezuela,VEN,2017,155839
Venezuela,VEN,2018,16752
Venezuela,VEN,2019,0
Venezuela,VEN,2020,0
Venezuela,VEN,2021,0
Vietnam,VNM,2000,0
Vietnam,VNM,2005,0
Vietnam,VNM,2010,9782
Vietnam,VNM,2015,133613
Vietnam,VNM,2016,157317
Vietnam,VNM,2017,230530
Vietnam,VNM,2018,227386
Vietnam,VNM,2019,211241
Vietnam,VNM,2020,217820
Vietnam,VNM,2021,230823
Wallis and Futuna,WLF,2000,0
Wallis and Futuna,WLF,2005,0
Wallis and Futuna,WLF,2010,0
Wallis and Futuna,WLF,2015,0
Wallis and Futuna,WLF,2016,0
Wallis and Futuna,WLF,2017,0
Wallis and Futuna,WLF,2018,0
Wallis and Futuna,WLF,2019,0
Wallis and Futuna,WLF,2020,0
Wallis and Futuna,WLF,2021,0
Western Africa,,2000,0
Western Africa,,2005,0
Western Africa,,2010,1778
Western Africa,,2015,3367
Western Africa,,2016,3367
Western Africa,,2017,6584
Western Africa,,2018,15284
Western Africa,,2019,18428
Western Africa,,2020,27714
Western Africa,,2021,31513
Western Asia,,2000,0
Western Asia,,2005,0
Western Asia,,2010,0
Western Asia,,2015,2359473
Western Asia,,2016,2365753
Western Asia,,2017,2350078
Western Asia,,2018,2396877
Western Asia,,2019,3121401
Western Asia,,2020,6432028
Western Asia,,2021,6667143
Western Europe,,2000,3949295
Western Europe,,2005,15970134
Western Europe,,2010,15563451
Western Europe,,2015,19661227.05
Western Europe,,2016,19855184
Western Europe,,2017,20059634
Western Europe,,2018,20046993
Western Europe,,2019,20040993
Western Europe,,2020,17872518
Western Europe,,2021,18885641
Western Sahara,ESH,2000,0
Western Sahara,ESH,2005,0
Western Sahara,ESH,2010,0
Western Sahara,ESH,2015,0
Western Sahara,ESH,2016,0
Western Sahara,ESH,2017,0
Western Sahara,ESH,2018,0
Western Sahara,ESH,2019,0
Western Sahara,ESH,2020,0
Western Sahara,ESH,2021,0
World,OWID_WRL,2000,51310955
World,OWID_WRL,2005,239424167
World,OWID_WRL,2010,343428203
World,OWID_WRL,2015,397541390.19
World,OWID_WRL,2016,423871125
World,OWID_WRL,2017,431970825
World,OWID_WRL,2018,422750961
World,OWID_WRL,2019,426387727
World,OWID_WRL,2020,435529551.59
World,OWID_WRL,2021,462976667
Yemen,YEM,2000,0
Yemen,YEM,2005,0
Yemen,YEM,2010,0
Yemen,YEM,2015,0
Yemen,YEM,2016,0
Yemen,YEM,2017,0
Yemen,YEM,2018,0
Yemen,YEM,2019,0
Yemen,YEM,2020,0
Yemen,YEM,2021,0
Zambia,ZMB,2000,0
Zambia,ZMB,2005,0
Zambia,ZMB,2010,0
Zambia,ZMB,2015,0
Zambia,ZMB,2016,0
Zambia,ZMB,2017,0
Zambia,ZMB,2018,0
Zambia,ZMB,2019,0
Zambia,ZMB,2020,0
Zambia,ZMB,2021,0
Zimbabwe,ZWE,2000,56457
Zimbabwe,ZWE,2005,104043
Zimbabwe,ZWE,2010,0
Zimbabwe,ZWE,2015,0
Zimbabwe,ZWE,2016,0
Zimbabwe,ZWE,2017,0
Zimbabwe,ZWE,2018,0
Zimbabwe,ZWE,2019,0
Zimbabwe,ZWE,2020,0
Zimbabwe,ZWE,2021,0