Entity,Code,Year,1.5.4 - Proportion of local governments that adopt and implement local disaster risk reduction strategies in line with national disaster risk reduction strategies (%) - SG_DSR_SILS
Afghanistan,AFG,2017,0
Albania,ALB,2018,1.63934
Algeria,DZA,2015,100
Algeria,DZA,2016,100
Algeria,DZA,2017,100
Algeria,DZA,2018,100
Algeria,DZA,2019,100
Algeria,DZA,2020,100
Angola,AGO,2014,44.44444
Angola,AGO,2015,44.44444
Angola,AGO,2016,44.44444
Angola,AGO,2017,44.44444
Angola,AGO,2018,44.44444
Antigua and Barbuda,ATG,2008,100
Armenia,ARM,2017,16.01513
Armenia,ARM,2018,43.4263
Armenia,ARM,2019,47.80877
Armenia,ARM,2020,49.20319
Australia,AUS,2018,23.46369
Australia,AUS,2019,12.94416
Australia,AUS,2020,22.22222
Austria,AUT,2018,40.55344
Bangladesh,BGD,2015,6.95825
Bangladesh,BGD,2016,8.94632
Bangladesh,BGD,2017,9.94036
Bangladesh,BGD,2018,11.33201
Bangladesh,BGD,2019,11.72962
Bangladesh,BGD,2020,11.92843
Barbados,BRB,2018,0
Belarus,BLR,2015,0
Belarus,BLR,2016,0
Belarus,BLR,2017,0
Belarus,BLR,2018,0
Belarus,BLR,2019,5.46875
Belarus,BLR,2020,5.46875
Benin,BEN,2005,0
Benin,BEN,2006,0
Benin,BEN,2007,0
Benin,BEN,2008,0
Benin,BEN,2009,0
Benin,BEN,2010,0
Benin,BEN,2011,0
Benin,BEN,2012,0
Benin,BEN,2013,19.48052
Benin,BEN,2014,19.48052
Benin,BEN,2015,19.48052
Benin,BEN,2016,48.05195
Benin,BEN,2017,50.64935
Benin,BEN,2018,58.44156
Benin,BEN,2019,58.44156
Benin,BEN,2020,58.44156
Bhutan,BTN,2017,75
Bhutan,BTN,2018,51.28205
Bolivia,BOL,2015,26.54867
Bolivia,BOL,2017,99.70588
Bolivia,BOL,2018,100
Bolivia,BOL,2019,100
Bolivia,BOL,2020,100
Bosnia and Herzegovina,BIH,2017,0
Bosnia and Herzegovina,BIH,2018,0
Botswana,BWA,2017,21.875
Botswana,BWA,2018,28.125
Bulgaria,BGR,2015,0
Bulgaria,BGR,2016,0
Bulgaria,BGR,2017,0
Bulgaria,BGR,2020,3.38346
Burkina Faso,BFA,2015,1.70732
Burkina Faso,BFA,2016,1.70732
Burkina Faso,BFA,2017,5.12195
Burkina Faso,BFA,2018,7.80488
Burkina Faso,BFA,2019,9.02439
Burundi,BDI,2015,55.83333
Burundi,BDI,2018,10.08403
Cape Verde,CPV,2020,0
Cape Verde,CPV,2021,0
Chile,CHL,2005,1.15942
Chile,CHL,2006,1.15942
Chile,CHL,2007,1.15942
Chile,CHL,2008,1.15942
Chile,CHL,2009,1.15942
Chile,CHL,2010,1.44928
Chile,CHL,2011,1.44928
Chile,CHL,2012,4.05797
Chile,CHL,2013,5.7971
Chile,CHL,2014,11.01449
Chile,CHL,2015,20.28986
Chile,CHL,2016,22.02899
Chile,CHL,2017,29.85507
Chile,CHL,2018,53.33333
Chile,CHL,2019,62.31884
Colombia,COL,2005,0
Colombia,COL,2006,0
Colombia,COL,2007,0
Colombia,COL,2008,3.53902
Colombia,COL,2009,9.89111
Colombia,COL,2010,23.68421
Colombia,COL,2011,35.66243
Colombia,COL,2012,46.64247
Colombia,COL,2013,57.07804
Colombia,COL,2014,66.06171
Colombia,COL,2015,73.77496
Colombia,COL,2016,78.67514
Colombia,COL,2017,80.30853
Colombia,COL,2018,81.94192
Colombia,COL,2019,64.79129
Colombia,COL,2020,77.67695
Comoros,COM,2017,100
Costa Rica,CRI,2005,2.24719
Costa Rica,CRI,2006,2.24719
Costa Rica,CRI,2007,2.24719
Costa Rica,CRI,2008,2.24719
Costa Rica,CRI,2009,2.24719
Costa Rica,CRI,2010,22.47191
Costa Rica,CRI,2011,44.94382
Costa Rica,CRI,2012,56.17978
Costa Rica,CRI,2013,61.79775
Costa Rica,CRI,2014,61.79775
Costa Rica,CRI,2015,100
Costa Rica,CRI,2016,100
Costa Rica,CRI,2017,100
Costa Rica,CRI,2018,100
Costa Rica,CRI,2019,100
Costa Rica,CRI,2020,100
Cote d'Ivoire,CIV,2020,0
Croatia,HRV,2017,0
Czechia,CZE,2015,100
Czechia,CZE,2016,100
Czechia,CZE,2017,100
Ecuador,ECU,2010,12.66968
Ecuador,ECU,2011,20.81448
Ecuador,ECU,2012,34.38914
Ecuador,ECU,2013,47.05882
Ecuador,ECU,2014,60.181
Ecuador,ECU,2015,78.73303
Ecuador,ECU,2016,82.80543
Ecuador,ECU,2017,86.42534
Ecuador,ECU,2018,94.57014
Ecuador,ECU,2019,89.14027
Egypt,EGY,2005,3.7037
Egypt,EGY,2006,3.7037
Egypt,EGY,2007,11.11111
Egypt,EGY,2008,11.11111
Egypt,EGY,2009,11.11111
Egypt,EGY,2010,18.51852
Egypt,EGY,2011,18.51852
Egypt,EGY,2012,22.22222
Egypt,EGY,2013,22.22222
Egypt,EGY,2014,25.92593
Egypt,EGY,2015,25.92593
Egypt,EGY,2016,25.92593
Egypt,EGY,2017,33.33333
Egypt,EGY,2018,66.66667
Egypt,EGY,2019,74.07407
Egypt,EGY,2020,74.07407
Estonia,EST,2005,100
Estonia,EST,2006,100
Estonia,EST,2007,100
Estonia,EST,2008,100
Estonia,EST,2009,100
Estonia,EST,2010,100
Estonia,EST,2011,100
Estonia,EST,2012,100
Estonia,EST,2013,100
Estonia,EST,2014,100
Estonia,EST,2015,100
Estonia,EST,2016,100
Estonia,EST,2017,100
Estonia,EST,2018,100
Estonia,EST,2019,100
Eswatini,SWZ,2015,32.5779
Eswatini,SWZ,2016,33.71105
Eswatini,SWZ,2017,34.27762
Eswatini,SWZ,2018,34.27762
Ethiopia,ETH,2015,100
Ethiopia,ETH,2018,22.22222
Ethiopia,ETH,2019,0
Fiji,FJI,2015,0
Fiji,FJI,2016,0
Fiji,FJI,2017,0
Fiji,FJI,2018,0
Fiji,FJI,2019,0
Fiji,FJI,2020,0
Finland,FIN,2015,100
Finland,FIN,2016,100
Finland,FIN,2017,100
Finland,FIN,2018,100
Finland,FIN,2019,100
France,FRA,2016,100
France,FRA,2017,100
France,FRA,2018,100
Gambia,GMB,2017,100
Gambia,GMB,2018,100
Georgia,GEO,2014,0
Georgia,GEO,2015,0
Georgia,GEO,2017,0
Georgia,GEO,2018,0
Georgia,GEO,2020,0
Germany,DEU,2015,100
Ghana,GHA,2019,0.38462
Ghana,GHA,2020,1.08696
Guatemala,GTM,2005,0
Guatemala,GTM,2006,0
Guatemala,GTM,2007,0
Guatemala,GTM,2008,0
Guatemala,GTM,2009,0
Guatemala,GTM,2010,0
Guatemala,GTM,2011,0
Guatemala,GTM,2012,0
Guatemala,GTM,2013,0
Guatemala,GTM,2014,0
Guatemala,GTM,2015,4.41177
Guatemala,GTM,2016,29.41177
Guatemala,GTM,2017,1.47059
Guatemala,GTM,2018,26.76471
Guatemala,GTM,2019,48.82353
Guatemala,GTM,2020,75.58824
India,IND,2015,90.05848
India,IND,2018,93.17549
India,IND,2019,93.05556
India,IND,2020,91.68937
Indonesia,IDN,2012,6.42023
Indonesia,IDN,2013,14.59144
Indonesia,IDN,2014,16.14786
Indonesia,IDN,2015,16.14786
Indonesia,IDN,2016,19.06615
Indonesia,IDN,2017,27.82101
Indonesia,IDN,2018,33.85214
Indonesia,IDN,2019,35.40856
Indonesia,IDN,2020,17.50973
Iraq,IRQ,2018,100
Ireland,IRL,2015,100
Ireland,IRL,2016,100
Ireland,IRL,2017,100
Jamaica,JAM,2020,100
Japan,JPN,2011,100
Japan,JPN,2012,100
Japan,JPN,2013,100
Japan,JPN,2014,100
Japan,JPN,2015,100
Japan,JPN,2016,100
Japan,JPN,2017,100
Japan,JPN,2018,100
Japan,JPN,2019,100
Japan,JPN,2020,100
Jordan,JOR,2005,0
Jordan,JOR,2006,0
Jordan,JOR,2007,0
Jordan,JOR,2008,0
Jordan,JOR,2009,0
Jordan,JOR,2010,0
Jordan,JOR,2011,0
Jordan,JOR,2012,0
Jordan,JOR,2013,0
Jordan,JOR,2014,0
Jordan,JOR,2015,0
Jordan,JOR,2016,0
Jordan,JOR,2017,0
Jordan,JOR,2018,0
Jordan,JOR,2019,25
Kazakhstan,KAZ,2017,100
Kazakhstan,KAZ,2018,100
Kazakhstan,KAZ,2019,100
Kazakhstan,KAZ,2020,100
Kiribati,KIR,2014,0
Kiribati,KIR,2015,4.34783
Kiribati,KIR,2016,4.34783
Kiribati,KIR,2017,4.34783
Kiribati,KIR,2018,13.04348
Kiribati,KIR,2019,13.04348
Kiribati,KIR,2020,17.3913
Kuwait,KWT,2005,100
Kuwait,KWT,2006,100
Kuwait,KWT,2007,100
Kuwait,KWT,2008,100
Kuwait,KWT,2009,100
Kuwait,KWT,2010,100
Kuwait,KWT,2011,100
Kuwait,KWT,2012,100
Kuwait,KWT,2013,100
Kuwait,KWT,2014,100
Kuwait,KWT,2015,100
Kuwait,KWT,2016,100
Kuwait,KWT,2017,100
Kyrgyzstan,KGZ,2015,0
Kyrgyzstan,KGZ,2016,0
Kyrgyzstan,KGZ,2017,0
Kyrgyzstan,KGZ,2018,8.67769
Kyrgyzstan,KGZ,2019,10.12397
Lebanon,LBN,2017,0
Lebanon,LBN,2018,0
Lebanon,LBN,2019,0
Liberia,LBR,2020,0
Lithuania,LTU,2020,100
Malawi,MWI,2015,11.76471
Malawi,MWI,2016,11.76471
Malawi,MWI,2017,20.58824
Malawi,MWI,2018,55.88235
Malawi,MWI,2019,55.88235
Malawi,MWI,2020,64.70588
Malaysia,MYS,2005,0
Malaysia,MYS,2006,0
Malaysia,MYS,2007,0
Malaysia,MYS,2008,0
Malaysia,MYS,2009,0
Malaysia,MYS,2010,0
Malaysia,MYS,2011,0
Malaysia,MYS,2012,0
Malaysia,MYS,2013,100
Malaysia,MYS,2014,100
Malaysia,MYS,2015,100
Malaysia,MYS,2016,100
Malaysia,MYS,2017,100
Malaysia,MYS,2018,100
Malaysia,MYS,2019,100
Malaysia,MYS,2020,100
Marshall Islands,MHL,2014,0
Marshall Islands,MHL,2015,0
Marshall Islands,MHL,2016,0
Marshall Islands,MHL,2017,0
Marshall Islands,MHL,2018,0
Marshall Islands,MHL,2019,0
Marshall Islands,MHL,2020,12.5
Mexico,MEX,2015,62.5
Mexico,MEX,2016,75
Mexico,MEX,2017,75
Mexico,MEX,2018,100
Mexico,MEX,2019,100
Mexico,MEX,2020,100
Micronesia (country),FSM,2015,100
Micronesia (country),FSM,2016,100
Micronesia (country),FSM,2017,100
Micronesia (country),FSM,2018,100
Micronesia (country),FSM,2019,100
Micronesia (country),FSM,2020,100
Monaco,MCO,2017,100
Monaco,MCO,2018,100
Mongolia,MNG,2015,0
Mongolia,MNG,2016,9.09091
Mongolia,MNG,2017,27.27273
Mongolia,MNG,2018,27.27273
Mongolia,MNG,2019,54.54546
Mongolia,MNG,2020,100
Montenegro,MNE,2018,0
Mozambique,MOZ,2017,100
Myanmar,MMR,2005,46.66667
Myanmar,MMR,2006,46.66667
Myanmar,MMR,2007,46.66667
Myanmar,MMR,2008,46.66667
Myanmar,MMR,2009,46.66667
Myanmar,MMR,2010,66.66667
Myanmar,MMR,2011,73.33333
Myanmar,MMR,2012,73.33333
Myanmar,MMR,2013,73.33333
Myanmar,MMR,2014,73.33333
Myanmar,MMR,2015,100
Myanmar,MMR,2016,100
Myanmar,MMR,2017,100
Namibia,NAM,2015,100
Namibia,NAM,2016,100
Namibia,NAM,2017,100
Namibia,NAM,2018,33.33333
Namibia,NAM,2019,57.89474
Namibia,NAM,2020,0
Nauru,NRU,2015,100
Nauru,NRU,2016,100
Nauru,NRU,2017,100
Nauru,NRU,2018,100
Nauru,NRU,2019,100
Nauru,NRU,2020,100
Nepal,NPL,2005,0
Nepal,NPL,2006,0
Nepal,NPL,2007,0
Nepal,NPL,2008,0.5034
Nepal,NPL,2009,1.38434
Nepal,NPL,2010,2.97005
Nepal,NPL,2011,8.07954
Nepal,NPL,2012,13.4659
Nepal,NPL,2013,18.12233
Nepal,NPL,2014,22.95933
Nepal,NPL,2015,23.71073
Nepal,NPL,2016,24.45169
Nepal,NPL,2017,1.59363
Nepal,NPL,2018,7.43692
Nepal,NPL,2019,16.86587
Netherlands,NLD,2017,100
New Zealand,NZL,2015,100
New Zealand,NZL,2016,100
New Zealand,NZL,2017,100
New Zealand,NZL,2018,100
New Zealand,NZL,2019,100
New Zealand,NZL,2020,100
Niger,NER,2015,51.45985
Niger,NER,2016,72.84483
Niger,NER,2017,84.67153
Niger,NER,2018,84.67153
Norway,NOR,2012,79.88669
Norway,NOR,2014,84.90566
Norway,NOR,2015,85.9375
Norway,NOR,2016,93.08511
Norway,NOR,2017,97.05094
Norway,NOR,2018,98.08743
Norway,NOR,2019,98.00995
Pakistan,PAK,2019,29.60526
Pakistan,PAK,2020,29.60526
Palau,PLW,2020,62.5
Palestine,PSE,2015,100
Palestine,PSE,2016,100
Palestine,PSE,2017,100
Palestine,PSE,2018,100
Papua New Guinea,PNG,2015,0
Papua New Guinea,PNG,2016,0
Papua New Guinea,PNG,2017,0
Papua New Guinea,PNG,2018,0
Papua New Guinea,PNG,2019,0
Papua New Guinea,PNG,2020,0
Peru,PER,2017,34.31163
Peru,PER,2018,35.11206
Peru,PER,2019,35.11206
Peru,PER,2020,35.85913
Philippines,PHL,2018,80.29155
Philippines,PHL,2019,74.34402
Philippines,PHL,2020,84.95627
Poland,POL,2015,100
Poland,POL,2016,100
Poland,POL,2017,100
Poland,POL,2018,100
Poland,POL,2019,100
Poland,POL,2020,100
Portugal,PRT,2010,0.64935
Portugal,PRT,2011,0.64935
Portugal,PRT,2012,1.2987
Portugal,PRT,2013,1.2987
Portugal,PRT,2014,1.62338
Portugal,PRT,2015,2.27273
Portugal,PRT,2016,2.92208
Portugal,PRT,2017,8.11688
Portugal,PRT,2018,8.76623
Portugal,PRT,2019,10.06494
Portugal,PRT,2020,11.68831
Qatar,QAT,2005,100
Qatar,QAT,2006,100
Qatar,QAT,2007,100
Qatar,QAT,2008,100
Qatar,QAT,2009,100
Qatar,QAT,2010,100
Qatar,QAT,2011,100
Qatar,QAT,2012,100
Qatar,QAT,2013,100
Qatar,QAT,2014,100
Qatar,QAT,2015,100
Qatar,QAT,2016,100
Qatar,QAT,2017,100
Qatar,QAT,2018,100
Qatar,QAT,2019,100
Qatar,QAT,2020,100
Qatar,QAT,2021,100
Romania,ROU,2005,0
Romania,ROU,2006,0
Romania,ROU,2007,0
Romania,ROU,2008,0
Romania,ROU,2009,0
Romania,ROU,2010,0
Romania,ROU,2011,0
Romania,ROU,2012,0
Romania,ROU,2013,0
Romania,ROU,2014,0
Romania,ROU,2015,0
Romania,ROU,2016,0
Romania,ROU,2017,0
Romania,ROU,2018,0
Romania,ROU,2019,0
Russia,RUS,2014,100
Russia,RUS,2015,100
Russia,RUS,2016,100
Russia,RUS,2017,100
Russia,RUS,2018,100
Russia,RUS,2019,100
Russia,RUS,2020,100
Samoa,WSM,2017,0
Samoa,WSM,2018,0
Samoa,WSM,2019,28.57143
Samoa,WSM,2020,50
Saudi Arabia,SAU,2019,100
Saudi Arabia,SAU,2020,100
Serbia,SRB,2010,0.57471
Serbia,SRB,2011,0
Serbia,SRB,2018,4.5977
Slovenia,SVN,2015,100
Slovenia,SVN,2016,100
Slovenia,SVN,2017,100
Slovenia,SVN,2018,100
Slovenia,SVN,2019,100
Slovenia,SVN,2020,100
Solomon Islands,SLB,2018,40
Solomon Islands,SLB,2019,100
Solomon Islands,SLB,2020,80
Somalia,SOM,2017,28.57143
Somalia,SOM,2018,42.85714
South Africa,ZAF,2015,92.30769
South Africa,ZAF,2016,92.30769
South Africa,ZAF,2017,92.30769
South Africa,ZAF,2020,98.07692
South Korea,KOR,2015,100
South Korea,KOR,2016,100
South Korea,KOR,2017,100
South Korea,KOR,2018,100
South Korea,KOR,2019,100
South Korea,KOR,2020,100
Sri Lanka,LKA,2016,0
Sri Lanka,LKA,2020,7.33138
Sudan,SDN,2015,100
Sudan,SDN,2018,0
Sudan,SDN,2019,11.11111
Sweden,SWE,2015,0
Sweden,SWE,2016,0
Sweden,SWE,2017,0
Sweden,SWE,2018,0
Sweden,SWE,2019,0
Switzerland,CHE,2017,50
Tajikistan,TJK,2015,50.76923
Tajikistan,TJK,2016,66.15385
Tajikistan,TJK,2017,84.61539
Tajikistan,TJK,2018,92.30769
Tajikistan,TJK,2019,100
Tajikistan,TJK,2020,100
Tanzania,TZA,2015,11.17021
Tanzania,TZA,2016,11.70213
Tanzania,TZA,2017,14.3617
Tanzania,TZA,2018,17.55319
Thailand,THA,2016,31.83902
Thailand,THA,2017,35.41773
Thailand,THA,2018,35.41773
Thailand,THA,2019,42.00204
Thailand,THA,2020,52.24147
Togo,TGO,2016,0
Togo,TGO,2017,0
Togo,TGO,2018,0
Togo,TGO,2019,0
Togo,TGO,2020,100
Tonga,TON,2019,66.66667
Tonga,TON,2020,66.66667
Trinidad and Tobago,TTO,2015,100
Trinidad and Tobago,TTO,2016,100
Trinidad and Tobago,TTO,2017,100
Trinidad and Tobago,TTO,2018,100
Trinidad and Tobago,TTO,2019,100
Trinidad and Tobago,TTO,2020,100
Turkey,TUR,2017,100
Turkmenistan,TKM,2019,100
Tuvalu,TUV,2016,0
Tuvalu,TUV,2017,100
Tuvalu,TUV,2018,100
Tuvalu,TUV,2019,100
Tuvalu,TUV,2020,100
Uganda,UGA,2017,32.14286
Uganda,UGA,2019,37.03704
Ukraine,UKR,2013,100
Ukraine,UKR,2014,92.59259
Ukraine,UKR,2015,100
Ukraine,UKR,2016,92.59259
Ukraine,UKR,2017,92.59259
Ukraine,UKR,2018,92.59259
Ukraine,UKR,2019,92.59259
Ukraine,UKR,2020,92.59259
United Arab Emirates,ARE,2020,42.85714
United Kingdom,GBR,2018,100
United Kingdom,GBR,2019,100
United Kingdom,GBR,2020,100
United Kingdom,GBR,2021,100
United States,USA,2015,100
United States,USA,2016,100
United States,USA,2017,100
United States,USA,2018,100
United States,USA,2019,100
Uruguay,URY,2017,100
Uruguay,URY,2018,100
Uruguay,URY,2019,100
Uruguay,URY,2020,100
Uzbekistan,UZB,2019,100
Uzbekistan,UZB,2020,100
Vanuatu,VUT,2015,0
Vanuatu,VUT,2016,100
Vanuatu,VUT,2017,100
Vanuatu,VUT,2018,100
Vanuatu,VUT,2019,100
Vanuatu,VUT,2020,100
Zimbabwe,ZWE,2017,83.33333
Zimbabwe,ZWE,2018,90.27778
Zimbabwe,ZWE,2019,90.27778