Entity,Code,Year,12.c.1 - Fossil-fuel subsidies (consumption and production) as a proportion of total GDP (%) - ER_FFS_CMPT_GDP
Afghanistan,AFG,2015,0
Afghanistan,AFG,2016,0
Afghanistan,AFG,2017,0.04921
Afghanistan,AFG,2018,0.49127
Afghanistan,AFG,2019,0.72134
Afghanistan,AFG,2020,0.29949
Africa,,2015,1.72868
Africa,,2016,1.15178
Africa,,2017,1.65117
Africa,,2018,2.47743
Africa,,2019,1.65268
Africa,,2020,1.19008
Albania,ALB,2015,0
Albania,ALB,2016,0
Albania,ALB,2017,0
Albania,ALB,2018,0
Albania,ALB,2019,0
Albania,ALB,2020,0
Algeria,DZA,2015,7.49635
Algeria,DZA,2016,4.07862
Algeria,DZA,2017,5.47671
Algeria,DZA,2018,9.8335
Algeria,DZA,2019,7.01864
Algeria,DZA,2020,4.98803
Americas,,2015,0.30813
Americas,,2016,0.3136
Americas,,2017,0.2298
Americas,,2018,0.23102
Americas,,2019,0.23264
Americas,,2020,0.16753
Angola,AGO,2015,0.16844
Angola,AGO,2016,0.43313
Angola,AGO,2017,0.22029
Angola,AGO,2018,1.70384
Angola,AGO,2019,1.02424
Angola,AGO,2020,1.43942
Antigua and Barbuda,ATG,2015,0.77633
Antigua and Barbuda,ATG,2016,0.67703
Antigua and Barbuda,ATG,2017,1.112
Antigua and Barbuda,ATG,2018,2.60519
Antigua and Barbuda,ATG,2019,2.19398
Antigua and Barbuda,ATG,2020,0.93123
Argentina,ARG,2015,3.11232
Argentina,ARG,2016,3.04599
Argentina,ARG,2017,1.90551
Argentina,ARG,2018,1.41086
Argentina,ARG,2019,1.14782
Argentina,ARG,2020,0.77244
Armenia,ARM,2015,0.30289
Armenia,ARM,2016,0.21044
Armenia,ARM,2017,0.19649
Armenia,ARM,2018,0.03825
Armenia,ARM,2019,0.03566
Armenia,ARM,2020,0.09941
Aruba,ABW,2015,0
Aruba,ABW,2016,0
Aruba,ABW,2017,0
Aruba,ABW,2018,0
Aruba,ABW,2019,0.00067
Aruba,ABW,2020,1.91549
Asia,,2015,0.88918
Asia,,2016,0.5969
Asia,,2017,0.69629
Asia,,2018,0.82512
Asia,,2019,0.71505
Asia,,2020,0.4709
Australia,AUS,2015,0.35484
Australia,AUS,2016,0.56171
Australia,AUS,2017,0.62397
Australia,AUS,2018,0.56192
Australia,AUS,2019,0.55392
Australia,AUS,2020,0.53746
Australia and New Zealand,,2015,0.31135
Australia and New Zealand,,2016,0.49147
Australia and New Zealand,,2017,0.54431
Australia and New Zealand,,2018,0.48918
Australia and New Zealand,,2019,0.48117
Australia and New Zealand,,2020,0.46804
Austria,AUT,2015,0.19719
Austria,AUT,2016,0.20009
Austria,AUT,2017,0.20189
Austria,AUT,2018,0.21303
Austria,AUT,2019,0.21789
Austria,AUT,2020,0.14461
Azerbaijan,AZE,2015,0.8629
Azerbaijan,AZE,2016,2.3597
Azerbaijan,AZE,2017,0.00012
Azerbaijan,AZE,2018,1.71551
Azerbaijan,AZE,2019,1.46575
Azerbaijan,AZE,2020,0.29441
Bahamas,BHS,2015,0.47943
Bahamas,BHS,2016,0.85356
Bahamas,BHS,2017,0.70365
Bahamas,BHS,2018,0.94836
Bahamas,BHS,2019,0.97833
Bahamas,BHS,2020,0.59021
Bahrain,BHR,2015,5.39316
Bahrain,BHR,2016,3.43989
Bahrain,BHR,2017,3.99936
Bahrain,BHR,2018,1.32648
Bahrain,BHR,2019,2.26603
Bahrain,BHR,2020,0.95552
Bangladesh,BGD,2015,0.88074
Bangladesh,BGD,2016,0.53711
Bangladesh,BGD,2017,0.68267
Bangladesh,BGD,2018,1.32003
Bangladesh,BGD,2019,0.72524
Bangladesh,BGD,2020,0.51893
Barbados,BRB,2015,0.17844
Barbados,BRB,2016,0.42004
Barbados,BRB,2017,0
Barbados,BRB,2018,0
Barbados,BRB,2019,0
Barbados,BRB,2020,0
Belarus,BLR,2015,0.03137
Belarus,BLR,2016,0.12764
Belarus,BLR,2017,0.19329
Belarus,BLR,2018,0.145
Belarus,BLR,2019,0.14274
Belarus,BLR,2020,0.12353
Belgium,BEL,2015,0.53458
Belgium,BEL,2016,0.55549
Belgium,BEL,2017,0.67112
Belgium,BEL,2018,0.69576
Belgium,BEL,2019,0.72468
Belgium,BEL,2020,0.73798
Belize,BLZ,2015,0
Belize,BLZ,2016,0
Belize,BLZ,2017,0
Belize,BLZ,2018,0
Belize,BLZ,2019,0
Belize,BLZ,2020,0
Benin,BEN,2015,0.95112
Benin,BEN,2016,0.81528
Benin,BEN,2017,0.90213
Benin,BEN,2018,1.17237
Benin,BEN,2019,1.27828
Benin,BEN,2020,0.91491
Bhutan,BTN,2015,2.89724
Bhutan,BTN,2016,0.58161
Bhutan,BTN,2017,0
Bhutan,BTN,2018,0
Bhutan,BTN,2019,0
Bhutan,BTN,2020,0.03176
Bolivia,BOL,2015,1.82128
Bolivia,BOL,2016,0.99973
Bolivia,BOL,2017,1.55048
Bolivia,BOL,2018,3.03345
Bolivia,BOL,2019,1.6988
Bolivia,BOL,2020,0.77669
Bosnia and Herzegovina,BIH,2015,0.0402
Bosnia and Herzegovina,BIH,2016,0.04731
Bosnia and Herzegovina,BIH,2017,0.07397
Bosnia and Herzegovina,BIH,2018,0.07625
Bosnia and Herzegovina,BIH,2019,0.21814
Bosnia and Herzegovina,BIH,2020,0.08748
Botswana,BWA,2015,0
Botswana,BWA,2016,0
Botswana,BWA,2017,0
Botswana,BWA,2018,0
Botswana,BWA,2019,0
Botswana,BWA,2020,0
Brazil,BRA,2015,0.9317
Brazil,BRA,2016,0.77995
Brazil,BRA,2017,0.56191
Brazil,BRA,2018,0.53456
Brazil,BRA,2019,0.44079
Brazil,BRA,2020,0.34307
Brunei,BRN,2015,1.34005
Brunei,BRN,2016,0.6768
Brunei,BRN,2017,1.21728
Brunei,BRN,2018,1.86257
Brunei,BRN,2019,1.3317
Brunei,BRN,2020,0.46173
Bulgaria,BGR,2015,3.59658
Bulgaria,BGR,2016,2.09673
Bulgaria,BGR,2017,4.37625
Bulgaria,BGR,2018,4.99992
Bulgaria,BGR,2019,4.13414
Bulgaria,BGR,2020,4.16976
Burkina Faso,BFA,2015,0.03027
Burkina Faso,BFA,2016,0.00969
Burkina Faso,BFA,2017,0.03973
Burkina Faso,BFA,2018,0.11755
Burkina Faso,BFA,2019,0.14709
Burkina Faso,BFA,2020,0.09645
Burundi,BDI,2015,0.50777
Burundi,BDI,2016,0.57944
Burundi,BDI,2017,0.50916
Burundi,BDI,2018,0.60977
Burundi,BDI,2019,0.12616
Burundi,BDI,2020,0
Cambodia,KHM,2015,0
Cambodia,KHM,2016,0
Cambodia,KHM,2017,0
Cambodia,KHM,2018,0
Cambodia,KHM,2019,0.15731
Cambodia,KHM,2020,0.11285
Cameroon,CMR,2015,0.1304
Cameroon,CMR,2016,0.06576
Cameroon,CMR,2017,0.08075
Cameroon,CMR,2018,0.18874
Cameroon,CMR,2019,0.21165
Cameroon,CMR,2020,0.17812
Canada,CAN,2015,0.14163
Canada,CAN,2016,0.15413
Canada,CAN,2017,0.15245
Canada,CAN,2018,0.13236
Canada,CAN,2019,0.13133
Canada,CAN,2020,0.20949
Cape Verde,CPV,2015,0
Cape Verde,CPV,2016,0
Cape Verde,CPV,2017,0
Cape Verde,CPV,2018,0
Cape Verde,CPV,2019,0
Cape Verde,CPV,2020,0
Caribbean,,2015,0.2612
Caribbean,,2016,0.19471
Caribbean,,2017,0.20293
Caribbean,,2018,0.26085
Caribbean,,2019,0.2448
Caribbean,,2020,0.14031
Central African Republic,CAF,2015,0
Central African Republic,CAF,2016,0.01134
Central African Republic,CAF,2017,0.03902
Central African Republic,CAF,2018,0.00975
Central African Republic,CAF,2019,0.01151
Central African Republic,CAF,2020,0.25028
Central America,,2015,0.38018
Central America,,2016,1.3207
Central America,,2017,0.36714
Central America,,2018,0.35535
Central America,,2019,1.35138
Central America,,2020,0.8842
Central Asia,,2015,4.71535
Central Asia,,2016,3.97899
Central Asia,,2017,4.97808
Central Asia,,2018,6.2663
Central Asia,,2019,4.27264
Central Asia,,2020,2.95083
Central and Southern Asia,,2015,2.31399
Central and Southern Asia,,2016,1.46658
Central and Southern Asia,,2017,2.03254
Central and Southern Asia,,2018,2.79605
Central and Southern Asia,,2019,2.60736
Central and Southern Asia,,2020,1.22914
Chad,TCD,2015,0.08337
Chad,TCD,2016,0.00481
Chad,TCD,2017,0.13502
Chad,TCD,2018,0.35101
Chad,TCD,2019,0.42236
Chad,TCD,2020,0.33476
Chile,CHL,2015,0.45272
Chile,CHL,2016,0.56098
Chile,CHL,2017,0.65368
Chile,CHL,2018,0.52164
Chile,CHL,2019,0.51761
Chile,CHL,2020,0.44738
China,CHN,2015,0.4218
China,CHN,2016,0.23821
China,CHN,2017,0.2331
China,CHN,2018,0.21732
China,CHN,2019,0.1896
China,CHN,2020,0.19185
"China, Hong Kong Special Administrative Region",,2015,0.01129
"China, Hong Kong Special Administrative Region",,2016,0
"China, Hong Kong Special Administrative Region",,2017,0.18787
"China, Hong Kong Special Administrative Region",,2018,0.43956
"China, Hong Kong Special Administrative Region",,2019,0.55886
"China, Hong Kong Special Administrative Region",,2020,0.22492
Colombia,COL,2015,0.44486
Colombia,COL,2016,0.42446
Colombia,COL,2017,0.56628
Colombia,COL,2018,0.71012
Colombia,COL,2019,0.4528
Colombia,COL,2020,0.27891
Comoros,COM,2015,0
Comoros,COM,2016,0
Comoros,COM,2017,0
Comoros,COM,2018,0.05121
Comoros,COM,2019,0.04532
Comoros,COM,2020,0
Congo,COG,2015,0.06915
Congo,COG,2016,0
Congo,COG,2017,0.00169
Congo,COG,2018,0.04248
Congo,COG,2019,0.04065
Congo,COG,2020,0
Costa Rica,CRI,2015,0.01311
Costa Rica,CRI,2016,0.04047
Costa Rica,CRI,2017,0.13441
Costa Rica,CRI,2018,0.21995
Costa Rica,CRI,2019,0.13578
Costa Rica,CRI,2020,0.24109
Cote d'Ivoire,CIV,2015,0.12984
Cote d'Ivoire,CIV,2016,0
Cote d'Ivoire,CIV,2017,0
Cote d'Ivoire,CIV,2018,0
Cote d'Ivoire,CIV,2019,0
Cote d'Ivoire,CIV,2020,0
Croatia,HRV,2015,0.18231
Croatia,HRV,2016,0.17941
Croatia,HRV,2017,0.24822
Croatia,HRV,2018,0.22919
Croatia,HRV,2019,0.13665
Croatia,HRV,2020,0.07341
Cyprus,CYP,2015,0.13981
Cyprus,CYP,2016,0.71219
Cyprus,CYP,2017,0.29645
Cyprus,CYP,2018,0
Cyprus,CYP,2019,0
Cyprus,CYP,2020,0.27424
Czechia,CZE,2015,0.12396
Czechia,CZE,2016,0.11152
Czechia,CZE,2017,0.12122
Czechia,CZE,2018,0.12543
Czechia,CZE,2019,0.14984
Czechia,CZE,2020,0.13382
Democratic Republic of Congo,COD,2015,0
Democratic Republic of Congo,COD,2016,0
Democratic Republic of Congo,COD,2017,0
Democratic Republic of Congo,COD,2018,0
Democratic Republic of Congo,COD,2019,0
Democratic Republic of Congo,COD,2020,0
Denmark,DNK,2015,0.29304
Denmark,DNK,2016,0.27513
Denmark,DNK,2017,0.36184
Denmark,DNK,2018,0.4012
Denmark,DNK,2019,0.39504
Denmark,DNK,2020,0.44876
Djibouti,DJI,2015,3.07816
Djibouti,DJI,2016,3.01949
Djibouti,DJI,2017,2.58307
Djibouti,DJI,2018,2.57013
Djibouti,DJI,2019,2.65407
Djibouti,DJI,2020,1.76546
Dominica,DMA,2015,0
Dominica,DMA,2016,0
Dominica,DMA,2017,0
Dominica,DMA,2018,0
Dominica,DMA,2019,0
Dominica,DMA,2020,0
Dominican Republic,DOM,2015,0.02892
Dominican Republic,DOM,2016,0
Dominican Republic,DOM,2017,0
Dominican Republic,DOM,2018,0
Dominican Republic,DOM,2019,0.01463
Dominican Republic,DOM,2020,0.00078
Eastern Africa,,2015,0.29248
Eastern Africa,,2016,0.21662
Eastern Africa,,2017,0.36991
Eastern Africa,,2018,0.43277
Eastern Africa,,2019,0.34466
Eastern Africa,,2020,0.2513
Eastern Asia,,2015,0.28677
Eastern Asia,,2016,0.17534
Eastern Asia,,2017,0.17366
Eastern Asia,,2018,0.16709
Eastern Asia,,2019,0.1524
Eastern Asia,,2020,0.15285
Eastern Europe,,2015,0.40127
Eastern Europe,,2016,0.4874
Eastern Europe,,2017,0.68244
Eastern Europe,,2018,0.95536
Eastern Europe,,2019,0.77653
Eastern Europe,,2020,0.61604
Eastern and South-Eastern Asia,,2015,0.34792
Eastern and South-Eastern Asia,,2016,0.23576
Eastern and South-Eastern Asia,,2017,0.23507
Eastern and South-Eastern Asia,,2018,0.24437
Eastern and South-Eastern Asia,,2019,0.23345
Eastern and South-Eastern Asia,,2020,0.25048
Ecuador,ECU,2015,2.56317
Ecuador,ECU,2016,1.56597
Ecuador,ECU,2017,2.45375
Ecuador,ECU,2018,3.50837
Ecuador,ECU,2019,2.54171
Ecuador,ECU,2020,0.76287
Egypt,EGY,2015,5.0714
Egypt,EGY,2016,3.49138
Egypt,EGY,2017,5.36048
Egypt,EGY,2018,6.48609
Egypt,EGY,2019,3.73367
Egypt,EGY,2020,1.9917
El Salvador,SLV,2015,1.2037
El Salvador,SLV,2016,1.04339
El Salvador,SLV,2017,1.464
El Salvador,SLV,2018,1.80905
El Salvador,SLV,2019,1.32163
El Salvador,SLV,2020,1.22347
Equatorial Guinea,GNQ,2015,0.02123
Equatorial Guinea,GNQ,2016,0.02591
Equatorial Guinea,GNQ,2017,0.15515
Equatorial Guinea,GNQ,2018,0.59127
Equatorial Guinea,GNQ,2019,0.59925
Equatorial Guinea,GNQ,2020,0.03653
Eritrea,ERI,2015,0
Eritrea,ERI,2016,0.00181
Eritrea,ERI,2017,0.00209
Eritrea,ERI,2018,0.00261
Eritrea,ERI,2019,0.00258
Eritrea,ERI,2020,0
Estonia,EST,2015,0.24986
Estonia,EST,2016,0.17494
Estonia,EST,2017,0.19475
Estonia,EST,2018,0.18595
Estonia,EST,2019,0.18789
Estonia,EST,2020,0.15124
Eswatini,SWZ,2015,0
Eswatini,SWZ,2016,0
Eswatini,SWZ,2017,0
Eswatini,SWZ,2018,0
Eswatini,SWZ,2019,0
Eswatini,SWZ,2020,0
Ethiopia,ETH,2015,0.78904
Ethiopia,ETH,2016,0.75537
Ethiopia,ETH,2017,1.09403
Ethiopia,ETH,2018,1.48586
Ethiopia,ETH,2019,1.07542
Ethiopia,ETH,2020,0.61965
Europe,,2015,0.40067
Europe,,2016,0.37415
Europe,,2017,0.4016
Europe,,2018,0.44741
Europe,,2019,0.41769
Europe,,2020,0.39519
Europe and Northern America,,2015,0.22562
Europe and Northern America,,2016,0.20762
Europe and Northern America,,2017,0.22039
Europe and Northern America,,2018,0.24363
Europe and Northern America,,2019,0.23306
Europe and Northern America,,2020,0.22188
Fiji,FJI,2015,0
Fiji,FJI,2016,0.57958
Fiji,FJI,2017,0.73599
Fiji,FJI,2018,0.93579
Fiji,FJI,2019,0.66517
Fiji,FJI,2020,0.07236
Finland,FIN,2015,0.57997
Finland,FIN,2016,0.59875
Finland,FIN,2017,0.59953
Finland,FIN,2018,0.65411
Finland,FIN,2019,0.57659
Finland,FIN,2020,0.60199
France,FRA,2015,0.21538
France,FRA,2016,0.24277
France,FRA,2017,0.27789
France,FRA,2018,0.35892
France,FRA,2019,0.36064
France,FRA,2020,0.37443
Gabon,GAB,2015,0.96255
Gabon,GAB,2016,0.8446
Gabon,GAB,2017,0.33545
Gabon,GAB,2018,0.31889
Gabon,GAB,2019,0.18083
Gabon,GAB,2020,0.28658
Gambia,GMB,2015,0
Gambia,GMB,2016,0
Gambia,GMB,2017,0
Gambia,GMB,2018,0
Gambia,GMB,2019,0
Gambia,GMB,2020,0
Georgia,GEO,2015,0.0701
Georgia,GEO,2016,0.05189
Georgia,GEO,2017,0.05294
Georgia,GEO,2018,0.05297
Georgia,GEO,2019,0.05233
Georgia,GEO,2020,0.3233
Germany,DEU,2015,0.28441
Germany,DEU,2016,0.29626
Germany,DEU,2017,0.26967
Germany,DEU,2018,0.27663
Germany,DEU,2019,0.24309
Germany,DEU,2020,0.28014
Ghana,GHA,2015,0.07685
Ghana,GHA,2016,0.05491
Ghana,GHA,2017,0.16555
Ghana,GHA,2018,0.2391
Ghana,GHA,2019,0.19819
Ghana,GHA,2020,0.31395
Greece,GRC,2015,1.25873
Greece,GRC,2016,1.10576
Greece,GRC,2017,1.20575
Greece,GRC,2018,1.18058
Greece,GRC,2019,1.08306
Greece,GRC,2020,1.17251
Grenada,GRD,2015,0
Grenada,GRD,2016,0
Grenada,GRD,2017,0
Grenada,GRD,2018,0
Grenada,GRD,2019,0
Grenada,GRD,2020,0
Guatemala,GTM,2015,0.05505
Guatemala,GTM,2016,0.05688
Guatemala,GTM,2017,0.23935
Guatemala,GTM,2018,0.30485
Guatemala,GTM,2019,0.13192
Guatemala,GTM,2020,0.00071
Guinea,GIN,2015,0.00296
Guinea,GIN,2016,0.00382
Guinea,GIN,2017,0.00426
Guinea,GIN,2018,0.01087
Guinea,GIN,2019,0.01118
Guinea,GIN,2020,0.00256
Guinea-Bissau,GNB,2015,0
Guinea-Bissau,GNB,2016,0
Guinea-Bissau,GNB,2017,0
Guinea-Bissau,GNB,2018,0.07527
Guinea-Bissau,GNB,2019,0.14046
Guinea-Bissau,GNB,2020,0.03385
Guyana,GUY,2015,0
Guyana,GUY,2016,0.00083
Guyana,GUY,2017,0.0009
Guyana,GUY,2018,0.00097
Guyana,GUY,2019,0.00096
Guyana,GUY,2020,0.00063
Haiti,HTI,2015,0
Haiti,HTI,2016,0
Haiti,HTI,2017,0
Haiti,HTI,2018,0.46093
Haiti,HTI,2019,1.37572
Haiti,HTI,2020,0.21707
Honduras,HND,2015,0.30831
Honduras,HND,2016,0.68069
Honduras,HND,2017,0.72252
Honduras,HND,2018,0.29817
Honduras,HND,2019,0.29499
Honduras,HND,2020,0.23162
Hungary,HUN,2015,0.33993
Hungary,HUN,2016,0.23486
Hungary,HUN,2017,0.2511
Hungary,HUN,2018,0.25758
Hungary,HUN,2019,0.20669
Hungary,HUN,2020,0.21007
Iceland,ISL,2015,0
Iceland,ISL,2016,0
Iceland,ISL,2017,0
Iceland,ISL,2018,0
Iceland,ISL,2019,0
Iceland,ISL,2020,0
India,IND,2015,0.59235
India,IND,2016,0.44348
India,IND,2017,0.44451
India,IND,2018,0.49708
India,IND,2019,0.36045
India,IND,2020,0.26867
Indonesia,IDN,2015,1.19636
Indonesia,IDN,2016,1.05861
Indonesia,IDN,2017,0.81246
Indonesia,IDN,2018,0.79551
Indonesia,IDN,2019,1.15297
Indonesia,IDN,2020,1.62628
Iran,IRN,2015,11.36441
Iran,IRN,2016,6.25462
Iran,IRN,2017,10.0473
Iran,IRN,2018,15.52977
Iran,IRN,2019,19.2038
Iran,IRN,2020,6.74388
Iraq,IRQ,2015,3.04603
Iraq,IRQ,2016,2.13793
Iraq,IRQ,2017,3.57286
Iraq,IRQ,2018,5.32513
Iraq,IRQ,2019,3.77942
Iraq,IRQ,2020,2.59117
Ireland,IRL,2015,0.77099
Ireland,IRL,2016,0.74345
Ireland,IRL,2017,0.74707
Ireland,IRL,2018,0.78172
Ireland,IRL,2019,0.71175
Ireland,IRL,2020,0.54562
Israel,ISR,2015,0.31353
Israel,ISR,2016,0.31713
Israel,ISR,2017,0.33612
Israel,ISR,2018,0.33707
Israel,ISR,2019,0.32988
Israel,ISR,2020,0.31748
Italy,ITA,2015,0.62509
Italy,ITA,2016,0.59894
Italy,ITA,2017,0.51345
Italy,ITA,2018,0.57884
Italy,ITA,2019,0.59093
Italy,ITA,2020,0.59057
Jamaica,JAM,2015,0.00248
Jamaica,JAM,2016,0.00259
Jamaica,JAM,2017,0.00269
Jamaica,JAM,2018,0.0028
Jamaica,JAM,2019,0.00279
Jamaica,JAM,2020,0.0028
Japan,JPN,2015,0.0646
Japan,JPN,2016,0.07404
Japan,JPN,2017,0.05896
Japan,JPN,2018,0.04899
Japan,JPN,2019,0.05283
Japan,JPN,2020,0.06603
Jordan,JOR,2015,0.81058
Jordan,JOR,2016,0
Jordan,JOR,2017,0
Jordan,JOR,2018,0.37102
Jordan,JOR,2019,0.37097
Jordan,JOR,2020,0.31127
Kazakhstan,KAZ,2015,1.74756
Kazakhstan,KAZ,2016,2.29583
Kazakhstan,KAZ,2017,2.80934
Kazakhstan,KAZ,2018,3.9023
Kazakhstan,KAZ,2019,2.8957
Kazakhstan,KAZ,2020,2.07325
Kenya,KEN,2015,0
Kenya,KEN,2016,0
Kenya,KEN,2017,0
Kenya,KEN,2018,0
Kenya,KEN,2019,0
Kenya,KEN,2020,0
Kiribati,KIR,2015,0
Kiribati,KIR,2016,0
Kiribati,KIR,2017,0
Kiribati,KIR,2018,0
Kiribati,KIR,2019,0
Kiribati,KIR,2020,0
Kosovo,OWID_KOS,2015,0
Kosovo,OWID_KOS,2016,0
Kosovo,OWID_KOS,2017,0.38555
Kosovo,OWID_KOS,2018,1.03029
Kosovo,OWID_KOS,2019,1.32198
Kosovo,OWID_KOS,2020,1.02412
Kuwait,KWT,2015,4.78051
Kuwait,KWT,2016,3.99719
Kuwait,KWT,2017,4.62016
Kuwait,KWT,2018,5.3088
Kuwait,KWT,2019,3.79516
Kuwait,KWT,2020,2.3217
Kyrgyzstan,KGZ,2015,6.50282
Kyrgyzstan,KGZ,2016,4.67837
Kyrgyzstan,KGZ,2017,6.82048
Kyrgyzstan,KGZ,2018,6.77747
Kyrgyzstan,KGZ,2019,7.01922
Kyrgyzstan,KGZ,2020,4.73245
Landlocked developing countries (LLDCs),,2015,2.22602
Landlocked developing countries (LLDCs),,2016,1.96191
Landlocked developing countries (LLDCs),,2017,2.30676
Landlocked developing countries (LLDCs),,2018,3.03497
Landlocked developing countries (LLDCs),,2019,2.11439
Landlocked developing countries (LLDCs),,2020,1.40664
Laos,LAO,2015,0
Laos,LAO,2016,0
Laos,LAO,2017,0.17728
Laos,LAO,2018,0.28828
Laos,LAO,2019,0.33311
Laos,LAO,2020,0.42797
Latin America and the Caribbean,,2015,1.21483
Latin America and the Caribbean,,2016,1.30399
Latin America and the Caribbean,,2017,0.92746
Latin America and the Caribbean,,2018,0.93846
Latin America and the Caribbean,,2019,0.92924
Latin America and the Caribbean,,2020,0.61051
Latvia,LVA,2015,0.99774
Latvia,LVA,2016,0.9398
Latvia,LVA,2017,0.86296
Latvia,LVA,2018,0.62204
Latvia,LVA,2019,0.58814
Latvia,LVA,2020,0.51994
Least developed countries (LDCs),,2015,0.59556
Least developed countries (LDCs),,2016,0.40481
Least developed countries (LDCs),,2017,0.64184
Least developed countries (LDCs),,2018,1.36599
Least developed countries (LDCs),,2019,0.77417
Least developed countries (LDCs),,2020,0.69567
Lebanon,LBN,2015,9.38131
Lebanon,LBN,2016,7.82902
Lebanon,LBN,2017,10.12312
Lebanon,LBN,2018,12.69426
Lebanon,LBN,2019,13.13085
Lebanon,LBN,2020,9.92319
Lesotho,LSO,2015,0.08879
Lesotho,LSO,2016,0.08581
Lesotho,LSO,2017,0.07973
Lesotho,LSO,2018,0.12771
Lesotho,LSO,2019,0.08023
Lesotho,LSO,2020,0.09056
Liberia,LBR,2015,0
Liberia,LBR,2016,0
Liberia,LBR,2017,0
Liberia,LBR,2018,0
Liberia,LBR,2019,0
Liberia,LBR,2020,0
Libya,LBY,2015,7.46414
Libya,LBY,2016,6.85584
Libya,LBY,2017,6.13568
Libya,LBY,2018,7.31596
Libya,LBY,2019,8.52451
Libya,LBY,2020,16.65472
Lithuania,LTU,2015,0.47879
Lithuania,LTU,2016,0.59335
Lithuania,LTU,2017,0.58841
Lithuania,LTU,2018,0.62938
Lithuania,LTU,2019,0.65355
Lithuania,LTU,2020,0.52994
Luxembourg,LUX,2015,0.0037
Luxembourg,LUX,2016,0.00351
Luxembourg,LUX,2017,0.00354
Luxembourg,LUX,2018,0.00363
Luxembourg,LUX,2019,0.00333
Luxembourg,LUX,2020,0.00346
Macao,MAC,2015,0
Macao,MAC,2016,0
Macao,MAC,2017,0
Macao,MAC,2018,0
Macao,MAC,2019,0
Macao,MAC,2020,0
Madagascar,MDG,2015,0.07946
Madagascar,MDG,2016,0.12167
Madagascar,MDG,2017,0.67971
Madagascar,MDG,2018,0.65925
Madagascar,MDG,2019,0.46468
Madagascar,MDG,2020,0.95139
Malawi,MWI,2015,0
Malawi,MWI,2016,0
Malawi,MWI,2017,0
Malawi,MWI,2018,0
Malawi,MWI,2019,0
Malawi,MWI,2020,0
Malaysia,MYS,2015,0.11499
Malaysia,MYS,2016,0.45429
Malaysia,MYS,2017,0.57116
Malaysia,MYS,2018,0.51489
Malaysia,MYS,2019,0.30979
Malaysia,MYS,2020,0.02881
Maldives,MDV,2015,0.86972
Maldives,MDV,2016,0.60771
Maldives,MDV,2017,2.95347
Maldives,MDV,2018,2.76624
Maldives,MDV,2019,2.49223
Maldives,MDV,2020,1.53797
Mali,MLI,2015,0.00216
Mali,MLI,2016,0.00204
Mali,MLI,2017,0.00197
Mali,MLI,2018,0.22934
Mali,MLI,2019,0.25806
Mali,MLI,2020,0.11202
Malta,MLT,2015,0
Malta,MLT,2016,0
Malta,MLT,2017,0
Malta,MLT,2018,0
Malta,MLT,2019,0
Malta,MLT,2020,0
Mauritania,MRT,2015,1.46916
Mauritania,MRT,2016,1.34163
Mauritania,MRT,2017,1.62965
Mauritania,MRT,2018,3.01762
Mauritania,MRT,2019,3.16842
Mauritania,MRT,2020,3.10917
Mauritius,MUS,2015,0
Mauritius,MUS,2016,0
Mauritius,MUS,2017,0.46541
Mauritius,MUS,2018,0.6355
Mauritius,MUS,2019,0.71263
Mauritius,MUS,2020,0.40032
Melanesia,OWID_MNS,2015,0
Melanesia,OWID_MNS,2016,0.07207
Melanesia,OWID_MNS,2017,0.09329
Melanesia,OWID_MNS,2018,0.60882
Melanesia,OWID_MNS,2019,0.78497
Melanesia,OWID_MNS,2020,0.8792
Mexico,MEX,2015,0.42218
Mexico,MEX,2016,1.54414
Mexico,MEX,2017,0.37758
Mexico,MEX,2018,0.35595
Mexico,MEX,2019,1.5861
Mexico,MEX,2020,1.0267
Micronesia (country),FSM,2015,0
Micronesia (country),FSM,2016,0
Micronesia (country),FSM,2017,0
Micronesia (country),FSM,2018,0
Micronesia (country),FSM,2019,0
Micronesia (country),FSM,2020,0.08568
Middle Africa,,2015,0.16596
Middle Africa,,2016,0.27245
Middle Africa,,2017,0.15199
Middle Africa,,2018,0.89276
Middle Africa,,2019,0.56384
Middle Africa,,2020,0.71795
Moldova,MDA,2015,0.83464
Moldova,MDA,2016,0.80005
Moldova,MDA,2017,0.8266
Moldova,MDA,2018,0.86812
Moldova,MDA,2019,0.73697
Moldova,MDA,2020,0.80368
Mongolia,MNG,2015,0
Mongolia,MNG,2016,0
Mongolia,MNG,2017,0.22618
Mongolia,MNG,2018,0.20466
Mongolia,MNG,2019,0.20964
Mongolia,MNG,2020,0.14053
Montenegro,MNE,2015,0
Montenegro,MNE,2016,0
Montenegro,MNE,2017,0
Montenegro,MNE,2018,0
Montenegro,MNE,2019,0
Montenegro,MNE,2020,0
Montserrat,MSR,2015,0
Montserrat,MSR,2016,0
Montserrat,MSR,2017,0
Montserrat,MSR,2018,0
Montserrat,MSR,2019,0
Montserrat,MSR,2020,0
Morocco,MAR,2015,0
Morocco,MAR,2016,0
Morocco,MAR,2017,0.03031
Morocco,MAR,2018,0.10674
Morocco,MAR,2019,0.13343
Morocco,MAR,2020,0.07798
Mozambique,MOZ,2015,0.91893
Mozambique,MOZ,2016,0
Mozambique,MOZ,2017,0
Mozambique,MOZ,2018,0
Mozambique,MOZ,2019,0
Mozambique,MOZ,2020,0
Myanmar,MMR,2015,0.48851
Myanmar,MMR,2016,0.33377
Myanmar,MMR,2017,1.1001
Myanmar,MMR,2018,1.50812
Myanmar,MMR,2019,1.04075
Myanmar,MMR,2020,0.92843
Namibia,NAM,2015,0
Namibia,NAM,2016,0
Namibia,NAM,2017,0
Namibia,NAM,2018,0
Namibia,NAM,2019,0
Namibia,NAM,2020,0
Nauru,NRU,2015,0
Nauru,NRU,2016,0
Nauru,NRU,2017,0
Nauru,NRU,2018,0
Nauru,NRU,2019,0
Nauru,NRU,2020,0.009
Nepal,NPL,2015,0.1963
Nepal,NPL,2016,0.47324
Nepal,NPL,2017,0.42793
Nepal,NPL,2018,0.18145
Nepal,NPL,2019,0.08031
Nepal,NPL,2020,0.02887
Netherlands,NLD,2015,0.02263
Netherlands,NLD,2016,0.04153
Netherlands,NLD,2017,0.04331
Netherlands,NLD,2018,0.04366
Netherlands,NLD,2019,0.0424
Netherlands,NLD,2020,0.04058
New Zealand,NZL,2015,0.00667
New Zealand,NZL,2016,0.00641
New Zealand,NZL,2017,0.00189
New Zealand,NZL,2018,0.00338
New Zealand,NZL,2019,0.00676
New Zealand,NZL,2020,0.00768
Nicaragua,NIC,2015,0
Nicaragua,NIC,2016,0.20691
Nicaragua,NIC,2017,0.1826
Nicaragua,NIC,2018,0.18076
Nicaragua,NIC,2019,0.18175
Nicaragua,NIC,2020,0.17381
Niger,NER,2015,0.51281
Niger,NER,2016,0.51349
Niger,NER,2017,0.68968
Niger,NER,2018,0.93866
Niger,NER,2019,1.0794
Niger,NER,2020,0.93269
Nigeria,NGA,2015,0.17648
Nigeria,NGA,2016,0.01193
Nigeria,NGA,2017,0.19229
Nigeria,NGA,2018,0.46032
Nigeria,NGA,2019,0.34195
Nigeria,NGA,2020,0.08266
North Macedonia,MKD,2015,0.31362
North Macedonia,MKD,2016,0.18673
North Macedonia,MKD,2017,1.48696
North Macedonia,MKD,2018,1.37109
North Macedonia,MKD,2019,1.41647
North Macedonia,MKD,2020,0.75221
Northern Africa,,2015,4.57083
Northern Africa,,2016,2.95822
Northern Africa,,2017,4.21462
Northern Africa,,2018,6.1608
Northern Africa,,2019,3.88338
Northern Africa,,2020,2.65729
Northern Africa and Western Asia,,2015,3.32121
Northern Africa and Western Asia,,2016,2.27293
Northern Africa and Western Asia,,2017,2.74588
Northern Africa and Western Asia,,2018,3.33455
Northern Africa and Western Asia,,2019,2.31885
Northern Africa and Western Asia,,2020,1.54239
Northern America,,2015,0.05544
Northern America,,2016,0.04527
Northern America,,2017,0.04328
Northern America,,2018,0.04599
Northern America,,2019,0.05482
Northern America,,2020,0.0589
Northern Europe,,2015,0.60788
Northern Europe,,2016,0.45019
Northern Europe,,2017,0.46363
Northern Europe,,2018,0.42008
Northern Europe,,2019,0.4214
Northern Europe,,2020,0.41103
Norway,NOR,2015,0.13524
Norway,NOR,2016,0.12364
Norway,NOR,2017,0.11305
Norway,NOR,2018,0.09738
Norway,NOR,2019,0.09139
Norway,NOR,2020,0.08116
Oceania,,2015,0.3018
Oceania,,2016,0.47809
Oceania,,2017,0.5298
Oceania,,2018,0.48954
Oceania,,2019,0.48639
Oceania,,2020,0.47576
Oceania (exc. Australia and New Zealand),,2015,0
Oceania (exc. Australia and New Zealand),,2016,0.05956
Oceania (exc. Australia and New Zealand),,2017,0.07708
Oceania (exc. Australia and New Zealand),,2018,0.50097
Oceania (exc. Australia and New Zealand),,2019,0.64646
Oceania (exc. Australia and New Zealand),,2020,0.72855
Oman,OMN,2015,0.13717
Oman,OMN,2016,0.13333
Oman,OMN,2017,0.16286
Oman,OMN,2018,0.19818
Oman,OMN,2019,0.1584
Oman,OMN,2020,0.15634
Pakistan,PAK,2015,1.21634
Pakistan,PAK,2016,0.60887
Pakistan,PAK,2017,1.19769
Pakistan,PAK,2018,2.00253
Pakistan,PAK,2019,0.51992
Pakistan,PAK,2020,0.4304
Palestine,PSE,2015,3.22553
Palestine,PSE,2016,2.29641
Palestine,PSE,2017,4.17896
Palestine,PSE,2018,6.9849
Palestine,PSE,2019,6.32373
Palestine,PSE,2020,5.06875
Panama,PAN,2015,0
Panama,PAN,2016,0
Panama,PAN,2017,0
Panama,PAN,2018,0.01595
Panama,PAN,2019,0
Panama,PAN,2020,0
Papua New Guinea,PNG,2015,0
Papua New Guinea,PNG,2016,0
Papua New Guinea,PNG,2017,0
Papua New Guinea,PNG,2018,0.82481
Papua New Guinea,PNG,2019,1.15925
Papua New Guinea,PNG,2020,1.42892
Paraguay,PRY,2015,0.05763
Paraguay,PRY,2016,0.12973
Paraguay,PRY,2017,0.02729
Paraguay,PRY,2018,0.01307
Paraguay,PRY,2019,0.10182
Paraguay,PRY,2020,0.18524
Peru,PER,2015,0
Peru,PER,2016,0
Peru,PER,2017,0
Peru,PER,2018,0.50891
Peru,PER,2019,0.11317
Peru,PER,2020,0.08101
Philippines,PHL,2015,0.19566
Philippines,PHL,2016,0.21925
Philippines,PHL,2017,0.13229
Philippines,PHL,2018,0.17542
Philippines,PHL,2019,0.00544
Philippines,PHL,2020,0.00961
Poland,POL,2015,0.27391
Poland,POL,2016,0.3519
Poland,POL,2017,0.35176
Poland,POL,2018,0.50779
Poland,POL,2019,0.28857
Poland,POL,2020,0.30268
Portugal,PRT,2015,0.12201
Portugal,PRT,2016,0.13391
Portugal,PRT,2017,0.21428
Portugal,PRT,2018,0.20576
Portugal,PRT,2019,0.2291
Portugal,PRT,2020,0.27403
Puerto Rico,PRI,2015,0
Puerto Rico,PRI,2016,0
Puerto Rico,PRI,2017,0
Puerto Rico,PRI,2018,0
Puerto Rico,PRI,2019,0
Puerto Rico,PRI,2020,0
Qatar,QAT,2015,2.02328
Qatar,QAT,2016,0.69068
Qatar,QAT,2017,1.01839
Qatar,QAT,2018,1.50888
Qatar,QAT,2019,0.31664
Qatar,QAT,2020,0.31329
Romania,ROU,2015,0.46909
Romania,ROU,2016,0.28866
Romania,ROU,2017,0.38633
Romania,ROU,2018,0.36202
Romania,ROU,2019,0.33139
Romania,ROU,2020,0.23387
Russia,RUS,2015,0.33486
Russia,RUS,2016,0.51047
Russia,RUS,2017,0.73648
Russia,RUS,2018,1.21073
Russia,RUS,2019,1.02659
Russia,RUS,2020,0.65359
Rwanda,RWA,2015,0.02927
Rwanda,RWA,2016,0.01796
Rwanda,RWA,2017,0.02398
Rwanda,RWA,2018,0.03366
Rwanda,RWA,2019,0.04931
Rwanda,RWA,2020,0.36113
Saint Kitts and Nevis,KNA,2015,0
Saint Kitts and Nevis,KNA,2016,0
Saint Kitts and Nevis,KNA,2017,0
Saint Kitts and Nevis,KNA,2018,0.32176
Saint Kitts and Nevis,KNA,2019,0.38432
Saint Kitts and Nevis,KNA,2020,0
Saint Lucia,LCA,2015,0.02195
Saint Lucia,LCA,2016,0.02148
Saint Lucia,LCA,2017,0
Saint Lucia,LCA,2018,0.04555
Saint Lucia,LCA,2019,0.01082
Saint Lucia,LCA,2020,0
Saint Vincent and the Grenadines,VCT,2015,0.36789
Saint Vincent and the Grenadines,VCT,2016,0.35474
Saint Vincent and the Grenadines,VCT,2017,0.41752
Saint Vincent and the Grenadines,VCT,2018,0.54576
Saint Vincent and the Grenadines,VCT,2019,0.5515
Saint Vincent and the Grenadines,VCT,2020,0.5011
Samoa,WSM,2015,0
Samoa,WSM,2016,0
Samoa,WSM,2017,0
Samoa,WSM,2018,0
Samoa,WSM,2019,0
Samoa,WSM,2020,0
Sao Tome and Principe,STP,2015,0
Sao Tome and Principe,STP,2016,0
Sao Tome and Principe,STP,2017,0
Sao Tome and Principe,STP,2018,1.17957
Sao Tome and Principe,STP,2019,1.41101
Sao Tome and Principe,STP,2020,0.71525
Saudi Arabia,SAU,2015,7.7384
Saudi Arabia,SAU,2016,5.05221
Saudi Arabia,SAU,2017,5.66093
Saudi Arabia,SAU,2018,5.44259
Saudi Arabia,SAU,2019,4.02535
Saudi Arabia,SAU,2020,2.61304
Senegal,SEN,2015,0
Senegal,SEN,2016,0
Senegal,SEN,2017,0.01455
Senegal,SEN,2018,0.07051
Senegal,SEN,2019,0.28954
Senegal,SEN,2020,0.00564
Serbia,SRB,2015,0.21388
Serbia,SRB,2016,0.15443
Serbia,SRB,2017,0.86903
Serbia,SRB,2018,0.86092
Serbia,SRB,2019,1.01711
Serbia,SRB,2020,0.68864
Seychelles,SYC,2015,0
Seychelles,SYC,2016,0
Seychelles,SYC,2017,0
Seychelles,SYC,2018,0
Seychelles,SYC,2019,0
Seychelles,SYC,2020,0.00161
Sierra Leone,SLE,2015,0
Sierra Leone,SLE,2016,0
Sierra Leone,SLE,2017,0
Sierra Leone,SLE,2018,0
Sierra Leone,SLE,2019,0.08621
Sierra Leone,SLE,2020,0.10061
Singapore,SGP,2015,1.62088
Singapore,SGP,2016,1.10626
Singapore,SGP,2017,1.53552
Singapore,SGP,2018,2.32472
Singapore,SGP,2019,2.26649
Singapore,SGP,2020,2.54313
Slovakia,SVK,2015,0.26872
Slovakia,SVK,2016,0.26716
Slovakia,SVK,2017,0.26383
Slovakia,SVK,2018,0.29915
Slovakia,SVK,2019,0.27283
Slovakia,SVK,2020,0.26198
Slovenia,SVN,2015,0.37023
Slovenia,SVN,2016,0.38199
Slovenia,SVN,2017,0.38901
Slovenia,SVN,2018,0.35187
Slovenia,SVN,2019,0.26991
Slovenia,SVN,2020,0.25476
Small Island Developing States (SIDS),,2015,0.85266
Small Island Developing States (SIDS),,2016,0.60262
Small Island Developing States (SIDS),,2017,0.81711
Small Island Developing States (SIDS),,2018,1.23519
Small Island Developing States (SIDS),,2019,1.2109
Small Island Developing States (SIDS),,2020,1.2864
Solomon Islands,SLB,2015,0
Solomon Islands,SLB,2016,0
Solomon Islands,SLB,2017,0
Solomon Islands,SLB,2018,0
Solomon Islands,SLB,2019,0
Solomon Islands,SLB,2020,0
Somalia,SOM,2015,0.00435
Somalia,SOM,2016,0.0037
Somalia,SOM,2017,0.00433
Somalia,SOM,2018,0.00522
Somalia,SOM,2019,0.00518
Somalia,SOM,2020,0.00808
South Africa,ZAF,2015,1.07765
South Africa,ZAF,2016,0.84482
South Africa,ZAF,2017,0.95283
South Africa,ZAF,2018,1.13536
South Africa,ZAF,2019,1.28776
South Africa,ZAF,2020,1.43132
South America,,2015,1.61657
South America,,2016,1.40587
South America,,2017,1.22492
South America,,2018,1.24693
South America,,2019,0.82241
South America,,2020,0.54504
South Korea,KOR,2015,0.1185
South Korea,KOR,2016,0.09226
South Korea,KOR,2017,0.09332
South Korea,KOR,2018,0.0915
South Korea,KOR,2019,0.08532
South Korea,KOR,2020,0.08336
South Sudan,SSD,2015,0.84515
South Sudan,SSD,2016,0
South Sudan,SSD,2017,0
South Sudan,SSD,2018,0
South Sudan,SSD,2019,0
South Sudan,SSD,2020,0
South-eastern Asia,,2015,0.71374
South-eastern Asia,,2016,0.62149
South-eastern Asia,,2017,0.62842
South-eastern Asia,,2018,0.74955
South-eastern Asia,,2019,0.76768
South-eastern Asia,,2020,0.93125
Southern Africa,,2015,0.97907
Southern Africa,,2016,0.7663
Southern Africa,,2017,0.86446
Southern Africa,,2018,1.02848
Southern Africa,,2019,1.16442
Southern Africa,,2020,1.29499
Southern Asia,,2015,2.0725
Southern Asia,,2016,1.2277
Southern Asia,,2017,1.75812
Southern Asia,,2018,2.47598
Southern Asia,,2019,2.45228
Southern Asia,,2020,1.0635
Southern Europe,,2015,0.46104
Southern Europe,,2016,0.43037
Southern Europe,,2017,0.40476
Southern Europe,,2018,0.43522
Southern Europe,,2019,0.42867
Southern Europe,,2020,0.43295
Spain,ESP,2015,0.17943
Spain,ESP,2016,0.16018
Spain,ESP,2017,0.15046
Spain,ESP,2018,0.15623
Spain,ESP,2019,0.134
Spain,ESP,2020,0.14214
Sri Lanka,LKA,2015,0.18293
Sri Lanka,LKA,2016,0.0874
Sri Lanka,LKA,2017,0.22791
Sri Lanka,LKA,2018,0.42272
Sri Lanka,LKA,2019,0.39502
Sri Lanka,LKA,2020,0.27191
Sub-Saharan Africa,,2015,0.37591
Sub-Saharan Africa,,2016,0.27264
Sub-Saharan Africa,,2017,0.37055
Sub-Saharan Africa,,2018,0.61602
Sub-Saharan Africa,,2019,0.54581
Sub-Saharan Africa,,2020,0.47802
Sudan,SDN,2015,1.70139
Sudan,SDN,2016,0.99019
Sudan,SDN,2017,2.14331
Sudan,SDN,2018,5.66468
Sudan,SDN,2019,1.92474
Sudan,SDN,2020,2.26997
Suriname,SUR,2015,4.70181
Suriname,SUR,2016,4.39149
Suriname,SUR,2017,3.0235
Suriname,SUR,2018,3.49983
Suriname,SUR,2019,3.55473
Suriname,SUR,2020,4.45035
Sweden,SWE,2015,0.28492
Sweden,SWE,2016,0.27686
Sweden,SWE,2017,0.26913
Sweden,SWE,2018,0.24234
Sweden,SWE,2019,0.30977
Sweden,SWE,2020,0.31438
Switzerland,CHE,2015,0.3497
Switzerland,CHE,2016,0.3475
Switzerland,CHE,2017,0.33394
Switzerland,CHE,2018,0.33776
Switzerland,CHE,2019,0.34084
Switzerland,CHE,2020,0.20829
Syria,SYR,2015,0
Syria,SYR,2016,0
Syria,SYR,2017,0
Tajikistan,TJK,2015,6.33561
Tajikistan,TJK,2016,6.18124
Tajikistan,TJK,2017,6.54152
Tajikistan,TJK,2018,5.55219
Tajikistan,TJK,2019,5.9269
Tajikistan,TJK,2020,5.68409
Thailand,THA,2015,0.2201
Thailand,THA,2016,0.12164
Thailand,THA,2017,0.19433
Thailand,THA,2018,0.23506
Thailand,THA,2019,0.09383
Thailand,THA,2020,0.09614
Timor,TLS,2015,2.05732
Timor,TLS,2016,0.74021
Timor,TLS,2017,2.27719
Timor,TLS,2018,4.6202
Timor,TLS,2019,4.70623
Timor,TLS,2020,2.78945
Togo,TGO,2015,0.28587
Togo,TGO,2016,0.18979
Togo,TGO,2017,0.6137
Togo,TGO,2018,1.11547
Togo,TGO,2019,1.43618
Togo,TGO,2020,0.97187
Tonga,TON,2015,0
Tonga,TON,2016,0
Tonga,TON,2017,0
Tonga,TON,2018,0
Tonga,TON,2019,0
Tonga,TON,2020,0
Trinidad and Tobago,TTO,2015,3.26245
Trinidad and Tobago,TTO,2016,2.36844
Trinidad and Tobago,TTO,2017,2.71344
Trinidad and Tobago,TTO,2018,3.11618
Trinidad and Tobago,TTO,2019,2.27679
Trinidad and Tobago,TTO,2020,1.52076
Tunisia,TUN,2015,2.67846
Tunisia,TUN,2016,1.24268
Tunisia,TUN,2017,2.29421
Tunisia,TUN,2018,3.94131
Tunisia,TUN,2019,1.8475
Tunisia,TUN,2020,0.82404
Turkey,TUR,2015,0.5096
Turkey,TUR,2016,0.50909
Turkey,TUR,2017,0.56455
Turkey,TUR,2018,0.47851
Turkey,TUR,2019,0.44688
Turkey,TUR,2020,0.3255
Turkmenistan,TKM,2015,13.89513
Turkmenistan,TKM,2016,10.42613
Turkmenistan,TKM,2017,10.84037
Turkmenistan,TKM,2018,12.91667
Turkmenistan,TKM,2019,8.90922
Turkmenistan,TKM,2020,4.84316
Uganda,UGA,2015,0
Uganda,UGA,2016,0
Uganda,UGA,2017,0
Uganda,UGA,2018,0
Uganda,UGA,2019,0
Uganda,UGA,2020,0.00086
Ukraine,UKR,2015,1.12811
Ukraine,UKR,2016,1.88141
Ukraine,UKR,2017,2.70075
Ukraine,UKR,2018,2.59431
Ukraine,UKR,2019,1.9901
Ukraine,UKR,2020,2.87511
United Arab Emirates,ARE,2015,3.08576
United Arab Emirates,ARE,2016,2.24216
United Arab Emirates,ARE,2017,2.45555
United Arab Emirates,ARE,2018,3.21921
United Arab Emirates,ARE,2019,1.95563
United Arab Emirates,ARE,2020,1.51119
United Kingdom,GBR,2015,0.74768
United Kingdom,GBR,2016,0.49766
United Kingdom,GBR,2017,0.51172
United Kingdom,GBR,2018,0.43426
United Kingdom,GBR,2019,0.43898
United Kingdom,GBR,2020,0.4382
United States,USA,2015,0.0481
United States,USA,2016,0.03605
United States,USA,2017,0.03396
United States,USA,2018,0.03866
United States,USA,2019,0.04835
United States,USA,2020,0.04641
Uruguay,URY,2015,0
Uruguay,URY,2016,0
Uruguay,URY,2017,0
Uruguay,URY,2018,0
Uruguay,URY,2019,0
Uruguay,URY,2020,0
Uzbekistan,UZB,2015,7.04826
Uzbekistan,UZB,2016,4.76046
Uzbekistan,UZB,2017,7.07216
Uzbekistan,UZB,2018,8.86339
Uzbekistan,UZB,2019,5.26905
Uzbekistan,UZB,2020,3.69863
Vanuatu,VUT,2015,0
Vanuatu,VUT,2016,0
Vanuatu,VUT,2017,0
Vanuatu,VUT,2018,0
Vanuatu,VUT,2019,0
Vanuatu,VUT,2020,0
Venezuela,VEN,2015,5.22733
Venezuela,VEN,2016,4.7569
Venezuela,VEN,2017,6.63241
Venezuela,VEN,2018,9.05085
Venezuela,VEN,2019,5.8667
Venezuela,VEN,2020,4.8578
Vietnam,VNM,2015,0.03951
Vietnam,VNM,2016,0.05022
Vietnam,VNM,2017,0.08456
Vietnam,VNM,2018,0.26388
Vietnam,VNM,2019,0.12234
Vietnam,VNM,2020,0.10487
Western Africa,,2015,0.18072
Western Africa,,2016,0.04821
Western Africa,,2017,0.19459
Western Africa,,2018,0.41823
Western Africa,,2019,0.35054
Western Africa,,2020,0.15844
Western Asia,,2015,3.0009
Western Asia,,2016,2.09722
Western Asia,,2017,2.35857
Western Asia,,2018,2.57759
Western Asia,,2019,1.90246
Western Asia,,2020,1.24773
Western Europe,,2015,0.25251
Western Europe,,2016,0.26831
Western Europe,,2017,0.27305
Western Europe,,2018,0.30208
Western Europe,,2019,0.29095
Western Europe,,2020,0.29454
World,OWID_WRL,2015,0.72245
World,OWID_WRL,2016,0.61934
World,OWID_WRL,2017,0.65175
World,OWID_WRL,2018,0.79605
World,OWID_WRL,2019,0.62356
World,OWID_WRL,2020,0.4604
Yemen,YEM,2015,1.58825
Yemen,YEM,2016,0
Yemen,YEM,2017,0
Yemen,YEM,2018,0
Yemen,YEM,2019,0
Yemen,YEM,2020,0.00194
Zambia,ZMB,2015,0.72947
Zambia,ZMB,2016,0.51791
Zambia,ZMB,2017,1.27271
Zambia,ZMB,2018,0.84773
Zambia,ZMB,2019,0.8487
Zambia,ZMB,2020,0.82254
Zimbabwe,ZWE,2015,0
Zimbabwe,ZWE,2016,0
Zimbabwe,ZWE,2017,0
Zimbabwe,ZWE,2018,0
Zimbabwe,ZWE,2019,0
Zimbabwe,ZWE,2020,0