Entity,Code,Year,"11.5.1 - Number of directly affected persons attributed to disasters per 100,000 population (number) - VC_DSR_DAFF"
Afghanistan,AFG,2017,82.90853
Afghanistan,AFG,2018,24.44318
Afghanistan,AFG,2019,1178.9732
Albania,ALB,2005,303.51722
Albania,ALB,2006,32.81074
Albania,ALB,2007,7.48189
Albania,ALB,2008,7.92624
Albania,ALB,2009,249.74403
Albania,ALB,2010,1341.37079
Albania,ALB,2011,21.71685
Albania,ALB,2012,51.09655
Albania,ALB,2013,146.2228
Albania,ALB,2014,122.19009
Albania,ALB,2015,32.36542
Albania,ALB,2016,20.44796
Albania,ALB,2017,0.17382
Albania,ALB,2018,163.15231
Albania,ALB,2019,40.52505
Albania,ALB,2020,4.30885
Algeria,DZA,2005,0.88689
Algeria,DZA,2006,26.02776
Algeria,DZA,2007,21.91005
Algeria,DZA,2008,519.15308
Algeria,DZA,2009,6.50084
Algeria,DZA,2010,32.07565
Algeria,DZA,2011,7.9675
Algeria,DZA,2012,12.94408
Algeria,DZA,2013,21.37643
Algeria,DZA,2014,1.78811
Algeria,DZA,2015,4.5157
Algeria,DZA,2016,1.94814
Algeria,DZA,2017,9.42759
Algeria,DZA,2018,59.35103
Algeria,DZA,2019,15.30205
Algeria,DZA,2020,1.15847
American Samoa,ASM,2009,0
American Samoa,ASM,2014,0
American Samoa,ASM,2015,0
American Samoa,ASM,2018,6851.66153
American Samoa,ASM,2019,21.69511
American Samoa,ASM,2020,420.3127
Angola,AGO,2005,53.95294
Angola,AGO,2006,81.26093
Angola,AGO,2007,206.99954
Angola,AGO,2008,452.63481
Angola,AGO,2009,88.34839
Angola,AGO,2010,80.12846
Angola,AGO,2011,774.16553
Angola,AGO,2012,78.91532
Angola,AGO,2013,46.5525
Angola,AGO,2014,119.04677
Angola,AGO,2015,152.29227
Angola,AGO,2016,273.74672
Angola,AGO,2017,136.8036
Angola,AGO,2018,113.42219
Angola,AGO,2019,0
Angola,AGO,2020,7.95649
Antigua and Barbuda,ATG,2005,262.47703
Antigua and Barbuda,ATG,2008,10103.67395
Antigua and Barbuda,ATG,2009,8.3708
Antigua and Barbuda,ATG,2010,2284.27596
Antigua and Barbuda,ATG,2011,7.01205
Antigua and Barbuda,ATG,2012,59.91267
Antigua and Barbuda,ATG,2013,1448.86396
Antigua and Barbuda,ATG,2014,41.39119
Antigua and Barbuda,ATG,2017,0
Antigua and Barbuda,ATG,2020,888.70729
Argentina,ARG,2005,14.48335
Argentina,ARG,2006,109.81709
Argentina,ARG,2007,302.37648
Argentina,ARG,2008,16.37469
Argentina,ARG,2009,98.926
Argentina,ARG,2010,116.78361
Argentina,ARG,2011,1.44964
Argentina,ARG,2012,13.91204
Argentina,ARG,2013,1421.93458
Argentina,ARG,2014,43.67282
Argentina,ARG,2015,0
Argentina,ARG,2016,572.46133
Argentina,ARG,2017,303.50681
Argentina,ARG,2018,0
Argentina,ARG,2019,0
Argentina,ARG,2020,32.2154
Armenia,ARM,2005,114.55936
Armenia,ARM,2006,172.30936
Armenia,ARM,2007,234.04119
Armenia,ARM,2008,235.81829
Armenia,ARM,2009,215.25611
Armenia,ARM,2010,250.09819
Armenia,ARM,2011,46.60638
Armenia,ARM,2012,115.01291
Armenia,ARM,2013,328.8513
Armenia,ARM,2014,124.45726
Armenia,ARM,2015,367.73401
Armenia,ARM,2016,307.74361
Armenia,ARM,2017,453.86184
Armenia,ARM,2018,421.90147
Armenia,ARM,2019,443.86996
Armenia,ARM,2020,5742.21524
Australia,AUS,2009,27.79249
Australia,AUS,2010,69.5412
Australia,AUS,2011,62.1387
Australia,AUS,2012,3.8381
Australia,AUS,2013,32.73274
Australia,AUS,2014,1.22672
Australia,AUS,2015,28.1681
Australia,AUS,2016,16.85549
Australia,AUS,2017,47.62044
Australia,AUS,2018,100.11856
Australia,AUS,2019,29.43901
Australia,AUS,2020,54.39708
Austria,AUT,2005,1.35349
Austria,AUT,2006,0.73904
Austria,AUT,2007,1.31595
Austria,AUT,2008,1.82956
Austria,AUT,2009,1.42771
Austria,AUT,2010,0.77826
Austria,AUT,2011,0.68206
Austria,AUT,2012,0.68982
Austria,AUT,2013,6.89778
Austria,AUT,2014,0.35261
Austria,AUT,2015,2.28305
Austria,AUT,2016,0.68966
Austria,AUT,2017,3.08902
Austria,AUT,2018,75.17007
Austria,AUT,2019,130.62034
Austria,AUT,2020,102.08892
Azerbaijan,AZE,2017,0
Bangladesh,BGD,2005,0
Bangladesh,BGD,2006,0
Bangladesh,BGD,2007,6339.80891
Bangladesh,BGD,2008,0
Bangladesh,BGD,2009,0
Bangladesh,BGD,2010,0
Bangladesh,BGD,2011,0
Bangladesh,BGD,2012,0
Bangladesh,BGD,2013,0
Bangladesh,BGD,2014,0
Bangladesh,BGD,2015,2470.88639
Bangladesh,BGD,2016,2837.03522
Bangladesh,BGD,2017,7594.04587
Bangladesh,BGD,2018,22.26379
Bangladesh,BGD,2019,0
Bangladesh,BGD,2020,0
Barbados,BRB,2005,55.37058
Barbados,BRB,2006,47.93225
Barbados,BRB,2007,92.57233
Barbados,BRB,2008,66.08417
Barbados,BRB,2009,107.4324
Barbados,BRB,2010,91.80133
Barbados,BRB,2011,62.54704
Barbados,BRB,2012,32.78134
Barbados,BRB,2013,56.98326
Barbados,BRB,2014,117.96717
Barbados,BRB,2015,69.39406
Barbados,BRB,2016,86.07478
Barbados,BRB,2017,81.40221
Barbados,BRB,2018,69.10925
Belarus,BLR,2015,0
Belarus,BLR,2016,0
Belarus,BLR,2017,0
Belarus,BLR,2018,0
Belarus,BLR,2019,0
Belarus,BLR,2020,0
Belize,BLZ,2005,0
Belize,BLZ,2007,2.67531
Belize,BLZ,2008,1531.83279
Belize,BLZ,2009,20.33974
Belize,BLZ,2010,1532.25931
Belize,BLZ,2011,0
Benin,BEN,2005,0
Benin,BEN,2006,0
Benin,BEN,2007,0
Benin,BEN,2008,0
Benin,BEN,2009,0
Benin,BEN,2010,11819.75858
Benin,BEN,2011,1366.84638
Benin,BEN,2012,480.94856
Benin,BEN,2013,54.16261
Benin,BEN,2014,48.21695
Benin,BEN,2015,222.58164
Benin,BEN,2016,1014.688
Benin,BEN,2017,624.89154
Benin,BEN,2018,1762.48627
Benin,BEN,2019,3116.43422
Benin,BEN,2020,539.82938
Bhutan,BTN,2005,598.75713
Bhutan,BTN,2006,527.6331
Bhutan,BTN,2007,305.2112
Bhutan,BTN,2008,282.82642
Bhutan,BTN,2009,255.63098
Bhutan,BTN,2010,245.89622
Bhutan,BTN,2011,261.06048
Bhutan,BTN,2012,273.63084
Bhutan,BTN,2013,279.53501
Bhutan,BTN,2014,119.57276
Bhutan,BTN,2015,97.0884
Bhutan,BTN,2016,0
Bhutan,BTN,2017,35.34755
Bhutan,BTN,2018,33.17232
Bhutan,BTN,2019,0
Bolivia,BOL,2005,56.35068
Bolivia,BOL,2006,150.00539
Bolivia,BOL,2007,68.48851
Bolivia,BOL,2008,216.46875
Bolivia,BOL,2009,37.4731
Bolivia,BOL,2010,54.73886
Bolivia,BOL,2011,126.24529
Bolivia,BOL,2012,89.05107
Bolivia,BOL,2013,60.2305
Bolivia,BOL,2014,68.41666
Bolivia,BOL,2015,10.01741
Bolivia,BOL,2016,1.14375
Bolivia,BOL,2017,21.72268
Bolivia,BOL,2018,135.33686
Bolivia,BOL,2019,121.02531
Bolivia,BOL,2020,56.35669
Bosnia and Herzegovina,BIH,2017,0
Botswana,BWA,2013,0
Botswana,BWA,2014,0.28727
Botswana,BWA,2015,0
Botswana,BWA,2016,0
Botswana,BWA,2017,300.85439
Botswana,BWA,2018,283.35908
Brazil,BRA,2005,164.16618
Brazil,BRA,2006,131.3571
Brazil,BRA,2007,136.04363
Brazil,BRA,2008,386.95638
Brazil,BRA,2009,596.60552
Brazil,BRA,2010,299.66425
Brazil,BRA,2011,225.31141
Brazil,BRA,2012,214.25704
Brazil,BRA,2013,470.78905
Brazil,BRA,2014,254.13604
Brazil,BRA,2015,310.31816
Brazil,BRA,2016,111.23065
Brazil,BRA,2017,211.99224
Bulgaria,BGR,2005,89.82024
Bulgaria,BGR,2006,7.12305
Bulgaria,BGR,2007,7.31653
Bulgaria,BGR,2008,6.79677
Bulgaria,BGR,2009,0.83292
Bulgaria,BGR,2010,12.61848
Bulgaria,BGR,2011,0
Bulgaria,BGR,2012,118.60716
Bulgaria,BGR,2013,2.36003
Bulgaria,BGR,2014,71.29768
Bulgaria,BGR,2015,20.71631
Bulgaria,BGR,2016,30.9074
Bulgaria,BGR,2017,94.68039
Bulgaria,BGR,2018,8.87138
Bulgaria,BGR,2019,6.17139
Bulgaria,BGR,2020,0.13012
Burkina Faso,BFA,2005,35.15864
Burkina Faso,BFA,2006,138.87575
Burkina Faso,BFA,2007,945.81733
Burkina Faso,BFA,2008,71.27745
Burkina Faso,BFA,2009,1236.74693
Burkina Faso,BFA,2010,185.7418
Burkina Faso,BFA,2011,66.43666
Burkina Faso,BFA,2012,50.37187
Burkina Faso,BFA,2013,24.23396
Burkina Faso,BFA,2014,74.54537
Burkina Faso,BFA,2015,129.83392
Burkina Faso,BFA,2016,200.02735
Burkina Faso,BFA,2017,173.80167
Burkina Faso,BFA,2018,122.54447
Burkina Faso,BFA,2019,0
Burundi,BDI,2015,462.79494
Burundi,BDI,2016,303.96725
Burundi,BDI,2017,529.78408
Burundi,BDI,2018,902.40481
Cambodia,KHM,2005,72.137
Cambodia,KHM,2006,58.43725
Cambodia,KHM,2007,79.12308
Cambodia,KHM,2008,103.04069
Cambodia,KHM,2009,191.56206
Cambodia,KHM,2010,190.49476
Cambodia,KHM,2011,90.46571
Cambodia,KHM,2012,84.16521
Cambodia,KHM,2013,308.585
Cambodia,KHM,2014,43.60861
Cambodia,KHM,2015,171.32997
Cambodia,KHM,2016,133.72657
Cambodia,KHM,2017,276.28134
Cambodia,KHM,2018,0
Cambodia,KHM,2019,495.32718
Cambodia,KHM,2020,0.11962
Cameroon,CMR,2005,42.7512
Cameroon,CMR,2006,36.8839
Cameroon,CMR,2007,32.79553
Cameroon,CMR,2008,58.85566
Cameroon,CMR,2009,47.7619
Cameroon,CMR,2010,11.95015
Cameroon,CMR,2011,26.80916
Cameroon,CMR,2012,280.7488
Cameroon,CMR,2013,21.51988
Cameroon,CMR,2014,115.81214
Cameroon,CMR,2015,18.296
Cameroon,CMR,2016,14.33019
Cameroon,CMR,2017,1.95846
Cameroon,CMR,2018,5.86808
Cameroon,CMR,2019,308.78671
Cameroon,CMR,2020,102.97649
Canada,CAN,2017,0
Canada,CAN,2018,0
Cape Verde,CPV,2006,0
Cape Verde,CPV,2008,0
Cape Verde,CPV,2009,0.82192
Cape Verde,CPV,2014,180.59875
Cape Verde,CPV,2015,0
Cape Verde,CPV,2017,1.67442
Chile,CHL,2005,124.02764
Chile,CHL,2006,101.76237
Chile,CHL,2007,111.99949
Chile,CHL,2008,146.08552
Chile,CHL,2009,0
Chile,CHL,2010,4233.64446
Chile,CHL,2011,32.76891
Chile,CHL,2012,6.35767
Chile,CHL,2013,0
Chile,CHL,2014,210.10122
Chile,CHL,2015,252.04459
Chile,CHL,2016,3.57238
Chile,CHL,2017,84.74449
Chile,CHL,2018,0
Chile,CHL,2019,0
Chile,CHL,2020,0
China,CHN,2015,631.63718
China,CHN,2016,885.2635
China,CHN,2017,479.2322
China,CHN,2018,465.37295
China,CHN,2019,453.07218
China,CHN,2020,505.73351
Colombia,COL,2005,592.62845
Colombia,COL,2006,525.65597
Colombia,COL,2007,384.98252
Colombia,COL,2008,1304.97645
Colombia,COL,2009,544.00479
Colombia,COL,2010,5206.61318
Colombia,COL,2011,4617.208
Colombia,COL,2012,988.99736
Colombia,COL,2013,595.38734
Colombia,COL,2014,520.73583
Colombia,COL,2015,437.33218
Colombia,COL,2016,1173.35568
Colombia,COL,2017,482.93615
Colombia,COL,2018,389.76013
Colombia,COL,2019,247.3678
Colombia,COL,2020,438.25765
Comoros,COM,2005,330.8815
Comoros,COM,2006,0
Comoros,COM,2007,0
Comoros,COM,2008,0
Comoros,COM,2009,10.45827
Comoros,COM,2011,65.35521
Comoros,COM,2012,9192.12364
Comoros,COM,2013,143.58756
Comoros,COM,2014,881.28885
Comoros,COM,2015,396.68937
Comoros,COM,2016,35.60118
Comoros,COM,2017,69.43212
Comoros,COM,2018,0
Comoros,COM,2019,6895.0077
Cook Islands,COK,2005,5878.34295
Cook Islands,COK,2007,0
Cook Islands,COK,2009,0
Cook Islands,COK,2010,24157.24228
Cook Islands,COK,2020,0
Costa Rica,CRI,2005,523.88426
Costa Rica,CRI,2006,5.23529
Costa Rica,CRI,2007,110.24363
Costa Rica,CRI,2008,22924.12801
Costa Rica,CRI,2009,7.40602
Costa Rica,CRI,2010,131.60872
Costa Rica,CRI,2011,0.13066
Costa Rica,CRI,2012,231.46939
Costa Rica,CRI,2013,0.33947
Costa Rica,CRI,2014,0.58662
Costa Rica,CRI,2015,30.79326
Costa Rica,CRI,2016,208.26637
Costa Rica,CRI,2017,545.83332
Costa Rica,CRI,2018,0.07995
Costa Rica,CRI,2019,249.44647
Costa Rica,CRI,2020,3328.99779
Cote d'Ivoire,CIV,2005,6.63597
Cote d'Ivoire,CIV,2006,0.02666
Cote d'Ivoire,CIV,2007,0.15648
Cote d'Ivoire,CIV,2008,0
Cote d'Ivoire,CIV,2009,0.87741
Cote d'Ivoire,CIV,2010,9.99856
Cote d'Ivoire,CIV,2011,0.0428
Cote d'Ivoire,CIV,2012,0
Cote d'Ivoire,CIV,2013,3.47255
Cote d'Ivoire,CIV,2014,44.98032
Cote d'Ivoire,CIV,2015,29.7811
Croatia,HRV,2016,0
Croatia,HRV,2017,175.73384
Cuba,CUB,2005,4805.45103
Cuba,CUB,2006,48.45825
Cuba,CUB,2007,1595.20161
Cuba,CUB,2008,17276.29544
Cuba,CUB,2012,7015.56492
Cuba,CUB,2014,0
Cuba,CUB,2015,0
Cuba,CUB,2016,1236.14173
Cuba,CUB,2017,4751.29098
Cuba,CUB,2018,219.26865
Cyprus,CYP,2005,2.82195
Cyprus,CYP,2006,1.626
Cyprus,CYP,2007,13.81958
Cyprus,CYP,2008,2.03408
Cyprus,CYP,2009,108.00582
Cyprus,CYP,2010,27.50273
Cyprus,CYP,2011,41.51713
Cyprus,CYP,2012,0.79292
Cyprus,CYP,2013,0.17485
Cyprus,CYP,2014,114.0331
Cyprus,CYP,2015,7.57976
Cyprus,CYP,2016,0.85456
Cyprus,CYP,2017,0
Cyprus,CYP,2018,78.62019
Cyprus,CYP,2019,0
Cyprus,CYP,2020,0
Czechia,CZE,2015,0
Czechia,CZE,2016,0
Czechia,CZE,2017,292.1851
Denmark,DNK,2015,0
Denmark,DNK,2016,0
Denmark,DNK,2017,0
Denmark,DNK,2018,0
Denmark,DNK,2019,0
Denmark,DNK,2020,2874.09946
Djibouti,DJI,2005,5.61763
Djibouti,DJI,2006,14.72524
Djibouti,DJI,2007,1.48984
Djibouti,DJI,2008,9.18711
Djibouti,DJI,2009,17.03269
Djibouti,DJI,2010,4.64179
Djibouti,DJI,2011,17.80545
Djibouti,DJI,2012,1.49746
Dominica,DMA,2007,4763.25128
Dominica,DMA,2009,5.65395
Dominica,DMA,2010,969.88548
Dominica,DMA,2011,613.09362
Dominica,DMA,2012,30.22496
Dominica,DMA,2013,6073.96135
Dominica,DMA,2014,12.77738
Ecuador,ECU,2005,52.22106
Ecuador,ECU,2006,89.5701
Ecuador,ECU,2007,60.13337
Ecuador,ECU,2008,410.64301
Ecuador,ECU,2009,55.97515
Ecuador,ECU,2010,0
Ecuador,ECU,2011,3.19001
Ecuador,ECU,2012,47.27796
Ecuador,ECU,2013,0
Ecuador,ECU,2014,0
Ecuador,ECU,2015,0
Ecuador,ECU,2016,495.62792
Ecuador,ECU,2017,142.8088
Ecuador,ECU,2018,0
Ecuador,ECU,2019,0.26639
Ecuador,ECU,2020,0
Egypt,EGY,2005,36.27453
Egypt,EGY,2006,35.47349
Egypt,EGY,2007,43.14972
Egypt,EGY,2008,49.45237
Egypt,EGY,2009,47.70092
Egypt,EGY,2010,47.3841
Egypt,EGY,2011,35.18832
Egypt,EGY,2012,27.36282
Egypt,EGY,2013,26.28595
Egypt,EGY,2014,28.68671
Egypt,EGY,2015,22.85128
Egypt,EGY,2016,23.81042
Egypt,EGY,2017,21.33428
Egypt,EGY,2018,18.93558
Egypt,EGY,2019,23.09193
Egypt,EGY,2020,155.37162
El Salvador,SLV,2005,420.54657
El Salvador,SLV,2006,299.2403
El Salvador,SLV,2007,256.24774
El Salvador,SLV,2008,663.95217
El Salvador,SLV,2009,112.78602
El Salvador,SLV,2010,456.73612
El Salvador,SLV,2011,964.17928
El Salvador,SLV,2012,24.30296
El Salvador,SLV,2013,12.91079
El Salvador,SLV,2014,21.92173
El Salvador,SLV,2015,0
Equatorial Guinea,GNQ,2010,1.27167
Equatorial Guinea,GNQ,2012,6.69129
Equatorial Guinea,GNQ,2013,0.74321
Equatorial Guinea,GNQ,2014,1.06926
Equatorial Guinea,GNQ,2015,0
Equatorial Guinea,GNQ,2016,117.43107
Equatorial Guinea,GNQ,2017,19.88894
Equatorial Guinea,GNQ,2018,0
Equatorial Guinea,GNQ,2019,0
Estonia,EST,2005,137.51361
Estonia,EST,2006,0
Estonia,EST,2007,0
Estonia,EST,2008,0
Estonia,EST,2009,0
Estonia,EST,2010,45.06281
Estonia,EST,2011,0
Estonia,EST,2012,0
Estonia,EST,2013,0
Estonia,EST,2014,0
Estonia,EST,2015,0
Estonia,EST,2016,0
Estonia,EST,2017,0
Estonia,EST,2018,0
Eswatini,SWZ,2005,217.33121
Eswatini,SWZ,2006,217.82136
Eswatini,SWZ,2007,34318.33287
Eswatini,SWZ,2008,27900.25074
Eswatini,SWZ,2009,24785.50736
Eswatini,SWZ,2010,18262.23631
Eswatini,SWZ,2011,15568.00931
Eswatini,SWZ,2012,9415.39538
Eswatini,SWZ,2013,20226.07894
Eswatini,SWZ,2014,23348.1801
Eswatini,SWZ,2015,17947.24735
Eswatini,SWZ,2016,56762.46207
Eswatini,SWZ,2017,16401.10931
Eswatini,SWZ,2018,52.22873
Eswatini,SWZ,2019,34317.88826
Eswatini,SWZ,2020,30246.14985
Ethiopia,ETH,2005,7584.6735
Ethiopia,ETH,2006,13827.71409
Ethiopia,ETH,2007,4281.55325
Ethiopia,ETH,2008,3115.50734
Ethiopia,ETH,2009,6444.42828
Ethiopia,ETH,2010,7983.47314
Ethiopia,ETH,2011,3490.31934
Ethiopia,ETH,2012,3916.52934
Ethiopia,ETH,2013,3051.18013
Ethiopia,ETH,2014,2216.55335
Ethiopia,ETH,2015,8790.95299
Ethiopia,ETH,2016,11035.84513
Ethiopia,ETH,2017,10189.86438
Ethiopia,ETH,2018,8561.16494
Ethiopia,ETH,2019,8284.28014
Fiji,FJI,2005,0
Fiji,FJI,2006,8.66823
Fiji,FJI,2007,1.6721
Fiji,FJI,2008,110.03416
Fiji,FJI,2009,1719.66898
Fiji,FJI,2010,899.47962
Fiji,FJI,2011,46.24643
Fiji,FJI,2012,4320.22684
Fiji,FJI,2014,0
Fiji,FJI,2015,0
Fiji,FJI,2016,72748.17907
Fiji,FJI,2017,0
Fiji,FJI,2018,17572.70806
Fiji,FJI,2019,8775.73716
Fiji,FJI,2020,26594.23745
Finland,FIN,2005,11.66698
Finland,FIN,2006,8.61872
Finland,FIN,2007,6.15038
Finland,FIN,2008,8.48617
Finland,FIN,2009,6.33476
Finland,FIN,2010,6.0462
Finland,FIN,2011,4.27677
Finland,FIN,2012,7.40785
Finland,FIN,2013,4.51271
Finland,FIN,2014,5.06236
Finland,FIN,2015,3.79562
Finland,FIN,2016,4.87716
Finland,FIN,2017,4.98809
Finland,FIN,2018,5.54294
Finland,FIN,2019,1.23198
France,FRA,2015,0
France,FRA,2016,6.54773
France,FRA,2017,17.34202
France,FRA,2018,12.74617
France,FRA,2019,0
French Polynesia,PYF,2007,0
Gambia,GMB,2005,0
Gambia,GMB,2006,0
Gambia,GMB,2007,0
Gambia,GMB,2008,52.17975
Gambia,GMB,2009,954.33083
Gambia,GMB,2010,3001.4516
Gambia,GMB,2012,22466.95573
Gambia,GMB,2013,177.68866
Gambia,GMB,2015,119.91292
Gambia,GMB,2016,1583.7444
Gambia,GMB,2017,3023.3456
Gambia,GMB,2018,4092.81594
Gambia,GMB,2019,4115.75341
Georgia,GEO,2017,2.76408
Georgia,GEO,2018,5.30883
Georgia,GEO,2019,2.17676
Georgia,GEO,2020,5702.73302
Germany,DEU,2015,0
Germany,DEU,2017,0
Germany,DEU,2018,0
Ghana,GHA,2011,0.04333
Ghana,GHA,2012,18.78718
Ghana,GHA,2013,0.02631
Ghana,GHA,2014,0
Ghana,GHA,2015,0.55298
Ghana,GHA,2016,1.38684
Ghana,GHA,2017,1.22933
Ghana,GHA,2018,0.8712
Ghana,GHA,2019,1337.95294
Ghana,GHA,2020,71872.40128
Grenada,GRD,2005,29078.52243
Grenada,GRD,2007,0
Grenada,GRD,2008,0
Grenada,GRD,2009,0.9453
Grenada,GRD,2010,0
Grenada,GRD,2011,72.10683
Grenada,GRD,2012,0
Grenada,GRD,2014,0
Grenada,GRD,2019,0
Guam,GUM,2015,0
Guatemala,GTM,2005,0
Guatemala,GTM,2006,0
Guatemala,GTM,2007,0
Guatemala,GTM,2008,149.96007
Guatemala,GTM,2009,11.70133
Guatemala,GTM,2010,195.19817
Guatemala,GTM,2011,58.95091
Guatemala,GTM,2012,391.13506
Guatemala,GTM,2013,15.17061
Guatemala,GTM,2014,197.76212
Guatemala,GTM,2015,105.07497
Guatemala,GTM,2016,272.18321
Guatemala,GTM,2017,551.76049
Guatemala,GTM,2018,152.49691
Guatemala,GTM,2019,69.34301
Guatemala,GTM,2020,5462.65604
Guinea,GIN,2014,0
Guinea,GIN,2015,0
Guinea-Bissau,GNB,2017,183.79276
Guinea-Bissau,GNB,2018,0.48018
Guyana,GUY,2005,75877.16656
Guyana,GUY,2006,9181.28216
Guyana,GUY,2007,61.45622
Guyana,GUY,2008,56.6859
Guyana,GUY,2009,51.11341
Guyana,GUY,2010,100.51681
Guyana,GUY,2011,585.74886
Guyana,GUY,2012,42.18426
Guyana,GUY,2013,116.98289
Honduras,HND,2005,549.7198
Honduras,HND,2006,73.72044
Honduras,HND,2007,577.48809
Honduras,HND,2008,1274.80454
Honduras,HND,2009,845.67549
Honduras,HND,2010,1289.03963
Honduras,HND,2011,1.08334
Honduras,HND,2012,11.79477
Honduras,HND,2013,10.26888
Honduras,HND,2014,5.47903
Honduras,HND,2015,5.68995
Honduras,HND,2016,9.82251
Honduras,HND,2017,21.53504
Honduras,HND,2018,9.5093
Honduras,HND,2019,0
Honduras,HND,2020,623.55902
Hungary,HUN,2020,0
India,IND,2005,0
India,IND,2006,0
India,IND,2007,0
India,IND,2008,0
India,IND,2009,0
India,IND,2010,0
India,IND,2011,0
India,IND,2012,0
India,IND,2013,0
India,IND,2014,0
India,IND,2015,14742.57505
India,IND,2016,13705.7288
India,IND,2017,13380.79392
India,IND,2018,10738.61094
India,IND,2019,4000.65099
India,IND,2020,0
Indonesia,IDN,2005,259.03793
Indonesia,IDN,2006,920.10924
Indonesia,IDN,2007,486.08892
Indonesia,IDN,2008,171.70202
Indonesia,IDN,2009,1237.74396
Indonesia,IDN,2010,139.71016
Indonesia,IDN,2011,152.44677
Indonesia,IDN,2012,110.62352
Indonesia,IDN,2013,181.65881
Indonesia,IDN,2014,110.87352
Indonesia,IDN,2015,50.09236
Indonesia,IDN,2016,93.48869
Indonesia,IDN,2017,95.53922
Indonesia,IDN,2018,4200.03929
Indonesia,IDN,2019,431.9238
Indonesia,IDN,2020,1840.37488
Iran,IRN,2005,163.10948
Iran,IRN,2006,419.23609
Iran,IRN,2007,12.33731
Iran,IRN,2008,14.53953
Iran,IRN,2009,15.78886
Iran,IRN,2010,42.94051
Iran,IRN,2011,40.74364
Iraq,IRQ,2007,76.42995
Iraq,IRQ,2008,220.56199
Iraq,IRQ,2009,229.38015
Iraq,IRQ,2010,202.18699
Iraq,IRQ,2011,200.76895
Iraq,IRQ,2012,201.66832
Iraq,IRQ,2013,199.71903
Iraq,IRQ,2014,197.95056
Iraq,IRQ,2015,208.91385
Iraq,IRQ,2016,193.58224
Iraq,IRQ,2017,194.289
Iraq,IRQ,2018,37.89458
Ireland,IRL,2015,0
Ireland,IRL,2016,44.07937
Ireland,IRL,2017,0
Italy,ITA,2010,0
Italy,ITA,2011,0
Italy,ITA,2012,0
Italy,ITA,2013,0
Italy,ITA,2014,0
Italy,ITA,2015,0
Italy,ITA,2016,0
Italy,ITA,2017,0
Italy,ITA,2018,0.13227
Italy,ITA,2019,0.11266
Italy,ITA,2020,0
Jamaica,JAM,2005,1019.92701
Jamaica,JAM,2006,9.65723
Jamaica,JAM,2007,4760.29982
Jamaica,JAM,2008,1068.52623
Jamaica,JAM,2009,3.32637
Jamaica,JAM,2010,268.71008
Jamaica,JAM,2011,1.8401
Jamaica,JAM,2012,1144.45936
Jamaica,JAM,2014,0
Jamaica,JAM,2020,0
Japan,JPN,2005,0
Japan,JPN,2006,0
Japan,JPN,2007,0
Japan,JPN,2008,0
Japan,JPN,2009,0
Japan,JPN,2010,0
Japan,JPN,2011,0
Japan,JPN,2012,0
Japan,JPN,2013,0
Japan,JPN,2014,0
Japan,JPN,2015,54.38226
Japan,JPN,2016,173.89704
Japan,JPN,2017,44.96331
Japan,JPN,2018,350.9673
Japan,JPN,2019,218.40006
Japan,JPN,2020,0
Jordan,JOR,2005,2.39667
Jordan,JOR,2006,5.53306
Jordan,JOR,2007,4.70029
Jordan,JOR,2008,1.25536
Jordan,JOR,2009,1.55624
Jordan,JOR,2010,2.94118
Jordan,JOR,2011,1.0725
Jordan,JOR,2012,0.14811
Jordan,JOR,2013,9.55139
Jordan,JOR,2014,11.24489
Jordan,JOR,2015,13.28198
Jordan,JOR,2016,13.39049
Jordan,JOR,2017,10.6038
Jordan,JOR,2018,7.3334
Jordan,JOR,2019,1.4948
Jordan,JOR,2020,0.15681
Kazakhstan,KAZ,2005,2.88908
Kazakhstan,KAZ,2006,0
Kazakhstan,KAZ,2007,0
Kazakhstan,KAZ,2008,0
Kazakhstan,KAZ,2009,0
Kazakhstan,KAZ,2010,0
Kazakhstan,KAZ,2011,8.49571
Kazakhstan,KAZ,2012,0
Kazakhstan,KAZ,2013,0
Kazakhstan,KAZ,2014,0.01734
Kazakhstan,KAZ,2015,0.02276
Kazakhstan,KAZ,2016,25.37168
Kazakhstan,KAZ,2017,125.80447
Kazakhstan,KAZ,2018,85.6706
Kazakhstan,KAZ,2019,1.89996
Kazakhstan,KAZ,2020,816.41248
Kenya,KEN,2005,0.04096
Kenya,KEN,2006,9.89401
Kenya,KEN,2007,0.2997
Kenya,KEN,2008,26.21382
Kenya,KEN,2009,130.61528
Kenya,KEN,2010,88.24743
Kenya,KEN,2011,12.99496
Kenya,KEN,2012,28.36494
Kenya,KEN,2013,3.30185
Kenya,KEN,2014,4.18629
Kenya,KEN,2015,37.447
Kenya,KEN,2016,5.14153
Kenya,KEN,2017,0.05575
Kenya,KEN,2019,1.52737
Kenya,KEN,2020,4.69767
Kiribati,KIR,2008,86.06723
Kiribati,KIR,2014,40.22416
Kiribati,KIR,2015,2276.2766
Kiribati,KIR,2016,0
Kiribati,KIR,2018,0
Kiribati,KIR,2019,2.56924
Kiribati,KIR,2020,13.61952
Kuwait,KWT,2005,0
Kuwait,KWT,2006,0
Kuwait,KWT,2007,0
Kuwait,KWT,2008,0
Kuwait,KWT,2009,0
Kuwait,KWT,2010,0
Kuwait,KWT,2011,0.0308
Kuwait,KWT,2012,0
Kuwait,KWT,2013,0
Kuwait,KWT,2014,0
Kuwait,KWT,2015,0
Kuwait,KWT,2016,0
Kuwait,KWT,2017,0
Kuwait,KWT,2020,0
Kyrgyzstan,KGZ,2005,204.1433
Kyrgyzstan,KGZ,2006,0
Kyrgyzstan,KGZ,2007,0
Kyrgyzstan,KGZ,2008,0
Kyrgyzstan,KGZ,2009,0
Kyrgyzstan,KGZ,2010,0
Kyrgyzstan,KGZ,2011,0
Kyrgyzstan,KGZ,2012,29.26932
Kyrgyzstan,KGZ,2013,0
Kyrgyzstan,KGZ,2014,0
Kyrgyzstan,KGZ,2015,537.73473
Kyrgyzstan,KGZ,2016,114.22876
Kyrgyzstan,KGZ,2017,17.97987
Kyrgyzstan,KGZ,2018,34.77872
Kyrgyzstan,KGZ,2019,18
Kyrgyzstan,KGZ,2020,1253.40421
Laos,LAO,2005,82.58464
Laos,LAO,2006,45.96246
Laos,LAO,2007,1286.11679
Laos,LAO,2008,745.15887
Laos,LAO,2009,1467.12572
Laos,LAO,2010,710.89463
Laos,LAO,2011,5895.19066
Laos,LAO,2012,48.47524
Lebanon,LBN,2005,0.08513
Lebanon,LBN,2006,0.02101
Lebanon,LBN,2007,1.27954
Lebanon,LBN,2008,9.75918
Lebanon,LBN,2009,1.39206
Lebanon,LBN,2010,0
Lebanon,LBN,2011,0
Lebanon,LBN,2012,1.46272
Lebanon,LBN,2013,0.52427
Lebanon,LBN,2014,0.25555
Lebanon,LBN,2015,0
Lebanon,LBN,2016,1.68867
Lebanon,LBN,2017,4.95305
Lebanon,LBN,2018,1.16806
Lebanon,LBN,2019,8.81018
Lebanon,LBN,2020,0
Liberia,LBR,2014,0
Liberia,LBR,2015,0
Liberia,LBR,2016,0
Liberia,LBR,2020,1609.76938
Luxembourg,LUX,2014,0
Luxembourg,LUX,2017,0
Luxembourg,LUX,2018,0
Madagascar,MDG,2005,181.35739
Madagascar,MDG,2006,8.96704
Madagascar,MDG,2007,1352.9973
Madagascar,MDG,2008,3169.61849
Madagascar,MDG,2009,28.42611
Madagascar,MDG,2010,617.26656
Madagascar,MDG,2011,571.92868
Madagascar,MDG,2012,1855.90309
Madagascar,MDG,2013,982.56807
Madagascar,MDG,2014,19.7627
Madagascar,MDG,2015,174.77041
Madagascar,MDG,2016,172.48478
Madagascar,MDG,2017,2471.76132
Madagascar,MDG,2018,734.13183
Malawi,MWI,2005,34972.02191
Malawi,MWI,2006,26241.52352
Malawi,MWI,2007,2349.96019
Malawi,MWI,2008,9534.23958
Malawi,MWI,2009,2408.70343
Malawi,MWI,2010,1535.30928
Malawi,MWI,2011,27651.78029
Malawi,MWI,2012,26730.32521
Malawi,MWI,2013,9862.77755
Malawi,MWI,2014,5239.82496
Malawi,MWI,2015,13185.1591
Malawi,MWI,2016,1888.14637
Malawi,MWI,2017,568.61125
Malawi,MWI,2018,782.83528
Malawi,MWI,2019,26971.95851
Malawi,MWI,2020,667.91767
Malaysia,MYS,2005,39.00098
Malaysia,MYS,2006,118.79517
Malaysia,MYS,2007,163.47973
Malaysia,MYS,2008,23.37164
Malaysia,MYS,2009,50.7131
Malaysia,MYS,2010,34.56623
Malaysia,MYS,2011,54.3562
Malaysia,MYS,2012,224.76449
Malaysia,MYS,2013,488.9934
Malaysia,MYS,2014,1816.15188
Malaysia,MYS,2015,90.768
Malaysia,MYS,2016,256.44649
Malaysia,MYS,2017,555.49206
Malaysia,MYS,2018,159.01588
Malaysia,MYS,2019,549.51265
Malaysia,MYS,2020,636.36308
Maldives,MDV,2005,316.64184
Maldives,MDV,2006,1675.78148
Maldives,MDV,2007,1374.51816
Maldives,MDV,2008,38.43377
Maldives,MDV,2017,14.71815
Maldives,MDV,2019,0
Mali,MLI,2005,0
Mali,MLI,2006,52.80467
Mali,MLI,2007,244.8164
Mali,MLI,2008,34.07357
Mali,MLI,2009,142.47577
Mali,MLI,2010,442.45759
Mali,MLI,2011,87.31779
Mali,MLI,2012,518.30809
Mali,MLI,2013,71.82435
Mali,MLI,2014,36.08671
Mali,MLI,2017,1399.55702
Mali,MLI,2018,0
Marshall Islands,MHL,2006,0
Marshall Islands,MHL,2008,170.92191
Marshall Islands,MHL,2011,0
Marshall Islands,MHL,2013,0
Marshall Islands,MHL,2014,526.73163
Marshall Islands,MHL,2015,0
Marshall Islands,MHL,2016,51642.27398
Marshall Islands,MHL,2017,13222.8451
Marshall Islands,MHL,2018,0
Marshall Islands,MHL,2019,67429.17341
Marshall Islands,MHL,2020,106697.01644
Mauritania,MRT,2017,0
Mauritius,MUS,2005,96.64405
Mauritius,MUS,2006,72.14461
Mauritius,MUS,2007,118.32497
Mauritius,MUS,2008,245.54937
Mauritius,MUS,2009,49.43746
Mauritius,MUS,2010,12.821
Mauritius,MUS,2011,7.9132
Mauritius,MUS,2012,17.63079
Mauritius,MUS,2013,311.12152
Mauritius,MUS,2014,9.54387
Mauritius,MUS,2020,0
Mexico,MEX,2005,482.9479
Mexico,MEX,2006,200.5872
Mexico,MEX,2007,834.16552
Mexico,MEX,2008,225.43452
Mexico,MEX,2009,179.9967
Mexico,MEX,2010,801.51442
Mexico,MEX,2011,176.07739
Mexico,MEX,2012,179.16518
Mexico,MEX,2013,208.13155
Mexico,MEX,2014,131.33293
Mexico,MEX,2015,45.6434
Mexico,MEX,2016,72.91465
Mexico,MEX,2017,759.20869
Mexico,MEX,2018,209.71025
Mexico,MEX,2019,72.06483
Mexico,MEX,2020,42.62933
Micronesia (country),FSM,2006,0
Micronesia (country),FSM,2008,0
Micronesia (country),FSM,2009,0
Micronesia (country),FSM,2011,0
Micronesia (country),FSM,2015,7300.39192
Micronesia (country),FSM,2016,0
Micronesia (country),FSM,2017,0
Micronesia (country),FSM,2018,1213.96928
Micronesia (country),FSM,2019,29266.63215
Micronesia (country),FSM,2020,0
Monaco,MCO,2017,0
Monaco,MCO,2018,0
Monaco,MCO,2019,0
Mongolia,MNG,2005,216.49646
Mongolia,MNG,2006,223.3617
Mongolia,MNG,2007,267.54988
Mongolia,MNG,2008,374.04982
Mongolia,MNG,2009,234.43871
Mongolia,MNG,2010,329.08748
Mongolia,MNG,2011,246.40196
Mongolia,MNG,2012,309.37211
Mongolia,MNG,2013,325.02047
Mongolia,MNG,2014,281.94739
Mongolia,MNG,2015,1100.79934
Mongolia,MNG,2016,2804.16098
Mongolia,MNG,2017,267.91286
Mongolia,MNG,2018,357.05033
Mongolia,MNG,2019,218.81387
Mongolia,MNG,2020,185.31414
Montenegro,MNE,2005,364.52492
Montenegro,MNE,2006,54.30595
Montenegro,MNE,2007,16.60843
Montenegro,MNE,2008,376.74697
Montenegro,MNE,2009,94.0564
Montenegro,MNE,2010,579.71061
Montenegro,MNE,2011,39.64187
Montenegro,MNE,2012,1813.04112
Montenegro,MNE,2013,163.71354
Montenegro,MNE,2014,61.43356
Montenegro,MNE,2015,125.36988
Montenegro,MNE,2016,21.69361
Montenegro,MNE,2017,358.62738
Montenegro,MNE,2018,1211.68008
Morocco,MAR,2005,0.01324
Morocco,MAR,2006,0.0098
Morocco,MAR,2007,0.08065
Morocco,MAR,2008,0.07964
Morocco,MAR,2009,27.03739
Morocco,MAR,2010,0.94464
Morocco,MAR,2011,0.07981
Morocco,MAR,2012,0
Morocco,MAR,2013,0
Morocco,MAR,2014,0.26369
Morocco,MAR,2015,0.25495
Morocco,MAR,2016,2.92288
Morocco,MAR,2017,0.07747
Morocco,MAR,2018,4.36121
Morocco,MAR,2019,2.11315
Morocco,MAR,2020,0.07232
Mozambique,MOZ,2005,113.39835
Mozambique,MOZ,2006,131.44649
Mozambique,MOZ,2007,1206.51301
Mozambique,MOZ,2008,2017.40585
Mozambique,MOZ,2009,117.91569
Mozambique,MOZ,2010,15.12436
Mozambique,MOZ,2011,76.35575
Mozambique,MOZ,2012,146.88164
Mozambique,MOZ,2015,1585.91967
Mozambique,MOZ,2016,6065.55354
Mozambique,MOZ,2017,1736.6548
Mozambique,MOZ,2018,232.07503
Mozambique,MOZ,2019,0
Myanmar,MMR,2005,188.51613
Myanmar,MMR,2006,184.02142
Myanmar,MMR,2007,92.09428
Myanmar,MMR,2008,39743.9635
Myanmar,MMR,2009,345.71152
Myanmar,MMR,2010,1095.60936
Myanmar,MMR,2011,922.09657
Myanmar,MMR,2012,644.66434
Myanmar,MMR,2013,704.45431
Myanmar,MMR,2014,130.50136
Myanmar,MMR,2015,1079.69767
Myanmar,MMR,2016,2010.48474
Myanmar,MMR,2017,1916.45126
Myanmar,MMR,2018,0
Myanmar,MMR,2019,373.06565
Myanmar,MMR,2020,3.33832
Namibia,NAM,2008,10226.47157
Namibia,NAM,2009,32188.79757
Namibia,NAM,2011,6704.83158
Namibia,NAM,2012,0
Namibia,NAM,2013,0.35818
Namibia,NAM,2015,26333.49376
Namibia,NAM,2016,28072.61638
Namibia,NAM,2017,87.12413
Namibia,NAM,2018,400.08007
Namibia,NAM,2019,86979.651
Nepal,NPL,2005,44.9891
Nepal,NPL,2006,253.23601
Nepal,NPL,2007,255.68322
Nepal,NPL,2008,418.39231
Nepal,NPL,2009,277.21535
Nepal,NPL,2010,698.8569
Nepal,NPL,2011,52.81095
Nepal,NPL,2012,145.60304
Nepal,NPL,2013,99.7786
Nepal,NPL,2014,1317.58411
Nepal,NPL,2015,36487.26025
Nepal,NPL,2016,297.48701
Nepal,NPL,2017,3856.26248
Nepal,NPL,2018,219.9127
Nepal,NPL,2019,619.40336
Nepal,NPL,2020,261.84074
Netherlands,NLD,2017,0
Netherlands,NLD,2018,0
Netherlands,NLD,2019,0
New Caledonia,NCL,2009,0
New Caledonia,NCL,2011,0
New Caledonia,NCL,2017,1.44321
New Caledonia,NCL,2018,0
New Caledonia,NCL,2019,0.35366
New Caledonia,NCL,2020,0.70055
New Zealand,NZL,2005,0
New Zealand,NZL,2006,0
New Zealand,NZL,2007,0
New Zealand,NZL,2008,0
New Zealand,NZL,2009,0
New Zealand,NZL,2010,0
New Zealand,NZL,2011,0
New Zealand,NZL,2012,0
New Zealand,NZL,2013,0
New Zealand,NZL,2014,0
New Zealand,NZL,2015,174.33688
New Zealand,NZL,2016,1925.16833
New Zealand,NZL,2017,563.69553
New Zealand,NZL,2018,11.11452
New Zealand,NZL,2019,1.78536
New Zealand,NZL,2020,14.58953
Nicaragua,NIC,2005,76.43382
Nicaragua,NIC,2006,1.39651
Nicaragua,NIC,2007,631.72778
Nicaragua,NIC,2008,487.78672
Nicaragua,NIC,2009,156.27779
Nicaragua,NIC,2010,158.1715
Nicaragua,NIC,2011,94.49376
Nicaragua,NIC,2012,116.35545
Nicaragua,NIC,2013,151.32466
Niger,NER,2005,7872.32998
Niger,NER,2006,2802.26072
Niger,NER,2007,4908.94391
Niger,NER,2008,1860.88592
Niger,NER,2009,7204.86283
Niger,NER,2010,8136.47938
Niger,NER,2011,15379.22732
Niger,NER,2012,3804.71893
Niger,NER,2013,8133.48605
Niger,NER,2014,952.51821
Niger,NER,2015,26162.55482
Niger,NER,2016,33849.47556
Niger,NER,2017,26594.15226
Niger,NER,2018,22497.98212
Niger,NER,2019,96.07003
Niue,NIU,2012,0
Niue,NIU,2020,0
Northern Mariana Islands,MNP,2014,0
Northern Mariana Islands,MNP,2015,0
Norway,NOR,2017,399.32929
Pakistan,PAK,2005,80.03792
Pakistan,PAK,2006,466.47101
Pakistan,PAK,2007,0
Pakistan,PAK,2008,0.10079
Pakistan,PAK,2009,222.80908
Pakistan,PAK,2010,1.65139
Pakistan,PAK,2011,0.64361
Pakistan,PAK,2012,1.54955
Pakistan,PAK,2013,0.54428
Pakistan,PAK,2014,0.34459
Pakistan,PAK,2015,0.67945
Pakistan,PAK,2016,2.47045
Pakistan,PAK,2017,0.69402
Pakistan,PAK,2018,5.48387
Pakistan,PAK,2019,0.42204
Pakistan,PAK,2020,0.18289
Palau,PLW,2009,0
Palau,PLW,2011,0
Palau,PLW,2012,7507.79699
Palestine,PSE,2005,0.19564
Palestine,PSE,2006,0.19113
Palestine,PSE,2007,0
Palestine,PSE,2008,0
Palestine,PSE,2009,26.98548
Palestine,PSE,2010,10.75048
Palestine,PSE,2011,0
Palestine,PSE,2012,5.35179
Palestine,PSE,2013,46.45183
Palestine,PSE,2015,38.34085
Palestine,PSE,2016,49.71908
Palestine,PSE,2017,43.58429
Palestine,PSE,2018,6.28346
Panama,PAN,2005,371.8671
Panama,PAN,2006,295.6653
Panama,PAN,2007,338.88578
Panama,PAN,2008,2201.52187
Panama,PAN,2009,221.47314
Panama,PAN,2010,1295.74537
Panama,PAN,2011,578.98615
Panama,PAN,2012,282.68448
Panama,PAN,2013,44.34946
Panama,PAN,2014,1672.48907
Panama,PAN,2015,62.99625
Panama,PAN,2016,98.11564
Panama,PAN,2017,69.22726
Panama,PAN,2018,81.52041
Panama,PAN,2019,33.79301
Panama,PAN,2020,88.23186
Papua New Guinea,PNG,2005,0.03079
Papua New Guinea,PNG,2006,3.24964
Papua New Guinea,PNG,2007,826.67218
Papua New Guinea,PNG,2008,521.67369
Papua New Guinea,PNG,2009,8.11782
Papua New Guinea,PNG,2010,0
Papua New Guinea,PNG,2011,0
Papua New Guinea,PNG,2012,2.25396
Papua New Guinea,PNG,2013,3.38966
Papua New Guinea,PNG,2014,0
Papua New Guinea,PNG,2015,0
Papua New Guinea,PNG,2019,23.92857
Papua New Guinea,PNG,2020,41.2125
Paraguay,PRY,2005,6.90339
Paraguay,PRY,2006,100.50494
Paraguay,PRY,2007,3131.58928
Paraguay,PRY,2008,1338.86581
Paraguay,PRY,2009,8706.90805
Paraguay,PRY,2010,978.29881
Paraguay,PRY,2011,407.79309
Paraguay,PRY,2012,162.07914
Paraguay,PRY,2013,2645.4991
Paraguay,PRY,2014,4914.35479
Paraguay,PRY,2015,1202.41169
Paraguay,PRY,2016,0
Paraguay,PRY,2017,116.97461
Paraguay,PRY,2018,1729.79291
Paraguay,PRY,2019,2844.50508
Peru,PER,2005,3425.64006
Peru,PER,2006,3661.48194
Peru,PER,2007,7580.6492
Peru,PER,2008,5042.9836
Peru,PER,2009,3343.58288
Peru,PER,2010,3092.67216
Peru,PER,2011,3610.323
Peru,PER,2012,3985.12404
Peru,PER,2013,2567.28565
Peru,PER,2014,1105.37439
Peru,PER,2015,4788.91916
Peru,PER,2016,7340.07916
Peru,PER,2017,7510.17297
Peru,PER,2018,3598.38747
Peru,PER,2019,636.64826
Peru,PER,2020,1151.73358
Philippines,PHL,2005,132.12254
Philippines,PHL,2006,7149.8557
Philippines,PHL,2007,155.17539
Philippines,PHL,2008,9174.73347
Philippines,PHL,2009,4442.99392
Philippines,PHL,2010,1613.32646
Philippines,PHL,2011,5847.54882
Philippines,PHL,2012,5805.1474
Philippines,PHL,2013,14506.55166
Philippines,PHL,2014,9425.71558
Philippines,PHL,2015,5954.80042
Philippines,PHL,2016,8853.07609
Philippines,PHL,2017,1295.38331
Philippines,PHL,2018,5207.32918
Philippines,PHL,2019,7669.59352
Philippines,PHL,2020,3058.78045
Poland,POL,2016,0
Poland,POL,2017,0
Poland,POL,2018,0
Poland,POL,2019,0
Portugal,PRT,2015,12.22234
Portugal,PRT,2016,15.01144
Portugal,PRT,2017,18.50431
Portugal,PRT,2018,4.72587
Portugal,PRT,2019,5.67747
Portugal,PRT,2020,3995.18925
Qatar,QAT,2005,0
Qatar,QAT,2006,0
Qatar,QAT,2007,0
Qatar,QAT,2008,0
Qatar,QAT,2009,0
Qatar,QAT,2010,0
Qatar,QAT,2011,0
Qatar,QAT,2012,0
Qatar,QAT,2013,0
Qatar,QAT,2014,0
Qatar,QAT,2015,0
Qatar,QAT,2016,0
Qatar,QAT,2017,0
Qatar,QAT,2018,0
Qatar,QAT,2019,0
Qatar,QAT,2020,5084.52086
Romania,ROU,2005,379.65418
Romania,ROU,2006,92.94814
Romania,ROU,2007,47.67515
Romania,ROU,2008,129.27262
Romania,ROU,2009,26.07595
Romania,ROU,2010,194.73573
Romania,ROU,2011,42.13068
Romania,ROU,2012,20.20801
Romania,ROU,2013,32.13275
Romania,ROU,2014,42.48465
Romania,ROU,2015,12.87009
Romania,ROU,2016,82.55322
Romania,ROU,2017,18.92147
Romania,ROU,2018,214.45288
Romania,ROU,2019,0
Russia,RUS,2009,2.11578
Russia,RUS,2010,2.0356
Russia,RUS,2011,16.60029
Russia,RUS,2012,66.49005
Russia,RUS,2013,147.57198
Russia,RUS,2014,90.39237
Russia,RUS,2015,14.20643
Russia,RUS,2016,89.39181
Russia,RUS,2017,24.797
Russia,RUS,2018,34.36147
Russia,RUS,2019,82.37868
Russia,RUS,2020,3392.23773
Rwanda,RWA,2016,65.4393
Saint Kitts and Nevis,KNA,2005,4.26876
Saint Kitts and Nevis,KNA,2006,59.15535
Saint Kitts and Nevis,KNA,2007,8.37363
Saint Kitts and Nevis,KNA,2008,510.6065
Saint Kitts and Nevis,KNA,2010,10.20179
Saint Kitts and Nevis,KNA,2011,24.27086
Saint Kitts and Nevis,KNA,2012,16.03817
Saint Kitts and Nevis,KNA,2013,69.54379
Saint Kitts and Nevis,KNA,2014,0
Saint Lucia,LCA,2006,0
Saint Lucia,LCA,2007,23.76172
Saint Lucia,LCA,2008,21.13532
Saint Lucia,LCA,2009,0.60707
Saint Lucia,LCA,2010,8822.46486
Saint Lucia,LCA,2011,592.11548
Saint Lucia,LCA,2012,0
Saint Lucia,LCA,2013,18.7414
Saint Lucia,LCA,2014,0
Saint Vincent and the Grenadines,VCT,2005,3182.74303
Saint Vincent and the Grenadines,VCT,2006,74.58426
Saint Vincent and the Grenadines,VCT,2007,129.01323
Saint Vincent and the Grenadines,VCT,2008,11.99251
Saint Vincent and the Grenadines,VCT,2009,9.23421
Saint Vincent and the Grenadines,VCT,2010,6434.50951
Saint Vincent and the Grenadines,VCT,2011,1709.82782
Saint Vincent and the Grenadines,VCT,2012,180.42276
Saint Vincent and the Grenadines,VCT,2013,18136.87583
Saint Vincent and the Grenadines,VCT,2014,58.78679
Samoa,WSM,2005,0
Samoa,WSM,2006,0
Samoa,WSM,2008,0
Samoa,WSM,2009,5653.11862
Samoa,WSM,2012,0
Samoa,WSM,2013,0
Samoa,WSM,2014,0
Samoa,WSM,2015,0
Samoa,WSM,2016,0
Samoa,WSM,2018,192.22758
Samoa,WSM,2019,2837.59969
Samoa,WSM,2020,96.29344
Saudi Arabia,SAU,2015,0
Saudi Arabia,SAU,2016,0
Saudi Arabia,SAU,2017,0
Saudi Arabia,SAU,2018,0
Saudi Arabia,SAU,2019,0
Saudi Arabia,SAU,2020,0
Senegal,SEN,2005,270.71837
Senegal,SEN,2006,11.4652
Senegal,SEN,2007,19.32904
Senegal,SEN,2008,1790.19884
Senegal,SEN,2009,1952.22703
Senegal,SEN,2010,60.92375
Senegal,SEN,2011,36.73522
Senegal,SEN,2012,42.09076
Senegal,SEN,2013,620.74742
Senegal,SEN,2014,125.62604
Senegal,SEN,2015,0.0209
Serbia,SRB,2005,239.51825
Serbia,SRB,2006,796.65992
Serbia,SRB,2007,443.18431
Serbia,SRB,2008,102.59554
Serbia,SRB,2009,448.762
Serbia,SRB,2010,1806.48915
Serbia,SRB,2011,1955.24948
Serbia,SRB,2012,2182.87948
Serbia,SRB,2013,199.41247
Serbia,SRB,2014,2995.84101
Serbia,SRB,2015,265.70455
Serbia,SRB,2016,266.46825
Serbia,SRB,2017,11.94842
Serbia,SRB,2018,248.61574
Serbia,SRB,2019,18.19378
Serbia,SRB,2020,10.71261
Seychelles,SYC,2005,36.0962
Seychelles,SYC,2006,0
Seychelles,SYC,2007,54.39488
Seychelles,SYC,2008,16.58375
Seychelles,SYC,2009,26.43521
Seychelles,SYC,2010,0
Seychelles,SYC,2011,0
Seychelles,SYC,2012,0
Seychelles,SYC,2013,1610.3301
Seychelles,SYC,2014,30.78099
Seychelles,SYC,2017,41.73492
Seychelles,SYC,2018,0
Sierra Leone,SLE,2006,4.34019
Sierra Leone,SLE,2009,14.90578
Sierra Leone,SLE,2010,31.12708
Sierra Leone,SLE,2011,26.92269
Sierra Leone,SLE,2012,27.84322
Sierra Leone,SLE,2013,182.98435
Sierra Leone,SLE,2014,49.00848
Sierra Leone,SLE,2015,67.62495
Slovakia,SVK,2019,0
Slovenia,SVN,2005,1.40169
Slovenia,SVN,2006,1.19799
Slovenia,SVN,2007,0.89535
Slovenia,SVN,2008,1254.92012
Slovenia,SVN,2009,141.1658
Slovenia,SVN,2010,181.24297
Slovenia,SVN,2011,56.18994
Slovenia,SVN,2012,124.83605
Slovenia,SVN,2013,1.36
Slovenia,SVN,2014,0.77629
Slovenia,SVN,2015,1.35733
Slovenia,SVN,2016,22.28479
Slovenia,SVN,2017,46.90461
Slovenia,SVN,2018,102.183
Slovenia,SVN,2019,38.2033
Slovenia,SVN,2020,115.9428
Solomon Islands,SLB,2006,0
Solomon Islands,SLB,2007,4289.10191
Solomon Islands,SLB,2008,0
Solomon Islands,SLB,2009,13.18162
Solomon Islands,SLB,2010,262.13122
Solomon Islands,SLB,2011,6.32022
Solomon Islands,SLB,2012,37.00709
Solomon Islands,SLB,2013,1267.79252
Solomon Islands,SLB,2014,2425.1968
Solomon Islands,SLB,2015,29723.97317
Solomon Islands,SLB,2016,9731.4567
Solomon Islands,SLB,2017,7882.69315
Solomon Islands,SLB,2018,29128.04156
Solomon Islands,SLB,2019,269.63768
Solomon Islands,SLB,2020,336.73136
Somalia,SOM,2005,3.92463
Somalia,SOM,2006,306.82176
Somalia,SOM,2008,10.26569
Somalia,SOM,2009,3.03814
Somalia,SOM,2010,303.11645
Somalia,SOM,2011,10.58474
Somalia,SOM,2012,167.64596
Somalia,SOM,2013,138.98807
Somalia,SOM,2014,3.54472
Somalia,SOM,2015,0.52184
Somalia,SOM,2016,306.19003
Somalia,SOM,2017,0
Somalia,SOM,2018,1.88618
Somalia,SOM,2019,0
Somalia,SOM,2020,0
South Africa,ZAF,2005,0.59732
South Africa,ZAF,2006,0
South Africa,ZAF,2007,31.59013
South Africa,ZAF,2008,60.49682
South Africa,ZAF,2009,40.21633
South Africa,ZAF,2010,11.71487
South Africa,ZAF,2011,457.77845
South Africa,ZAF,2012,252.11678
South Africa,ZAF,2013,218.47324
South Africa,ZAF,2014,16.84323
South Africa,ZAF,2015,4913.09739
South Africa,ZAF,2016,83.52164
South Africa,ZAF,2017,49.66389
South Africa,ZAF,2018,0
South Africa,ZAF,2019,1286.78671
South Africa,ZAF,2020,1752.12267
South Korea,KOR,2005,31.14701
South Korea,KOR,2006,56.79674
South Korea,KOR,2007,38.44058
South Korea,KOR,2008,11.9788
South Korea,KOR,2009,36.21913
South Korea,KOR,2010,193.85398
South Korea,KOR,2011,175.36917
South Korea,KOR,2012,54.44381
South Korea,KOR,2013,11.08963
South Korea,KOR,2014,23.89418
South Korea,KOR,2015,1.05739
South Korea,KOR,2016,17.80979
South Korea,KOR,2017,42.9559
South Korea,KOR,2018,25.56484
South Korea,KOR,2019,17.75809
South Korea,KOR,2020,254.17557
South Sudan,SSD,2016,4.61573
Spain,ESP,2005,0
Spain,ESP,2006,0
Spain,ESP,2007,0
Spain,ESP,2008,0
Spain,ESP,2009,0
Spain,ESP,2010,0
Spain,ESP,2011,0
Spain,ESP,2012,0
Spain,ESP,2013,0
Spain,ESP,2014,0
Spain,ESP,2015,0
Spain,ESP,2016,0
Spain,ESP,2017,0
Spain,ESP,2018,0
Spain,ESP,2019,0
Sri Lanka,LKA,2005,2427.63185
Sri Lanka,LKA,2006,3829.32823
Sri Lanka,LKA,2007,3520.16069
Sri Lanka,LKA,2008,8899.59004
Sri Lanka,LKA,2009,3550.21489
Sri Lanka,LKA,2010,5772.69166
Sri Lanka,LKA,2011,4018.72487
Sri Lanka,LKA,2012,5430.24725
Sri Lanka,LKA,2013,2786.43187
Sri Lanka,LKA,2014,13010.12609
Sri Lanka,LKA,2015,2403.43825
Sri Lanka,LKA,2016,34.62246
Sri Lanka,LKA,2017,219.75844
Sri Lanka,LKA,2018,6647.62806
Sri Lanka,LKA,2019,1147.67234
Sri Lanka,LKA,2020,294.29719
Sudan,SDN,2005,23404.71562
Sudan,SDN,2006,26530.47333
Sudan,SDN,2007,22087.0515
Sudan,SDN,2008,17954.23819
Sudan,SDN,2009,16477.24523
Sudan,SDN,2010,13006.10318
Sudan,SDN,2011,10066.04947
Sudan,SDN,2012,6438.24094
Sudan,SDN,2013,5522.10004
Sudan,SDN,2014,617.63387
Sudan,SDN,2015,16762.2161
Sudan,SDN,2016,788.07638
Sudan,SDN,2017,1059.95816
Sudan,SDN,2018,4947.9127
Sudan,SDN,2019,1858.66032
Sweden,SWE,2005,0
Sweden,SWE,2006,0
Sweden,SWE,2007,0
Sweden,SWE,2008,0
Sweden,SWE,2009,0
Sweden,SWE,2010,0
Sweden,SWE,2011,0
Sweden,SWE,2012,0
Sweden,SWE,2013,0
Sweden,SWE,2014,0.04104
Sweden,SWE,2015,0
Sweden,SWE,2016,0
Sweden,SWE,2017,0
Sweden,SWE,2018,0
Sweden,SWE,2019,0
Sweden,SWE,2020,4381.48256
Switzerland,CHE,2005,4893.45403
Switzerland,CHE,2006,5263.82659
Switzerland,CHE,2007,4289.0269
Switzerland,CHE,2008,3101.51098
Switzerland,CHE,2009,6642.27955
Switzerland,CHE,2010,3244.27767
Switzerland,CHE,2011,5429.21874
Switzerland,CHE,2012,4200.9016
Switzerland,CHE,2013,3548.73581
Switzerland,CHE,2014,2939.03637
Switzerland,CHE,2015,3183.05499
Switzerland,CHE,2016,2462.83946
Switzerland,CHE,2017,3635.23426
Switzerland,CHE,2018,6246.38438
Switzerland,CHE,2019,3855.20251
Syria,SYR,2005,3.45838
Syria,SYR,2006,6.44306
Syria,SYR,2007,2.22353
Syria,SYR,2008,4.40379
Syria,SYR,2009,0.80166
Tajikistan,TJK,2015,141.19911
Tajikistan,TJK,2016,47.86708
Tajikistan,TJK,2017,17.70216
Tajikistan,TJK,2018,35.77689
Tajikistan,TJK,2019,21.74654
Tajikistan,TJK,2020,21.86075
Tanzania,TZA,2005,1.18335
Tanzania,TZA,2006,0.2655
Tanzania,TZA,2007,15.26741
Tanzania,TZA,2008,0.52325
Tanzania,TZA,2009,250.88319
Tanzania,TZA,2010,71.40581
Tanzania,TZA,2011,51.90097
Tanzania,TZA,2012,5.31528
Tanzania,TZA,2013,43.38829
Tanzania,TZA,2014,0
Tanzania,TZA,2015,294.80297
Tanzania,TZA,2016,670.81426
Tanzania,TZA,2017,238.96659
Tanzania,TZA,2018,379.43206
Tanzania,TZA,2019,220.83783
Tanzania,TZA,2020,361.51477
Thailand,THA,2015,178.7245
Thailand,THA,2016,72.16575
Thailand,THA,2017,130.08604
Thailand,THA,2018,214.98486
Timor,TLS,2006,22947.31498
Timor,TLS,2007,3522.04001
Timor,TLS,2008,159.17713
Timor,TLS,2009,220.79781
Timor,TLS,2010,2396.57911
Timor,TLS,2011,454.56424
Timor,TLS,2012,490.99649
Timor,TLS,2013,1167.01119
Timor,TLS,2014,491.76852
Timor,TLS,2015,762.10363
Timor,TLS,2016,93.90719
Timor,TLS,2017,0
Togo,TGO,2005,30.04469
Togo,TGO,2006,45.41132
Togo,TGO,2007,575.26917
Togo,TGO,2008,657.75501
Togo,TGO,2009,83.04491
Togo,TGO,2010,247.19392
Togo,TGO,2011,73.56037
Togo,TGO,2012,51.00529
Togo,TGO,2013,85.5534
Togo,TGO,2014,157.94347
Togo,TGO,2015,11.89378
Togo,TGO,2016,149.37512
Togo,TGO,2017,61.45166
Togo,TGO,2018,30.4543
Togo,TGO,2019,249.03029
Togo,TGO,2020,100599.97405
Tokelau,TKL,2005,0
Tokelau,TKL,2009,0
Tokelau,TKL,2011,0
Tonga,TON,2005,0
Tonga,TON,2006,0
Tonga,TON,2007,0
Tonga,TON,2008,0
Tonga,TON,2009,6.78406
Tonga,TON,2010,0
Tonga,TON,2011,334.13396
Tonga,TON,2012,0
Tonga,TON,2013,0
Tonga,TON,2014,4374.71569
Tonga,TON,2015,0
Tonga,TON,2016,0
Tonga,TON,2017,0
Tonga,TON,2018,81954.79951
Tonga,TON,2019,612.45777
Tonga,TON,2020,67.56018
Trinidad and Tobago,TTO,2005,1.236
Trinidad and Tobago,TTO,2006,0
Trinidad and Tobago,TTO,2007,0
Trinidad and Tobago,TTO,2008,0
Trinidad and Tobago,TTO,2009,0
Trinidad and Tobago,TTO,2010,0
Trinidad and Tobago,TTO,2011,0
Trinidad and Tobago,TTO,2012,0
Trinidad and Tobago,TTO,2013,0
Trinidad and Tobago,TTO,2014,0.29732
Trinidad and Tobago,TTO,2015,431.14339
Trinidad and Tobago,TTO,2016,373.66265
Trinidad and Tobago,TTO,2017,1742.40196
Trinidad and Tobago,TTO,2018,3528.85867
Trinidad and Tobago,TTO,2019,2869.60634
Trinidad and Tobago,TTO,2020,1196.56741
Tunisia,TUN,2005,0.08905
Tunisia,TUN,2006,1.99976
Tunisia,TUN,2007,13.83831
Tunisia,TUN,2008,0.18244
Tunisia,TUN,2009,145.51064
Tunisia,TUN,2010,0
Tunisia,TUN,2011,8.11777
Tunisia,TUN,2012,4.72942
Tunisia,TUN,2013,0.1826
Tunisia,TUN,2018,162.29134
Turkey,TUR,2005,44.1009
Turkey,TUR,2006,12.57296
Turkey,TUR,2007,76.78407
Turkey,TUR,2008,2.00511
Turkey,TUR,2009,3.91531
Turkey,TUR,2010,165.88582
Turkey,TUR,2011,98.74837
Turkey,TUR,2012,3.62435
Turkey,TUR,2013,0.70173
Turkey,TUR,2014,1.09143
Turkey,TUR,2015,33.81083
Turkey,TUR,2016,18.14825
Turkey,TUR,2017,38.02104
Turkey,TUR,2018,23.42328
Turkey,TUR,2019,135.44826
Turkey,TUR,2020,527.58161
Turkmenistan,TKM,2019,0
Tuvalu,TUV,2011,0
Tuvalu,TUV,2015,0
Tuvalu,TUV,2016,8950.5622
Tuvalu,TUV,2017,0
Tuvalu,TUV,2018,0
Tuvalu,TUV,2019,0
Tuvalu,TUV,2020,38568.52103
Uganda,UGA,2005,0
Uganda,UGA,2006,27.26471
Uganda,UGA,2007,230.02181
Uganda,UGA,2008,44.37473
Uganda,UGA,2009,18.02229
Uganda,UGA,2010,77.71639
Uganda,UGA,2011,104.37386
Uganda,UGA,2012,176.89323
Uganda,UGA,2013,49.02994
Uganda,UGA,2014,16.46911
Uganda,UGA,2015,18.6211
Uganda,UGA,2016,41.25433
Uganda,UGA,2017,0
Uganda,UGA,2018,0
Uganda,UGA,2019,5.05359
Uganda,UGA,2020,309.83368
Ukraine,UKR,2005,0.27176
Ukraine,UKR,2006,0.44707
Ukraine,UKR,2007,3.93408
Ukraine,UKR,2008,74.63149
Ukraine,UKR,2009,17.42473
Ukraine,UKR,2010,2.6735
Ukraine,UKR,2011,0.22369
Ukraine,UKR,2012,0.35861
Ukraine,UKR,2013,5.28952
Ukraine,UKR,2014,16.69765
Ukraine,UKR,2015,12.58429
Ukraine,UKR,2016,108.29549
Ukraine,UKR,2017,76.80791
Ukraine,UKR,2018,6.13263
Ukraine,UKR,2019,108.06362
Ukraine,UKR,2020,2788.44218
United Arab Emirates,ARE,2007,0.23916
United Arab Emirates,ARE,2008,2.33207
United Arab Emirates,ARE,2009,0.74523
United Arab Emirates,ARE,2010,0.83041
United Arab Emirates,ARE,2011,0.91651
United Arab Emirates,ARE,2012,2.25334
United Arab Emirates,ARE,2013,5.60992
United Arab Emirates,ARE,2014,3.87454
United Arab Emirates,ARE,2015,6.42132
United Arab Emirates,ARE,2016,3.54121
United Arab Emirates,ARE,2017,2.75142
United Arab Emirates,ARE,2018,5.93584
United Arab Emirates,ARE,2019,3.48284
United Arab Emirates,ARE,2020,2240.36646
United Kingdom,GBR,2005,0
United Kingdom,GBR,2006,0
United Kingdom,GBR,2007,0
United Kingdom,GBR,2008,0
United Kingdom,GBR,2009,0
United Kingdom,GBR,2010,0
United Kingdom,GBR,2011,0
United Kingdom,GBR,2012,0
United Kingdom,GBR,2013,0
United Kingdom,GBR,2014,0
United Kingdom,GBR,2015,0
United Kingdom,GBR,2016,0
United Kingdom,GBR,2017,0
United Kingdom,GBR,2018,0
United Kingdom,GBR,2019,0
United Kingdom,GBR,2020,5.57811
United States,USA,2015,80.82486
United States,USA,2016,178.62257
United States,USA,2017,645.01237
United States,USA,2018,162.74297
United States,USA,2019,41.73005
Uruguay,URY,2005,328.85817
Uruguay,URY,2006,43.98387
Uruguay,URY,2007,576.70968
Uruguay,URY,2008,7.51854
Uruguay,URY,2009,421.83145
Uruguay,URY,2010,280.46812
Uruguay,URY,2011,13.78962
Uruguay,URY,2012,128.0264
Uruguay,URY,2013,300.96582
Uruguay,URY,2014,329.9574
Uruguay,URY,2015,1122.72921
Uruguay,URY,2016,1252.59251
Uruguay,URY,2017,354.63135
Uruguay,URY,2018,21.42051
Uruguay,URY,2019,526.26762
Uruguay,URY,2020,568.46503
Uzbekistan,UZB,2019,0.00298
Uzbekistan,UZB,2020,288.31936
Vanuatu,VUT,2005,0
Vanuatu,VUT,2006,0
Vanuatu,VUT,2007,1.82262
Vanuatu,VUT,2008,26.70227
Vanuatu,VUT,2009,183.28382
Vanuatu,VUT,2010,211.67067
Vanuatu,VUT,2011,102.20145
Vanuatu,VUT,2012,11.22222
Vanuatu,VUT,2014,57.60019
Vanuatu,VUT,2015,0
Vanuatu,VUT,2017,322.24281
Vanuatu,VUT,2018,8546.60701
Vanuatu,VUT,2019,6.6065
Vanuatu,VUT,2020,88950.79994
Venezuela,VEN,2005,162.02814
Venezuela,VEN,2006,90.56174
Venezuela,VEN,2007,485.13629
Venezuela,VEN,2008,49.90985
Venezuela,VEN,2009,18.40462
Venezuela,VEN,2010,80.26036
Venezuela,VEN,2011,109.44039
Venezuela,VEN,2012,135.3436
Venezuela,VEN,2013,36.86573
Venezuela,VEN,2014,49.40922
Venezuela,VEN,2015,2.38017
Vietnam,VNM,2005,136.3001
Vietnam,VNM,2006,1061.50563
Vietnam,VNM,2007,266.6262
Vietnam,VNM,2008,203.1923
Vietnam,VNM,2009,466.03687
Vietnam,VNM,2010,726.7353
Wallis and Futuna,WLF,2020,0
Yemen,YEM,2005,7254.13947
Yemen,YEM,2006,9748.8801
Yemen,YEM,2007,5821.53969
Yemen,YEM,2008,13753.80279
Yemen,YEM,2009,3781.41079
Yemen,YEM,2010,9.57899
Zambia,ZMB,2005,0
Zambia,ZMB,2006,35.02792
Zambia,ZMB,2007,0
Zambia,ZMB,2008,12.80769
Zambia,ZMB,2009,86.76601
Zambia,ZMB,2010,5.35414
Zambia,ZMB,2011,0
Zambia,ZMB,2012,15.30541
Zambia,ZMB,2013,41.93332
Zambia,ZMB,2014,35.41163
Zambia,ZMB,2015,0
Zambia,ZMB,2016,15.87074
Zambia,ZMB,2017,0
Zambia,ZMB,2018,0
Zambia,ZMB,2019,12877.19401
Zimbabwe,ZWE,2011,0
Zimbabwe,ZWE,2017,0
Zimbabwe,ZWE,2018,0
Zimbabwe,ZWE,2019,4633.11623