Entity,Code,Year,"15.a.1 - Total official development assistance for biodiversity, by donor countries (millions of constant 2018 United States dollars) - DC_ODA_BDVDL"
Africa,,2002,345884900
Africa,,2003,236025630
Africa,,2004,608979220
Africa,,2005,594198440
Africa,,2006,556855340
Africa,,2007,739570330
Africa,,2008,699657430
Africa,,2009,908314080
Africa,,2010,1285888970
Africa,,2011,1224115170
Africa,,2012,1511375630
Africa,,2013,1769840190
Africa,,2014,1481210070
Africa,,2015,2648613330
Africa,,2016,2076430710
Africa,,2017,2575889490
Africa,,2018,2774864320
Asia,,2002,948786560
Asia,,2003,1539867580
Asia,,2004,623961790
Asia,,2005,1379377850
Asia,,2006,1497590170
Asia,,2007,1931829960
Asia,,2008,1235200880
Asia,,2009,1387904850
Asia,,2010,1513010670
Asia,,2011,1808436250
Asia,,2012,1176581560
Asia,,2013,919818850
Asia,,2014,2393349380
Asia,,2015,2083285530
Asia,,2016,2523735730
Asia,,2017,1503659800
Asia,,2018,1532557320
Australia,AUS,2002,12529650
Australia,AUS,2003,593330
Australia,AUS,2004,897650
Australia,AUS,2005,16276860
Australia,AUS,2006,71121040
Australia,AUS,2007,69235880
Australia,AUS,2008,104072870
Australia,AUS,2009,177133840
Australia,AUS,2010,377643890
Australia,AUS,2011,301063360
Australia,AUS,2012,284225280
Australia,AUS,2013,248143830
Australia,AUS,2014,205884350
Australia,AUS,2015,233173110
Australia,AUS,2016,285220120
Australia,AUS,2017,218617470
Australia,AUS,2018,201843920
Austria,AUT,2002,10360180
Austria,AUT,2003,4756610
Austria,AUT,2004,10079770
Austria,AUT,2005,15806170
Austria,AUT,2006,17250300
Austria,AUT,2007,13270250
Austria,AUT,2008,30969640
Austria,AUT,2009,29987370
Austria,AUT,2010,16842180
Austria,AUT,2011,17595260
Austria,AUT,2012,15842100
Austria,AUT,2013,46253490
Austria,AUT,2014,21588800
Austria,AUT,2015,19068340
Austria,AUT,2016,21600520
Austria,AUT,2017,23692590
Austria,AUT,2018,22689050
Belgium,BEL,2002,5949440
Belgium,BEL,2003,5830050
Belgium,BEL,2004,19647330
Belgium,BEL,2005,26720690
Belgium,BEL,2006,29914920
Belgium,BEL,2007,57873950
Belgium,BEL,2008,113152400
Belgium,BEL,2009,157728030
Belgium,BEL,2010,146518930
Belgium,BEL,2011,154002380
Belgium,BEL,2012,87481520
Belgium,BEL,2013,155451280
Belgium,BEL,2014,178672840
Belgium,BEL,2015,216535330
Belgium,BEL,2016,144178950
Belgium,BEL,2017,199802190
Belgium,BEL,2018,131572640
Canada,CAN,2002,80616890
Canada,CAN,2003,100266860
Canada,CAN,2004,239962190
Canada,CAN,2005,5850220
Canada,CAN,2006,83342230
Canada,CAN,2007,58493670
Canada,CAN,2008,28732030
Canada,CAN,2009,121000870
Canada,CAN,2010,44295230
Canada,CAN,2011,69588560
Canada,CAN,2012,246824470
Canada,CAN,2013,46801750
Canada,CAN,2014,38309360
Canada,CAN,2015,62654560
Canada,CAN,2016,24467720
Canada,CAN,2017,4820010
Canada,CAN,2018,25420410
Caribbean,,2002,8144790
Caribbean,,2003,10973160
Caribbean,,2004,22226030
Caribbean,,2005,47595430
Caribbean,,2006,7579520
Caribbean,,2007,42086300
Caribbean,,2008,23343400
Caribbean,,2009,74491970
Caribbean,,2010,67830940
Caribbean,,2011,92274790
Caribbean,,2012,45575010
Caribbean,,2013,137441780
Caribbean,,2014,33381890
Caribbean,,2015,128917489.99999999
Caribbean,,2016,107985210
Caribbean,,2017,98635560
Caribbean,,2018,79912560
Caucasus and Central Asia,,2002,60980970
Caucasus and Central Asia,,2003,233812650
Caucasus and Central Asia,,2004,16974580
Caucasus and Central Asia,,2005,10701780
Caucasus and Central Asia,,2006,27231520
Caucasus and Central Asia,,2007,3554960
Caucasus and Central Asia,,2008,47672380
Caucasus and Central Asia,,2009,311097810
Caucasus and Central Asia,,2010,16819620
Caucasus and Central Asia,,2011,35877670
Caucasus and Central Asia,,2012,74180710
Caucasus and Central Asia,,2013,35789930
Caucasus and Central Asia,,2014,142359810
Caucasus and Central Asia,,2015,103671550
Caucasus and Central Asia,,2016,272429730
Caucasus and Central Asia,,2017,50947350
Caucasus and Central Asia,,2018,53804290
Central America,,2002,72959940
Central America,,2003,55736390
Central America,,2004,102707350
Central America,,2005,95943620
Central America,,2006,331601720
Central America,,2007,230299210
Central America,,2008,106378170
Central America,,2009,68928070
Central America,,2010,179007670
Central America,,2011,157298130
Central America,,2012,250976390
Central America,,2013,167040440
Central America,,2014,137734300
Central America,,2015,126761180
Central America,,2016,127162800
Central America,,2017,358966530
Central America,,2018,137512730
Central Asia,,2002,47396800
Central Asia,,2003,181807230
Central Asia,,2004,13113140
Central Asia,,2005,6297410
Central Asia,,2006,19344200
Central Asia,,2007,1801370
Central Asia,,2008,10771790
Central Asia,,2009,11986990
Central Asia,,2010,10307640
Central Asia,,2011,9893640
Central Asia,,2012,11201520
Central Asia,,2013,22353720
Central Asia,,2014,60317550
Central Asia,,2015,789640
Central Asia,,2016,32086390
Central Asia,,2017,10695600
Central Asia,,2018,18484180
Czechia,CZE,2011,340550
Czechia,CZE,2012,5174440
Czechia,CZE,2013,3852060
Czechia,CZE,2014,4617770
Czechia,CZE,2015,3525680
Czechia,CZE,2016,4236080
Czechia,CZE,2017,3446950
Czechia,CZE,2018,1762980
Denmark,DNK,2002,100710210
Denmark,DNK,2003,93722620
Denmark,DNK,2004,165142440
Denmark,DNK,2005,180474720
Denmark,DNK,2006,157132360
Denmark,DNK,2007,103314740
Denmark,DNK,2008,117433010
Denmark,DNK,2009,110458750
Denmark,DNK,2010,242741230
Denmark,DNK,2011,148723490
Denmark,DNK,2012,115838660
Denmark,DNK,2013,229474840
Denmark,DNK,2014,331790900
Denmark,DNK,2015,163495580
Denmark,DNK,2016,40666890
Denmark,DNK,2017,55597610
Denmark,DNK,2018,35861000
"Developed regions (Europe, Cyprus, Israel, Northern America, Japan, Australia & New Zealand)",,2002,13995510
"Developed regions (Europe, Cyprus, Israel, Northern America, Japan, Australia & New Zealand)",,2003,22041750
"Developed regions (Europe, Cyprus, Israel, Northern America, Japan, Australia & New Zealand)",,2004,24241320
"Developed regions (Europe, Cyprus, Israel, Northern America, Japan, Australia & New Zealand)",,2005,7519340
"Developed regions (Europe, Cyprus, Israel, Northern America, Japan, Australia & New Zealand)",,2006,21611750
"Developed regions (Europe, Cyprus, Israel, Northern America, Japan, Australia & New Zealand)",,2007,16378029.999999998
"Developed regions (Europe, Cyprus, Israel, Northern America, Japan, Australia & New Zealand)",,2008,26077880
"Developed regions (Europe, Cyprus, Israel, Northern America, Japan, Australia & New Zealand)",,2009,44692440
"Developed regions (Europe, Cyprus, Israel, Northern America, Japan, Australia & New Zealand)",,2010,51824370
"Developed regions (Europe, Cyprus, Israel, Northern America, Japan, Australia & New Zealand)",,2011,85846050
"Developed regions (Europe, Cyprus, Israel, Northern America, Japan, Australia & New Zealand)",,2012,53786290
"Developed regions (Europe, Cyprus, Israel, Northern America, Japan, Australia & New Zealand)",,2013,68014370
"Developed regions (Europe, Cyprus, Israel, Northern America, Japan, Australia & New Zealand)",,2014,25075870
"Developed regions (Europe, Cyprus, Israel, Northern America, Japan, Australia & New Zealand)",,2015,1016534050
"Developed regions (Europe, Cyprus, Israel, Northern America, Japan, Australia & New Zealand)",,2016,107635820
"Developed regions (Europe, Cyprus, Israel, Northern America, Japan, Australia & New Zealand)",,2017,193833000
"Developed regions (Europe, Cyprus, Israel, Northern America, Japan, Australia & New Zealand)",,2018,75219030
Developing regions,,2002,3148466730
Developing regions,,2003,4430609370
Developing regions,,2004,4006871970
Developing regions,,2005,5298479510
Developing regions,,2006,5952850710
Developing regions,,2007,7314452670
Developing regions,,2008,6454710250
Developing regions,,2009,7948811920
Developing regions,,2010,12026304130
Developing regions,,2011,12906073360
Developing regions,,2012,11507305670
Developing regions,,2013,11600024310
Developing regions,,2014,14019862150
Developing regions,,2015,18204948630
Developing regions,,2016,15601407600
Developing regions,,2017,18122237160
Developing regions,,2018,17413426000
Eastern Africa,,2002,191339400
Eastern Africa,,2003,114503430
Eastern Africa,,2004,153226820
Eastern Africa,,2005,149958980
Eastern Africa,,2006,137697330
Eastern Africa,,2007,282997910
Eastern Africa,,2008,227297890
Eastern Africa,,2009,484265150
Eastern Africa,,2010,743632570
Eastern Africa,,2011,553336780
Eastern Africa,,2012,592300210
Eastern Africa,,2013,1026190480
Eastern Africa,,2014,840103740
Eastern Africa,,2015,1209432210
Eastern Africa,,2016,695925990
Eastern Africa,,2017,1108442680
Eastern Africa,,2018,1605852130
Eastern Asia,,2002,531852540
Eastern Asia,,2003,501368500
Eastern Asia,,2004,320557830
Eastern Asia,,2005,603786150
Eastern Asia,,2006,489124770
Eastern Asia,,2007,852037100
Eastern Asia,,2008,100858260
Eastern Asia,,2009,44459820
Eastern Asia,,2010,243148320
Eastern Asia,,2011,42342060
Eastern Asia,,2012,66150120
Eastern Asia,,2013,172733410
Eastern Asia,,2014,59647080
Eastern Asia,,2015,191008880
Eastern Asia,,2016,155683830
Eastern Asia,,2017,189721390
Eastern Asia,,2018,44689270
Eastern Asia (excluding Japan and China),,2002,4632030
Eastern Asia (excluding Japan and China),,2003,2144460
Eastern Asia (excluding Japan and China),,2004,15818470
Eastern Asia (excluding Japan and China),,2005,6977710
Eastern Asia (excluding Japan and China),,2006,14024450
Eastern Asia (excluding Japan and China),,2007,31172340
Eastern Asia (excluding Japan and China),,2008,29542460
Eastern Asia (excluding Japan and China),,2009,10592200
Eastern Asia (excluding Japan and China),,2010,10438100
Eastern Asia (excluding Japan and China),,2011,8158700
Eastern Asia (excluding Japan and China),,2012,8009510.000000001
Eastern Asia (excluding Japan and China),,2013,32456110.000000004
Eastern Asia (excluding Japan and China),,2014,7213150
Eastern Asia (excluding Japan and China),,2015,15159260
Eastern Asia (excluding Japan and China),,2016,12536780
Eastern Asia (excluding Japan and China),,2017,9688510
Eastern Asia (excluding Japan and China),,2018,25361460
Eastern Europe,,2002,2510250
Eastern Europe,,2004,2322620
Eastern Europe,,2005,1011740.0000000001
Eastern Europe,,2006,268320
Eastern Europe,,2007,1975140
Eastern Europe,,2008,11678400
Eastern Europe,,2009,12233020
Eastern Europe,,2010,15579580
Eastern Europe,,2011,18888350
Eastern Europe,,2012,26265510
Eastern Europe,,2013,20485480
Eastern Europe,,2014,10376620
Eastern Europe,,2015,1010309990
Eastern Europe,,2016,14974050
Eastern Europe,,2017,93221540
Eastern Europe,,2018,21376000
Europe,,2002,13995510
Europe,,2003,22041750
Europe,,2004,24241320
Europe,,2005,7519340
Europe,,2006,21611750
Europe,,2007,16378029.999999998
Europe,,2008,26077880
Europe,,2009,44692440
Europe,,2010,51824370
Europe,,2011,85846050
Europe,,2012,53786290
Europe,,2013,68014370
Europe,,2014,25075870
Europe,,2015,1016534050
Europe,,2016,107635820
Europe,,2017,193833000
Europe,,2018,75219030
Finland,FIN,2002,14424790
Finland,FIN,2003,4557190
Finland,FIN,2004,19013960
Finland,FIN,2005,3347900
Finland,FIN,2006,3715690
Finland,FIN,2007,52558120
Finland,FIN,2008,123539010
Finland,FIN,2009,110159000
Finland,FIN,2010,110299480
Finland,FIN,2011,185235890
Finland,FIN,2012,43434410
Finland,FIN,2013,18513470
Finland,FIN,2014,13398060
Finland,FIN,2015,21164660
Finland,FIN,2016,6557870
Finland,FIN,2017,3555470
Finland,FIN,2018,23429350
France,FRA,2002,110837940
France,FRA,2003,67075999.99999999
France,FRA,2004,116516390
France,FRA,2005,71521400
France,FRA,2006,119753010
France,FRA,2007,160633160
France,FRA,2008,195762970
France,FRA,2009,224250730
France,FRA,2010,426870500
France,FRA,2011,294223820
France,FRA,2012,499159720
France,FRA,2013,230526880
France,FRA,2014,649867760
France,FRA,2015,1730571090
France,FRA,2016,2058564809.9999998
France,FRA,2017,2479644930
France,FRA,2018,1600235430
Germany,DEU,2002,242598110
Germany,DEU,2003,199874670
Germany,DEU,2004,275996080
Germany,DEU,2005,315260850
Germany,DEU,2006,306275170
Germany,DEU,2007,244003010
Germany,DEU,2008,268583510
Germany,DEU,2009,359130440
Germany,DEU,2010,585413320
Germany,DEU,2011,1152996370
Germany,DEU,2012,977621620
Germany,DEU,2013,957129600
Germany,DEU,2014,1154159720
Germany,DEU,2015,1287202680
Germany,DEU,2016,1216597450
Germany,DEU,2017,1919530930
Germany,DEU,2018,1594023550
Greece,GRC,2002,2629080
Greece,GRC,2003,6892690
Greece,GRC,2004,4747280
Greece,GRC,2005,4224610
Greece,GRC,2006,2147100
Greece,GRC,2007,3234060
Greece,GRC,2008,1773780
Greece,GRC,2009,7172700
Greece,GRC,2010,2631910
Greece,GRC,2012,481080
Greece,GRC,2013,112120
Greece,GRC,2014,226260
Greece,GRC,2015,208520
Greece,GRC,2016,1031080
Greece,GRC,2017,242170
Greece,GRC,2018,2080
Iceland,ISL,2012,5440510
Iceland,ISL,2013,6697810
Iceland,ISL,2014,5988330
Iceland,ISL,2015,4884500
Iceland,ISL,2016,4558720
Iceland,ISL,2017,4773340
Iceland,ISL,2018,3834320
Ireland,IRL,2002,1858200
Ireland,IRL,2003,897200
Ireland,IRL,2004,868770
Ireland,IRL,2005,13110
Ireland,IRL,2007,14286440
Ireland,IRL,2008,14383860
Ireland,IRL,2009,96046620
Ireland,IRL,2010,42285080
Ireland,IRL,2011,16297390
Ireland,IRL,2012,36613940
Ireland,IRL,2013,40727660
Ireland,IRL,2014,33275219.999999996
Ireland,IRL,2015,26382840
Ireland,IRL,2016,47195790
Ireland,IRL,2017,30311450
Ireland,IRL,2018,29622680
Italy,ITA,2003,380610
Italy,ITA,2004,344460
Italy,ITA,2005,70520
Italy,ITA,2006,13255320
Italy,ITA,2007,113132270
Italy,ITA,2008,64558120
Italy,ITA,2009,51443440
Italy,ITA,2010,8458600
Italy,ITA,2011,81135510
Italy,ITA,2012,37130970
Italy,ITA,2013,72674940
Italy,ITA,2014,60641650
Italy,ITA,2015,73479580
Italy,ITA,2016,52705380
Italy,ITA,2017,159412910
Italy,ITA,2018,159621060
Japan,JPN,2002,595908740
Japan,JPN,2003,1136019120
Japan,JPN,2004,572673430
Japan,JPN,2005,1099283340
Japan,JPN,2006,1177487670
Japan,JPN,2007,1849067390
Japan,JPN,2008,807665870
Japan,JPN,2009,945024530
Japan,JPN,2010,869202850
Japan,JPN,2011,1094985930
Japan,JPN,2012,336698330
Japan,JPN,2013,99088200
Japan,JPN,2014,1099440430
Japan,JPN,2015,2011175370
Japan,JPN,2016,665318820
Japan,JPN,2017,400328570
Japan,JPN,2018,282670970
Landlocked developing countries (LLDCs),,2002,187895250
Landlocked developing countries (LLDCs),,2003,397401480
Landlocked developing countries (LLDCs),,2004,204891180
Landlocked developing countries (LLDCs),,2005,254143590
Landlocked developing countries (LLDCs),,2006,177061810
Landlocked developing countries (LLDCs),,2007,343846560
Landlocked developing countries (LLDCs),,2008,437099030
Landlocked developing countries (LLDCs),,2009,794375110
Landlocked developing countries (LLDCs),,2010,1105345330
Landlocked developing countries (LLDCs),,2011,683698330
Landlocked developing countries (LLDCs),,2012,625926440
Landlocked developing countries (LLDCs),,2013,1083496810
Landlocked developing countries (LLDCs),,2014,952879980
Landlocked developing countries (LLDCs),,2015,1006209340
Landlocked developing countries (LLDCs),,2016,1015456290
Landlocked developing countries (LLDCs),,2017,1408158690
Landlocked developing countries (LLDCs),,2018,1612340640
Latin America and the Caribbean,,2002,208599570
Latin America and the Caribbean,,2003,254996450
Latin America and the Caribbean,,2004,499731030
Latin America and the Caribbean,,2005,294108310
Latin America and the Caribbean,,2006,445487090
Latin America and the Caribbean,,2007,518947980
Latin America and the Caribbean,,2008,303049550
Latin America and the Caribbean,,2009,541924020
Latin America and the Caribbean,,2010,1293782940
Latin America and the Caribbean,,2011,1052004110.0000001
Latin America and the Caribbean,,2012,838997130
Latin America and the Caribbean,,2013,755053970
Latin America and the Caribbean,,2014,749796280
Latin America and the Caribbean,,2015,1293778470
Latin America and the Caribbean,,2016,937247410
Latin America and the Caribbean,,2017,1550499540
Latin America and the Caribbean,,2018,984014070
Least developed countries (LDCs),,2002,291895040
Least developed countries (LDCs),,2003,284220020
Least developed countries (LDCs),,2004,313490310
Least developed countries (LDCs),,2005,509613510
Least developed countries (LDCs),,2006,362914600
Least developed countries (LDCs),,2007,428189170
Least developed countries (LDCs),,2008,643212240
Least developed countries (LDCs),,2009,733497730
Least developed countries (LDCs),,2010,1487890810
Least developed countries (LDCs),,2011,1195261420
Least developed countries (LDCs),,2012,1204518600
Least developed countries (LDCs),,2013,1755383740
Least developed countries (LDCs),,2014,1546301800
Least developed countries (LDCs),,2015,2172587780
Least developed countries (LDCs),,2016,1633692540
Least developed countries (LDCs),,2017,2188143360
Least developed countries (LDCs),,2018,2987526300
Luxembourg,LUX,2010,3519290
Luxembourg,LUX,2011,27600
Luxembourg,LUX,2012,8445370
Luxembourg,LUX,2013,11436360
Luxembourg,LUX,2014,14088040
Luxembourg,LUX,2015,10189960
Luxembourg,LUX,2016,9993660
Luxembourg,LUX,2017,9775350
Luxembourg,LUX,2018,7322190
Melanesia,OWID_MNS,2002,645380
Melanesia,OWID_MNS,2003,2081249.9999999998
Melanesia,OWID_MNS,2004,1242660
Melanesia,OWID_MNS,2005,14422900
Melanesia,OWID_MNS,2006,45250150
Melanesia,OWID_MNS,2007,2078080
Melanesia,OWID_MNS,2008,17800050
Melanesia,OWID_MNS,2009,21182350
Melanesia,OWID_MNS,2010,110488960
Melanesia,OWID_MNS,2011,28985860
Melanesia,OWID_MNS,2012,45870380
Melanesia,OWID_MNS,2013,34940890
Melanesia,OWID_MNS,2014,35362010
Melanesia,OWID_MNS,2015,38131430
Melanesia,OWID_MNS,2016,63277170
Melanesia,OWID_MNS,2017,103994270
Melanesia,OWID_MNS,2018,208954100
Micronesia (country),FSM,2002,33820
Micronesia (country),FSM,2003,511340
Micronesia (country),FSM,2004,268370
Micronesia (country),FSM,2005,715220
Micronesia (country),FSM,2006,2067860
Micronesia (country),FSM,2007,1475110
Micronesia (country),FSM,2008,3073340
Micronesia (country),FSM,2009,3292370
Micronesia (country),FSM,2010,1308360
Micronesia (country),FSM,2011,11566890
Micronesia (country),FSM,2012,4338400
Micronesia (country),FSM,2013,11912540
Micronesia (country),FSM,2014,4328390
Micronesia (country),FSM,2015,4302070
Micronesia (country),FSM,2016,5840390
Micronesia (country),FSM,2017,7710880
Micronesia (country),FSM,2018,4660730
Middle Africa,,2002,15823140
Middle Africa,,2003,9325220
Middle Africa,,2004,57412520
Middle Africa,,2005,84072460
Middle Africa,,2006,69324610
Middle Africa,,2007,77955370
Middle Africa,,2008,120593660
Middle Africa,,2009,92022820
Middle Africa,,2010,108957660
Middle Africa,,2011,223701280
Middle Africa,,2012,294404090
Middle Africa,,2013,152763520
Middle Africa,,2014,97123780
Middle Africa,,2015,434806000
Middle Africa,,2016,359435320
Middle Africa,,2017,359929790
Middle Africa,,2018,418431900
Netherlands,NLD,2002,316570340
Netherlands,NLD,2003,365203010
Netherlands,NLD,2004,311515610
Netherlands,NLD,2005,360103800
Netherlands,NLD,2006,303733100
Netherlands,NLD,2007,217615980
Netherlands,NLD,2008,219698330
Netherlands,NLD,2010,95596550
Netherlands,NLD,2011,106309560
Netherlands,NLD,2012,135135820
Netherlands,NLD,2013,279557980
Netherlands,NLD,2014,9883410
Netherlands,NLD,2015,217522580
Netherlands,NLD,2016,98932590
Netherlands,NLD,2017,9172290
Netherlands,NLD,2018,39801380
New Zealand,NZL,2002,2726430
New Zealand,NZL,2003,8252079.999999999
New Zealand,NZL,2004,5127150
New Zealand,NZL,2005,11434540
New Zealand,NZL,2006,22317440
New Zealand,NZL,2007,3962430
New Zealand,NZL,2008,10597250
New Zealand,NZL,2009,3962750
New Zealand,NZL,2010,12543350
New Zealand,NZL,2011,14424800
New Zealand,NZL,2012,4335230
New Zealand,NZL,2013,10601840
New Zealand,NZL,2014,19648620
New Zealand,NZL,2015,5781930
New Zealand,NZL,2016,7591430
New Zealand,NZL,2017,16192450
New Zealand,NZL,2018,6338100
Northern Africa,,2002,38270380
Northern Africa,,2003,27456810
Northern Africa,,2004,83716670
Northern Africa,,2005,96996680
Northern Africa,,2006,250494750
Northern Africa,,2007,268179750
Northern Africa,,2008,134586930
Northern Africa,,2009,131879460
Northern Africa,,2010,105986290
Northern Africa,,2011,141361340
Northern Africa,,2012,166539380
Northern Africa,,2013,136657880
Northern Africa,,2014,39373790
Northern Africa,,2015,127820460
Northern Africa,,2016,304468740
Northern Africa,,2017,318254590
Northern Africa,,2018,70418540
Norway,NOR,2002,61287840
Norway,NOR,2003,86108940
Norway,NOR,2004,84365260
Norway,NOR,2005,54710810
Norway,NOR,2006,88502100
Norway,NOR,2007,73351930
Norway,NOR,2008,87110390
Norway,NOR,2009,220729630
Norway,NOR,2010,517909840.00000006
Norway,NOR,2011,259920419.99999997
Norway,NOR,2012,383680530
Norway,NOR,2013,398026590
Norway,NOR,2014,633654950
Norway,NOR,2015,667571970
Norway,NOR,2016,490232640
Norway,NOR,2017,668532630
Norway,NOR,2018,584674530
ODA residual,,2002,1630152960
ODA residual,,2003,2373300070
ODA residual,,2004,2246853490
ODA residual,,2005,3003729080
ODA residual,,2006,3378276790
ODA residual,,2007,4103412680.0000005
ODA residual,,2008,4167842480.0000005
ODA residual,,2009,5034411090
ODA residual,,2010,7758531890
ODA residual,,2011,8686388400
ODA residual,,2012,7868545820
ODA residual,,2013,8030859760
ODA residual,,2014,9324480780
ODA residual,,2015,11115630930
ODA residual,,2016,9883723230
ODA residual,,2017,12174856500
ODA residual,,2018,11831690830
Oceania,,2002,1047230.0000000001
Oceania,,2003,4377890
Oceania,,2004,3105130
Oceania,,2005,19546490
Oceania,,2006,53029570
Oceania,,2007,4313690
Oceania,,2008,22882040
Oceania,,2009,31565440
Oceania,,2010,123265310
Oceania,,2011,49283390
Oceania,,2012,58019250
Oceania,,2013,56437180
Oceania,,2014,45949760
Oceania,,2015,47106330
Oceania,,2016,72634700
Oceania,,2017,123498830
Oceania,,2018,215080420
Poland,POL,2013,4953820
Poland,POL,2014,1593160
Poland,POL,2015,2269400
Poland,POL,2016,685110
Poland,POL,2017,1006289.9999999999
Poland,POL,2018,637430
Polynesia,OWID_PYA,2002,368020
Polynesia,OWID_PYA,2003,1785300
Polynesia,OWID_PYA,2004,1594100
Polynesia,OWID_PYA,2005,4408370
Polynesia,OWID_PYA,2006,5711560
Polynesia,OWID_PYA,2007,760500
Polynesia,OWID_PYA,2008,2008660
Polynesia,OWID_PYA,2009,7090720
Polynesia,OWID_PYA,2010,11467990
Polynesia,OWID_PYA,2011,8730640
Polynesia,OWID_PYA,2012,7810470
Polynesia,OWID_PYA,2013,9583740
Polynesia,OWID_PYA,2014,6259360
Polynesia,OWID_PYA,2015,4672830
Polynesia,OWID_PYA,2016,3517140
Polynesia,OWID_PYA,2017,11793680
Polynesia,OWID_PYA,2018,1465600
Portugal,PRT,2002,1334600
Portugal,PRT,2003,1151830
Portugal,PRT,2004,732040
Portugal,PRT,2005,1129190
Portugal,PRT,2006,899590
Portugal,PRT,2007,1961420
Portugal,PRT,2008,1932820
Portugal,PRT,2009,3685620
Portugal,PRT,2010,4170370
Portugal,PRT,2011,4270600
Portugal,PRT,2012,746400
Portugal,PRT,2013,1275260
Portugal,PRT,2014,1115140
Portugal,PRT,2015,1234000
Portugal,PRT,2016,1207510
Portugal,PRT,2017,1456440
Portugal,PRT,2018,1516520
Slovakia,SVK,2013,440480
Slovakia,SVK,2014,60510
Slovakia,SVK,2015,19410
Slovakia,SVK,2016,91970
Slovakia,SVK,2017,306990
Slovakia,SVK,2018,520250
Slovenia,SVN,2011,12130
Slovenia,SVN,2012,13190
Slovenia,SVN,2015,16160
Slovenia,SVN,2016,399210
Slovenia,SVN,2017,13950
Slovenia,SVN,2018,54430
Small Island Developing States (SIDS),,2002,15387260
Small Island Developing States (SIDS),,2003,36314740
Small Island Developing States (SIDS),,2004,38289760
Small Island Developing States (SIDS),,2005,131506370
Small Island Developing States (SIDS),,2006,86508450
Small Island Developing States (SIDS),,2007,61268500
Small Island Developing States (SIDS),,2008,68998880
Small Island Developing States (SIDS),,2009,159088250
Small Island Developing States (SIDS),,2010,531335860
Small Island Developing States (SIDS),,2011,179734310
Small Island Developing States (SIDS),,2012,155551630
Small Island Developing States (SIDS),,2013,220742330
Small Island Developing States (SIDS),,2014,233284660
Small Island Developing States (SIDS),,2015,250972990
Small Island Developing States (SIDS),,2016,272924160
Small Island Developing States (SIDS),,2017,261199040.00000003
Small Island Developing States (SIDS),,2018,441351400
South America,,2002,127494830
South America,,2003,188286900
South America,,2004,374797650
South America,,2005,150569260
South America,,2006,106305860
South America,,2007,246562470
South America,,2008,173327970
South America,,2009,398503980
South America,,2010,1046944320.0000001
South America,,2011,802431190
South America,,2012,542445730
South America,,2013,450571750
South America,,2014,578680090
South America,,2015,1038099800
South America,,2016,702099410
South America,,2017,1092897460
South America,,2018,766588790
South Korea,KOR,2007,13038030
South Korea,KOR,2008,29222560
South Korea,KOR,2009,56669190
South Korea,KOR,2010,4009769.9999999995
South Korea,KOR,2011,14364470
South Korea,KOR,2012,6423870
South Korea,KOR,2013,60209960
South Korea,KOR,2014,23476690
South Korea,KOR,2015,36406790
South Korea,KOR,2016,27281750
South Korea,KOR,2017,26860660
South Korea,KOR,2018,14512680
South-eastern Asia,,2002,204716790
South-eastern Asia,,2003,308368130
South-eastern Asia,,2004,127572270
South-eastern Asia,,2005,290866910
South-eastern Asia,,2006,196590340
South-eastern Asia,,2007,301822250
South-eastern Asia,,2008,602865770
South-eastern Asia,,2009,678952740
South-eastern Asia,,2010,451598040
South-eastern Asia,,2011,453618540
South-eastern Asia,,2012,563353330
South-eastern Asia,,2013,371781800
South-eastern Asia,,2014,1088837290
South-eastern Asia,,2015,392265470
South-eastern Asia,,2016,657169310
South-eastern Asia,,2017,475024970
South-eastern Asia,,2018,583278140
Southern Africa,,2002,22400800
Southern Africa,,2003,9928930
Southern Africa,,2004,19930780
Southern Africa,,2005,7579770
Southern Africa,,2006,22273720
Southern Africa,,2007,16104299.999999998
Southern Africa,,2008,21177670
Southern Africa,,2009,19015960
Southern Africa,,2010,47011440
Southern Africa,,2011,19446480
Southern Africa,,2012,70906800
Southern Africa,,2013,63769620
Southern Africa,,2014,18606010
Southern Africa,,2015,30408230
Southern Africa,,2016,175656930
Southern Africa,,2017,71491970
Southern Africa,,2018,15688480
Southern Asia,,2002,134727880
Southern Asia,,2003,486426240
Southern Asia,,2004,146389260
Southern Asia,,2005,406811990
Southern Asia,,2006,740512130
Southern Asia,,2007,735117130
Southern Asia,,2008,420297360
Southern Asia,,2009,193014340
Southern Asia,,2010,727546480
Southern Asia,,2011,829417700
Southern Asia,,2012,397277910
Southern Asia,,2013,285426310
Southern Asia,,2014,777488300
Southern Asia,,2015,368884240
Southern Asia,,2016,854257870
Southern Asia,,2017,547914020
Southern Asia,,2018,669505190
Southern Asia (excluding India),,2002,52197420
Southern Asia (excluding India),,2003,130337020
Southern Asia (excluding India),,2004,73804580
Southern Asia (excluding India),,2005,83877440
Southern Asia (excluding India),,2006,145217210
Southern Asia (excluding India),,2007,66854180
Southern Asia (excluding India),,2008,147347930
Southern Asia (excluding India),,2009,154138300
Southern Asia (excluding India),,2010,613129390
Southern Asia (excluding India),,2011,253603600
Southern Asia (excluding India),,2012,227394410
Southern Asia (excluding India),,2013,257181490
Southern Asia (excluding India),,2014,370592830
Southern Asia (excluding India),,2015,130567739.99999999
Southern Asia (excluding India),,2016,397486060
Southern Asia (excluding India),,2017,118550630
Southern Asia (excluding India),,2018,306299510
Southern Europe,,2002,11485250
Southern Europe,,2003,22041750
Southern Europe,,2004,21918700
Southern Europe,,2005,6507600
Southern Europe,,2006,21343430
Southern Europe,,2007,14402900
Southern Europe,,2008,14399490
Southern Europe,,2009,32459420
Southern Europe,,2010,36244790
Southern Europe,,2011,66957700
Southern Europe,,2012,27520780
Southern Europe,,2013,47528890
Southern Europe,,2014,14699250
Southern Europe,,2015,6224060
Southern Europe,,2016,92661780
Southern Europe,,2017,100611450
Southern Europe,,2018,53843040
Spain,ESP,2002,40858990
Spain,ESP,2003,39091740
Spain,ESP,2004,3821750
Spain,ESP,2005,67908560
Spain,ESP,2006,72485720
Spain,ESP,2007,83763910
Spain,ESP,2008,287323760
Spain,ESP,2009,244211040
Spain,ESP,2010,274408690
Spain,ESP,2011,81311130
Spain,ESP,2012,13504230
Spain,ESP,2013,46265440
Spain,ESP,2014,59970630
Spain,ESP,2015,38511600
Spain,ESP,2016,33333470
Spain,ESP,2017,50581380
Spain,ESP,2018,97785120
Sub-Saharan Africa,,2002,307614530
Sub-Saharan Africa,,2003,208568830
Sub-Saharan Africa,,2004,525262550.00000006
Sub-Saharan Africa,,2005,497201760
Sub-Saharan Africa,,2006,306360600
Sub-Saharan Africa,,2007,471390580
Sub-Saharan Africa,,2008,565070500
Sub-Saharan Africa,,2009,776434620
Sub-Saharan Africa,,2010,1179902670
Sub-Saharan Africa,,2011,1082753840
Sub-Saharan Africa,,2012,1344836250
Sub-Saharan Africa,,2013,1633182300
Sub-Saharan Africa,,2014,1441836290
Sub-Saharan Africa,,2015,2520792880
Sub-Saharan Africa,,2016,1771961970
Sub-Saharan Africa,,2017,2257634900
Sub-Saharan Africa,,2018,2704445780
Sweden,SWE,2002,38910370
Sweden,SWE,2003,38495530
Sweden,SWE,2004,10496810
Sweden,SWE,2005,3398310
Sweden,SWE,2006,29234750
Sweden,SWE,2007,237110
Sweden,SWE,2008,13398110
Sweden,SWE,2009,6555810
Sweden,SWE,2010,183801450
Sweden,SWE,2011,157721870
Sweden,SWE,2012,238501300
Sweden,SWE,2013,369672990
Sweden,SWE,2014,379373490
Sweden,SWE,2015,299414920
Sweden,SWE,2016,241455100
Sweden,SWE,2017,172141360
Sweden,SWE,2018,603057950
Switzerland,CHE,2002,87387760
Switzerland,CHE,2003,30085090
Switzerland,CHE,2004,64018860
Switzerland,CHE,2005,34198620
Switzerland,CHE,2006,34466580
Switzerland,CHE,2007,57703080
Switzerland,CHE,2008,29758730
Switzerland,CHE,2009,42207740
Switzerland,CHE,2010,57307210
Switzerland,CHE,2011,129465720
Switzerland,CHE,2012,82114660
Switzerland,CHE,2013,146535130
Switzerland,CHE,2014,77167990
Switzerland,CHE,2015,48591240
Switzerland,CHE,2016,120250260
Switzerland,CHE,2017,128208710
Switzerland,CHE,2018,139170150
United Kingdom,GBR,2002,1547080
United Kingdom,GBR,2003,5405910
United Kingdom,GBR,2004,298720
United Kingdom,GBR,2006,11050740
United Kingdom,GBR,2007,6704250
United Kingdom,GBR,2008,23724740
United Kingdom,GBR,2009,60625480
United Kingdom,GBR,2010,175904410
United Kingdom,GBR,2011,83806260
United Kingdom,GBR,2012,66271940
United Kingdom,GBR,2013,215542990
United Kingdom,GBR,2014,201821280
United Kingdom,GBR,2015,422432270
United Kingdom,GBR,2016,304590400
United Kingdom,GBR,2017,285549930
United Kingdom,GBR,2018,979882610
United States,USA,2002,57211060
United States,USA,2003,73864300
United States,USA,2004,70973180
United States,USA,2005,44454230
United States,USA,2006,48765910
United States,USA,2007,231341150
United States,USA,2008,245304980
United States,USA,2009,236244760
United States,USA,2010,1017100490
United States,USA,2011,1248985050
United States,USA,2012,1080093740
United States,USA,2013,1040201890
United States,USA,2014,1312715780
United States,USA,2015,1176305470
United States,USA,2016,1364684140
United States,USA,2017,866829480
United States,USA,2018,537435460
Western Africa,,2002,78051190
Western Africa,,2003,74811250
Western Africa,,2004,294692430
Western Africa,,2005,255590560
Western Africa,,2006,77064930
Western Africa,,2007,94333000
Western Africa,,2008,196001280
Western Africa,,2009,181130700
Western Africa,,2010,280301010
Western Africa,,2011,286269290
Western Africa,,2012,387225150
Western Africa,,2013,390458680
Western Africa,,2014,486002760
Western Africa,,2015,846146430
Western Africa,,2016,540943740
Western Africa,,2017,717770460
Western Africa,,2018,664473280
Western Asia,,2002,30092560
Western Asia,,2003,61897470
Western Asia,,2004,16329280
Western Asia,,2005,71615400
Western Asia,,2006,52018740
Western Asia,,2007,41052110
Western Asia,,2008,100407710
Western Asia,,2009,459490960
Western Asia,,2010,80410190
Western Asia,,2011,473164310
Western Asia,,2012,138598680
Western Asia,,2013,67523610
Western Asia,,2014,407059160
Western Asia,,2015,1130337290
Western Asia,,2016,824538330
Western Asia,,2017,280303820
Western Asia,,2018,216600530