Entity,Code,Year,15.2.1 - Proportion of forest area with a long-term management plan (%) - AG_LND_FRSTMGT
Afghanistan,AFG,2017,1.324
Afghanistan,AFG,2018,1.324
Afghanistan,AFG,2019,1.4068
Afghanistan,AFG,2020,1.4895
Africa,,2000,18.98427
Africa,,2010,21.82052
Africa,,2015,25.54758
Africa,,2016,26.22116
Africa,,2017,26.87364
Africa,,2018,27.17372
Africa,,2019,27.78017
Africa,,2020,28.14325
Albania,ALB,2010,98.367
Algeria,DZA,2010,7.771
Algeria,DZA,2015,7.771
Algeria,DZA,2016,10.0716
Algeria,DZA,2017,11.8609
Algeria,DZA,2018,13.4969
Algeria,DZA,2019,13.4969
Algeria,DZA,2020,13.4969
American Samoa,ASM,2000,14.8727
American Samoa,ASM,2010,14.9884
American Samoa,ASM,2015,14.9884
American Samoa,ASM,2016,14.9884
American Samoa,ASM,2017,14.9884
American Samoa,ASM,2018,14.9884
American Samoa,ASM,2019,14.9884
American Samoa,ASM,2020,14.9884
Americas,,2000,31.7491
Americas,,2010,34.84327
Americas,,2015,36.34181
Americas,,2016,37.40534
Americas,,2017,37.4968
Americas,,2018,38.55101
Americas,,2019,38.81523
Americas,,2020,39.03999
Andorra,AND,2018,100
Angola,AGO,2000,0
Angola,AGO,2010,0
Angola,AGO,2015,0
Angola,AGO,2016,0
Angola,AGO,2017,0
Angola,AGO,2018,0
Angola,AGO,2019,0
Angola,AGO,2020,0
Asia,,2000,52.28904
Asia,,2010,58.42516
Asia,,2015,62.06006
Asia,,2016,62.80203
Asia,,2017,63.45684
Asia,,2018,63.94215
Asia,,2019,64.8128
Asia,,2020,65.50977
Australia,AUS,2010,21.6573
Australia,AUS,2015,32.282
Australia,AUS,2016,32.5107
Australia,AUS,2017,32.506
Australia,AUS,2018,32.503
Australia,AUS,2019,32.503
Australia,AUS,2020,32.503
Australia and New Zealand,,2000,71.12236
Australia and New Zealand,,2010,75.32664
Australia and New Zealand,,2015,74.63609
Australia and New Zealand,,2016,74.6564
Australia and New Zealand,,2017,74.75795
Australia and New Zealand,,2018,74.81888
Australia and New Zealand,,2019,74.97121
Australia and New Zealand,,2020,75.27587
Austria,AUT,2000,48.4645
Austria,AUT,2010,49.7785
Austria,AUT,2015,50.0104
Austria,AUT,2016,50.0362
Austria,AUT,2017,50.0877
Austria,AUT,2018,50.1393
Austria,AUT,2019,50.1908
Austria,AUT,2020,50.2423
Bangladesh,BGD,2000,16.5658
Bangladesh,BGD,2010,16.5658
Bangladesh,BGD,2015,16.5658
Bangladesh,BGD,2016,16.5658
Bangladesh,BGD,2017,16.5658
Bangladesh,BGD,2018,16.5658
Bangladesh,BGD,2019,16.5658
Bangladesh,BGD,2020,16.5658
Belarus,BLR,2000,95.8244
Belarus,BLR,2010,99.9595
Belarus,BLR,2015,100
Belarus,BLR,2016,100
Belarus,BLR,2017,100
Belarus,BLR,2018,100
Belarus,BLR,2019,100
Belarus,BLR,2020,100
Belgium,BEL,2015,44.6395
Benin,BEN,2010,37.2509
Benin,BEN,2015,41.7925
Benin,BEN,2016,41.7925
Benin,BEN,2017,41.7925
Benin,BEN,2018,41.7925
Benin,BEN,2019,41.7925
Benin,BEN,2020,41.7925
Bhutan,BTN,2000,5.1798
Bhutan,BTN,2010,8.6569
Bhutan,BTN,2015,10.0671
Bhutan,BTN,2016,13.5545
Bhutan,BTN,2017,13.5545
Bhutan,BTN,2018,13.5545
Bhutan,BTN,2019,13.5545
Bhutan,BTN,2020,13.5545
Bolivia,BOL,2000,7.4911
Bolivia,BOL,2010,16.8414
Bolivia,BOL,2015,22.1411
Bolivia,BOL,2016,22.6452
Bolivia,BOL,2017,23.1398
Bolivia,BOL,2018,23.1398
Bolivia,BOL,2019,23.1398
Bolivia,BOL,2020,23.1398
Botswana,BWA,2000,10.8109
Botswana,BWA,2010,10.8109
Botswana,BWA,2015,10.8109
Botswana,BWA,2016,10.8109
Botswana,BWA,2017,10.8109
Botswana,BWA,2018,10.8109
Botswana,BWA,2019,10.8109
Botswana,BWA,2020,10.8109
Brazil,BRA,2000,1.835
Brazil,BRA,2010,4.7005
Brazil,BRA,2015,6.2799
Brazil,BRA,2016,7.2696
Brazil,BRA,2017,7.2696
Brazil,BRA,2018,8.1931
Brazil,BRA,2019,8.501
Brazil,BRA,2020,8.9627
Bulgaria,BGR,2000,84.2682
Bulgaria,BGR,2010,93.7908
Bulgaria,BGR,2015,95.8257
Bulgaria,BGR,2016,96.0083
Bulgaria,BGR,2017,96.3475
Bulgaria,BGR,2018,96.7128
Bulgaria,BGR,2019,97.0519
Bulgaria,BGR,2020,97.3911
Burkina Faso,BFA,2000,4.0053
Burkina Faso,BFA,2010,9.2787
Burkina Faso,BFA,2015,10.3334
Burkina Faso,BFA,2016,11.3881
Burkina Faso,BFA,2017,12.4428
Burkina Faso,BFA,2018,11.5366
Burkina Faso,BFA,2019,12.5912
Burkina Faso,BFA,2020,13.6459
Cameroon,CMR,2000,53.3358
Cameroon,CMR,2010,53.3358
Cameroon,CMR,2015,53.3358
Cameroon,CMR,2016,55.3743
Cameroon,CMR,2017,58.9667
Cameroon,CMR,2018,59.2516
Cameroon,CMR,2019,59.3001
Cameroon,CMR,2020,59.9293
Canada,CAN,2000,54.1903
Canada,CAN,2010,54.1157
Canada,CAN,2015,54.3496
Canada,CAN,2016,57.6425
Canada,CAN,2017,57.6425
Canada,CAN,2018,60.706
Canada,CAN,2019,60.8183
Canada,CAN,2020,60.8183
Caribbean,,2000,37.02164
Caribbean,,2010,49.6305
Caribbean,,2015,54.09648
Caribbean,,2016,55.17693
Caribbean,,2017,55.3206
Caribbean,,2018,58.3209
Caribbean,,2019,63.55758
Caribbean,,2020,69.42382
Cayman Islands,CYM,2000,0
Cayman Islands,CYM,2010,100
Cayman Islands,CYM,2015,100
Cayman Islands,CYM,2016,100
Cayman Islands,CYM,2017,100
Cayman Islands,CYM,2018,100
Cayman Islands,CYM,2019,100
Cayman Islands,CYM,2020,100
Central African Republic,CAF,2000,0.8507
Central African Republic,CAF,2010,2.9706
Central African Republic,CAF,2015,16.5412
Central African Republic,CAF,2016,16.5412
Central African Republic,CAF,2017,16.5412
Central African Republic,CAF,2018,16.8263
Central African Republic,CAF,2019,16.8263
Central African Republic,CAF,2020,16.8263
Central America,,2000,0.35245
Central America,,2010,0.25409
Central America,,2015,0.28692
Central America,,2016,0.15013
Central America,,2017,0.28025
Central America,,2018,0.304
Central America,,2019,0.304
Central America,,2020,0.304
Central Asia,,2000,74.66682
Central Asia,,2010,76.84015
Central Asia,,2015,88.9536
Central Asia,,2016,91.16392
Central Asia,,2017,93.44145
Central Asia,,2018,94.61585
Central Asia,,2019,96.32986
Central Asia,,2020,98.26545
Central and Southern Asia,,2000,65.32881
Central and Southern Asia,,2010,67.75964
Central and Southern Asia,,2015,68.45597
Central and Southern Asia,,2016,68.72939
Central and Southern Asia,,2017,69.11036
Central and Southern Asia,,2018,69.20542
Central and Southern Asia,,2019,69.34416
Central and Southern Asia,,2020,69.50083
Chad,TCD,2010,11.2474
Chile,CHL,2000,0
Chile,CHL,2010,0
Chile,CHL,2015,0
Chile,CHL,2016,0
Chile,CHL,2017,0
Chile,CHL,2018,0.0165
Chile,CHL,2019,0.0165
Chile,CHL,2020,0.0859
China,CHN,2000,46.2928
China,CHN,2010,57.2369
China,CHN,2015,64.9999
China,CHN,2016,66.6799
China,CHN,2017,68.2886
China,CHN,2018,69.9158
China,CHN,2019,71.5607
China,CHN,2020,73.2236
Colombia,COL,2000,15.1713
Colombia,COL,2010,29.1928
Colombia,COL,2015,40.107
Colombia,COL,2016,42.5714
Colombia,COL,2017,43.949
Colombia,COL,2018,43.949
Colombia,COL,2019,43.949
Colombia,COL,2020,43.949
Comoros,COM,2010,16.8328
Congo,COG,2000,0
Congo,COG,2010,24.606
Congo,COG,2015,30.2233
Congo,COG,2016,31.3467
Congo,COG,2017,32.4702
Congo,COG,2018,33.5936
Congo,COG,2019,34.7171
Congo,COG,2020,35.8406
Costa Rica,CRI,2015,36.0284
Costa Rica,CRI,2016,36.5828
Costa Rica,CRI,2017,37.1371
Costa Rica,CRI,2018,36.4744
Costa Rica,CRI,2019,37.0257
Costa Rica,CRI,2020,37.58
Cote d'Ivoire,CIV,2000,87.4954
Cote d'Ivoire,CIV,2010,71.6731
Cote d'Ivoire,CIV,2015,63.762
Cote d'Ivoire,CIV,2016,62.1796
Cote d'Ivoire,CIV,2017,60.5974
Cote d'Ivoire,CIV,2018,59.0153
Cote d'Ivoire,CIV,2019,57.4329
Cote d'Ivoire,CIV,2020,55.8508
Croatia,HRV,2000,71.6441
Croatia,HRV,2010,77.4714
Croatia,HRV,2015,82.6384
Croatia,HRV,2016,86.2888
Croatia,HRV,2017,89.9391
Croatia,HRV,2018,93.5895
Croatia,HRV,2019,97.2399
Croatia,HRV,2020,100
Cuba,CUB,2000,41.2346
Cuba,CUB,2010,56.1652
Cuba,CUB,2015,61.407
Cuba,CUB,2016,62.7544
Cuba,CUB,2017,62.924
Cuba,CUB,2018,66.6677
Cuba,CUB,2019,73.2032
Cuba,CUB,2020,80.5242
Cyprus,CYP,2000,61.2588
Cyprus,CYP,2010,61.9825
Cyprus,CYP,2015,62.0404
Cyprus,CYP,2016,62.3357
Cyprus,CYP,2017,66.0645
Cyprus,CYP,2018,66.0703
Cyprus,CYP,2019,66.0761
Cyprus,CYP,2020,66.0819
Czechia,CZE,2000,98.8345
Czechia,CZE,2010,99.5874
Czechia,CZE,2015,100
Czechia,CZE,2016,100
Czechia,CZE,2017,100
Czechia,CZE,2018,100
Czechia,CZE,2019,100
Czechia,CZE,2020,100
Democratic Republic of Congo,COD,2018,8.1383
Democratic Republic of Congo,COD,2019,8.1383
Democratic Republic of Congo,COD,2020,8.1383
Denmark,DNK,2000,40.6608
Denmark,DNK,2010,49.7855
Denmark,DNK,2015,49.7855
Denmark,DNK,2016,49.7855
Denmark,DNK,2017,49.7855
Denmark,DNK,2018,49.7855
Denmark,DNK,2019,49.7855
Denmark,DNK,2020,49.7855
Djibouti,DJI,2000,0
Djibouti,DJI,2010,0
Djibouti,DJI,2015,0
Djibouti,DJI,2016,0
Djibouti,DJI,2017,0
Djibouti,DJI,2018,0
Djibouti,DJI,2019,0
Djibouti,DJI,2020,0
Dominica,DMA,2000,44.7044
Dominica,DMA,2010,44.7044
Dominica,DMA,2015,44.7044
Dominica,DMA,2016,44.7044
Dominica,DMA,2017,44.7044
Dominica,DMA,2018,44.7044
Dominica,DMA,2019,44.7044
Dominica,DMA,2020,44.7044
Eastern Africa,,2000,25.7158
Eastern Africa,,2010,27.85723
Eastern Africa,,2015,32.9354
Eastern Africa,,2016,33.78056
Eastern Africa,,2017,35.06755
Eastern Africa,,2018,35.93906
Eastern Africa,,2019,36.62003
Eastern Africa,,2020,37.3691
Eastern Asia,,2000,54.83047
Eastern Asia,,2010,63.61236
Eastern Asia,,2015,70.02496
Eastern Asia,,2016,71.37895
Eastern Asia,,2017,72.55113
Eastern Asia,,2018,73.84413
Eastern Asia,,2019,75.15198
Eastern Asia,,2020,76.47431
Eastern Europe,,2000,98.91503
Eastern Europe,,2010,99.706
Eastern Europe,,2015,99.68879
Eastern Europe,,2016,99.72371
Eastern Europe,,2017,99.74309
Eastern Europe,,2018,99.73592
Eastern Europe,,2019,99.75388
Eastern Europe,,2020,99.76009
Eastern and South-Eastern Asia,,2000,47.18911
Eastern and South-Eastern Asia,,2010,54.31376
Eastern and South-Eastern Asia,,2015,58.71278
Eastern and South-Eastern Asia,,2016,59.60591
Eastern and South-Eastern Asia,,2017,60.33048
Eastern and South-Eastern Asia,,2018,60.89765
Eastern and South-Eastern Asia,,2019,61.95208
Eastern and South-Eastern Asia,,2020,62.77794
Ecuador,ECU,2000,32.7427
Ecuador,ECU,2010,43.0858
Ecuador,ECU,2015,44.2939
Ecuador,ECU,2016,44.4113
Ecuador,ECU,2017,44.4979
Ecuador,ECU,2018,37.7432
Ecuador,ECU,2019,44.9219
Ecuador,ECU,2020,44.7575
El Salvador,SLV,2015,0.028
El Salvador,SLV,2016,0.028
El Salvador,SLV,2017,0.0495
El Salvador,SLV,2018,0.0544
El Salvador,SLV,2019,0.0544
El Salvador,SLV,2020,0.0544
Estonia,EST,2000,50.8052
Estonia,EST,2010,68.1905
Estonia,EST,2015,63.7816
Estonia,EST,2016,67.3157
Estonia,EST,2017,68.8217
Estonia,EST,2018,71.0257
Estonia,EST,2019,69.8064
Estonia,EST,2020,69.8064
Eswatini,SWZ,2010,0.0427
Eswatini,SWZ,2015,0.0427
Eswatini,SWZ,2016,0.0427
Eswatini,SWZ,2017,0.0427
Eswatini,SWZ,2018,0.0427
Eswatini,SWZ,2019,0.0692
Eswatini,SWZ,2020,0.0692
Ethiopia,ETH,2018,5.1625
Europe,,2000,95.84044
Europe,,2010,96.18635
Europe,,2015,96.432
Europe,,2016,96.54214
Europe,,2017,96.59682
Europe,,2018,96.60869
Europe,,2019,96.63378
Europe,,2020,96.65136
Europe and Northern America,,2000,80.67665
Europe and Northern America,,2010,81.69565
Europe and Northern America,,2015,82.021
Europe and Northern America,,2016,82.67796
Europe and Northern America,,2017,82.7105
Europe and Northern America,,2018,83.37278
Europe and Northern America,,2019,83.41174
Europe and Northern America,,2020,83.4222
Finland,FIN,2000,100
Finland,FIN,2010,99.257
Finland,FIN,2015,100
Finland,FIN,2016,100
Finland,FIN,2017,100
Finland,FIN,2018,100
Finland,FIN,2019,100
Finland,FIN,2020,100
France,FRA,2000,38.489
France,FRA,2010,42.5992
France,FRA,2015,45.3611
France,FRA,2016,46.1867
France,FRA,2017,46.3055
France,FRA,2018,46.3055
France,FRA,2019,46.3055
France,FRA,2020,46.3055
French Guiana,GUF,2000,8.9878
French Guiana,GUF,2010,19.7802
French Guiana,GUF,2015,25.8017
French Guiana,GUF,2016,14.8378
French Guiana,GUF,2017,19.2011
French Guiana,GUF,2018,19.9368
French Guiana,GUF,2019,25.3236
French Guiana,GUF,2020,30.2591
Gabon,GAB,2000,28.8682
Gabon,GAB,2010,29.5846
Gabon,GAB,2015,45.6083
Gabon,GAB,2016,45.6083
Gabon,GAB,2017,45.6083
Gabon,GAB,2018,45.6083
Gabon,GAB,2019,50.869
Gabon,GAB,2020,50.869
Gambia,GMB,2015,34.7424
Gambia,GMB,2016,34.7424
Gambia,GMB,2017,34.7424
Gambia,GMB,2018,34.7424
Gambia,GMB,2019,34.7424
Gambia,GMB,2020,34.7424
Georgia,GEO,2010,5.7044
Georgia,GEO,2015,9.1847
Georgia,GEO,2016,9.1847
Georgia,GEO,2017,16.3421
Georgia,GEO,2018,18.941
Georgia,GEO,2019,21.9909
Georgia,GEO,2020,16.0863
Germany,DEU,2000,65.9252
Germany,DEU,2010,66.3806
Germany,DEU,2015,66.3806
Germany,DEU,2016,66.3806
Germany,DEU,2017,66.3806
Germany,DEU,2018,66.3806
Germany,DEU,2019,66.3806
Germany,DEU,2020,66.3806
Ghana,GHA,2000,15.3799
Ghana,GHA,2010,28.5522
Ghana,GHA,2015,25.2529
Ghana,GHA,2016,25.2529
Ghana,GHA,2017,25.2529
Ghana,GHA,2018,25.2529
Ghana,GHA,2019,25.2529
Ghana,GHA,2020,25.2529
Greenland,GRL,2000,0
Greenland,GRL,2010,0
Greenland,GRL,2015,0
Greenland,GRL,2016,0
Greenland,GRL,2017,0
Greenland,GRL,2018,0
Greenland,GRL,2019,0
Greenland,GRL,2020,0
Guadeloupe,GLP,2000,46.3307
Guadeloupe,GLP,2010,46.2753
Guadeloupe,GLP,2015,46.2476
Guadeloupe,GLP,2016,46.2614
Guadeloupe,GLP,2017,46.2891
Guadeloupe,GLP,2018,46.2891
Guadeloupe,GLP,2019,46.2891
Guadeloupe,GLP,2020,46.2891
Guatemala,GTM,2000,0.1255
Guatemala,GTM,2010,0.0948
Guatemala,GTM,2015,0.1617
Guatemala,GTM,2016,0.0976
Guatemala,GTM,2017,0.0892
Guatemala,GTM,2018,0.0892
Guatemala,GTM,2019,0.0892
Guatemala,GTM,2020,0.0892
Guinea,GIN,2000,3.7878
Guinea,GIN,2010,3.7878
Guinea,GIN,2015,3.7878
Guinea,GIN,2016,3.7878
Guinea,GIN,2017,3.7878
Guinea,GIN,2018,3.7878
Guinea,GIN,2019,3.7878
Guinea,GIN,2020,3.7878
Guinea-Bissau,GNB,2000,1.3352
Guinea-Bissau,GNB,2010,1.3352
Guinea-Bissau,GNB,2015,1.3352
Guinea-Bissau,GNB,2016,1.3352
Guinea-Bissau,GNB,2017,1.2857
Guinea-Bissau,GNB,2018,1.2857
Guinea-Bissau,GNB,2019,1.2857
Guinea-Bissau,GNB,2020,1.2857
Guyana,GUY,2000,90.8546
Guyana,GUY,2010,86.1746
Guyana,GUY,2015,86.1258
Guyana,GUY,2016,84.4304
Guyana,GUY,2017,84.4304
Guyana,GUY,2018,84.4304
Guyana,GUY,2019,84.4304
Guyana,GUY,2020,84.4304
Honduras,HND,2017,10.8546
Honduras,HND,2018,12.2547
Honduras,HND,2019,12.2817
Hungary,HUN,2000,93.2236
Hungary,HUN,2010,99.2998
Hungary,HUN,2015,100
Hungary,HUN,2016,99.8986
Hungary,HUN,2017,99.8277
Hungary,HUN,2018,99.7622
Hungary,HUN,2019,99.6919
Hungary,HUN,2020,99.621
Iceland,ISL,2000,43.9576
Iceland,ISL,2010,74.1279
Iceland,ISL,2015,80.9593
Iceland,ISL,2016,81.9145
Iceland,ISL,2017,83.3056
Iceland,ISL,2018,83.3264
Iceland,ISL,2019,84.593
Iceland,ISL,2020,85.8804
India,IND,2000,74.8602
India,IND,2010,74.9675
India,IND,2015,74.4833
India,IND,2016,74.4833
India,IND,2017,74.7614
India,IND,2018,74.7614
India,IND,2019,74.7614
India,IND,2020,74.7614
Indonesia,IDN,2000,19.0959
Indonesia,IDN,2010,21.9946
Indonesia,IDN,2015,23.2654
Indonesia,IDN,2016,23.2668
Indonesia,IDN,2017,23.2656
Indonesia,IDN,2018,23.2656
Indonesia,IDN,2019,23.2656
Indonesia,IDN,2020,23.2656
Iran,IRN,2000,9.1888
Iran,IRN,2010,28.8066
Iran,IRN,2015,28.9937
Iran,IRN,2016,28.9937
Iran,IRN,2017,28.9937
Iran,IRN,2018,28.9937
Iran,IRN,2019,28.9937
Iran,IRN,2020,28.9937
Iraq,IRQ,2000,0
Iraq,IRQ,2010,0
Iraq,IRQ,2015,0
Iraq,IRQ,2016,0
Iraq,IRQ,2017,0
Iraq,IRQ,2018,0
Iraq,IRQ,2019,0
Iraq,IRQ,2020,0
Ireland,IRL,2000,64.2426
Ireland,IRL,2010,69.7908
Ireland,IRL,2015,71.4511
Ireland,IRL,2016,71.8407
Ireland,IRL,2017,72.2302
Ireland,IRL,2018,72.6052
Ireland,IRL,2019,72.9802
Ireland,IRL,2020,73.3552
Isle of Man,IMN,2010,100
Isle of Man,IMN,2015,100
Isle of Man,IMN,2016,100
Isle of Man,IMN,2017,100
Isle of Man,IMN,2018,100
Isle of Man,IMN,2019,100
Isle of Man,IMN,2020,100
Israel,ISR,2018,16.3636
Israel,ISR,2019,20
Israel,ISR,2020,23.6364
Italy,ITA,2010,16.9731
Jamaica,JAM,2000,17.0956
Jamaica,JAM,2010,18.8775
Jamaica,JAM,2015,18.9087
Jamaica,JAM,2016,18.9139
Jamaica,JAM,2017,18.9208
Jamaica,JAM,2018,18.9277
Jamaica,JAM,2019,18.9329
Jamaica,JAM,2020,18.9398
Japan,JPN,2000,99.7274
Japan,JPN,2010,100
Japan,JPN,2015,100
Japan,JPN,2016,99.984
Japan,JPN,2017,99.9639
Japan,JPN,2018,99.9639
Japan,JPN,2019,99.9639
Japan,JPN,2020,99.9639
Kazakhstan,KAZ,2000,95.42
Kazakhstan,KAZ,2010,93.1607
Kazakhstan,KAZ,2015,100
Kazakhstan,KAZ,2016,100
Kazakhstan,KAZ,2017,100
Kazakhstan,KAZ,2018,100
Kazakhstan,KAZ,2019,100
Kazakhstan,KAZ,2020,100
Kenya,KEN,2000,4.3377
Kenya,KEN,2010,4.3377
Kenya,KEN,2015,4.3377
Kenya,KEN,2016,4.3377
Kenya,KEN,2017,4.3377
Kenya,KEN,2018,4.3377
Kenya,KEN,2019,4.3377
Kenya,KEN,2020,4.3377
Kyrgyzstan,KGZ,2000,68.5647
Kyrgyzstan,KGZ,2010,69.4434
Kyrgyzstan,KGZ,2015,76.3199
Kyrgyzstan,KGZ,2016,76.3199
Kyrgyzstan,KGZ,2017,80.7495
Kyrgyzstan,KGZ,2018,80.7495
Kyrgyzstan,KGZ,2019,86.8015
Kyrgyzstan,KGZ,2020,89.0167
Landlocked developing countries (LLDCs),,2000,33.5256
Landlocked developing countries (LLDCs),,2010,36.57095
Landlocked developing countries (LLDCs),,2015,40.14754
Landlocked developing countries (LLDCs),,2016,40.46186
Landlocked developing countries (LLDCs),,2017,40.72581
Landlocked developing countries (LLDCs),,2018,40.77745
Landlocked developing countries (LLDCs),,2019,40.88437
Landlocked developing countries (LLDCs),,2020,41.00061
Latin America and the Caribbean,,2000,8.34645
Latin America and the Caribbean,,2010,12.39453
Latin America and the Caribbean,,2015,14.82065
Latin America and the Caribbean,,2016,15.53551
Latin America and the Caribbean,,2017,15.70731
Latin America and the Caribbean,,2018,16.26628
Latin America and the Caribbean,,2019,16.71046
Latin America and the Caribbean,,2020,17.13263
Latvia,LVA,2000,95.5641
Latvia,LVA,2010,99.4303
Latvia,LVA,2015,100
Latvia,LVA,2016,100
Latvia,LVA,2017,100
Latvia,LVA,2018,100
Latvia,LVA,2019,100
Latvia,LVA,2020,100
Least developed countries (LDCs),,2000,24.05199
Least developed countries (LDCs),,2010,27.5626
Least developed countries (LDCs),,2015,31.40328
Least developed countries (LDCs),,2016,32.24254
Least developed countries (LDCs),,2017,32.90376
Least developed countries (LDCs),,2018,33.33871
Least developed countries (LDCs),,2019,33.79685
Least developed countries (LDCs),,2020,34.28875
Lesotho,LSO,2000,14.4844
Lesotho,LSO,2010,14.4844
Lesotho,LSO,2015,14.4844
Lesotho,LSO,2016,14.4844
Lesotho,LSO,2017,14.4844
Lesotho,LSO,2018,14.4844
Lesotho,LSO,2019,14.4844
Lesotho,LSO,2020,14.4844
Lithuania,LTU,2000,92.364
Lithuania,LTU,2010,99.2227
Lithuania,LTU,2015,100
Lithuania,LTU,2016,100
Lithuania,LTU,2017,100
Lithuania,LTU,2018,100
Lithuania,LTU,2019,100
Lithuania,LTU,2020,100
Malaysia,MYS,2000,45.6617
Malaysia,MYS,2010,47.199
Malaysia,MYS,2015,53.7595
Malaysia,MYS,2016,53.5436
Malaysia,MYS,2017,53.7967
Malaysia,MYS,2018,54.0497
Malaysia,MYS,2019,54.3028
Malaysia,MYS,2020,54.5558
Mali,MLI,2010,4.4299
Malta,MLT,2016,8.5714
Malta,MLT,2017,11.4286
Malta,MLT,2018,11.4286
Malta,MLT,2019,11.4286
Malta,MLT,2020,11.4286
Martinique,MTQ,2000,0.6239
Martinique,MTQ,2010,5.9856
Martinique,MTQ,2015,26.3209
Martinique,MTQ,2016,26.3209
Martinique,MTQ,2017,26.8083
Martinique,MTQ,2018,26.8083
Martinique,MTQ,2019,26.8083
Martinique,MTQ,2020,26.8083
Mauritania,MRT,2000,0
Mauritania,MRT,2010,1.8733
Mauritania,MRT,2015,0
Mauritania,MRT,2016,0
Mauritania,MRT,2017,0
Mauritania,MRT,2018,0
Mauritania,MRT,2019,0.1176
Mauritania,MRT,2020,0.147
Mauritius,MUS,2000,20.4961
Mauritius,MUS,2010,21.5405
Mauritius,MUS,2015,21.5927
Mauritius,MUS,2016,21.5927
Mauritius,MUS,2017,21.5927
Mauritius,MUS,2018,21.5927
Mauritius,MUS,2019,21.5927
Mauritius,MUS,2020,21.5927
Mayotte,MYT,2015,34.6535
Melanesia,OWID_MNS,2000,13.97913
Melanesia,OWID_MNS,2010,13.97913
Melanesia,OWID_MNS,2015,13.97913
Melanesia,OWID_MNS,2016,13.97913
Melanesia,OWID_MNS,2017,13.97913
Melanesia,OWID_MNS,2018,13.97913
Melanesia,OWID_MNS,2019,13.97913
Melanesia,OWID_MNS,2020,13.97913
Mexico,MEX,2000,2.6509
Mexico,MEX,2010,3.6487
Mexico,MEX,2015,12.5163
Mexico,MEX,2016,6.7682
Mexico,MEX,2017,7.0847
Middle Africa,,2000,11.38743
Middle Africa,,2010,15.22265
Middle Africa,,2015,20.32425
Middle Africa,,2016,20.74667
Middle Africa,,2017,21.37181
Middle Africa,,2018,21.60595
Middle Africa,,2019,22.55389
Middle Africa,,2020,22.79244
Moldova,MDA,2000,73.4524
Moldova,MDA,2010,78.1832
Moldova,MDA,2015,79.824
Moldova,MDA,2016,80.4814
Moldova,MDA,2017,80.396
Moldova,MDA,2018,80.396
Moldova,MDA,2019,80.396
Moldova,MDA,2020,80.396
Mongolia,MNG,2000,100
Mongolia,MNG,2010,100
Mongolia,MNG,2015,100
Mongolia,MNG,2016,99.9922
Mongolia,MNG,2017,99.9843
Mongolia,MNG,2018,99.9765
Mongolia,MNG,2019,99.9687
Mongolia,MNG,2020,99.9609
Montenegro,MNE,2010,36.7509
Montenegro,MNE,2015,36.7509
Montenegro,MNE,2016,36.7509
Montenegro,MNE,2017,36.7509
Montenegro,MNE,2018,36.7509
Montenegro,MNE,2019,36.7509
Montenegro,MNE,2020,36.7509
Morocco,MAR,2000,24.4362
Morocco,MAR,2010,43.0152
Morocco,MAR,2015,52.3951
Morocco,MAR,2016,54.5324
Morocco,MAR,2017,56.3526
Morocco,MAR,2018,58.0507
Morocco,MAR,2019,59.8098
Morocco,MAR,2020,61.5689
Mozambique,MOZ,2000,11.5261
Mozambique,MOZ,2010,20.1993
Mozambique,MOZ,2015,40.6943
Mozambique,MOZ,2016,44.1052
Mozambique,MOZ,2017,49.2968
Mozambique,MOZ,2018,52.8141
Mozambique,MOZ,2019,55.5625
Mozambique,MOZ,2020,58.5856
Myanmar,MMR,2000,81.9049
Myanmar,MMR,2010,94.3063
Myanmar,MMR,2015,93.0172
Myanmar,MMR,2016,93.0172
Myanmar,MMR,2017,93.0172
Myanmar,MMR,2018,93.0172
Myanmar,MMR,2019,93.0172
Myanmar,MMR,2020,93.0172
Namibia,NAM,2000,0.7781
Namibia,NAM,2010,3.9651
Namibia,NAM,2015,2.037
Namibia,NAM,2016,2.186
Namibia,NAM,2017,3.2239
Namibia,NAM,2018,3.0313
Namibia,NAM,2019,3.0313
Namibia,NAM,2020,3.0313
Nepal,NPL,2000,82.8704
Nepal,NPL,2010,82.724
Nepal,NPL,2015,82.724
Nepal,NPL,2016,82.724
Nepal,NPL,2017,82.724
Nepal,NPL,2018,82.724
Nepal,NPL,2019,82.724
Nepal,NPL,2020,82.724
Netherlands,NLD,2000,77.8171
Netherlands,NLD,2010,80.3662
Netherlands,NLD,2015,78.283
Netherlands,NLD,2016,78.4475
Netherlands,NLD,2017,78.5571
Netherlands,NLD,2018,78.749
Netherlands,NLD,2019,78.9135
Netherlands,NLD,2020,79.0779
New Zealand,NZL,2000,71.1209
New Zealand,NZL,2010,75.3254
New Zealand,NZL,2015,74.6348
New Zealand,NZL,2016,74.6551
New Zealand,NZL,2017,74.7567
New Zealand,NZL,2018,74.8176
New Zealand,NZL,2019,74.97
New Zealand,NZL,2020,75.2746
Nicaragua,NIC,2000,0.5607
Nicaragua,NIC,2010,0.4003
Nicaragua,NIC,2015,0.4018
Nicaragua,NIC,2016,0.1983
Nicaragua,NIC,2017,0.4555
Nicaragua,NIC,2018,0.5011
Nicaragua,NIC,2019,0.5011
Nicaragua,NIC,2020,0.5011
Niger,NER,2000,19.2678
Niger,NER,2010,19.2678
Niger,NER,2015,19.2678
Niger,NER,2016,19.2678
Niger,NER,2017,19.2678
Niger,NER,2018,19.2678
Niger,NER,2019,19.2678
Niger,NER,2020,19.2678
Nigeria,NGA,2000,38.047
Nigeria,NGA,2010,26.876
Nigeria,NGA,2015,20.2529
Nigeria,NGA,2016,18.3777
Nigeria,NGA,2017,16.5025
Nigeria,NGA,2018,14.6273
Nigeria,NGA,2019,12.7521
Nigeria,NGA,2020,10.8768
Norfolk Island,NFK,2000,100
Norfolk Island,NFK,2010,100
Norfolk Island,NFK,2015,100
Norfolk Island,NFK,2016,100
Norfolk Island,NFK,2017,100
Norfolk Island,NFK,2018,100
Norfolk Island,NFK,2019,100
Norfolk Island,NFK,2020,100
Northern Africa,,2000,20.45288
Northern Africa,,2010,30.65659
Northern Africa,,2015,32.8871
Northern Africa,,2016,33.3619
Northern Africa,,2017,33.76624
Northern Africa,,2018,34.14346
Northern Africa,,2019,34.53425
Northern Africa,,2020,34.92503
Northern Africa and Western Asia,,2000,52.8602
Northern Africa and Western Asia,,2010,60.21659
Northern Africa and Western Asia,,2015,62.53545
Northern Africa and Western Asia,,2016,62.78842
Northern Africa and Western Asia,,2017,63.26978
Northern Africa and Western Asia,,2018,63.79332
Northern Africa and Western Asia,,2019,64.32427
Northern Africa and Western Asia,,2020,64.85522
Northern America,,2000,58.39407
Northern America,,2010,60.40216
Northern America,,2015,60.84462
Northern America,,2016,62.30512
Northern America,,2017,62.30511
Northern America,,2018,63.92316
Northern America,,2019,63.9825
Northern America,,2020,63.98249
Northern Europe,,2000,82.75996
Northern Europe,,2010,77.81171
Northern Europe,,2015,80.47295
Northern Europe,,2016,81.2276
Northern Europe,,2017,81.58698
Northern Europe,,2018,81.72021
Northern Europe,,2019,81.74123
Northern Europe,,2020,81.7989
Norway,NOR,2000,38.1435
Norway,NOR,2010,30.8706
Norway,NOR,2015,45.5893
Norway,NOR,2016,49.4852
Norway,NOR,2017,50.7701
Norway,NOR,2018,50.9184
Norway,NOR,2019,51.0666
Norway,NOR,2020,51.2149
Oceania,,2000,26.23752
Oceania,,2010,27.13965
Oceania,,2015,26.99151
Oceania,,2016,26.99587
Oceania,,2017,27.01765
Oceania,,2018,27.03072
Oceania,,2019,27.0634
Oceania,,2020,27.12876
Oceania (exc. Australia and New Zealand),,2000,13.97937
Oceania (exc. Australia and New Zealand),,2010,13.97968
Oceania (exc. Australia and New Zealand),,2015,13.97968
Oceania (exc. Australia and New Zealand),,2016,13.97968
Oceania (exc. Australia and New Zealand),,2017,13.97968
Oceania (exc. Australia and New Zealand),,2018,13.97968
Oceania (exc. Australia and New Zealand),,2019,13.97968
Oceania (exc. Australia and New Zealand),,2020,13.97968
Papua New Guinea,PNG,2000,13.9791
Papua New Guinea,PNG,2010,13.9791
Papua New Guinea,PNG,2015,13.9791
Papua New Guinea,PNG,2016,13.9791
Papua New Guinea,PNG,2017,13.9791
Papua New Guinea,PNG,2018,13.9791
Papua New Guinea,PNG,2019,13.9791
Papua New Guinea,PNG,2020,13.9791
Peru,PER,2000,5.484
Peru,PER,2010,10.9366
Peru,PER,2015,11.5623
Peru,PER,2016,11.5664
Peru,PER,2017,11.9176
Peru,PER,2018,12.2646
Philippines,PHL,2000,16.5076
Philippines,PHL,2010,16.4142
Philippines,PHL,2015,17.2681
Philippines,PHL,2016,17.4387
Philippines,PHL,2017,17.6095
Philippines,PHL,2018,17.7803
Philippines,PHL,2019,17.951
Philippines,PHL,2020,18.1218
Poland,POL,2000,89.8089
Poland,POL,2010,91.6773
Poland,POL,2015,94.7983
Poland,POL,2016,95.6157
Poland,POL,2017,96.2102
Polynesia,OWID_PYA,2000,14.25452
Polynesia,OWID_PYA,2010,14.59763
Polynesia,OWID_PYA,2015,14.59763
Polynesia,OWID_PYA,2016,14.59763
Polynesia,OWID_PYA,2017,14.59763
Polynesia,OWID_PYA,2018,14.59763
Polynesia,OWID_PYA,2019,14.59763
Polynesia,OWID_PYA,2020,14.59763
Portugal,PRT,2010,21.9203
Portugal,PRT,2015,26.6908
Reunion,REU,2000,64.5564
Reunion,REU,2010,64.5564
Reunion,REU,2015,64.5564
Reunion,REU,2016,64.5564
Reunion,REU,2017,65.5977
Reunion,REU,2018,65.5977
Reunion,REU,2019,65.5977
Reunion,REU,2020,65.5977
Romania,ROU,2000,86.7132
Romania,ROU,2010,81.9161
Romania,ROU,2015,80.9673
Romania,ROU,2016,80.9673
Romania,ROU,2017,80.9673
Romania,ROU,2018,80.9673
Romania,ROU,2019,80.9673
Romania,ROU,2020,80.9673
Russia,RUS,2000,99.3052
Russia,RUS,2010,100
Russia,RUS,2015,100
Russia,RUS,2016,100
Russia,RUS,2017,100
Russia,RUS,2018,100
Russia,RUS,2019,100
Russia,RUS,2020,100
Saint Barthlemy,,2000,0
Saint Barthlemy,,2010,0
Saint Barthlemy,,2015,0
Saint Barthlemy,,2016,0
Saint Barthlemy,,2017,0
Saint Barthlemy,,2018,0
Saint Barthlemy,,2019,0
Saint Barthlemy,,2020,0
Saint Pierre and Miquelon,SPM,2000,0
Saint Pierre and Miquelon,SPM,2010,100
Saint Pierre and Miquelon,SPM,2015,98.4962
Saint Pierre and Miquelon,SPM,2016,96.9925
Saint Pierre and Miquelon,SPM,2017,95.4887
Saint Pierre and Miquelon,SPM,2018,93.985
Saint Pierre and Miquelon,SPM,2019,92.4812
Saint Pierre and Miquelon,SPM,2020,90.9774
Saint Vincent and the Grenadines,VCT,2000,15.8725
Saint Vincent and the Grenadines,VCT,2010,15.8725
Saint Vincent and the Grenadines,VCT,2015,15.8725
Saint Vincent and the Grenadines,VCT,2016,15.8725
Saint Vincent and the Grenadines,VCT,2017,15.8725
Saint Vincent and the Grenadines,VCT,2018,15.8725
Saint Vincent and the Grenadines,VCT,2019,15.8725
Saint Vincent and the Grenadines,VCT,2020,15.8725
Senegal,SEN,2000,18.11
Senegal,SEN,2010,34.3213
Senegal,SEN,2015,49.5295
Senegal,SEN,2016,63.1765
Senegal,SEN,2017,63.1765
Senegal,SEN,2018,63.1765
Senegal,SEN,2019,66.8048
Senegal,SEN,2020,70.4332
Serbia,SRB,2000,73.5053
Serbia,SRB,2010,47.1773
Serbia,SRB,2015,42.579
Serbia,SRB,2016,42.0999
Serbia,SRB,2017,42.09
Serbia,SRB,2018,42.1588
Serbia,SRB,2019,42.1588
Serbia,SRB,2020,42.1588
Sierra Leone,SLE,2015,2.8479
Sierra Leone,SLE,2016,2.8479
Sierra Leone,SLE,2017,2.8479
Sierra Leone,SLE,2018,2.8479
Sierra Leone,SLE,2019,2.8479
Sierra Leone,SLE,2020,2.8479
Slovakia,SVK,2000,98.9416
Slovakia,SVK,2010,99.8002
Slovakia,SVK,2015,100
Slovakia,SVK,2016,100
Slovakia,SVK,2017,100
Slovakia,SVK,2018,100
Slovakia,SVK,2019,100
Slovakia,SVK,2020,100
Slovenia,SVN,2000,98.7981
Slovenia,SVN,2010,99.5994
Slovenia,SVN,2015,99.9199
Slovenia,SVN,2016,99.8373
Slovenia,SVN,2017,99.6739
Slovenia,SVN,2018,99.5112
Slovenia,SVN,2019,99.3478
Slovenia,SVN,2020,99.1851
Small Island Developing States (SIDS),,2000,36.03322
Small Island Developing States (SIDS),,2010,36.13354
Small Island Developing States (SIDS),,2015,36.33245
Small Island Developing States (SIDS),,2016,35.633
Small Island Developing States (SIDS),,2017,35.3435
Small Island Developing States (SIDS),,2018,35.7592
Small Island Developing States (SIDS),,2019,36.29238
Small Island Developing States (SIDS),,2020,36.85862
Solomon Islands,SLB,2017,98.4636
South America,,2000,8.27308
South America,,2010,12.31715
South America,,2015,14.75661
South America,,2016,15.47816
South America,,2017,15.65053
South America,,2018,16.20178
South America,,2019,16.62463
South America,,2020,17.02172
South Korea,KOR,2000,59.0185
South Korea,KOR,2010,50.1026
South Korea,KOR,2015,51.7279
South Korea,KOR,2016,50.7022
South Korea,KOR,2017,44.7215
South Korea,KOR,2018,42.9225
South Korea,KOR,2019,41.1393
South Korea,KOR,2020,39.3404
South-eastern Asia,,2000,35.38493
South-eastern Asia,,2010,39.94951
South-eastern Asia,,2015,41.23802
South-eastern Asia,,2016,41.41924
South-eastern Asia,,2017,41.45235
South-eastern Asia,,2018,40.89827
South-eastern Asia,,2019,41.56121
South-eastern Asia,,2020,41.62015
Southern Africa,,2000,7.74888
Southern Africa,,2010,8.72332
Southern Africa,,2015,8.1338
Southern Africa,,2016,8.17935
Southern Africa,,2017,8.49669
Southern Africa,,2018,8.4378
Southern Africa,,2019,8.4378
Southern Africa,,2020,8.4378
Southern Asia,,2000,64.5064
Southern Asia,,2010,66.95991
Southern Asia,,2015,66.65071
Southern Asia,,2016,66.75355
Southern Asia,,2017,66.96749
Southern Asia,,2018,66.96749
Southern Asia,,2019,66.96749
Southern Asia,,2020,66.96749
Southern Europe,,2000,78.25752
Southern Europe,,2010,68.17182
Southern Europe,,2015,67.80269
Southern Europe,,2016,68.75523
Southern Europe,,2017,69.90728
Southern Europe,,2018,71.09583
Southern Europe,,2019,72.25245
Southern Europe,,2020,73.40925
Spain,ESP,2016,31.8234
Sub-Saharan Africa,,2000,18.8885
Sub-Saharan Africa,,2010,21.2443
Sub-Saharan Africa,,2015,25.06896
Sub-Saharan Africa,,2016,25.7555
Sub-Saharan Africa,,2017,26.42416
Sub-Saharan Africa,,2018,26.71921
Sub-Saharan Africa,,2019,27.33973
Sub-Saharan Africa,,2020,27.701
Sudan,SDN,2000,17.483
Sudan,SDN,2010,25.5775
Sudan,SDN,2015,25.773
Sudan,SDN,2016,25.773
Sudan,SDN,2017,25.773
Sudan,SDN,2018,25.773
Sudan,SDN,2019,25.773
Sudan,SDN,2020,25.773
Suriname,SUR,2000,26.0798
Suriname,SUR,2010,29.0552
Suriname,SUR,2015,29.0053
Suriname,SUR,2016,27.3062
Suriname,SUR,2017,25.8409
Suriname,SUR,2018,27.1214
Suriname,SUR,2019,28.4018
Suriname,SUR,2020,29.6823
Sweden,SWE,2000,95.6755
Sweden,SWE,2010,81.2044
Sweden,SWE,2015,81.0579
Sweden,SWE,2016,81.0579
Sweden,SWE,2017,81.0579
Sweden,SWE,2018,81.0579
Sweden,SWE,2019,81.0579
Sweden,SWE,2020,81.0579
Switzerland,CHE,2000,69.6656
Switzerland,CHE,2010,78.9178
Switzerland,CHE,2015,84.9366
Switzerland,CHE,2016,85.1699
Switzerland,CHE,2017,85.4031
Switzerland,CHE,2018,85.6363
Switzerland,CHE,2019,85.8696
Switzerland,CHE,2020,86.1028
Tanzania,TZA,2000,4.4292
Tanzania,TZA,2010,4.4292
Tanzania,TZA,2015,4.4292
Tanzania,TZA,2016,4.4292
Tanzania,TZA,2017,4.4292
Tanzania,TZA,2018,4.4292
Tanzania,TZA,2019,4.4292
Tanzania,TZA,2020,4.4292
Togo,TGO,2015,0.2867
Togo,TGO,2016,0.2867
Togo,TGO,2017,7.1859
Togo,TGO,2018,7.1859
Tonga,TON,2000,22.3464
Tonga,TON,2010,22.3464
Tonga,TON,2015,22.3464
Tonga,TON,2016,22.3464
Tonga,TON,2017,22.3464
Tonga,TON,2018,22.3464
Tonga,TON,2019,22.3464
Tonga,TON,2020,22.3464
Tunisia,TUN,2000,69.9531
Tunisia,TUN,2010,69.9531
Tunisia,TUN,2015,69.9531
Tunisia,TUN,2016,69.9531
Tunisia,TUN,2017,69.9531
Tunisia,TUN,2018,69.9531
Tunisia,TUN,2019,69.9531
Tunisia,TUN,2020,69.9531
Turkey,TUR,2000,93.1487
Turkey,TUR,2010,97.4701
Turkey,TUR,2015,100
Turkey,TUR,2016,99.9999
Turkey,TUR,2017,100
Turkey,TUR,2018,100
Turkey,TUR,2019,100
Turkey,TUR,2020,100
Ukraine,UKR,2000,85.5338
Ukraine,UKR,2010,88.5679
Ukraine,UKR,2015,88.6404
Ukraine,UKR,2016,88.8475
Ukraine,UKR,2017,88.951
Ukraine,UKR,2018,88.0191
Ukraine,UKR,2019,89.3135
Ukraine,UKR,2020,89.5723
United Kingdom,GBR,2000,33.7559
United Kingdom,GBR,2010,52.8685
United Kingdom,GBR,2015,57.3376
United Kingdom,GBR,2016,57.2742
United Kingdom,GBR,2017,59.3027
United Kingdom,GBR,2018,59.9366
United Kingdom,GBR,2019,60.5071
United Kingdom,GBR,2020,61.046
United States,USA,2000,63.1
United States,USA,2010,67.439
United States,USA,2015,68.1149
United States,USA,2016,67.5243
United States,USA,2017,67.5243
United States,USA,2018,67.5243
United States,USA,2019,67.5243
United States,USA,2020,67.5243
Uruguay,URY,2000,34.0208
Uruguay,URY,2010,48.6083
Uruguay,URY,2015,52.4375
Uruguay,URY,2016,53.5625
Uruguay,URY,2017,56
Uruguay,URY,2018,56.875
Uruguay,URY,2019,57.75
Uruguay,URY,2020,58.625
Uzbekistan,UZB,2000,57.4745
Uzbekistan,UZB,2010,64.2362
Uzbekistan,UZB,2015,83.1126
Uzbekistan,UZB,2016,87.3387
Uzbekistan,UZB,2017,90.1561
Uzbekistan,UZB,2018,92.0156
Uzbekistan,UZB,2019,92.9735
Uzbekistan,UZB,2020,95.7908
Venezuela,VEN,2000,26.4918
Venezuela,VEN,2010,26.4918
Venezuela,VEN,2015,26.4918
Venezuela,VEN,2016,26.4918
Venezuela,VEN,2017,26.4918
Venezuela,VEN,2018,26.4918
Venezuela,VEN,2019,26.4918
Venezuela,VEN,2020,26.4918
Vietnam,VNM,2000,41.4329
Vietnam,VNM,2010,47.0536
Vietnam,VNM,2015,46.879
Vietnam,VNM,2016,49.2172
Vietnam,VNM,2017,49.1792
Vietnam,VNM,2018,42.2202
Vietnam,VNM,2019,49.59
Vietnam,VNM,2020,49.8485
Wallis and Futuna,WLF,2000,0
Wallis and Futuna,WLF,2010,1.5437
Wallis and Futuna,WLF,2015,1.5437
Wallis and Futuna,WLF,2016,1.5437
Wallis and Futuna,WLF,2017,1.5437
Wallis and Futuna,WLF,2018,1.5437
Wallis and Futuna,WLF,2019,1.5437
Wallis and Futuna,WLF,2020,1.5437
Western Africa,,2000,25.65823
Western Africa,,2010,25.1107
Western Africa,,2015,23.91753
Western Africa,,2016,25.15459
Western Africa,,2017,24.4563
Western Africa,,2018,23.54243
Western Africa,,2019,23.36064
Western Africa,,2020,23.17835
Western Asia,,2000,89.5092
Western Asia,,2010,93.64557
Western Asia,,2015,96.06435
Western Asia,,2016,96.06647
Western Asia,,2017,96.63492
Western Asia,,2018,97.32394
Western Asia,,2019,98.01339
Western Asia,,2020,98.70285
Western Europe,,2000,50.49947
Western Europe,,2010,53.22554
Western Europe,,2015,54.83059
Western Europe,,2016,55.2558
Western Europe,,2017,55.33081
Western Europe,,2018,55.34746
Western Europe,,2019,55.36382
Western Europe,,2020,55.38017
World,OWID_WRL,2000,51.71907
World,OWID_WRL,2010,54.45596
World,OWID_WRL,2015,56.19373
World,OWID_WRL,2016,56.8704
World,OWID_WRL,2017,57.11051
World,OWID_WRL,2018,57.6678
World,OWID_WRL,2019,58.00051
World,OWID_WRL,2020,58.25704
Zambia,ZMB,2000,69.5682
Zambia,ZMB,2010,69.5682
Zambia,ZMB,2015,69.5682
Zambia,ZMB,2016,69.5682
Zambia,ZMB,2017,69.5682
Zambia,ZMB,2018,69.5682
Zambia,ZMB,2019,69.5682
Zambia,ZMB,2020,69.5682
Zimbabwe,ZWE,2000,4.6393
Zimbabwe,ZWE,2010,4.5714
Zimbabwe,ZWE,2015,4.5714
Zimbabwe,ZWE,2016,4.5714
Zimbabwe,ZWE,2017,4.5714
Zimbabwe,ZWE,2018,4.5714
Zimbabwe,ZWE,2019,4.5714
Zimbabwe,ZWE,2020,4.5714