Entity,Code,Year,15.2.1 - Proportion of forest area within legally established protected areas (%) - AG_LND_FRSTPRCT
Africa,,2000,23.37024
Africa,,2010,24.09807
Africa,,2015,25.76739
Africa,,2016,25.76831
Africa,,2017,25.76501
Africa,,2018,25.76312
Africa,,2019,25.60881
Africa,,2020,25.73027
Albania,ALB,2000,18.9055
Albania,ALB,2010,20.5401
Algeria,DZA,2000,6.0838
Algeria,DZA,2010,6.0838
Algeria,DZA,2015,6.0838
Algeria,DZA,2016,6.0838
Algeria,DZA,2017,6.0838
Algeria,DZA,2018,6.0838
Algeria,DZA,2019,6.0838
Algeria,DZA,2020,6.0838
American Samoa,ASM,2000,14.8727
American Samoa,ASM,2010,14.9884
American Samoa,ASM,2015,14.9884
American Samoa,ASM,2016,14.9884
American Samoa,ASM,2017,14.9884
American Samoa,ASM,2018,14.9884
American Samoa,ASM,2019,14.9884
American Samoa,ASM,2020,14.9884
Americas,,2000,15.9245
Americas,,2010,19.94696
Americas,,2015,20.2761
Americas,,2016,20.57998
Americas,,2017,20.59283
Americas,,2018,20.70664
Americas,,2019,20.78733
Americas,,2020,20.83532
Andorra,AND,2018,12.5
Angola,AGO,2000,2.6837
Angola,AGO,2010,2.6837
Angola,AGO,2015,2.6837
Angola,AGO,2016,2.6837
Angola,AGO,2017,2.6837
Angola,AGO,2018,2.6837
Angola,AGO,2019,2.6837
Angola,AGO,2020,2.6837
Argentina,ARG,2000,5.9731
Argentina,ARG,2010,6.0041
Argentina,ARG,2015,6.3787
Argentina,ARG,2016,6.3787
Argentina,ARG,2017,6.3787
Argentina,ARG,2018,6.6261
Argentina,ARG,2019,6.6261
Argentina,ARG,2020,6.6261
Asia,,2000,19.29344
Asia,,2010,24.04833
Asia,,2015,24.76196
Asia,,2016,25.00685
Asia,,2017,25.24751
Asia,,2018,25.28862
Asia,,2019,25.31954
Asia,,2020,25.36946
Australia,AUS,2000,13.2195
Australia,AUS,2010,16.7252
Australia,AUS,2015,17.9571
Australia,AUS,2016,18.0861
Australia,AUS,2017,18.0861
Australia,AUS,2018,18.0861
Australia,AUS,2019,18.0861
Australia,AUS,2020,18.0861
Australia and New Zealand,,2000,14.70569
Australia and New Zealand,,2010,18.14198
Australia and New Zealand,,2015,19.21489
Australia and New Zealand,,2016,19.33492
Australia and New Zealand,,2017,19.33492
Australia and New Zealand,,2018,19.33492
Australia and New Zealand,,2019,19.33492
Australia and New Zealand,,2020,19.33492
Austria,AUT,2010,18.785
Austria,AUT,2015,21.958
Austria,AUT,2016,22.1829
Austria,AUT,2017,22.4076
Austria,AUT,2018,22.6322
Austria,AUT,2019,22.6322
Austria,AUT,2020,22.6322
Azerbaijan,AZE,2000,34.4192
Azerbaijan,AZE,2010,34.4192
Azerbaijan,AZE,2015,34.4192
Azerbaijan,AZE,2016,34.4192
Azerbaijan,AZE,2017,34.4192
Azerbaijan,AZE,2018,34.4192
Azerbaijan,AZE,2019,34.4192
Azerbaijan,AZE,2020,34.4192
Bangladesh,BGD,2000,32.8263
Bangladesh,BGD,2010,32.8263
Bangladesh,BGD,2015,32.8263
Bangladesh,BGD,2016,32.8263
Bangladesh,BGD,2017,32.8263
Bangladesh,BGD,2018,32.8263
Bangladesh,BGD,2019,32.8263
Bangladesh,BGD,2020,32.8263
Barbados,BRB,2010,4.7619
Barbados,BRB,2015,4.7619
Barbados,BRB,2016,4.7619
Barbados,BRB,2017,4.7619
Barbados,BRB,2018,4.7619
Barbados,BRB,2019,4.7619
Barbados,BRB,2020,4.7619
Belarus,BLR,2000,5.6408
Belarus,BLR,2010,12.6693
Belarus,BLR,2015,12.9264
Belarus,BLR,2016,13.2021
Belarus,BLR,2017,13.5333
Belarus,BLR,2018,14.27
Belarus,BLR,2019,15.0345
Belarus,BLR,2020,15.7989
Belgium,BEL,2000,3.946
Belgium,BEL,2010,3.8155
Belgium,BEL,2015,26.157
Belize,BLZ,2000,55.6478
Belize,BLZ,2010,56.7327
Belize,BLZ,2015,57.2166
Belize,BLZ,2016,57.0508
Belize,BLZ,2017,56.8137
Belize,BLZ,2018,56.8137
Belize,BLZ,2019,56.8137
Belize,BLZ,2020,56.8137
Benin,BEN,2000,74.5019
Benin,BEN,2010,74.5019
Benin,BEN,2015,74.5019
Benin,BEN,2016,74.5019
Benin,BEN,2017,74.5019
Benin,BEN,2018,74.5019
Benin,BEN,2019,74.5019
Benin,BEN,2020,74.5019
Bhutan,BTN,2000,40.6677
Bhutan,BTN,2010,40.6677
Bhutan,BTN,2015,40.6677
Bhutan,BTN,2016,40.6677
Bhutan,BTN,2017,40.6677
Bhutan,BTN,2018,40.6677
Bhutan,BTN,2019,40.6677
Bhutan,BTN,2020,40.6677
Bolivia,BOL,2016,23.8946
Bolivia,BOL,2017,23.8946
Bolivia,BOL,2018,23.8946
Bolivia,BOL,2019,23.8946
Bolivia,BOL,2020,23.8946
Bonaire Sint Eustatius and Saba,BES,2000,16.7539
Bonaire Sint Eustatius and Saba,BES,2010,16.7539
Bonaire Sint Eustatius and Saba,BES,2015,16.7539
Bonaire Sint Eustatius and Saba,BES,2016,16.7539
Bonaire Sint Eustatius and Saba,BES,2017,16.7539
Bonaire Sint Eustatius and Saba,BES,2018,16.7539
Bonaire Sint Eustatius and Saba,BES,2019,16.7539
Bonaire Sint Eustatius and Saba,BES,2020,16.7539
Botswana,BWA,2000,10.8109
Botswana,BWA,2010,10.8109
Botswana,BWA,2015,10.8109
Botswana,BWA,2016,10.8109
Botswana,BWA,2017,10.8109
Botswana,BWA,2018,10.8109
Botswana,BWA,2019,10.8109
Botswana,BWA,2020,10.8109
Brazil,BRA,2000,21.2644
Brazil,BRA,2010,27.7847
Brazil,BRA,2015,28.4448
Brazil,BRA,2016,28.8993
Brazil,BRA,2017,28.9113
Brazil,BRA,2018,29.2183
Brazil,BRA,2019,29.4516
Brazil,BRA,2020,29.6848
Brunei,BRN,2000,5
Brunei,BRN,2010,5
Brunei,BRN,2015,5
Brunei,BRN,2016,5
Brunei,BRN,2017,5
Brunei,BRN,2018,5
Brunei,BRN,2019,5
Brunei,BRN,2020,5
Bulgaria,BGR,2000,6.3919
Bulgaria,BGR,2010,14.923
Bulgaria,BGR,2015,18.3668
Bulgaria,BGR,2016,18.3668
Bulgaria,BGR,2017,18.3668
Bulgaria,BGR,2018,18.3668
Bulgaria,BGR,2019,18.3668
Bulgaria,BGR,2020,18.3668
Burkina Faso,BFA,2000,15.6501
Burkina Faso,BFA,2010,15.3408
Burkina Faso,BFA,2015,15.2017
Burkina Faso,BFA,2016,15.1738
Burkina Faso,BFA,2017,15.146
Burkina Faso,BFA,2018,15.1181
Burkina Faso,BFA,2019,15.0903
Burkina Faso,BFA,2020,15.0625
Burundi,BDI,2000,41.1243
Burundi,BDI,2010,41.1243
Burundi,BDI,2015,41.1243
Burundi,BDI,2016,41.1243
Burundi,BDI,2017,41.1243
Burundi,BDI,2018,41.1243
Burundi,BDI,2019,41.1243
Burundi,BDI,2020,41.1243
Cambodia,KHM,2000,35.9903
Cambodia,KHM,2010,35.4704
Cambodia,KHM,2015,35.4704
Cambodia,KHM,2016,35.4704
Cambodia,KHM,2017,35.4704
Cambodia,KHM,2018,35.4704
Cambodia,KHM,2019,35.4704
Cambodia,KHM,2020,35.4704
Cameroon,CMR,2000,19.084
Cameroon,CMR,2010,19.084
Cameroon,CMR,2015,19.084
Cameroon,CMR,2016,19.084
Cameroon,CMR,2017,19.1198
Cameroon,CMR,2018,19.1198
Cameroon,CMR,2019,19.1198
Cameroon,CMR,2020,19.1198
Canada,CAN,2000,5.2357
Canada,CAN,2010,8.1258
Canada,CAN,2015,8.5006
Canada,CAN,2016,8.5006
Canada,CAN,2017,8.5006
Canada,CAN,2018,8.5006
Canada,CAN,2019,8.5006
Canada,CAN,2020,8.5006
Cape Verde,CPV,2000,7.8019
Cape Verde,CPV,2010,7.8019
Cape Verde,CPV,2015,7.8019
Cape Verde,CPV,2016,7.8019
Cape Verde,CPV,2017,7.8019
Cape Verde,CPV,2018,7.8019
Cape Verde,CPV,2019,7.8019
Cape Verde,CPV,2020,7.8019
Caribbean,,2000,14.12245
Caribbean,,2010,18.15634
Caribbean,,2015,19.77192
Caribbean,,2016,19.77959
Caribbean,,2017,19.79582
Caribbean,,2018,19.80174
Caribbean,,2019,19.8081
Caribbean,,2020,19.81445
Cayman Islands,CYM,2000,12.1069
Cayman Islands,CYM,2010,12.1069
Cayman Islands,CYM,2015,12.3428
Cayman Islands,CYM,2016,12.3428
Cayman Islands,CYM,2017,12.3428
Cayman Islands,CYM,2018,12.3428
Cayman Islands,CYM,2019,12.3428
Cayman Islands,CYM,2020,12.3428
Central African Republic,CAF,2000,0.7438
Central African Republic,CAF,2010,0.7438
Central African Republic,CAF,2015,0.7438
Central African Republic,CAF,2016,0.7438
Central African Republic,CAF,2017,0.7438
Central African Republic,CAF,2018,0.7438
Central African Republic,CAF,2019,0.7438
Central African Republic,CAF,2020,0.7438
Central America,,2000,57.1713
Central America,,2010,49.09156
Central America,,2015,47.50401
Central America,,2016,47.33112
Central America,,2017,46.63262
Central America,,2018,45.97209
Central America,,2019,45.31382
Central America,,2020,44.65759
Central Asia,,2000,29.45621
Central Asia,,2010,47.12956
Central Asia,,2015,53.32217
Central Asia,,2016,55.5288
Central Asia,,2017,56.76189
Central Asia,,2018,57.45736
Central Asia,,2019,57.53134
Central Asia,,2020,58.76444
Central and Southern Asia,,2000,18.48635
Central and Southern Asia,,2010,23.0606
Central and Southern Asia,,2015,24.33883
Central and Southern Asia,,2016,24.54154
Central and Southern Asia,,2017,24.65849
Central and Southern Asia,,2018,24.72459
Central and Southern Asia,,2019,24.73768
Central and Southern Asia,,2020,24.85883
Chad,TCD,2000,35.4863
Chad,TCD,2010,35.455
Chad,TCD,2015,35.455
Chad,TCD,2016,35.455
Chad,TCD,2017,35.455
Chad,TCD,2018,35.455
Chad,TCD,2019,35.455
Chad,TCD,2020,35.455
Chile,CHL,2000,20.2966
Chile,CHL,2010,20.9717
Chile,CHL,2015,21.3675
Chile,CHL,2016,21.2797
Chile,CHL,2017,21.5329
Chile,CHL,2018,21.6157
Chile,CHL,2019,21.6157
Chile,CHL,2020,21.6157
China,CHN,2000,7.8357
China,CHN,2010,13.0688
China,CHN,2015,13.6024
China,CHN,2016,13.9053
China,CHN,2017,14.4098
China,CHN,2018,14.4179
China,CHN,2019,14.425
China,CHN,2020,14.4322
Colombia,COL,2000,15.1713
Colombia,COL,2010,19.9883
Colombia,COL,2015,20.4107
Colombia,COL,2016,20.4986
Colombia,COL,2017,20.6957
Colombia,COL,2018,20.6957
Colombia,COL,2019,20.6957
Colombia,COL,2020,20.6957
Comoros,COM,2000,0
Comoros,COM,2010,0
Comoros,COM,2015,0
Comoros,COM,2016,0
Comoros,COM,2017,0
Comoros,COM,2018,0
Comoros,COM,2019,0
Comoros,COM,2020,0
Congo,COG,2000,17.7606
Congo,COG,2010,17.7606
Congo,COG,2015,17.7606
Congo,COG,2016,17.7606
Congo,COG,2017,17.7606
Congo,COG,2018,17.7606
Congo,COG,2019,17.7606
Congo,COG,2020,17.7606
Costa Rica,CRI,2015,42.8611
Costa Rica,CRI,2016,42.8611
Costa Rica,CRI,2017,42.8611
Costa Rica,CRI,2018,44.0808
Costa Rica,CRI,2019,44.0808
Costa Rica,CRI,2020,44.0808
Cote d'Ivoire,CIV,2000,40.8747
Cote d'Ivoire,CIV,2010,39.5707
Cote d'Ivoire,CIV,2015,38.9189
Cote d'Ivoire,CIV,2016,38.7884
Cote d'Ivoire,CIV,2017,38.6581
Cote d'Ivoire,CIV,2018,38.5276
Cote d'Ivoire,CIV,2019,38.3973
Cote d'Ivoire,CIV,2020,38.2668
Croatia,HRV,2000,2.0291
Croatia,HRV,2010,2.8096
Croatia,HRV,2015,2.8096
Croatia,HRV,2016,2.872
Croatia,HRV,2017,2.872
Croatia,HRV,2018,2.872
Croatia,HRV,2019,2.872
Croatia,HRV,2020,2.872
Cuba,CUB,2000,12.3744
Cuba,CUB,2010,18.0905
Cuba,CUB,2015,20.3518
Cuba,CUB,2016,20.3518
Cuba,CUB,2017,20.3518
Cuba,CUB,2018,20.3518
Cuba,CUB,2019,20.3518
Cuba,CUB,2020,20.3518
Cyprus,CYP,2000,8.0887
Cyprus,CYP,2010,9.7504
Cyprus,CYP,2015,9.7504
Cyprus,CYP,2016,10.0457
Cyprus,CYP,2017,10.0457
Cyprus,CYP,2018,10.0457
Cyprus,CYP,2019,10.0457
Cyprus,CYP,2020,10.0457
Czechia,CZE,2000,4.5447
Czechia,CZE,2010,4.8632
Czechia,CZE,2015,5.4969
Czechia,CZE,2016,5.4782
Czechia,CZE,2017,5.4823
Czechia,CZE,2018,5.4823
Czechia,CZE,2019,5.4823
Czechia,CZE,2020,5.4823
Democratic Republic of Congo,COD,2000,12.3779
Democratic Republic of Congo,COD,2010,12.3779
Democratic Republic of Congo,COD,2015,18.4541
Democratic Republic of Congo,COD,2016,18.4541
Democratic Republic of Congo,COD,2017,18.4541
Democratic Republic of Congo,COD,2018,18.4541
Democratic Republic of Congo,COD,2019,18.4541
Democratic Republic of Congo,COD,2020,18.4541
Denmark,DNK,2000,2.9471
Denmark,DNK,2010,6.6738
Denmark,DNK,2015,6.6994
Denmark,DNK,2016,6.6994
Denmark,DNK,2017,6.6994
Denmark,DNK,2018,6.6994
Denmark,DNK,2019,8.3867
Denmark,DNK,2020,8.3867
Djibouti,DJI,2000,0
Djibouti,DJI,2010,0
Djibouti,DJI,2015,16.0714
Djibouti,DJI,2016,16.0714
Djibouti,DJI,2017,16.0714
Djibouti,DJI,2018,16.0714
Djibouti,DJI,2019,16.0714
Djibouti,DJI,2020,16.0714
Dominica,DMA,2000,44.7044
Dominica,DMA,2010,44.7044
Dominica,DMA,2015,44.7044
Dominica,DMA,2016,44.7044
Dominica,DMA,2017,44.7044
Dominica,DMA,2018,44.7044
Dominica,DMA,2019,44.7044
Dominica,DMA,2020,44.7044
Eastern Africa,,2000,48.73657
Eastern Africa,,2010,49.35009
Eastern Africa,,2015,50.51654
Eastern Africa,,2016,50.51752
Eastern Africa,,2017,50.5185
Eastern Africa,,2018,50.51949
Eastern Africa,,2019,50.51949
Eastern Africa,,2020,50.96475
Eastern Asia,,2000,8.30066
Eastern Asia,,2010,13.12768
Eastern Asia,,2015,13.87561
Eastern Asia,,2016,14.15159
Eastern Asia,,2017,14.60695
Eastern Asia,,2018,14.61431
Eastern Asia,,2019,14.62081
Eastern Asia,,2020,14.62731
Eastern Europe,,2000,2.10783
Eastern Europe,,2010,2.64094
Eastern Europe,,2015,3.14312
Eastern Europe,,2016,3.21578
Eastern Europe,,2017,3.22134
Eastern Europe,,2018,3.22915
Eastern Europe,,2019,3.23707
Eastern Europe,,2020,3.24499
Eastern and South-Eastern Asia,,2000,18.84327
Eastern and South-Eastern Asia,,2010,23.89
Eastern and South-Eastern Asia,,2015,24.42566
Eastern and South-Eastern Asia,,2016,24.69426
Eastern and South-Eastern Asia,,2017,24.96718
Eastern and South-Eastern Asia,,2018,24.99261
Eastern and South-Eastern Asia,,2019,25.01691
Eastern and South-Eastern Asia,,2020,25.04121
Ecuador,ECU,2000,24.198
Ecuador,ECU,2010,24.8572
Ecuador,ECU,2015,25.498
Ecuador,ECU,2016,25.4824
Ecuador,ECU,2017,25.4668
Ecuador,ECU,2018,25.4513
Ecuador,ECU,2019,25.4358
Ecuador,ECU,2020,25.4203
El Salvador,SLV,2010,2.8035
El Salvador,SLV,2015,2.8035
El Salvador,SLV,2016,2.8035
El Salvador,SLV,2017,2.8035
El Salvador,SLV,2018,2.8035
El Salvador,SLV,2019,2.8035
El Salvador,SLV,2020,2.8035
Equatorial Guinea,GNQ,2000,11.003
Equatorial Guinea,GNQ,2010,11.003
Equatorial Guinea,GNQ,2015,11.003
Equatorial Guinea,GNQ,2016,11.003
Equatorial Guinea,GNQ,2017,11.003
Equatorial Guinea,GNQ,2018,11.003
Equatorial Guinea,GNQ,2019,11.003
Equatorial Guinea,GNQ,2020,11.003
Eritrea,ERI,2010,9.9901
Eritrea,ERI,2015,9.9901
Eritrea,ERI,2016,9.9901
Eritrea,ERI,2017,9.9901
Eritrea,ERI,2018,9.9901
Eritrea,ERI,2019,9.9901
Eritrea,ERI,2020,9.9901
Estonia,EST,2000,5.824
Estonia,EST,2010,20.078
Estonia,EST,2015,20.584
Estonia,EST,2016,21.1887
Estonia,EST,2017,21.9912
Estonia,EST,2018,21.9912
Estonia,EST,2019,21.9912
Estonia,EST,2020,21.9912
Eswatini,SWZ,2000,0
Eswatini,SWZ,2010,0
Eswatini,SWZ,2015,3.2553
Eswatini,SWZ,2016,3.2553
Eswatini,SWZ,2017,3.2553
Eswatini,SWZ,2018,3.2553
Eswatini,SWZ,2019,4.6796
Eswatini,SWZ,2020,4.6796
Ethiopia,ETH,2018,35.2626
Europe,,2000,3.04798
Europe,,2010,3.91388
Europe,,2015,4.37461
Europe,,2016,4.46832
Europe,,2017,4.47995
Europe,,2018,4.48903
Europe,,2019,4.49931
Europe,,2020,4.50849
Europe and Northern America,,2000,4.22625
Europe and Northern America,,2010,5.94641
Europe and Northern America,,2015,6.27055
Europe and Northern America,,2016,6.44908
Europe and Northern America,,2017,6.45596
Europe and Northern America,,2018,6.46133
Europe and Northern America,,2019,6.46741
Europe and Northern America,,2020,6.47284
Faeroe Islands,FRO,2000,0
Faeroe Islands,FRO,2010,0
Faeroe Islands,FRO,2015,0
Faeroe Islands,FRO,2016,0
Faeroe Islands,FRO,2017,0
Faeroe Islands,FRO,2018,0
Faeroe Islands,FRO,2019,0
Faeroe Islands,FRO,2020,0
Finland,FIN,2000,9.9206
Finland,FIN,2010,13.3942
Finland,FIN,2015,12.6318
Finland,FIN,2016,12.6318
Finland,FIN,2017,12.6318
Finland,FIN,2018,12.6318
Finland,FIN,2019,12.6318
Finland,FIN,2020,12.6318
France,FRA,2010,2.8986
France,FRA,2015,22.7251
France,FRA,2016,22.838
France,FRA,2017,22.9508
France,FRA,2018,23.0637
France,FRA,2019,23.1765
France,FRA,2020,23.2894
French Guiana,GUF,2000,4.0865
French Guiana,GUF,2010,29.4496
French Guiana,GUF,2015,30.4867
French Guiana,GUF,2016,30.5211
French Guiana,GUF,2017,30.7344
French Guiana,GUF,2018,30.7344
French Guiana,GUF,2019,30.7344
French Guiana,GUF,2020,30.7344
French Polynesia,PYF,2000,4.9512
French Polynesia,PYF,2010,4.9512
French Polynesia,PYF,2015,4.9512
French Polynesia,PYF,2016,4.9512
French Polynesia,PYF,2017,4.9512
French Polynesia,PYF,2018,4.9512
French Polynesia,PYF,2019,4.9512
French Polynesia,PYF,2020,4.9512
Gabon,GAB,2000,7.588
Gabon,GAB,2010,14.4129
Gabon,GAB,2015,14.4129
Gabon,GAB,2016,14.4129
Gabon,GAB,2017,14.4129
Gabon,GAB,2018,14.4129
Gabon,GAB,2019,14.4129
Gabon,GAB,2020,14.4129
Gambia,GMB,2015,8.1964
Gambia,GMB,2016,8.1964
Gambia,GMB,2017,8.1964
Gambia,GMB,2018,8.1964
Gambia,GMB,2019,8.1964
Gambia,GMB,2020,8.1964
Georgia,GEO,2000,7.9117
Georgia,GEO,2010,7.8465
Georgia,GEO,2015,9.6974
Georgia,GEO,2018,9.46
Georgia,GEO,2020,11.1912
Germany,DEU,2000,18.7319
Germany,DEU,2010,28.9517
Germany,DEU,2015,28.9517
Germany,DEU,2016,28.9517
Germany,DEU,2017,28.9517
Germany,DEU,2018,28.9517
Germany,DEU,2019,28.9517
Germany,DEU,2020,28.9517
Ghana,GHA,2000,17.1564
Ghana,GHA,2010,18.8695
Ghana,GHA,2015,18.6411
Ghana,GHA,2016,18.4761
Ghana,GHA,2017,18.1716
Ghana,GHA,2018,18.0827
Ghana,GHA,2019,18.0827
Ghana,GHA,2020,18.0827
Greenland,GRL,2000,0
Greenland,GRL,2010,0
Greenland,GRL,2015,0
Greenland,GRL,2016,0
Greenland,GRL,2017,0
Greenland,GRL,2018,0
Greenland,GRL,2019,0
Greenland,GRL,2020,0
Grenada,GRD,2000,13.1073
Grenada,GRD,2010,13.1073
Grenada,GRD,2015,13.1073
Grenada,GRD,2016,13.1073
Grenada,GRD,2017,13.1073
Grenada,GRD,2018,13.1073
Grenada,GRD,2019,13.1073
Grenada,GRD,2020,13.1073
Guadeloupe,GLP,2000,31.501
Guadeloupe,GLP,2010,31.4317
Guadeloupe,GLP,2015,31.681
Guadeloupe,GLP,2016,31.8194
Guadeloupe,GLP,2017,31.9441
Guadeloupe,GLP,2018,31.9441
Guadeloupe,GLP,2019,31.9441
Guadeloupe,GLP,2020,31.9441
Guatemala,GTM,2000,60.9064
Guatemala,GTM,2010,53.88
Guatemala,GTM,2015,52.8657
Guatemala,GTM,2016,53.597
Guatemala,GTM,2017,53.061
Guatemala,GTM,2018,52.5303
Guatemala,GTM,2019,52.0051
Guatemala,GTM,2020,51.485
Guernsey,GGY,2000,0
Guernsey,GGY,2010,0
Guernsey,GGY,2015,0
Guernsey,GGY,2016,0
Guernsey,GGY,2017,0
Guinea,GIN,2000,47.0496
Guinea,GIN,2010,47.0496
Guinea,GIN,2015,47.0496
Guinea,GIN,2016,47.0496
Guinea,GIN,2017,47.0496
Guinea,GIN,2018,47.0496
Guinea,GIN,2019,47.0496
Guinea,GIN,2020,47.0496
Guinea-Bissau,GNB,2000,1.3352
Guinea-Bissau,GNB,2010,1.3352
Guinea-Bissau,GNB,2015,1.3352
Guinea-Bissau,GNB,2016,1.3352
Guinea-Bissau,GNB,2017,1.2857
Guinea-Bissau,GNB,2018,1.2857
Guinea-Bissau,GNB,2019,1.2857
Guinea-Bissau,GNB,2020,1.2857
Guyana,GUY,2000,0.8179
Guyana,GUY,2010,2.1938
Guyana,GUY,2015,5.9096
Guyana,GUY,2016,5.4059
Guyana,GUY,2017,5.4059
Guyana,GUY,2018,5.4059
Guyana,GUY,2019,5.4059
Guyana,GUY,2020,5.4059
Haiti,HTI,2000,8.673
Haiti,HTI,2010,8.6702
Haiti,HTI,2015,8.6702
Haiti,HTI,2016,8.6565
Haiti,HTI,2017,8.7557
Haiti,HTI,2018,8.7474
Haiti,HTI,2019,8.7474
Haiti,HTI,2020,8.7447
Honduras,HND,2015,32.533
Honduras,HND,2016,32.3833
Honduras,HND,2017,32.2335
Honduras,HND,2018,32.0838
Honduras,HND,2019,31.9339
Honduras,HND,2020,31.7841
Hungary,HUN,2000,16.3915
Hungary,HUN,2010,21.9175
Hungary,HUN,2015,22.2441
Hungary,HUN,2016,22.2353
Hungary,HUN,2017,22.2669
Hungary,HUN,2018,22.4037
Hungary,HUN,2019,22.4707
Hungary,HUN,2020,22.5376
Iceland,ISL,2000,0.9967
Iceland,ISL,2010,1.2458
Iceland,ISL,2015,1.2666
Iceland,ISL,2016,1.2666
Iceland,ISL,2017,1.2666
India,IND,2000,15.8807
India,IND,2010,19.6504
India,IND,2015,19.7422
India,IND,2016,19.7507
India,IND,2017,19.7563
India,IND,2018,19.7577
India,IND,2019,19.7634
India,IND,2020,19.7676
Indonesia,IDN,2000,49.6526
Indonesia,IDN,2010,55.6756
Indonesia,IDN,2015,54.4914
Indonesia,IDN,2016,54.5002
Indonesia,IDN,2017,54.4789
Indonesia,IDN,2018,54.4789
Indonesia,IDN,2019,54.4789
Indonesia,IDN,2020,54.4789
Iran,IRN,2010,9.9981
Iran,IRN,2015,9.9981
Iran,IRN,2016,14.1227
Iran,IRN,2017,14.1227
Iran,IRN,2018,14.1227
Iran,IRN,2019,14.1227
Iran,IRN,2020,14.1227
Iraq,IRQ,2000,0
Iraq,IRQ,2010,0
Iraq,IRQ,2015,0
Iraq,IRQ,2016,0
Iraq,IRQ,2017,0
Iraq,IRQ,2018,0
Iraq,IRQ,2019,0
Iraq,IRQ,2020,0
Ireland,IRL,2010,18.4982
Ireland,IRL,2015,18.7711
Ireland,IRL,2016,18.8559
Ireland,IRL,2017,18.9407
Ireland,IRL,2018,19.0388
Ireland,IRL,2019,19.1368
Ireland,IRL,2020,19.2362
Israel,ISR,2000,16.3636
Israel,ISR,2010,16.9697
Israel,ISR,2015,21.8182
Israel,ISR,2018,18.1818
Israel,ISR,2019,18.1818
Israel,ISR,2020,18.1818
Italy,ITA,2000,30.9129
Italy,ITA,2010,35.1186
Italy,ITA,2015,35.1186
Italy,ITA,2016,35.1186
Italy,ITA,2017,35.1186
Italy,ITA,2018,35.1186
Italy,ITA,2019,35.1186
Italy,ITA,2020,35.1186
Jamaica,JAM,2000,22.1989
Jamaica,JAM,2010,22.3496
Jamaica,JAM,2015,22.6042
Jamaica,JAM,2016,22.6561
Jamaica,JAM,2017,22.7063
Jamaica,JAM,2018,22.7583
Jamaica,JAM,2019,22.8085
Jamaica,JAM,2020,22.8605
Japan,JPN,2010,17.7237
Japan,JPN,2015,17.9282
Japan,JPN,2016,18.1968
Japan,JPN,2017,18.1727
Kazakhstan,KAZ,2000,4.0956
Kazakhstan,KAZ,2010,28.5269
Kazakhstan,KAZ,2015,32.6255
Kazakhstan,KAZ,2016,32.6255
Kazakhstan,KAZ,2017,32.6255
Kazakhstan,KAZ,2018,33.9071
Kazakhstan,KAZ,2019,33.9071
Kazakhstan,KAZ,2020,33.9071
Kenya,KEN,2000,32.7239
Kenya,KEN,2010,32.5118
Kenya,KEN,2015,33.3153
Kenya,KEN,2016,33.3624
Kenya,KEN,2017,33.4092
Kenya,KEN,2018,33.4564
Kenya,KEN,2019,33.4564
Kenya,KEN,2020,33.4564
Kyrgyzstan,KGZ,2000,4.0981
Kyrgyzstan,KGZ,2010,6.2509
Kyrgyzstan,KGZ,2015,7.577
Kyrgyzstan,KGZ,2016,8.292
Kyrgyzstan,KGZ,2017,8.292
Kyrgyzstan,KGZ,2018,8.292
Kyrgyzstan,KGZ,2019,8.292
Kyrgyzstan,KGZ,2020,8.292
Landlocked developing countries (LLDCs),,2000,31.8354
Landlocked developing countries (LLDCs),,2010,32.73732
Landlocked developing countries (LLDCs),,2015,33.40482
Landlocked developing countries (LLDCs),,2016,33.51318
Landlocked developing countries (LLDCs),,2017,33.57325
Landlocked developing countries (LLDCs),,2018,33.60665
Landlocked developing countries (LLDCs),,2019,33.03449
Landlocked developing countries (LLDCs),,2020,33.09455
Laos,LAO,2000,19.557
Laos,LAO,2010,19.708
Laos,LAO,2015,19.4547
Laos,LAO,2016,19.3319
Laos,LAO,2017,19.2313
Latin America and the Caribbean,,2000,24.97753
Latin America and the Caribbean,,2010,29.9648
Latin America and the Caribbean,,2015,30.47774
Latin America and the Caribbean,,2016,30.78388
Latin America and the Caribbean,,2017,30.80837
Latin America and the Caribbean,,2018,31.02531
Latin America and the Caribbean,,2019,31.1791
Latin America and the Caribbean,,2020,31.27058
Latvia,LVA,2000,16.5136
Latvia,LVA,2010,15.7252
Latvia,LVA,2015,16.0463
Latvia,LVA,2016,16.289
Latvia,LVA,2017,16.5101
Latvia,LVA,2018,16.5101
Latvia,LVA,2019,16.5101
Latvia,LVA,2020,16.5101
Least developed countries (LDCs),,2000,25.88303
Least developed countries (LDCs),,2010,27.03653
Least developed countries (LDCs),,2015,29.22502
Least developed countries (LDCs),,2016,29.28544
Least developed countries (LDCs),,2017,29.28535
Least developed countries (LDCs),,2018,29.28498
Least developed countries (LDCs),,2019,29.09141
Least developed countries (LDCs),,2020,29.24432
Lebanon,LBN,2017,0.5986
Lesotho,LSO,2000,14.4844
Lesotho,LSO,2010,14.4844
Lesotho,LSO,2015,14.4844
Lesotho,LSO,2016,14.4844
Lesotho,LSO,2017,14.4844
Lesotho,LSO,2018,14.4844
Lesotho,LSO,2019,14.4844
Lesotho,LSO,2020,14.4844
Liechtenstein,LIE,2000,26.1194
Liechtenstein,LIE,2010,26.1194
Liechtenstein,LIE,2015,26.1194
Liechtenstein,LIE,2016,26.1194
Liechtenstein,LIE,2017,26.1194
Liechtenstein,LIE,2018,26.1194
Liechtenstein,LIE,2019,26.1194
Liechtenstein,LIE,2020,26.1194
Lithuania,LTU,2000,18.0613
Lithuania,LTU,2010,20.759
Lithuania,LTU,2015,21.0334
Lithuania,LTU,2016,30.9099
Lithuania,LTU,2017,31.0014
Lithuania,LTU,2018,31.0928
Lithuania,LTU,2019,31.1843
Lithuania,LTU,2020,31.2757
Madagascar,MDG,2000,24.0079
Madagascar,MDG,2010,38.0285
Madagascar,MDG,2015,39.7971
Madagascar,MDG,2016,39.7971
Madagascar,MDG,2017,39.7971
Madagascar,MDG,2018,39.7971
Madagascar,MDG,2019,39.7971
Madagascar,MDG,2020,39.7971
Malawi,MWI,2000,30.9132
Malawi,MWI,2010,30.9132
Malawi,MWI,2015,30.9132
Malawi,MWI,2016,30.9132
Malawi,MWI,2017,30.9132
Malawi,MWI,2018,30.9132
Malawi,MWI,2019,30.9132
Malawi,MWI,2020,30.9132
Malaysia,MYS,2000,9.4393
Malaysia,MYS,2010,10.762
Malaysia,MYS,2015,15.6087
Malaysia,MYS,2016,16.2924
Malaysia,MYS,2017,16.6351
Malaysia,MYS,2018,16.978
Malaysia,MYS,2019,17.3208
Malaysia,MYS,2020,17.6635
Mali,MLI,2000,29.3321
Mali,MLI,2010,29.3321
Mali,MLI,2015,29.3321
Mali,MLI,2016,29.3321
Mali,MLI,2017,29.3321
Mali,MLI,2018,29.3321
Mali,MLI,2019,22.2129
Mali,MLI,2020,22.2129
Malta,MLT,2016,8.5714
Malta,MLT,2017,11.4286
Malta,MLT,2018,11.4286
Malta,MLT,2019,11.4286
Malta,MLT,2020,11.4286
Martinique,MTQ,2000,17.6838
Martinique,MTQ,2015,25.6385
Martinique,MTQ,2016,25.6385
Martinique,MTQ,2017,25.6385
Martinique,MTQ,2018,25.6385
Martinique,MTQ,2019,25.6385
Martinique,MTQ,2020,25.6385
Mauritania,MRT,2000,14.116
Mauritania,MRT,2010,14.116
Mauritania,MRT,2015,14.116
Mauritania,MRT,2016,14.116
Mauritania,MRT,2017,14.7042
Mauritania,MRT,2018,14.7042
Mauritania,MRT,2019,14.7042
Mauritania,MRT,2020,14.7042
Mauritius,MUS,2000,37.9373
Mauritius,MUS,2010,38.6684
Mauritius,MUS,2015,38.7206
Mauritius,MUS,2016,38.7206
Mauritius,MUS,2017,38.7206
Mauritius,MUS,2018,38.7206
Mauritius,MUS,2019,38.7206
Mauritius,MUS,2020,38.7206
Mayotte,MYT,2015,7.4257
Melanesia,OWID_MNS,2000,3.84737
Melanesia,OWID_MNS,2010,3.85788
Melanesia,OWID_MNS,2015,3.8968
Melanesia,OWID_MNS,2016,3.8968
Melanesia,OWID_MNS,2017,3.8968
Melanesia,OWID_MNS,2018,3.8968
Melanesia,OWID_MNS,2019,3.8968
Melanesia,OWID_MNS,2020,3.8968
Mexico,MEX,2000,10.8561
Mexico,MEX,2010,12.1095
Mexico,MEX,2015,12.0992
Mexico,MEX,2016,12.5163
Mexico,MEX,2017,12.5163
Middle Africa,,2000,10.08569
Middle Africa,,2010,10.63691
Middle Africa,,2015,13.32907
Middle Africa,,2016,13.32907
Middle Africa,,2017,13.33155
Middle Africa,,2018,13.33155
Middle Africa,,2019,13.33155
Middle Africa,,2020,13.33155
Moldova,MDA,2000,15.6832
Moldova,MDA,2010,17.1066
Moldova,MDA,2015,19.6299
Moldova,MDA,2016,19.6299
Moldova,MDA,2017,19.6299
Moldova,MDA,2018,19.6299
Moldova,MDA,2019,19.6299
Moldova,MDA,2020,19.6299
Mongolia,MNG,2000,16.5303
Mongolia,MNG,2010,16.9551
Mongolia,MNG,2015,20.9914
Mongolia,MNG,2016,20.9914
Mongolia,MNG,2017,20.9914
Mongolia,MNG,2018,20.9914
Mongolia,MNG,2019,20.9914
Mongolia,MNG,2020,20.9914
Montenegro,MNE,2010,10.1451
Montenegro,MNE,2015,10.1451
Montenegro,MNE,2016,10.1451
Montenegro,MNE,2017,10.1451
Montenegro,MNE,2018,10.1451
Montenegro,MNE,2019,10.1451
Montenegro,MNE,2020,10.1451
Montserrat,MSR,2000,0
Montserrat,MSR,2010,46.4
Montserrat,MSR,2015,46.4
Montserrat,MSR,2016,46.4
Montserrat,MSR,2017,46.4
Montserrat,MSR,2018,46.4
Montserrat,MSR,2019,46.4
Montserrat,MSR,2020,46.4
Morocco,MAR,2000,0.8303
Morocco,MAR,2010,4.5895
Morocco,MAR,2015,4.5895
Morocco,MAR,2016,4.5895
Morocco,MAR,2017,4.5895
Morocco,MAR,2018,4.5895
Morocco,MAR,2019,4.5895
Morocco,MAR,2020,4.5842
Mozambique,MOZ,2000,35.6378
Mozambique,MOZ,2010,33.6324
Mozambique,MOZ,2015,38.1581
Mozambique,MOZ,2016,38.1581
Mozambique,MOZ,2017,38.1581
Mozambique,MOZ,2018,38.1581
Mozambique,MOZ,2019,38.1581
Mozambique,MOZ,2020,40.1375
Myanmar,MMR,2000,4.0677
Myanmar,MMR,2010,14.8904
Myanmar,MMR,2015,16.5455
Myanmar,MMR,2016,17.4613
Myanmar,MMR,2017,17.4613
Myanmar,MMR,2018,17.4613
Myanmar,MMR,2019,17.4613
Myanmar,MMR,2020,17.4613
Namibia,NAM,2000,24.1065
Namibia,NAM,2010,24.1065
Namibia,NAM,2015,24.1065
Namibia,NAM,2016,24.1065
Namibia,NAM,2017,24.1065
Namibia,NAM,2018,24.1065
Namibia,NAM,2019,24.1065
Namibia,NAM,2020,24.1065
Nepal,NPL,2000,17.276
Nepal,NPL,2010,17.276
Nepal,NPL,2015,17.276
Nepal,NPL,2016,17.276
Nepal,NPL,2017,17.276
Nepal,NPL,2018,17.276
Nepal,NPL,2019,17.276
Nepal,NPL,2020,17.276
Netherlands,NLD,2000,22.7503
Netherlands,NLD,2010,59.4798
Netherlands,NLD,2015,59.4798
Netherlands,NLD,2016,59.4798
Netherlands,NLD,2017,59.4798
Netherlands,NLD,2018,59.4798
Netherlands,NLD,2019,59.4798
Netherlands,NLD,2020,59.4798
New Caledonia,NCL,2000,8.614
New Caledonia,NCL,2010,9.0815
New Caledonia,NCL,2015,10.8131
New Caledonia,NCL,2016,10.8131
New Caledonia,NCL,2017,10.8131
New Caledonia,NCL,2018,10.8131
New Caledonia,NCL,2019,10.8131
New Caledonia,NCL,2020,10.8131
New Zealand,NZL,2000,34.7937
New Zealand,NZL,2010,37.292
New Zealand,NZL,2015,36.2155
New Zealand,NZL,2016,36.2155
New Zealand,NZL,2017,36.2155
New Zealand,NZL,2018,36.2155
New Zealand,NZL,2019,36.2155
New Zealand,NZL,2020,36.2155
Nicaragua,NIC,2000,54.2634
Nicaragua,NIC,2010,42.091
Nicaragua,NIC,2015,39.2708
Nicaragua,NIC,2016,38.2659
Nicaragua,NIC,2017,37.2609
Nicaragua,NIC,2018,36.2559
Nicaragua,NIC,2019,35.2509
Nicaragua,NIC,2020,34.2459
Niger,NER,2000,19.2678
Niger,NER,2010,19.2678
Niger,NER,2015,19.2678
Niger,NER,2016,19.2678
Niger,NER,2017,19.2678
Niger,NER,2018,19.2678
Niger,NER,2019,19.2678
Niger,NER,2020,19.2678
Nigeria,NGA,2000,12.8799
Nigeria,NGA,2010,12.8799
Nigeria,NGA,2015,12.8799
Nigeria,NGA,2016,12.8799
Nigeria,NGA,2017,12.8799
Nigeria,NGA,2018,12.8799
Nigeria,NGA,2019,12.8799
Nigeria,NGA,2020,12.8799
Northern Africa,,2000,12.4993
Northern Africa,,2010,18.74362
Northern Africa,,2015,18.74786
Northern Africa,,2016,18.74786
Northern Africa,,2017,18.74786
Northern Africa,,2018,18.74786
Northern Africa,,2019,18.74786
Northern Africa,,2020,18.74677
Northern Africa and Western Asia,,2000,20.64749
Northern Africa and Western Asia,,2010,24.2162
Northern Africa and Western Asia,,2015,24.94765
Northern Africa and Western Asia,,2016,24.94863
Northern Africa and Western Asia,,2017,25.02582
Northern Africa and Western Asia,,2018,25.12431
Northern Africa and Western Asia,,2019,25.22286
Northern Africa and Western Asia,,2020,25.32081
Northern America,,2000,5.93309
Northern America,,2010,8.89073
Northern America,,2015,9.01703
Northern America,,2016,9.31841
Northern America,,2017,9.31841
Northern America,,2018,9.31841
Northern America,,2019,9.31841
Northern America,,2020,9.31841
Northern Europe,,2000,7.50163
Northern Europe,,2010,9.77117
Northern Europe,,2015,9.832
Northern Europe,,2016,10.20758
Northern Europe,,2017,10.30125
Northern Europe,,2018,10.32817
Northern Europe,,2019,10.36927
Northern Europe,,2020,10.39618
Norway,NOR,2000,1.3014
Norway,NOR,2010,3.5417
Norway,NOR,2015,4.283
Norway,NOR,2016,4.4313
Norway,NOR,2017,4.5795
Norway,NOR,2018,4.7278
Norway,NOR,2019,4.876
Norway,NOR,2020,5.0243
Oceania,,2000,12.45237
Oceania,,2010,15.17713
Oceania,,2015,16.03524
Oceania,,2016,16.13034
Oceania,,2017,16.13034
Oceania,,2018,16.13034
Oceania,,2019,16.13034
Oceania,,2020,16.13034
Oceania (exc. Australia and New Zealand),,2000,3.85686
Oceania (exc. Australia and New Zealand),,2010,3.86737
Oceania (exc. Australia and New Zealand),,2015,3.90612
Oceania (exc. Australia and New Zealand),,2016,3.90612
Oceania (exc. Australia and New Zealand),,2017,3.90612
Oceania (exc. Australia and New Zealand),,2018,3.90612
Oceania (exc. Australia and New Zealand),,2019,3.90612
Oceania (exc. Australia and New Zealand),,2020,3.90612
Panama,PAN,2010,47.3201
Panama,PAN,2015,47.3201
Panama,PAN,2016,47.3201
Panama,PAN,2017,47.3201
Panama,PAN,2018,47.3201
Panama,PAN,2019,47.3201
Panama,PAN,2020,47.3201
Papua New Guinea,PNG,2000,3.7752
Papua New Guinea,PNG,2010,3.7752
Papua New Guinea,PNG,2015,3.7752
Papua New Guinea,PNG,2016,3.7752
Papua New Guinea,PNG,2017,3.7752
Papua New Guinea,PNG,2018,3.7752
Papua New Guinea,PNG,2019,3.7752
Papua New Guinea,PNG,2020,3.7752
Peru,PER,2010,22.4593
Peru,PER,2015,25.7451
Peru,PER,2016,23.5796
Peru,PER,2017,24.8352
Peru,PER,2018,29.0295
Peru,PER,2019,30.1252
Peru,PER,2020,31.2195
Philippines,PHL,2000,29.9006
Philippines,PHL,2010,28.0914
Philippines,PHL,2015,28.4871
Philippines,PHL,2016,28.5663
Philippines,PHL,2017,28.6454
Philippines,PHL,2018,28.7245
Philippines,PHL,2019,28.8036
Philippines,PHL,2020,28.8829
Poland,POL,2000,2.9469
Poland,POL,2010,3.1783
Poland,POL,2015,32.689
Poland,POL,2016,32.8248
Poland,POL,2017,32.8248
Poland,POL,2018,32.8248
Poland,POL,2019,32.8248
Poland,POL,2020,32.8248
Polynesia,OWID_PYA,2000,5.97937
Polynesia,OWID_PYA,2010,5.99136
Polynesia,OWID_PYA,2015,5.99136
Polynesia,OWID_PYA,2016,5.99136
Polynesia,OWID_PYA,2017,5.99136
Polynesia,OWID_PYA,2018,5.99136
Polynesia,OWID_PYA,2019,5.99136
Polynesia,OWID_PYA,2020,5.99136
Portugal,PRT,2010,17.8919
Portugal,PRT,2015,18.5873
Puerto Rico,PRI,2000,12.0778
Puerto Rico,PRI,2010,13.6086
Puerto Rico,PRI,2015,13.5499
Puerto Rico,PRI,2016,13.5478
Puerto Rico,PRI,2017,9.8587
Reunion,REU,2000,6.6847
Reunion,REU,2010,62.6822
Reunion,REU,2015,62.6822
Reunion,REU,2016,62.6822
Reunion,REU,2017,62.6822
Reunion,REU,2018,62.6822
Reunion,REU,2019,62.6822
Reunion,REU,2020,62.6822
Romania,ROU,2000,2.2171
Romania,ROU,2010,25.3008
Romania,ROU,2015,37.7629
Romania,ROU,2016,37.7629
Romania,ROU,2017,37.7629
Romania,ROU,2018,37.7629
Romania,ROU,2019,37.7629
Romania,ROU,2020,37.7629
Russia,RUS,2000,1.9867
Russia,RUS,2010,2.1563
Russia,RUS,2015,2.2088
Russia,RUS,2016,2.2802
Russia,RUS,2017,2.2802
Russia,RUS,2018,2.2802
Russia,RUS,2019,2.2802
Russia,RUS,2020,2.2802
Rwanda,RWA,2000,78.1481
Rwanda,RWA,2010,78.1481
Rwanda,RWA,2015,78.1481
Rwanda,RWA,2016,78.1481
Rwanda,RWA,2017,78.1481
Rwanda,RWA,2018,78.1481
Rwanda,RWA,2019,78.1481
Rwanda,RWA,2020,78.1481
Saint Barthlemy,,2000,0
Saint Barthlemy,,2010,0
Saint Barthlemy,,2015,0
Saint Barthlemy,,2016,0
Saint Barthlemy,,2017,0
Saint Barthlemy,,2018,0
Saint Barthlemy,,2019,0
Saint Barthlemy,,2020,0
Saint Lucia,LCA,2000,44.8243
Saint Lucia,LCA,2010,44.8243
Saint Lucia,LCA,2015,44.8243
Saint Lucia,LCA,2016,44.8243
Saint Lucia,LCA,2017,44.8243
Saint Lucia,LCA,2018,44.8243
Saint Lucia,LCA,2019,44.8243
Saint Lucia,LCA,2020,44.8243
Saint Martin (French part),MAF,2000,11.2903
Saint Martin (French part),MAF,2010,11.2903
Saint Martin (French part),MAF,2015,11.2903
Saint Martin (French part),MAF,2016,11.2903
Saint Martin (French part),MAF,2017,11.2903
Saint Martin (French part),MAF,2018,11.2903
Saint Martin (French part),MAF,2019,11.2903
Saint Martin (French part),MAF,2020,11.2903
Saint Pierre and Miquelon,SPM,2000,0
Saint Pierre and Miquelon,SPM,2010,0
Saint Pierre and Miquelon,SPM,2015,0
Saint Pierre and Miquelon,SPM,2016,0
Saint Pierre and Miquelon,SPM,2017,0
Saint Pierre and Miquelon,SPM,2018,0
Saint Pierre and Miquelon,SPM,2019,0
Saint Pierre and Miquelon,SPM,2020,0
Saint Vincent and the Grenadines,VCT,2000,46.0056
Saint Vincent and the Grenadines,VCT,2010,46.0056
Saint Vincent and the Grenadines,VCT,2015,46.0056
Saint Vincent and the Grenadines,VCT,2016,46.0056
Saint Vincent and the Grenadines,VCT,2017,46.0056
Saint Vincent and the Grenadines,VCT,2018,46.0056
Saint Vincent and the Grenadines,VCT,2019,46.0056
Saint Vincent and the Grenadines,VCT,2020,46.0056
Samoa,WSM,2015,11.5499
Sao Tome and Principe,STP,2000,0
Sao Tome and Principe,STP,2010,53.6364
Sao Tome and Principe,STP,2015,53.6364
Sao Tome and Principe,STP,2016,53.6364
Sao Tome and Principe,STP,2017,53.6364
Sao Tome and Principe,STP,2018,53.6364
Sao Tome and Principe,STP,2019,53.6364
Sao Tome and Principe,STP,2020,53.6364
Saudi Arabia,SAU,2010,0.3071
Saudi Arabia,SAU,2015,0.3071
Saudi Arabia,SAU,2016,0.3071
Saudi Arabia,SAU,2017,0.3071
Saudi Arabia,SAU,2018,0.3071
Saudi Arabia,SAU,2019,0.3071
Saudi Arabia,SAU,2020,0.3071
Senegal,SEN,2000,88.4845
Senegal,SEN,2010,88.4529
Senegal,SEN,2015,90.5018
Senegal,SEN,2016,90.7824
Senegal,SEN,2017,90.7824
Senegal,SEN,2018,90.7824
Senegal,SEN,2019,90.7824
Senegal,SEN,2020,90.7824
Serbia,SRB,2000,8.7883
Serbia,SRB,2010,16.6205
Serbia,SRB,2015,18.4223
Serbia,SRB,2016,18.4223
Serbia,SRB,2017,18.4223
Serbia,SRB,2018,18.4223
Serbia,SRB,2019,18.4223
Serbia,SRB,2020,18.4223
Sierra Leone,SLE,2000,4.2566
Sierra Leone,SLE,2010,4.2566
Sierra Leone,SLE,2015,9.0601
Sierra Leone,SLE,2016,9.0601
Sierra Leone,SLE,2017,9.0601
Sierra Leone,SLE,2018,9.0601
Sierra Leone,SLE,2019,9.0601
Sierra Leone,SLE,2020,9.0601
Singapore,SGP,2000,20.3383
Singapore,SGP,2010,20.3383
Singapore,SGP,2015,20.3383
Singapore,SGP,2016,20.3383
Singapore,SGP,2017,20.3383
Singapore,SGP,2018,20.3383
Singapore,SGP,2019,20.3383
Singapore,SGP,2020,20.3383
Sint Maarten (Dutch part),SXM,2000,0
Sint Maarten (Dutch part),SXM,2010,0
Sint Maarten (Dutch part),SXM,2015,0
Sint Maarten (Dutch part),SXM,2016,0
Sint Maarten (Dutch part),SXM,2017,0
Sint Maarten (Dutch part),SXM,2018,0
Sint Maarten (Dutch part),SXM,2019,0
Sint Maarten (Dutch part),SXM,2020,0
Slovakia,SVK,2000,3.1222
Slovakia,SVK,2010,27.9433
Slovakia,SVK,2015,28.8279
Slovakia,SVK,2016,28.8279
Slovakia,SVK,2017,29.7645
Slovakia,SVK,2018,29.7645
Slovakia,SVK,2019,29.7645
Slovakia,SVK,2020,29.7645
Slovenia,SVN,2000,10.8494
Slovenia,SVN,2010,19.0064
Slovenia,SVN,2015,20.5929
Slovenia,SVN,2016,20.0938
Slovenia,SVN,2017,19.5938
Slovenia,SVN,2018,19.5938
Slovenia,SVN,2019,19.5938
Slovenia,SVN,2020,19.5938
Small Island Developing States (SIDS),,2000,6.05997
Small Island Developing States (SIDS),,2010,6.79743
Small Island Developing States (SIDS),,2015,7.78105
Small Island Developing States (SIDS),,2016,7.66116
Small Island Developing States (SIDS),,2017,7.65673
Small Island Developing States (SIDS),,2018,7.65707
Small Island Developing States (SIDS),,2019,7.65744
Small Island Developing States (SIDS),,2020,7.6578
Solomon Islands,SLB,2017,1.2744
South Africa,ZAF,2000,1.3057
South Africa,ZAF,2010,1.3057
South Africa,ZAF,2015,1.3057
South Africa,ZAF,2016,1.3057
South Africa,ZAF,2017,1.3057
South Africa,ZAF,2018,1.3057
South Africa,ZAF,2019,1.3057
South Africa,ZAF,2020,1.3057
South America,,2000,24.64795
South America,,2010,29.80332
South America,,2015,30.33524
South America,,2016,30.64924
South America,,2017,30.68274
South America,,2018,30.9119
South America,,2019,31.07671
South America,,2020,31.17801
South Korea,KOR,2000,5.318
South Korea,KOR,2010,6.5173
South Korea,KOR,2015,7.0223
South Korea,KOR,2016,7.0223
South Korea,KOR,2017,6.8644
South Korea,KOR,2018,6.8644
South Korea,KOR,2019,6.8644
South Korea,KOR,2020,6.8644
South-eastern Asia,,2000,32.76365
South-eastern Asia,,2010,38.10047
South-eastern Asia,,2015,38.35586
South-eastern Asia,,2016,38.61471
South-eastern Asia,,2017,38.64675
South-eastern Asia,,2018,38.69603
South-eastern Asia,,2019,38.74384
South-eastern Asia,,2020,38.79164
Southern Africa,,2000,8.93908
Southern Africa,,2010,8.93908
Southern Africa,,2015,8.97849
Southern Africa,,2016,8.97849
Southern Africa,,2017,8.97849
Southern Africa,,2018,8.97849
Southern Africa,,2019,8.99573
Southern Africa,,2020,8.99573
Southern Asia,,2000,17.42117
Southern Asia,,2010,20.72347
Southern Asia,,2015,21.5245
Southern Asia,,2016,21.53263
Southern Asia,,2017,21.5412
Southern Asia,,2018,21.54619
Southern Asia,,2019,21.55337
Southern Asia,,2020,21.56654
Southern Europe,,2000,21.6467
Southern Europe,,2010,26.39299
Southern Europe,,2015,26.84602
Southern Europe,,2016,26.8129
Southern Europe,,2017,26.77181
Southern Europe,,2018,26.77181
Southern Europe,,2019,26.77181
Southern Europe,,2020,26.77181
Spain,ESP,2000,12.6697
Spain,ESP,2010,39.6783
Spain,ESP,2015,39.892
Spain,ESP,2016,39.9229
Sri Lanka,LKA,2000,25.8011
Sri Lanka,LKA,2010,29.9349
Sri Lanka,LKA,2015,58.3074
Sri Lanka,LKA,2016,58.3445
Sri Lanka,LKA,2017,58.493
Sri Lanka,LKA,2018,58.6414
Sri Lanka,LKA,2019,58.7354
Sri Lanka,LKA,2020,59.1112
Sub-Saharan Africa,,2000,23.88182
Sub-Saharan Africa,,2010,24.35004
Sub-Saharan Africa,,2015,26.09773
Sub-Saharan Africa,,2016,26.09869
Sub-Saharan Africa,,2017,26.09523
Sub-Saharan Africa,,2018,26.09325
Sub-Saharan Africa,,2019,25.93167
Sub-Saharan Africa,,2020,26.0589
Sudan,SDN,2000,16.9392
Sudan,SDN,2010,24.5134
Sudan,SDN,2015,24.5134
Sudan,SDN,2016,24.5134
Sudan,SDN,2017,24.5134
Sudan,SDN,2018,24.5134
Sudan,SDN,2019,24.5134
Sudan,SDN,2020,24.5134
Suriname,SUR,2000,11.7613
Suriname,SUR,2010,12.4032
Suriname,SUR,2015,12.3941
Suriname,SUR,2016,12.3941
Suriname,SUR,2017,12.3941
Suriname,SUR,2018,12.3941
Suriname,SUR,2019,12.3941
Suriname,SUR,2020,12.3941
Sweden,SWE,2000,6.3932
Sweden,SWE,2010,7.2347
Sweden,SWE,2015,7.5805
Sweden,SWE,2016,7.6599
Sweden,SWE,2017,7.741
Sweden,SWE,2018,7.741
Sweden,SWE,2019,7.741
Sweden,SWE,2020,7.741
Switzerland,CHE,2015,17.7329
Switzerland,CHE,2016,17.7329
Switzerland,CHE,2017,17.7329
Switzerland,CHE,2018,17.7329
Switzerland,CHE,2019,17.7329
Switzerland,CHE,2020,17.7329
Tanzania,TZA,2000,59.2805
Tanzania,TZA,2010,59.2805
Tanzania,TZA,2015,59.2805
Tanzania,TZA,2016,59.2805
Tanzania,TZA,2017,59.2805
Tanzania,TZA,2018,59.2805
Tanzania,TZA,2019,59.2805
Tanzania,TZA,2020,59.2805
Togo,TGO,2000,16.004
Togo,TGO,2010,16.004
Togo,TGO,2015,16.004
Togo,TGO,2016,16.004
Togo,TGO,2017,16.004
Togo,TGO,2018,16.004
Togo,TGO,2019,16.004
Togo,TGO,2020,16.004
Trinidad and Tobago,TTO,2000,8.4676
Trinidad and Tobago,TTO,2010,8.4676
Trinidad and Tobago,TTO,2015,8.4676
Trinidad and Tobago,TTO,2016,8.4676
Trinidad and Tobago,TTO,2017,8.4676
Trinidad and Tobago,TTO,2018,8.4676
Trinidad and Tobago,TTO,2019,8.4676
Trinidad and Tobago,TTO,2020,8.4676
Tunisia,TUN,2000,3.2831
Tunisia,TUN,2010,10.6693
Tunisia,TUN,2015,10.8376
Tunisia,TUN,2016,10.8376
Tunisia,TUN,2017,10.8376
Tunisia,TUN,2018,10.8376
Tunisia,TUN,2019,10.8376
Tunisia,TUN,2020,10.8376
Turkey,TUR,2000,31.2255
Turkey,TUR,2010,31.7161
Turkey,TUR,2015,33.4438
Turkey,TUR,2016,33.4438
Turkey,TUR,2017,33.6267
Turkey,TUR,2018,33.86
Turkey,TUR,2019,34.0936
Turkey,TUR,2020,34.327
Ukraine,UKR,2010,14.052
Ukraine,UKR,2015,14.4558
Ukraine,UKR,2020,14.6008
United Kingdom,GBR,2000,9.1918
United Kingdom,GBR,2010,9.1918
United Kingdom,GBR,2015,9.1918
United Kingdom,GBR,2016,9.1918
United Kingdom,GBR,2017,9.1918
United Kingdom,GBR,2018,9.1918
United Kingdom,GBR,2019,9.1918
United Kingdom,GBR,2020,9.1918
United States,USA,2000,6.7137
United States,USA,2010,9.747
United States,USA,2015,9.5951
United States,USA,2016,10.2339
United States,USA,2017,10.2339
United States,USA,2018,10.2339
United States,USA,2019,10.2339
United States,USA,2020,10.2339
Uruguay,URY,2010,0.8474
Uruguay,URY,2015,2.0255
Uruguay,URY,2016,2.0255
Uruguay,URY,2017,2.0255
Uruguay,URY,2018,2.0255
Uruguay,URY,2019,2.0255
Uruguay,URY,2020,2.0255
Uzbekistan,UZB,2000,62.0387
Uzbekistan,UZB,2010,78.8866
Uzbekistan,UZB,2015,88.7474
Uzbekistan,UZB,2016,93.5369
Uzbekistan,UZB,2017,96.3543
Uzbekistan,UZB,2018,96.7487
Uzbekistan,UZB,2019,96.9178
Uzbekistan,UZB,2020,99.7352
Vanuatu,VUT,2000,0.6873
Vanuatu,VUT,2010,0.6873
Vanuatu,VUT,2015,0.6873
Vanuatu,VUT,2016,0.6873
Vanuatu,VUT,2017,0.6873
Vanuatu,VUT,2018,0.6873
Vanuatu,VUT,2019,0.6873
Vanuatu,VUT,2020,0.6873
Venezuela,VEN,2000,100
Venezuela,VEN,2010,100
Venezuela,VEN,2015,98.6597
Venezuela,VEN,2016,98.6597
Venezuela,VEN,2017,98.6597
Venezuela,VEN,2018,98.6597
Venezuela,VEN,2019,98.6597
Venezuela,VEN,2020,97.6913
Vietnam,VNM,2000,12.2842
Vietnam,VNM,2010,14.2391
Vietnam,VNM,2015,14.9803
Vietnam,VNM,2016,15.1995
Vietnam,VNM,2017,15.2279
Vietnam,VNM,2018,15.3264
Vietnam,VNM,2019,15.4067
Vietnam,VNM,2020,15.4869
Western Africa,,2000,30.3987
Western Africa,,2010,30.48489
Western Africa,,2015,30.79747
Western Africa,,2016,30.80248
Western Africa,,2017,30.76545
Western Africa,,2018,30.74868
Western Africa,,2019,29.54162
Western Africa,,2020,29.53371
Western Asia,,2000,30.1155
Western Asia,,2010,30.57522
Western Asia,,2015,32.15166
Western Asia,,2016,32.15377
Western Asia,,2017,32.32065
Western Asia,,2018,32.53359
Western Asia,,2019,32.74666
Western Asia,,2020,32.95969
Western Europe,,2000,18.86048
Western Europe,,2010,29.89475
Western Europe,,2015,29.89475
Western Europe,,2016,29.89475
Western Europe,,2017,29.89475
Western Europe,,2018,29.89475
Western Europe,,2019,29.89475
Western Europe,,2020,29.89475
World,OWID_WRL,2000,14.12477
World,OWID_WRL,2010,16.81064
World,OWID_WRL,2015,17.48027
World,OWID_WRL,2016,17.65969
World,OWID_WRL,2017,17.70139
World,OWID_WRL,2018,17.75244
World,OWID_WRL,2019,17.76419
World,OWID_WRL,2020,17.8123
Yemen,YEM,2010,5.6466
Yemen,YEM,2015,5.6466
Yemen,YEM,2016,5.6466
Yemen,YEM,2017,5.6466
Yemen,YEM,2018,5.6466
Yemen,YEM,2019,5.6466
Yemen,YEM,2020,5.6466
Zambia,ZMB,2000,69.5682
Zambia,ZMB,2010,69.5682
Zambia,ZMB,2015,69.5682
Zambia,ZMB,2016,69.5682
Zambia,ZMB,2017,69.5682
Zambia,ZMB,2018,69.5682
Zambia,ZMB,2019,69.5682
Zambia,ZMB,2020,69.5682
Zimbabwe,ZWE,2000,17.4202
Zimbabwe,ZWE,2010,17.4032
Zimbabwe,ZWE,2015,17.4032
Zimbabwe,ZWE,2016,17.4032
Zimbabwe,ZWE,2017,17.4032
Zimbabwe,ZWE,2018,17.4032
Zimbabwe,ZWE,2019,17.4032
Zimbabwe,ZWE,2020,17.4032