Entity,Code,Year,15.2.1 - Annual forest area change rate (%) - AG_LND_FRSTCHG
Afghanistan,AFG,2010,0
Afghanistan,AFG,2020,0
Africa,,2010,-0.49
Africa,,2020,-0.6
Albania,ALB,2010,0.16477
Albania,ALB,2020,0.08699
Algeria,DZA,2010,1.96395
Algeria,DZA,2020,0.16046
American Samoa,ASM,2010,-0.17051
American Samoa,ASM,2020,-0.17346
Americas,,2010,-0.31
Americas,,2020,-0.17
Andorra,AND,2010,0
Andorra,AND,2020,0
Angola,AGO,2010,-0.73834
Angola,AGO,2020,-0.79723
Anguilla,AIA,2010,0
Anguilla,AIA,2020,0
Antigua and Barbuda,ATG,2010,-0.73269
Antigua and Barbuda,ATG,2020,-0.77842
Argentina,ARG,2010,-0.99097
Argentina,ARG,2020,-0.55688
Armenia,ARM,2010,-0.06271
Armenia,ARM,2020,-0.06341
Aruba,ABW,2010,0
Aruba,ABW,2020,0
Asia,,2010,0.39
Asia,,2020,0.19
Australia,AUS,2010,-0.17341
Australia,AUS,2020,0.33898
Australia and New Zealand,,2010,-0.16
Australia and New Zealand,,2020,0.32
Austria,AUT,2010,0.0651
Austria,AUT,2020,0.09267
Azerbaijan,AZE,2010,0.44941
Azerbaijan,AZE,2020,0.92228
Bahamas,BHS,2010,0
Bahamas,BHS,2020,0
Bahrain,BHR,2010,3.46183
Bahrain,BHR,2020,3.01714
Bangladesh,BGD,2010,-0.16783
Bangladesh,BGD,2020,-0.0262
Barbados,BRB,2010,0
Barbados,BRB,2020,0
Belarus,BLR,2010,0.42337
Belarus,BLR,2020,0.15831
Belgium,BEL,2010,0.33319
Belgium,BEL,2020,-0.00827
Belize,BLZ,2010,-0.4754
Belize,BLZ,2020,-0.85384
Benin,BEN,2010,-1.28046
Benin,BEN,2020,-1.46884
Bermuda,BMU,2010,0
Bermuda,BMU,2020,0
Bhutan,BTN,2010,0.37463
Bhutan,BTN,2020,0.07291
Bolivia,BOL,2010,-0.37192
Bolivia,BOL,2020,-0.43259
Bonaire Sint Eustatius and Saba,BES,2010,0
Bonaire Sint Eustatius and Saba,BES,2020,0
Bosnia and Herzegovina,BIH,2010,-0.04266
Bosnia and Herzegovina,BIH,2020,0.39823
Botswana,BWA,2010,-0.69256
Botswana,BWA,2020,-0.74412
Brazil,BRA,2010,-0.74114
Brazil,BRA,2020,-0.29637
British Virgin Islands,VGB,2010,-0.08205
British Virgin Islands,VGB,2020,-0.05508
Brunei,BRN,2010,-0.43669
Brunei,BRN,2020,0
Bulgaria,BGR,2010,1.02409
Bulgaria,BGR,2020,0.40981
Burkina Faso,BFA,2010,-0.71546
Burkina Faso,BFA,2020,-0.77078
Burundi,BDI,2010,0
Burundi,BDI,2020,3.72733
Cambodia,KHM,2010,-0.17932
Cambodia,KHM,2020,-2.68223
Cameroon,CMR,2010,-0.32751
Cameroon,CMR,2020,-0.27122
Canada,CAN,2010,-0.0138
Canada,CAN,2020,-0.01135
Cape Verde,CPV,2010,0.73078
Cape Verde,CPV,2020,0.68099
Caribbean,,2010,0.97
Caribbean,,2020,0.51
Cayman Islands,CYM,2010,-0.16361
Cayman Islands,CYM,2020,0
Central African Republic,CAF,2010,-0.13177
Central African Republic,CAF,2020,-0.13353
Central America,,2010,-0.38
Central America,,2020,-0.29
Central Asia,,2010,0.3
Central Asia,,2020,0.65
Central and Southern Asia,,2010,0.3
Central and Southern Asia,,2020,0.29
Chad,TCD,2010,-1.37781
Chad,TCD,2020,-2.45491
Chile,CHL,2010,0.55987
Chile,CHL,2020,0.85452
China,CHN,2010,1.25999
China,CHN,2020,0.9259
Colombia,COL,2010,-0.31161
Colombia,COL,2020,-0.2774
Comoros,COM,2010,-1.10414
Comoros,COM,2020,-1.24136
Congo,COG,2010,-0.0542
Congo,COG,2020,-0.05859
Cook Islands,COK,2010,0.01284
Cook Islands,COK,2020,0
Costa Rica,CRI,2010,0.04882
Costa Rica,CRI,2020,0.55592
Cote d'Ivoire,CIV,2010,-2.47388
Cote d'Ivoire,CIV,2020,-3.29458
Croatia,HRV,2010,0.18414
Croatia,HRV,2020,0.09909
Cuba,CUB,2010,1.87474
Cuba,CUB,2020,1.01012
Curacao,CUW,2010,0
Curacao,CUW,2020,0
Cyprus,CYP,2010,0.07144
Cyprus,CYP,2020,-0.01795
Czechia,CZE,2010,0.07592
Czechia,CZE,2020,0.07392
Democratic Republic of Congo,COD,2010,-0.47783
Democratic Republic of Congo,COD,2020,-0.83351
Denmark,DNK,2010,0.25749
Denmark,DNK,2020,0.69324
Djibouti,DJI,2010,0
Djibouti,DJI,2020,0.35153
Dominica,DMA,2010,0
Dominica,DMA,2020,0
Dominican Republic,DOM,2010,0.49892
Dominican Republic,DOM,2020,0.33722
Eastern Africa,,2010,-0.47
Eastern Africa,,2020,-0.55
Eastern Asia,,2010,0.97
Eastern Asia,,2020,0.73
Eastern Europe,,2010,0.08
Eastern Europe,,2020,0.01
Eastern and South-Eastern Asia,,2010,0.41
Eastern and South-Eastern Asia,,2020,0.15
Ecuador,ECU,2010,-0.52367
Ecuador,ECU,2020,-0.41474
Egypt,EGY,2010,1.03628
Egypt,EGY,2020,-3.70914
El Salvador,SLV,2010,-0.68873
El Salvador,SLV,2020,-0.7397
Equatorial Guinea,GNQ,2010,-0.3242
Equatorial Guinea,GNQ,2020,-0.33514
Eritrea,ERI,2010,-0.28619
Eritrea,ERI,2020,-0.29462
Estonia,EST,2010,0.42559
Estonia,EST,2020,0.42986
Eswatini,SWZ,2010,0.2538
Eswatini,SWZ,2020,0.24712
Ethiopia,ETH,2010,-0.40115
Ethiopia,ETH,2020,-0.41792
Europe,,2010,0.12
Europe,,2020,0.03
Europe and Northern America,,2010,0.1
Europe and Northern America,,2020,0.02
Faeroe Islands,FRO,2010,0
Faeroe Islands,FRO,2020,0
Fiji,FJI,2010,0.6444
Fiji,FJI,2020,0.60546
Finland,FIN,2010,-0.0911
Finland,FIN,2020,0.07483
France,FRA,2010,0.71626
France,FRA,2020,0.4967
French Guiana,GUF,2010,-0.05327
French Guiana,GUF,2020,-0.04195
French Polynesia,PYF,2010,0.06109
French Polynesia,PYF,2020,0
Gabon,GAB,2010,-0.02137
Gabon,GAB,2020,-0.05035
Gambia,GMB,2010,-1.73357
Gambia,GMB,2020,-2.09847
Georgia,GEO,2010,0.22164
Georgia,GEO,2020,0
Germany,DEU,2010,0.04834
Germany,DEU,2020,0.00876
Ghana,GHA,2010,-1.07397
Ghana,GHA,2020,0.05373
Greece,GRC,2010,0.80766
Greece,GRC,2020,-0.00001
Greenland,GRL,2010,0
Greenland,GRL,2020,0
Grenada,GRD,2010,0
Grenada,GRD,2020,0
Guadeloupe,GLP,2010,-0.10008
Guadeloupe,GLP,2020,0.05159
Guam,GUM,2010,0
Guam,GUM,2020,1.55345
Guatemala,GTM,2010,-1.22099
Guatemala,GTM,2020,-0.53604
Guernsey,GGY,2010,6.20676
Guernsey,GGY,2020,0
Guinea,GIN,2010,-0.53212
Guinea,GIN,2020,-0.59411
Guinea-Bissau,GNB,2010,-0.40012
Guinea-Bissau,GNB,2020,-0.41665
Guyana,GUY,2010,-0.02395
Guyana,GUY,2020,-0.05655
Haiti,HTI,2010,-0.0598
Haiti,HTI,2020,-0.85344
Honduras,HND,2010,-0.3033
Honduras,HND,2020,-0.33378
Hungary,HUN,2010,0.63343
Hungary,HUN,2020,0.0323
Iceland,ISL,2010,4.12051
Iceland,ISL,2020,1.40338
India,IND,2010,0.27833
India,IND,2020,0.37688
Indonesia,IDN,2010,-0.1612
Indonesia,IDN,2020,-0.78214
Iran,IRN,2010,1.37663
Iran,IRN,2020,0.05587
Iraq,IRQ,2010,0.08525
Iraq,IRQ,2020,0
Ireland,IRL,2010,1.34383
Ireland,IRL,2020,0.82439
Isle of Man,IMN,2010,0
Isle of Man,IMN,2020,0
Israel,ISR,2010,0.06517
Israel,ISR,2020,-0.94857
Italy,ITA,2010,0.76059
Italy,ITA,2020,0.58061
Jamaica,JAM,2010,0.69657
Jamaica,JAM,2020,0.6679
Japan,JPN,2010,0.03612
Japan,JPN,2020,-0.01242
Jersey,JEY,2010,0
Jersey,JEY,2020,0
Jordan,JOR,2010,0
Jordan,JOR,2020,0
Kazakhstan,KAZ,2010,-0.23933
Kazakhstan,KAZ,2020,1.14746
Kenya,KEN,2010,-0.90668
Kenya,KEN,2020,-0.01453
Kiribati,KIR,2010,0
Kiribati,KIR,2020,0
Kuwait,KWT,2010,2.56846
Kuwait,KWT,2020,0
Kyrgyzstan,KGZ,2010,0.40559
Kyrgyzstan,KGZ,2020,0.67599
Landlocked developing countries (LLDCs),,2010,-0.36
Landlocked developing countries (LLDCs),,2020,-0.43
Laos,LAO,2010,-0.28159
Laos,LAO,2020,-0.20554
Latin America and the Caribbean,,2010,-0.55
Latin America and the Caribbean,,2020,-0.29
Latvia,LVA,2010,0.39738
Latvia,LVA,2020,0.11409
Least developed countries (LDCs),,2010,-0.52
Least developed countries (LDCs),,2020,-0.7
Lebanon,LBN,2010,-0.06023
Lebanon,LBN,2020,0.42708
Lesotho,LSO,2010,0
Lesotho,LSO,2020,0
Liberia,LBR,2010,-0.37425
Liberia,LBR,2020,-0.3888
Libya,LBY,2010,0
Libya,LBY,2020,0
Liechtenstein,LIE,2010,-0.00119
Liechtenstein,LIE,2020,0.00119
Lithuania,LTU,2010,0.71887
Lithuania,LTU,2020,0.14195
Luxembourg,LUX,2010,0.22832
Luxembourg,LUX,2020,0
Madagascar,MDG,2010,-0.36564
Madagascar,MDG,2020,-0.10572
Malawi,MWI,2010,-1.45448
Malawi,MWI,2020,-1.70264
Malaysia,MYS,2010,-0.38426
Malaysia,MYS,2020,0.08747
Maldives,MDV,2010,0
Maldives,MDV,2020,0
Mali,MLI,2010,0
Mali,MLI,2020,0
Malta,MLT,2010,0
Malta,MLT,2020,2.77062
Marshall Islands,MHL,2010,0
Marshall Islands,MHL,2020,0
Martinique,MTQ,2010,0.31355
Martinique,MTQ,2020,0.39075
Mauritania,MRT,2010,-1.37187
Mauritania,MRT,2020,-1.59171
Mauritius,MUS,2010,-0.87817
Mauritius,MUS,2020,0.09855
Mayotte,MYT,2010,-0.83475
Mayotte,MYT,2020,-0.36686
Melanesia,OWID_MNS,2010,-0.01
Melanesia,OWID_MNS,2020,-0.06
Mexico,MEX,2010,-0.21231
Mexico,MEX,2020,-0.1885
Micronesia (country),FSM,2010,0.0422
Micronesia (country),FSM,2020,0.04513
Middle Africa,,2010,-0.46
Middle Africa,,2020,-0.64
Moldova,MDA,2010,0.8414
Moldova,MDA,2020,0.3159
Mongolia,MNG,2010,-0.05623
Mongolia,MNG,2020,-0.00784
Montenegro,MNE,2010,2.82367
Montenegro,MNE,2020,0
Montserrat,MSR,2010,0
Montserrat,MSR,2020,0
Morocco,MAR,2010,0.30104
Morocco,MAR,2020,0.11905
Mozambique,MOZ,2010,-0.55147
Mozambique,MOZ,2020,-0.58706
Myanmar,MMR,2010,-1.02927
Myanmar,MMR,2020,-0.96204
Namibia,NAM,2010,-0.91813
Namibia,NAM,2020,-1.01102
Nepal,NPL,2010,-0.01463
Nepal,NPL,2020,0
Netherlands,NLD,2010,0.38223
Netherlands,NLD,2020,-0.10708
New Caledonia,NCL,2010,0.01396
New Caledonia,NCL,2020,-0.01193
New Zealand,NZL,2010,-0.00236
New Zealand,NZL,2020,0.04506
Nicaragua,NIC,2010,-2.50815
Nicaragua,NIC,2020,-2.04159
Niger,NER,2010,-0.97703
Niger,NER,2020,-1.08292
Nigeria,NGA,2010,-0.67624
Nigeria,NGA,2020,-0.7253
Niue,NIU,2010,-0.03191
Niue,NIU,2020,0.05315
Norfolk Island,NFK,2010,0
Norfolk Island,NFK,2020,0
North Korea,PRK,2010,-0.33388
North Korea,PRK,2020,-0.34541
North Macedonia,MKD,2010,0.03004
North Macedonia,MKD,2020,0.41951
Northern Africa,,2010,-0.41
Northern Africa,,2020,-0.57
Northern Africa and Western Asia,,2010,-0.02
Northern Africa and Western Asia,,2020,-0.06
Northern America,,2010,0.07
Northern America,,2020,0.01
Northern Europe,,2010,0.04
Northern Europe,,2020,0.08
Northern Mariana Islands,MNP,2010,-0.52539
Northern Mariana Islands,MNP,2020,-2.16487
Norway,NOR,2010,-0.00908
Norway,NOR,2020,0.06427
Oceania,,2010,-0.13
Oceania,,2020,0.23
Oceania (exc. Australia and New Zealand),,2010,-0.01
Oceania (exc. Australia and New Zealand),,2020,-0.07
Oman,OMN,2010,0
Oman,OMN,2020,-1.8067
Pakistan,PAK,2010,-0.9665
Pakistan,PAK,2020,-0.93706
Palau,PLW,2010,0.24488
Palau,PLW,2020,0.20762
Palestine,PSE,2010,0.91918
Palestine,PSE,2020,0.18933
Panama,PAN,2010,-0.25999
Panama,PAN,2020,-0.26693
Papua New Guinea,PNG,2010,-0.02735
Papua New Guinea,PNG,2020,-0.08967
Paraguay,PRY,2010,-1.59832
Paraguay,PRY,2020,-1.93159
Peru,PER,2010,-0.167
Peru,PER,2020,-0.23466
Philippines,PHL,2010,-0.66175
Philippines,PHL,2020,0.49872
Pitcairn,PCN,2010,0
Pitcairn,PCN,2020,0
Poland,POL,2010,0.29412
Poland,POL,2020,0.16386
Polynesia,OWID_PYA,2010,-0.11
Polynesia,OWID_PYA,2020,-0.13
Portugal,PRT,2010,-0.08874
Portugal,PRT,2020,0.18299
Puerto Rico,PRI,2010,1.36477
Puerto Rico,PRI,2020,0.09886
Reunion,REU,2010,0.32712
Reunion,REU,2020,0.46366
Romania,ROU,2010,0.23163
Romania,ROU,2020,0.61806
Russia,RUS,2010,0.07226
Russia,RUS,2020,0.00216
Rwanda,RWA,2010,-0.79435
Rwanda,RWA,2020,0.40754
Saint Barthlemy,,2010,0
Saint Barthlemy,,2020,0
Saint Helena,SHN,2010,0
Saint Helena,SHN,2020,0
Saint Kitts and Nevis,KNA,2010,0
Saint Kitts and Nevis,KNA,2020,0
Saint Lucia,LCA,2010,-0.11482
Saint Lucia,LCA,2020,0
Saint Martin (French part),MAF,2010,0
Saint Martin (French part),MAF,2020,0
Saint Pierre and Miquelon,SPM,2010,-1.47088
Saint Pierre and Miquelon,SPM,2020,-1.64425
Saint Vincent and the Grenadines,VCT,2010,0
Saint Vincent and the Grenadines,VCT,2020,0
Samoa,WSM,2010,-0.28499
Samoa,WSM,2020,-0.29335
San Marino,SMR,2010,0
San Marino,SMR,2020,0
Sao Tome and Principe,STP,2010,-0.04464
Sao Tome and Principe,STP,2020,-1.12213
Saudi Arabia,SAU,2010,0
Saudi Arabia,SAU,2020,0
Senegal,SEN,2010,-0.44363
Senegal,SEN,2020,-0.48271
Serbia,SRB,2010,0.98374
Serbia,SRB,2020,0.03551
Seychelles,SYC,2010,0
Seychelles,SYC,2020,0
Sierra Leone,SLE,2010,-0.69473
Sierra Leone,SLE,2020,-0.74666
Singapore,SGP,2010,0.41927
Singapore,SGP,2020,-1.2965
Sint Maarten (Dutch part),SXM,2010,0
Sint Maarten (Dutch part),SXM,2020,0
Slovakia,SVK,2010,0.08644
Slovakia,SVK,2020,0.04158
Slovenia,SVN,2010,0.11297
Slovenia,SVN,2020,-0.07378
Small Island Developing States (SIDS),,2010,0.04
Small Island Developing States (SIDS),,2020,-0.04
Solomon Islands,SLB,2010,-0.02888
Solomon Islands,SLB,2020,-0.02893
Somalia,SOM,2010,-1.07151
Somalia,SOM,2020,-1.20025
South Africa,ZAF,2010,-0.20666
South Africa,ZAF,2020,-0.21102
South America,,2010,-0.58
South America,,2020,-0.3
South Korea,KOR,2010,-0.13829
South Korea,KOR,2020,-0.15768
South Sudan,SSD,2010,0
South Sudan,SSD,2020,0
South-eastern Asia,,2010,-0.19
South-eastern Asia,,2020,-0.55
Southern Africa,,2010,-0.52
Southern Africa,,2020,-0.55
Southern Asia,,2010,0.3
Southern Asia,,2020,0.24
Southern Europe,,2010,0.66
Southern Europe,,2020,0.17
Spain,ESP,2010,0.81828
Spain,ESP,2020,0.01446
Sri Lanka,LKA,2010,-0.29373
Sri Lanka,LKA,2020,0.0446
Sub-Saharan Africa,,2010,-0.49
Sub-Saharan Africa,,2020,-0.6
Sudan,SDN,2010,-0.8298
Sudan,SDN,2020,-0.89232
Suriname,SUR,2010,-0.02676
Suriname,SUR,2020,-0.0679
Sweden,SWE,2010,-0.032
Sweden,SWE,2020,-0.03318
Switzerland,CHE,2010,0.31761
Switzerland,CHE,2020,0.27509
Syria,SYR,2010,1.3088
Syria,SYR,2020,0.59355
Tajikistan,TJK,2010,0
Tajikistan,TJK,2020,0.33159
Tanzania,TZA,2010,-0.71574
Tanzania,TZA,2020,-0.87555
Thailand,THA,2010,0.55194
Thailand,THA,2020,-0.10009
Timor,TLS,2010,-0.1485
Timor,TLS,2020,-0.15073
Togo,TGO,2010,-0.23579
Togo,TGO,2020,-0.24154
Tonga,TON,2010,0
Tonga,TON,2020,0
Trinidad and Tobago,TTO,2010,-0.18063
Trinidad and Tobago,TTO,2020,-0.18308
Tunisia,TUN,2010,0.28938
Tunisia,TUN,2020,0.22037
Turkey,TUR,2010,0.45451
Turkey,TUR,2020,0.52676
Turkmenistan,TKM,2010,0
Turkmenistan,TKM,2020,0
Turks and Caicos Islands,TCA,2010,0
Turks and Caicos Islands,TCA,2020,0
Tuvalu,TUV,2010,0
Tuvalu,TUV,2020,0
Uganda,UGA,2010,-1.3878
Uganda,UGA,2020,-1.61187
Ukraine,UKR,2010,0.03989
Ukraine,UKR,2020,0.14774
United Arab Emirates,ARE,2010,0.25147
United Arab Emirates,ARE,2020,0
United Kingdom,GBR,2010,0.34989
United Kingdom,GBR,2020,0.42021
United States,USA,2010,0.16949
United States,USA,2020,0.03477
United States Virgin Islands,VIR,2010,-1.04432
United States Virgin Islands,VIR,2020,0.77541
Uruguay,URY,2010,2.3757
Uruguay,URY,2020,1.60937
Uzbekistan,UZB,2010,1.2392
Uzbekistan,UZB,2020,0.97162
Vanuatu,VUT,2010,0
Vanuatu,VUT,2020,0
Venezuela,VEN,2010,-0.34004
Venezuela,VEN,2020,-0.2715
Vietnam,VNM,2010,1.2843
Vietnam,VNM,2020,0.90008
Wallis and Futuna,WLF,2010,0.0172
Wallis and Futuna,WLF,2020,0.01717
Western Africa,,2010,-0.67
Western Africa,,2020,-0.61
Western Asia,,2010,0.39
Western Asia,,2020,0.42
Western Europe,,2010,0.39
Western Europe,,2020,0.26
Western Sahara,ESH,2010,-0.06293
Western Sahara,ESH,2020,-0.0006
World,OWID_WRL,2010,-0.13
World,OWID_WRL,2020,-0.12
Yemen,YEM,2010,0
Yemen,YEM,2020,0
Zambia,ZMB,2010,-0.07634
Zambia,ZMB,2020,-0.41053
Zimbabwe,ZWE,2010,-0.25372
Zimbabwe,ZWE,2020,-0.26033