Entity,Code,Year,"11.5.1 - Number of deaths and missing persons attributed to disasters per 100,000 population (number) - VC_DSR_MTMP"
Afghanistan,AFG,2017,0.06056
Afghanistan,AFG,2018,0
Afghanistan,AFG,2019,1.16548
Albania,ALB,2005,0.22677
Albania,ALB,2006,0.0653
Albania,ALB,2007,0.06592
Albania,ALB,2008,0.53286
Albania,ALB,2009,0.20181
Albania,ALB,2010,0.44097
Albania,ALB,2011,0.71707
Albania,ALB,2012,0.27453
Albania,ALB,2013,0.30994
Albania,ALB,2014,0.31074
Albania,ALB,2015,0.41583
Albania,ALB,2016,0.69551
Albania,ALB,2017,0
Albania,ALB,2018,0.73162
Albania,ALB,2019,1.92145
Albania,ALB,2020,0.45173
Algeria,DZA,2005,0.35596
Algeria,DZA,2006,0.0327
Algeria,DZA,2007,0.17561
Algeria,DZA,2008,0.24186
Algeria,DZA,2009,0.05943
Algeria,DZA,2010,0.02224
Algeria,DZA,2011,0.08183
Algeria,DZA,2012,0.11502
Algeria,DZA,2013,0.0603
Algeria,DZA,2014,0.00257
Algeria,DZA,2015,0.12837
Algeria,DZA,2016,0.00493
Algeria,DZA,2017,0.04107
Algeria,DZA,2018,0.76015
Algeria,DZA,2019,0.03252
American Samoa,ASM,2009,317.60035
American Samoa,ASM,2014,0
American Samoa,ASM,2015,7.16769
American Samoa,ASM,2018,0
American Samoa,ASM,2019,0
American Samoa,ASM,2020,0
Angola,AGO,2005,0.08748
Angola,AGO,2006,0.23821
Angola,AGO,2007,2.09994
Angola,AGO,2008,1.04629
Angola,AGO,2009,0.32424
Angola,AGO,2010,0.36821
Angola,AGO,2011,1.01153
Angola,AGO,2012,0.28676
Angola,AGO,2013,0.19219
Angola,AGO,2014,0.60103
Angola,AGO,2015,1.64533
Angola,AGO,2016,1.24711
Angola,AGO,2017,9.31606
Angola,AGO,2018,0.30427
Angola,AGO,2019,0.92459
Angola,AGO,2020,0.16734
Antigua and Barbuda,ATG,2005,0
Antigua and Barbuda,ATG,2008,0
Antigua and Barbuda,ATG,2009,2.39166
Antigua and Barbuda,ATG,2010,9.45381
Antigua and Barbuda,ATG,2011,1.16867
Antigua and Barbuda,ATG,2012,1.15217
Antigua and Barbuda,ATG,2013,4.54189
Antigua and Barbuda,ATG,2014,3.35604
Antigua and Barbuda,ATG,2017,1.06859
Antigua and Barbuda,ATG,2020,4.08601
Argentina,ARG,2005,0.49109
Argentina,ARG,2006,0.31815
Argentina,ARG,2007,0.95
Argentina,ARG,2008,0.5988
Argentina,ARG,2009,1.02019
Argentina,ARG,2010,0.44111
Argentina,ARG,2011,0.17909
Argentina,ARG,2012,0.16764
Argentina,ARG,2014,0.21577
Argentina,ARG,2016,11.47042
Argentina,ARG,2018,0.02225
Argentina,ARG,2019,0
Armenia,ARM,2005,12.81174
Armenia,ARM,2006,13.89952
Armenia,ARM,2007,14.94835
Armenia,ARM,2008,16.14309
Armenia,ARM,2009,13.06552
Armenia,ARM,2010,5.07332
Armenia,ARM,2011,6.22743
Armenia,ARM,2012,9.06864
Armenia,ARM,2013,12.98358
Armenia,ARM,2014,13.02575
Armenia,ARM,2015,14.28287
Armenia,ARM,2016,11.10518
Armenia,ARM,2017,11.9217
Armenia,ARM,2018,13.55655
Armenia,ARM,2019,14.42958
Armenia,ARM,2020,110.95742
Australia,AUS,2011,0.16872
Australia,AUS,2015,0.04169
Australia,AUS,2016,0.0697
Australia,AUS,2017,0.03229
Australia,AUS,2018,0.004
Australia,AUS,2019,0.1301
Australia,AUS,2020,0.35816
Austria,AUT,2005,0.1829
Austria,AUT,2006,0.04846
Austria,AUT,2007,0.04829
Austria,AUT,2008,0.09629
Austria,AUT,2009,0.07199
Austria,AUT,2010,0.10776
Austria,AUT,2011,0.01197
Austria,AUT,2012,0.15461
Austria,AUT,2013,0.17747
Austria,AUT,2014,0.03526
Austria,AUT,2015,0.06989
Austria,AUT,2016,0.04598
Austria,AUT,2017,0.12538
Austria,AUT,2018,0.01134
Austria,AUT,2019,0.10138
Austria,AUT,2020,0.12358
Azerbaijan,AZE,2017,0
Bangladesh,BGD,2007,3.09916
Bangladesh,BGD,2008,0.00754
Bangladesh,BGD,2009,0.1285
Bangladesh,BGD,2010,0.06413
Bangladesh,BGD,2011,0.01255
Bangladesh,BGD,2012,0.1312
Bangladesh,BGD,2013,0.11931
Bangladesh,BGD,2014,0.10829
Bangladesh,BGD,2015,0.1535
Bangladesh,BGD,2016,0.20312
Bangladesh,BGD,2017,0.43905
Bangladesh,BGD,2018,0.23667
Bangladesh,BGD,2019,0.20195
Bangladesh,BGD,2020,4.62428
Barbados,BRB,2005,1.4476
Barbados,BRB,2006,0.72079
Barbados,BRB,2007,2.15284
Barbados,BRB,2008,1.78606
Barbados,BRB,2009,0.35574
Barbados,BRB,2010,2.48112
Barbados,BRB,2011,0
Barbados,BRB,2012,0
Barbados,BRB,2013,0
Barbados,BRB,2014,0.35109
Barbados,BRB,2015,1.05143
Barbados,BRB,2016,1.04969
Barbados,BRB,2017,1.39746
Barbados,BRB,2018,0
Belarus,BLR,2015,0
Belarus,BLR,2016,0
Belarus,BLR,2017,0
Belarus,BLR,2018,0
Belarus,BLR,2019,0
Belarus,BLR,2020,0
Belize,BLZ,2005,1.05709
Belize,BLZ,2007,0
Belize,BLZ,2008,2.28145
Belize,BLZ,2009,0
Belize,BLZ,2010,1.24044
Belize,BLZ,2011,0.30281
Benin,BEN,2010,0.524
Benin,BEN,2011,0.61762
Benin,BEN,2012,0.19221
Benin,BEN,2013,0.20982
Benin,BEN,2014,0.00972
Benin,BEN,2015,0.10371
Benin,BEN,2016,0.21071
Benin,BEN,2017,0.06232
Benin,BEN,2018,0.42408
Benin,BEN,2019,0.22719
Benin,BEN,2020,0.06546
Bhutan,BTN,2005,2.51976
Bhutan,BTN,2006,72.50511
Bhutan,BTN,2007,77.85845
Bhutan,BTN,2008,59.15811
Bhutan,BTN,2009,469.70546
Bhutan,BTN,2010,397.08431
Bhutan,BTN,2011,329.1141
Bhutan,BTN,2012,276.68352
Bhutan,BTN,2013,287.72051
Bhutan,BTN,2014,254.84699
Bhutan,BTN,2015,171.98517
Bhutan,BTN,2016,0
Bhutan,BTN,2017,2.85499
Bhutan,BTN,2018,2.31119
Bhutan,BTN,2019,3.80666
Bolivia,BOL,2005,0.41644
Bolivia,BOL,2006,0.42012
Bolivia,BOL,2007,0.805
Bolivia,BOL,2008,0.875
Bolivia,BOL,2009,0.11272
Bolivia,BOL,2010,0.42347
Bolivia,BOL,2011,0.77396
Bolivia,BOL,2012,0.35725
Bolivia,BOL,2013,0.10455
Bolivia,BOL,2014,0.21524
Bolivia,BOL,2015,0
Bolivia,BOL,2016,0
Bolivia,BOL,2017,0.08049
Bolivia,BOL,2018,0.16744
Bolivia,BOL,2019,0.52986
Bolivia,BOL,2020,78.63904
Bosnia and Herzegovina,BIH,2017,0
Botswana,BWA,2013,0
Botswana,BWA,2014,0
Botswana,BWA,2015,0
Botswana,BWA,2016,0
Botswana,BWA,2018,0.04641
Brazil,BRA,2005,0.0875
Brazil,BRA,2006,0.04644
Brazil,BRA,2007,0.06386
Brazil,BRA,2008,0.118
Brazil,BRA,2009,0.15707
Brazil,BRA,2010,0.41586
Brazil,BRA,2011,0.55016
Brazil,BRA,2012,0.04919
Brazil,BRA,2013,0.36462
Brazil,BRA,2014,0.05918
Brazil,BRA,2015,0.07224
Brazil,BRA,2016,0.04436
Brazil,BRA,2017,0.07833
Bulgaria,BGR,2005,0.02591
Bulgaria,BGR,2006,0
Bulgaria,BGR,2007,0.1178
Bulgaria,BGR,2008,0
Bulgaria,BGR,2009,0
Bulgaria,BGR,2010,0
Bulgaria,BGR,2011,0
Bulgaria,BGR,2012,0.13728
Bulgaria,BGR,2013,0
Bulgaria,BGR,2014,0.29158
Bulgaria,BGR,2015,0
Bulgaria,BGR,2016,0.09857
Bulgaria,BGR,2017,0.05674
Bulgaria,BGR,2018,0.01429
Bulgaria,BGR,2019,0
Bulgaria,BGR,2020,0
Burkina Faso,BFA,2005,5.78001
Burkina Faso,BFA,2006,12.15208
Burkina Faso,BFA,2007,13.73139
Burkina Faso,BFA,2008,7.86088
Burkina Faso,BFA,2009,5.005
Burkina Faso,BFA,2010,6.54123
Burkina Faso,BFA,2011,4.39424
Burkina Faso,BFA,2012,4.8572
Burkina Faso,BFA,2013,2.90946
Burkina Faso,BFA,2014,2.43843
Burkina Faso,BFA,2015,1.68559
Burkina Faso,BFA,2016,1.71794
Burkina Faso,BFA,2017,1.15627
Burkina Faso,BFA,2018,0.89903
Burkina Faso,BFA,2019,0.03354
Burundi,BDI,2015,1.5
Burundi,BDI,2016,1.79224
Burundi,BDI,2017,1.9138
Burundi,BDI,2018,5.52143
Cambodia,KHM,2005,0.21848
Cambodia,KHM,2006,0.21517
Cambodia,KHM,2007,0.24123
Cambodia,KHM,2008,0.35293
Cambodia,KHM,2009,1.25589
Cambodia,KHM,2010,0.63582
Cambodia,KHM,2011,3.14962
Cambodia,KHM,2012,1.29901
Cambodia,KHM,2013,2.49562
Cambodia,KHM,2014,0.85109
Cambodia,KHM,2015,0.66484
Cambodia,KHM,2016,0.33648
Cambodia,KHM,2017,0.6235
Cambodia,KHM,2019,0.94798
Cambodia,KHM,2020,0
Cameroon,CMR,2005,7.76462
Cameroon,CMR,2006,6.16326
Cameroon,CMR,2007,6.50204
Cameroon,CMR,2008,7.17974
Cameroon,CMR,2009,6.73592
Cameroon,CMR,2010,1.97473
Cameroon,CMR,2011,8.28755
Cameroon,CMR,2012,0.08238
Cameroon,CMR,2013,11.76736
Cameroon,CMR,2014,6.17338
Cameroon,CMR,2015,4.95949
Cameroon,CMR,2016,3.54448
Cameroon,CMR,2017,1.31526
Cameroon,CMR,2018,1.03365
Cameroon,CMR,2019,3.97374
Cameroon,CMR,2020,1.69895
Cape Verde,CPV,2006,0
Cape Verde,CPV,2008,0
Cape Verde,CPV,2009,0.61644
Cape Verde,CPV,2014,0
Cape Verde,CPV,2015,2.85856
Cape Verde,CPV,2017,0.18605
Chile,CHL,2005,0.1483
Chile,CHL,2006,0.13457
Chile,CHL,2007,0.08476
Chile,CHL,2008,0.04192
Chile,CHL,2009,0
Chile,CHL,2010,3.3814
Chile,CHL,2011,0.01159
Chile,CHL,2012,0.04013
Chile,CHL,2013,0
Chile,CHL,2014,0.12368
Chile,CHL,2015,0.36169
Chile,CHL,2016,0.01101
Chile,CHL,2017,0.26175
Chile,CHL,2018,0
Chile,CHL,2019,0
Chile,CHL,2020,0
China,CHN,2015,0.07035
China,CHN,2016,0.12338
China,CHN,2017,0.07043
China,CHN,2018,0.04551
China,CHN,2019,0.06493
China,CHN,2020,0.04094
Colombia,COL,2005,0.64353
Colombia,COL,2006,0.57365
Colombia,COL,2007,0.53726
Colombia,COL,2008,0.6569
Colombia,COL,2009,0.60918
Colombia,COL,2010,1.1602
Colombia,COL,2011,1.17929
Colombia,COL,2012,0.59036
Colombia,COL,2013,1.09717
Colombia,COL,2014,1.4456
Colombia,COL,2015,1.12233
Colombia,COL,2016,1.07697
Colombia,COL,2017,2.02671
Colombia,COL,2018,0.96921
Colombia,COL,2019,0.85433
Colombia,COL,2020,0.35138
Comoros,COM,2006,0
Comoros,COM,2008,0
Comoros,COM,2011,9.35671
Comoros,COM,2012,0.4142
Comoros,COM,2014,0.53778
Comoros,COM,2015,1.14687
Comoros,COM,2017,2.29428
Comoros,COM,2019,0.70514
Cook Islands,COK,2005,0
Cook Islands,COK,2007,0
Cook Islands,COK,2009,0
Cook Islands,COK,2010,16.31144
Cook Islands,COK,2020,0
Costa Rica,CRI,2005,0.21351
Costa Rica,CRI,2006,0.1636
Costa Rica,CRI,2007,0.73726
Costa Rica,CRI,2008,0.27247
Costa Rica,CRI,2009,0.78311
Costa Rica,CRI,2010,0.92636
Costa Rica,CRI,2011,0.23954
Costa Rica,CRI,2012,0.3654
Costa Rica,CRI,2013,0.25461
Costa Rica,CRI,2014,0.25141
Costa Rica,CRI,2015,0.16556
Costa Rica,CRI,2016,0.38852
Costa Rica,CRI,2017,0.44467
Costa Rica,CRI,2018,0.09993
Costa Rica,CRI,2019,0.11862
Costa Rica,CRI,2020,46.01625
Cote d'Ivoire,CIV,2005,0.05993
Cote d'Ivoire,CIV,2006,0.10131
Cote d'Ivoire,CIV,2007,0.11997
Cote d'Ivoire,CIV,2008,0.0357
Cote d'Ivoire,CIV,2009,0.13959
Cote d'Ivoire,CIV,2010,0.12176
Cote d'Ivoire,CIV,2011,0.00951
Cote d'Ivoire,CIV,2012,0
Cote d'Ivoire,CIV,2013,0.11319
Cote d'Ivoire,CIV,2014,0.41064
Cote d'Ivoire,CIV,2015,0.1593
Croatia,HRV,2017,0.58345
Cuba,CUB,2005,0.15096
Cuba,CUB,2008,0.06229
Cuba,CUB,2012,0.09772
Cuba,CUB,2017,0.08819
Cyprus,CYP,2005,0.09731
Cyprus,CYP,2006,0.09565
Cyprus,CYP,2007,0
Cyprus,CYP,2008,0.09246
Cyprus,CYP,2009,0.09107
Cyprus,CYP,2010,0
Cyprus,CYP,2011,1.15572
Cyprus,CYP,2012,0
Cyprus,CYP,2013,0.08742
Cyprus,CYP,2014,0
Cyprus,CYP,2015,0
Cyprus,CYP,2016,0.17091
Cyprus,CYP,2017,0
Cyprus,CYP,2018,0.08409
Cyprus,CYP,2019,1.41835
Cyprus,CYP,2020,12.67227
Czechia,CZE,2015,0.01895
Czechia,CZE,2016,0.00945
Czechia,CZE,2017,0.08483
Denmark,DNK,2015,0
Denmark,DNK,2016,0
Denmark,DNK,2017,0
Denmark,DNK,2018,0
Denmark,DNK,2019,0
Denmark,DNK,2020,22.96161
Djibouti,DJI,2005,6.38367
Djibouti,DJI,2006,17.11652
Djibouti,DJI,2007,3.47629
Djibouti,DJI,2008,3.06237
Djibouti,DJI,2009,6.88555
Djibouti,DJI,2010,8.21239
Djibouti,DJI,2011,24.01394
Djibouti,DJI,2012,3.2253
Dominica,DMA,2007,2.82769
Dominica,DMA,2009,0
Dominica,DMA,2010,11.31062
Dominica,DMA,2011,7.14561
Dominica,DMA,2012,4.31785
Dominica,DMA,2013,2.87117
Dominica,DMA,2014,0
Ecuador,ECU,2005,0.49183
Ecuador,ECU,2006,0.58324
Ecuador,ECU,2007,0.25181
Ecuador,ECU,2008,1.24521
Ecuador,ECU,2009,0.46702
Ecuador,ECU,2010,0
Ecuador,ECU,2011,0
Ecuador,ECU,2012,0
Ecuador,ECU,2013,0
Ecuador,ECU,2014,0
Ecuador,ECU,2015,0
Ecuador,ECU,2016,3.9265
Ecuador,ECU,2017,0.01192
Ecuador,ECU,2018,0
Ecuador,ECU,2019,0
Ecuador,ECU,2020,53.6925
Egypt,EGY,2005,9.28487
Egypt,EGY,2006,8.64172
Egypt,EGY,2007,9.13318
Egypt,EGY,2008,8.96752
Egypt,EGY,2009,10.16833
Egypt,EGY,2010,9.15554
Egypt,EGY,2011,9.06996
Egypt,EGY,2012,7.86312
Egypt,EGY,2013,7.75412
Egypt,EGY,2014,7.48845
Egypt,EGY,2015,7.28547
Egypt,EGY,2016,2.36923
Egypt,EGY,2017,4.22427
Egypt,EGY,2018,3.22321
Egypt,EGY,2019,1.72561
Egypt,EGY,2020,9.82794
El Salvador,SLV,2005,4.39515
El Salvador,SLV,2006,1.11853
El Salvador,SLV,2007,0.37669
El Salvador,SLV,2008,1.20683
El Salvador,SLV,2009,1.25047
El Salvador,SLV,2010,0.90558
El Salvador,SLV,2011,1.0466
El Salvador,SLV,2012,0.44887
El Salvador,SLV,2013,0.15959
El Salvador,SLV,2014,0.33359
Equatorial Guinea,GNQ,2010,0
Equatorial Guinea,GNQ,2012,0.09698
Equatorial Guinea,GNQ,2013,0
Equatorial Guinea,GNQ,2014,0
Equatorial Guinea,GNQ,2015,0.3423
Equatorial Guinea,GNQ,2016,0.90521
Equatorial Guinea,GNQ,2017,1.34706
Equatorial Guinea,GNQ,2018,0
Equatorial Guinea,GNQ,2019,0
Estonia,EST,2005,1.10719
Estonia,EST,2006,0
Estonia,EST,2007,0
Estonia,EST,2008,0
Estonia,EST,2009,0
Estonia,EST,2010,0
Estonia,EST,2011,0.75333
Estonia,EST,2012,0
Estonia,EST,2013,0
Estonia,EST,2014,0
Estonia,EST,2015,0
Estonia,EST,2016,0
Estonia,EST,2017,0
Estonia,EST,2018,0
Eswatini,SWZ,2005,0
Eswatini,SWZ,2015,0
Eswatini,SWZ,2016,0.08829
Eswatini,SWZ,2017,0
Eswatini,SWZ,2018,0
Eswatini,SWZ,2020,18.57175
Ethiopia,ETH,2005,0.79356
Ethiopia,ETH,2006,2.54144
Ethiopia,ETH,2007,0
Ethiopia,ETH,2008,0.19942
Ethiopia,ETH,2009,0.00773
Ethiopia,ETH,2010,0.08288
Ethiopia,ETH,2011,0.1151
Ethiopia,ETH,2012,0.09553
Ethiopia,ETH,2013,0.23067
Ethiopia,ETH,2014,0.08414
Ethiopia,ETH,2015,0.08326
Ethiopia,ETH,2016,0.41429
Ethiopia,ETH,2017,0.16216
Ethiopia,ETH,2018,0.24559
Ethiopia,ETH,2019,0.23818
Fiji,FJI,2005,0.36207
Fiji,FJI,2006,0.96314
Fiji,FJI,2007,8.83824
Fiji,FJI,2008,0.83269
Fiji,FJI,2009,1.53163
Fiji,FJI,2010,0.47093
Fiji,FJI,2011,0.11708
Fiji,FJI,2012,3.26187
Fiji,FJI,2014,0
Fiji,FJI,2015,0
Fiji,FJI,2016,5.16657
Fiji,FJI,2017,0
Fiji,FJI,2018,1.01559
Fiji,FJI,2019,0.22489
Fiji,FJI,2020,2.01919
Finland,FIN,2005,0.42009
Finland,FIN,2006,0.11416
Finland,FIN,2007,0.32073
Finland,FIN,2008,0.33794
Finland,FIN,2009,0.11212
Finland,FIN,2010,0.20464
Finland,FIN,2011,0.05554
Finland,FIN,2012,0
Finland,FIN,2013,0.05503
Finland,FIN,2014,0.34724
Finland,FIN,2015,0.01825
Finland,FIN,2016,0.0546
Finland,FIN,2017,0
Finland,FIN,2018,0.07246
Finland,FIN,2019,0
France,FRA,2016,1.13952
France,FRA,2017,0.82147
France,FRA,2018,2.35608
French Polynesia,PYF,2007,7.61275
Gambia,GMB,2005,0
Gambia,GMB,2006,0
Gambia,GMB,2007,2.35176
Gambia,GMB,2008,0.44096
Gambia,GMB,2009,0.28731
Gambia,GMB,2010,2.67678
Gambia,GMB,2013,0.10769
Gambia,GMB,2015,0
Gambia,GMB,2016,0.05385
Gambia,GMB,2017,0.32307
Gambia,GMB,2018,14.48432
Gambia,GMB,2019,13.01495
Georgia,GEO,2017,0.21469
Georgia,GEO,2018,0.05362
Georgia,GEO,2019,0.17514
Georgia,GEO,2020,63.07069
Ghana,GHA,2011,0
Ghana,GHA,2012,0.26542
Ghana,GHA,2013,0
Ghana,GHA,2014,0.00735
Ghana,GHA,2015,0.38062
Ghana,GHA,2016,0.33706
Ghana,GHA,2017,0.51508
Ghana,GHA,2018,0.4795
Ghana,GHA,2019,7.81683
Ghana,GHA,2020,10.19538
Grenada,GRD,2005,1.91099
Grenada,GRD,2007,0.95072
Grenada,GRD,2008,0
Grenada,GRD,2010,0
Grenada,GRD,2011,0
Grenada,GRD,2012,0
Grenada,GRD,2014,0
Guam,GUM,2015,0
Guatemala,GTM,2005,0.57184
Guatemala,GTM,2006,0
Guatemala,GTM,2007,0
Guatemala,GTM,2008,2.16085
Guatemala,GTM,2009,0.92041
Guatemala,GTM,2010,2.93038
Guatemala,GTM,2011,0.85298
Guatemala,GTM,2012,0.6411
Guatemala,GTM,2013,0.51005
Guatemala,GTM,2014,0.35239
Guatemala,GTM,2015,7.40913
Guatemala,GTM,2016,0.38058
Guatemala,GTM,2017,1.86124
Guatemala,GTM,2018,6.71083
Guatemala,GTM,2019,0.67108
Guatemala,GTM,2020,33.2723
Guinea,GIN,2014,15.78338
Guinea,GIN,2015,0.48985
Guinea-Bissau,GNB,2017,2.35211
Guinea-Bissau,GNB,2018,0.05335
Guyana,GUY,2005,4.55236
Guyana,GUY,2006,1.6088
Guyana,GUY,2007,0.67092
Guyana,GUY,2008,1.033
Guyana,GUY,2009,1.0621
Guyana,GUY,2010,0.39888
Guyana,GUY,2011,1.59859
Guyana,GUY,2012,0.53567
Guyana,GUY,2013,0.402
Honduras,HND,2005,0.97259
Honduras,HND,2006,0.02715
Honduras,HND,2007,0.27863
Honduras,HND,2008,0.90828
Honduras,HND,2009,0.08887
Honduras,HND,2010,0.90728
Honduras,HND,2011,0.73034
Honduras,HND,2012,0.28622
Honduras,HND,2013,0.34994
Honduras,HND,2014,0.16603
Honduras,HND,2015,0.13992
Honduras,HND,2016,0
Honduras,HND,2017,6.24155
Honduras,HND,2018,0.90987
Honduras,HND,2019,0
Honduras,HND,2020,2.30706
Hungary,HUN,2020,0
India,IND,2005,0.7511
India,IND,2006,0.50909
India,IND,2007,0.73902
India,IND,2008,0.64128
India,IND,2009,0.52963
India,IND,2010,0.63642
India,IND,2011,0.50914
India,IND,2012,0.47378
India,IND,2013,0.89091
India,IND,2014,0.51785
India,IND,2015,0.57417
India,IND,2016,0.53827
India,IND,2017,0.57227
India,IND,2018,0.52158
India,IND,2019,0.56321
India,IND,2020,0.47501
Indonesia,IDN,2005,0.90724
Indonesia,IDN,2006,3.27788
Indonesia,IDN,2007,0.3236
Indonesia,IDN,2008,0.13307
Indonesia,IDN,2009,0.76396
Indonesia,IDN,2010,0.79952
Indonesia,IDN,2011,0.17687
Indonesia,IDN,2012,0.13039
Indonesia,IDN,2013,0.20577
Indonesia,IDN,2014,0.23953
Indonesia,IDN,2015,0.10799
Indonesia,IDN,2016,0.2236
Indonesia,IDN,2017,0.14463
Indonesia,IDN,2018,1.82237
Indonesia,IDN,2019,0.21971
Indonesia,IDN,2020,8.34777
Iran,IRN,2005,0.926
Iran,IRN,2006,0.44079
Iran,IRN,2007,0.49904
Iran,IRN,2008,0.57542
Iran,IRN,2009,0.10696
Iran,IRN,2010,0.12608
Iran,IRN,2011,0.00804
Iraq,IRQ,2007,7.17268
Iraq,IRQ,2008,8.36228
Iraq,IRQ,2009,18.98027
Iraq,IRQ,2010,22.55541
Iraq,IRQ,2011,23.00478
Iraq,IRQ,2012,28.32898
Iraq,IRQ,2013,3.33191
Iraq,IRQ,2014,3.29989
Iraq,IRQ,2015,4.96981
Iraq,IRQ,2016,19.85395
Iraq,IRQ,2017,20.85649
Iraq,IRQ,2018,249.50044
Ireland,IRL,2015,0
Ireland,IRL,2016,0
Ireland,IRL,2017,0.063
Italy,ITA,2010,0.11809
Italy,ITA,2011,0.10095
Italy,ITA,2012,0.09741
Italy,ITA,2013,0.11621
Italy,ITA,2014,0.09541
Italy,ITA,2015,0.07895
Italy,ITA,2016,0.54726
Italy,ITA,2017,0.09573
Italy,ITA,2018,0.09589
Italy,ITA,2019,0.06793
Italy,ITA,2020,0.03353
Jamaica,JAM,2005,0.32847
Jamaica,JAM,2006,1.63374
Jamaica,JAM,2007,0.21675
Jamaica,JAM,2008,0.57515
Jamaica,JAM,2009,1.85991
Jamaica,JAM,2010,0.60488
Jamaica,JAM,2011,0.74312
Jamaica,JAM,2012,0.03518
Jamaica,JAM,2014,0
Japan,JPN,2005,0.11533
Japan,JPN,2006,0.13783
Japan,JPN,2007,0
Japan,JPN,2008,0.07858
Japan,JPN,2009,0.08946
Japan,JPN,2010,0.06924
Japan,JPN,2011,0
Japan,JPN,2012,0.14795
Japan,JPN,2013,0.13483
Japan,JPN,2014,0.2208
Japan,JPN,2015,0.05114
Japan,JPN,2016,0.23368
Japan,JPN,2017,0.1015
Japan,JPN,2018,0.35564
Japan,JPN,2019,0.1251
Jordan,JOR,2005,1.44147
Jordan,JOR,2006,0.67476
Jordan,JOR,2007,0.57321
Jordan,JOR,2008,0.57206
Jordan,JOR,2009,0.27735
Jordan,JOR,2010,0.7017
Jordan,JOR,2011,0.2431
Jordan,JOR,2012,0.44432
Jordan,JOR,2013,0.43135
Jordan,JOR,2014,0.19309
Jordan,JOR,2015,0.1154
Jordan,JOR,2016,0.11227
Jordan,JOR,2017,0.33821
Jordan,JOR,2018,0.51411
Jordan,JOR,2019,0.09899
Jordan,JOR,2020,0
Kazakhstan,KAZ,2005,0.03895
Kazakhstan,KAZ,2006,0.14147
Kazakhstan,KAZ,2007,0.10827
Kazakhstan,KAZ,2008,0.06935
Kazakhstan,KAZ,2009,0.0561
Kazakhstan,KAZ,2010,0.05538
Kazakhstan,KAZ,2011,0.0849
Kazakhstan,KAZ,2012,0.05373
Kazakhstan,KAZ,2013,0.03524
Kazakhstan,KAZ,2014,0.01156
Kazakhstan,KAZ,2015,0.02276
Kazakhstan,KAZ,2016,0.04487
Kazakhstan,KAZ,2017,0.16201
Kazakhstan,KAZ,2018,0.00544
Kazakhstan,KAZ,2019,0.0161
Kazakhstan,KAZ,2020,14.7957
Kenya,KEN,2005,0.03003
Kenya,KEN,2006,0.04515
Kenya,KEN,2007,0.02842
Kenya,KEN,2008,0.15581
Kenya,KEN,2009,0.68946
Kenya,KEN,2010,0.3664
Kenya,KEN,2011,0.09032
Kenya,KEN,2012,0.05638
Kenya,KEN,2013,0.39763
Kenya,KEN,2014,0.47966
Kenya,KEN,2015,1.51008
Kenya,KEN,2016,1.37203
Kenya,KEN,2017,0.04182
Kenya,KEN,2019,1.79176
Kenya,KEN,2020,3.30474
Kiribati,KIR,2016,3.60422
Kiribati,KIR,2018,82.74757
Kiribati,KIR,2020,0
Kuwait,KWT,2005,0
Kuwait,KWT,2007,0
Kuwait,KWT,2008,0
Kuwait,KWT,2009,0
Kuwait,KWT,2010,0
Kuwait,KWT,2011,0.0308
Kuwait,KWT,2012,0
Kuwait,KWT,2013,0
Kuwait,KWT,2014,0
Kuwait,KWT,2015,0
Kuwait,KWT,2016,0
Kuwait,KWT,2017,0
Kuwait,KWT,2020,19.99695
Kyrgyzstan,KGZ,2005,1.40184
Kyrgyzstan,KGZ,2006,1.61875
Kyrgyzstan,KGZ,2007,1.77225
Kyrgyzstan,KGZ,2008,5.33162
Kyrgyzstan,KGZ,2009,1.32754
Kyrgyzstan,KGZ,2010,2.91604
Kyrgyzstan,KGZ,2011,2.59237
Kyrgyzstan,KGZ,2012,1.78318
Kyrgyzstan,KGZ,2013,1.67752
Kyrgyzstan,KGZ,2014,1.14805
Kyrgyzstan,KGZ,2015,0.89905
Kyrgyzstan,KGZ,2016,0.7808
Kyrgyzstan,KGZ,2017,2.29634
Kyrgyzstan,KGZ,2018,0.28769
Kyrgyzstan,KGZ,2019,0.29231
Kyrgyzstan,KGZ,2020,60.65378
Laos,LAO,2005,0.33034
Laos,LAO,2006,0.27369
Laos,LAO,2007,0.47099
Laos,LAO,2008,0.74422
Laos,LAO,2009,0.95956
Laos,LAO,2010,0.83211
Laos,LAO,2011,0.47262
Laos,LAO,2012,0.77585
Lebanon,LBN,2005,0.02128
Lebanon,LBN,2006,0.10505
Lebanon,LBN,2007,0
Lebanon,LBN,2008,0.08395
Lebanon,LBN,2009,0
Lebanon,LBN,2010,0
Lebanon,LBN,2011,0
Lebanon,LBN,2012,0.01806
Lebanon,LBN,2013,0.01691
Lebanon,LBN,2014,0
Lebanon,LBN,2015,0.16838
Lebanon,LBN,2016,0.01816
Lebanon,LBN,2017,0
Lebanon,LBN,2018,0.16687
Lebanon,LBN,2019,0.05835
Lebanon,LBN,2020,0.01465
Liberia,LBR,2014,78.93093
Liberia,LBR,2015,0.91677
Liberia,LBR,2016,0
Liberia,LBR,2020,2.59012
Luxembourg,LUX,2017,0
Luxembourg,LUX,2018,0
Madagascar,MDG,2005,1.71786
Madagascar,MDG,2006,0.10063
Madagascar,MDG,2007,0.93138
Madagascar,MDG,2008,1.56528
Madagascar,MDG,2009,0.37435
Madagascar,MDG,2010,0.84154
Madagascar,MDG,2011,0.57027
Madagascar,MDG,2012,0.76969
Madagascar,MDG,2013,0.50084
Madagascar,MDG,2014,0.54261
Madagascar,MDG,2015,0.92432
Madagascar,MDG,2016,0.0241
Madagascar,MDG,2017,0.38716
Madagascar,MDG,2018,0.38458
Malawi,MWI,2005,16.24432
Malawi,MWI,2006,14.80976
Malawi,MWI,2007,14.84403
Malawi,MWI,2008,26.97128
Malawi,MWI,2009,34.26029
Malawi,MWI,2010,9.66258
Malawi,MWI,2011,7.82633
Malawi,MWI,2012,3.80816
Malawi,MWI,2013,11.38201
Malawi,MWI,2014,10.32781
Malawi,MWI,2015,6.80628
Malawi,MWI,2016,5.50284
Malawi,MWI,2017,5.29476
Malawi,MWI,2018,7.13198
Malawi,MWI,2019,6.83669
Malawi,MWI,2020,3.46135
Malaysia,MYS,2005,0.05375
Malaysia,MYS,2006,0.0565
Malaysia,MYS,2007,0.08131
Malaysia,MYS,2008,0.10157
Malaysia,MYS,2009,0.2742
Malaysia,MYS,2010,0.01399
Malaysia,MYS,2011,0.05505
Malaysia,MYS,2012,0.01694
Malaysia,MYS,2013,0.01324
Malaysia,MYS,2014,0.09769
Malaysia,MYS,2015,0.05772
Malaysia,MYS,2016,0.01581
Malaysia,MYS,2017,0.1093
Malaysia,MYS,2018,0.04941
Malaysia,MYS,2019,0.02767
Malaysia,MYS,2020,1.46981
Maldives,MDV,2005,0.31289
Maldives,MDV,2006,7.02314
Maldives,MDV,2007,0.29835
Maldives,MDV,2008,1.16466
Maldives,MDV,2017,0
Maldives,MDV,2019,0.18834
Mali,MLI,2005,0.18003
Mali,MLI,2006,0.06059
Mali,MLI,2007,0.56404
Mali,MLI,2008,0.30467
Mali,MLI,2009,0.2126
Mali,MLI,2010,0.87711
Mali,MLI,2011,0.2127
Mali,MLI,2012,0.13142
Mali,MLI,2013,0.37082
Mali,MLI,2014,0.10039
Mali,MLI,2017,0.11344
Mali,MLI,2018,0
Marshall Islands,MHL,2006,0
Marshall Islands,MHL,2008,0
Marshall Islands,MHL,2011,0
Marshall Islands,MHL,2013,0
Marshall Islands,MHL,2014,0
Marshall Islands,MHL,2015,0
Marshall Islands,MHL,2016,0
Marshall Islands,MHL,2017,0
Marshall Islands,MHL,2018,0
Marshall Islands,MHL,2019,1.88118
Marshall Islands,MHL,2020,1.88118
Mauritius,MUS,2005,0.65466
Mauritius,MUS,2006,0.56999
Mauritius,MUS,2007,12.88608
Mauritius,MUS,2008,1.93664
Mauritius,MUS,2009,12.29907
Mauritius,MUS,2010,11.37863
Mauritius,MUS,2011,0.63945
Mauritius,MUS,2012,11.40816
Mauritius,MUS,2013,2.07096
Mauritius,MUS,2014,0.79532
Mauritius,MUS,2020,1.26408
Mexico,MEX,2005,0.49021
Mexico,MEX,2006,0.65046
Mexico,MEX,2007,0.4837
Mexico,MEX,2008,0.48005
Mexico,MEX,2009,0.5424
Mexico,MEX,2010,0.47034
Mexico,MEX,2011,0.37012
Mexico,MEX,2012,0.53619
Mexico,MEX,2013,0.54536
Mexico,MEX,2014,0.40438
Mexico,MEX,2015,0.41188
Mexico,MEX,2016,0.38811
Mexico,MEX,2017,0.67899
Mexico,MEX,2018,0.40339
Mexico,MEX,2019,0.48508
Mexico,MEX,2020,0.31223
Micronesia (country),FSM,2008,0
Micronesia (country),FSM,2009,0
Micronesia (country),FSM,2011,1.94124
Micronesia (country),FSM,2015,8.6452
Micronesia (country),FSM,2016,0
Micronesia (country),FSM,2017,0
Micronesia (country),FSM,2018,1.9178
Micronesia (country),FSM,2019,4.79451
Micronesia (country),FSM,2020,0
Monaco,MCO,2017,0
Monaco,MCO,2018,0
Monaco,MCO,2019,0
Mongolia,MNG,2005,7.56542
Mongolia,MNG,2006,0
Mongolia,MNG,2007,0
Mongolia,MNG,2008,0
Mongolia,MNG,2009,0
Mongolia,MNG,2010,8.18553
Mongolia,MNG,2011,0
Mongolia,MNG,2012,7.88076
Mongolia,MNG,2013,6.51816
Mongolia,MNG,2014,5.84122
Mongolia,MNG,2015,6.47529
Mongolia,MNG,2016,7.37195
Mongolia,MNG,2017,6.41934
Mongolia,MNG,2018,6.33013
Mongolia,MNG,2019,6.15736
Mongolia,MNG,2020,7.59484
Montenegro,MNE,2005,0
Montenegro,MNE,2006,8.00973
Montenegro,MNE,2007,0
Montenegro,MNE,2008,0
Montenegro,MNE,2009,0.15834
Montenegro,MNE,2010,0
Montenegro,MNE,2011,0
Montenegro,MNE,2012,0
Montenegro,MNE,2013,3.05856
Montenegro,MNE,2014,0
Montenegro,MNE,2015,0
Montenegro,MNE,2016,0.48208
Montenegro,MNE,2017,0
Montenegro,MNE,2018,0
Morocco,MAR,2005,0.03641
Morocco,MAR,2006,0.00327
Morocco,MAR,2007,0.01936
Morocco,MAR,2008,0.47466
Morocco,MAR,2009,0.05034
Morocco,MAR,2010,0.66497
Morocco,MAR,2011,0.33764
Morocco,MAR,2012,0
Morocco,MAR,2013,0
Morocco,MAR,2014,0.17777
Morocco,MAR,2015,0.0674
Morocco,MAR,2016,0.11019
Morocco,MAR,2017,0.08895
Morocco,MAR,2018,0.07098
Morocco,MAR,2019,0.17422
Morocco,MAR,2020,0.09735
Mozambique,MOZ,2005,6.4212
Mozambique,MOZ,2006,4.58049
Mozambique,MOZ,2007,5.28779
Mozambique,MOZ,2008,5.67241
Mozambique,MOZ,2009,2.88036
Mozambique,MOZ,2010,0.08074
Mozambique,MOZ,2011,0.08243
Mozambique,MOZ,2012,0.11814
Mozambique,MOZ,2015,0.71518
Mozambique,MOZ,2016,0.22329
Mozambique,MOZ,2017,0.11133
Mozambique,MOZ,2018,0.08613
Myanmar,MMR,2005,0.03525
Myanmar,MMR,2006,0.12154
Myanmar,MMR,2007,0.07167
Myanmar,MMR,2008,281.74549
Myanmar,MMR,2009,0.04856
Myanmar,MMR,2010,0.11053
Myanmar,MMR,2011,0.47071
Myanmar,MMR,2012,0.20967
Myanmar,MMR,2013,0.13329
Myanmar,MMR,2014,0.53663
Myanmar,MMR,2015,0.65967
Myanmar,MMR,2016,0.9789
Myanmar,MMR,2017,1.41418
Myanmar,MMR,2019,0.96798
Myanmar,MMR,2020,0.03831
Namibia,NAM,2008,4.75082
Namibia,NAM,2009,4.98836
Namibia,NAM,2011,5.2259
Namibia,NAM,2013,0
Namibia,NAM,2015,0
Namibia,NAM,2016,0
Namibia,NAM,2017,1.84565
Namibia,NAM,2018,1.89297
Nepal,NPL,2005,1.77206
Nepal,NPL,2006,2.82638
Nepal,NPL,2007,2.90404
Nepal,NPL,2008,4.16997
Nepal,NPL,2009,5.4286
Nepal,NPL,2010,4.37651
Nepal,NPL,2011,2.08723
Nepal,NPL,2012,1.83083
Nepal,NPL,2013,2.34799
Nepal,NPL,2014,2.83585
Nepal,NPL,2015,33.74004
Nepal,NPL,2016,1.74806
Nepal,NPL,2017,1.9323
Nepal,NPL,2018,1.66673
Nepal,NPL,2019,1.78996
Nepal,NPL,2020,2.20026
Netherlands,NLD,2017,0
Netherlands,NLD,2019,0
New Caledonia,NCL,2009,1.59948
New Caledonia,NCL,2011,1.16702
New Caledonia,NCL,2017,0.3608
New Caledonia,NCL,2018,0
New Caledonia,NCL,2019,0
New Caledonia,NCL,2020,0
New Zealand,NZL,2005,0
New Zealand,NZL,2006,0.04779
New Zealand,NZL,2007,0.07103
New Zealand,NZL,2008,0.25823
New Zealand,NZL,2009,0.06973
New Zealand,NZL,2010,0
New Zealand,NZL,2011,4.2427
New Zealand,NZL,2012,0.06806
New Zealand,NZL,2013,0.04502
New Zealand,NZL,2014,0.02217
New Zealand,NZL,2015,0
New Zealand,NZL,2016,0.04261
New Zealand,NZL,2017,0.02086
New Zealand,NZL,2018,0
New Zealand,NZL,2019,0.44132
New Zealand,NZL,2020,0.48958
Nicaragua,NIC,2005,0.16548
Nicaragua,NIC,2006,0.83428
Nicaragua,NIC,2007,24.16787
Nicaragua,NIC,2008,0.47641
Nicaragua,NIC,2009,0.10443
Nicaragua,NIC,2010,0.41208
Nicaragua,NIC,2011,0.25411
Nicaragua,NIC,2012,0.30088
Nicaragua,NIC,2013,0.6433
Niger,NER,2005,0.35965
Niger,NER,2006,0.35351
Niger,NER,2007,0.51071
Niger,NER,2008,0.45243
Niger,NER,2009,0.51126
Niger,NER,2010,0.35228
Niger,NER,2011,0.46159
Niger,NER,2012,0.38213
Niger,NER,2013,0.32425
Niger,NER,2014,0.17671
Niger,NER,2015,7.95299
Niger,NER,2016,1.87263
Niger,NER,2017,2.49866
Niger,NER,2018,2.15215
Niger,NER,2019,2.85839
Niue,NIU,2012,0
Niue,NIU,2020,0
Northern Mariana Islands,MNP,2014,0
Northern Mariana Islands,MNP,2015,0
Norway,NOR,2017,4.37402
Pakistan,PAK,2005,45.74932
Pakistan,PAK,2006,6.44057
Pakistan,PAK,2007,0.26399
Pakistan,PAK,2008,0.09554
Pakistan,PAK,2009,4.01651
Pakistan,PAK,2010,1.22558
Pakistan,PAK,2011,0.31744
Pakistan,PAK,2012,0.3727
Pakistan,PAK,2013,0.38325
Pakistan,PAK,2014,0.46594
Pakistan,PAK,2015,0.2803
Pakistan,PAK,2016,0.24378
Pakistan,PAK,2017,0.15786
Pakistan,PAK,2018,0.06469
Pakistan,PAK,2019,0.12652
Pakistan,PAK,2020,4.79827
Palau,PLW,2009,0
Palau,PLW,2011,0
Palau,PLW,2012,0
Palestine,PSE,2005,0
Palestine,PSE,2006,0.0273
Palestine,PSE,2007,0
Palestine,PSE,2008,0
Palestine,PSE,2009,0.02527
Palestine,PSE,2010,0.02466
Palestine,PSE,2011,0
Palestine,PSE,2012,0
Palestine,PSE,2013,0.0923
Palestine,PSE,2015,0.99329
Palestine,PSE,2016,1.83505
Palestine,PSE,2017,1.47887
Palestine,PSE,2018,0.0206
Panama,PAN,2005,0.39036
Panama,PAN,2006,0.32432
Panama,PAN,2007,0.95551
Panama,PAN,2008,4.06689
Panama,PAN,2009,2.62627
Panama,PAN,2010,1.8393
Panama,PAN,2011,2.18536
Panama,PAN,2012,1.00779
Panama,PAN,2013,1.64257
Panama,PAN,2014,2.48634
Panama,PAN,2015,0.37798
Panama,PAN,2016,1.26329
Panama,PAN,2017,0.56005
Panama,PAN,2018,1.55619
Panama,PAN,2019,0.61228
Panama,PAN,2020,0.394
Papua New Guinea,PNG,2005,0.03079
Papua New Guinea,PNG,2006,0.51152
Papua New Guinea,PNG,2007,5.00844
Papua New Guinea,PNG,2008,0.18635
Papua New Guinea,PNG,2009,2.95321
Papua New Guinea,PNG,2010,0.21886
Papua New Guinea,PNG,2011,0.01338
Papua New Guinea,PNG,2012,0.90421
Papua New Guinea,PNG,2013,0.1284
Papua New Guinea,PNG,2014,0.37751
Papua New Guinea,PNG,2015,0.37002
Papua New Guinea,PNG,2019,0.02279
Papua New Guinea,PNG,2020,0.5
Paraguay,PRY,2005,0.0346
Paraguay,PRY,2006,0.03403
Paraguay,PRY,2007,0.31801
Paraguay,PRY,2008,0.7576
Paraguay,PRY,2014,0.12017
Paraguay,PRY,2016,0.16048
Paraguay,PRY,2017,0.04314
Paraguay,PRY,2018,0.09925
Paraguay,PRY,2019,0.0699
Peru,PER,2005,0.49621
Peru,PER,2006,0.33036
Peru,PER,2007,2.24353
Peru,PER,2008,0.6908
Peru,PER,2009,0.50803
Peru,PER,2010,0.62114
Peru,PER,2011,0.46984
Peru,PER,2012,0.70016
Peru,PER,2013,0.50861
Peru,PER,2014,0.29207
Peru,PER,2015,0.57782
Peru,PER,2016,0.34298
Peru,PER,2017,0.77924
Peru,PER,2018,0.52235
Peru,PER,2019,0.34546
Peru,PER,2020,0.38007
Philippines,PHL,2005,0.22402
Philippines,PHL,2006,3.83337
Philippines,PHL,2007,0.31499
Philippines,PHL,2008,1.11655
Philippines,PHL,2009,1.50498
Philippines,PHL,2010,0.2675
Philippines,PHL,2011,2.20831
Philippines,PHL,2012,2.78518
Philippines,PHL,2013,8.01352
Philippines,PHL,2014,0.36243
Philippines,PHL,2015,0.26051
Philippines,PHL,2016,0.10668
Philippines,PHL,2017,0.23026
Philippines,PHL,2018,0.4062
Philippines,PHL,2019,0.07923
Philippines,PHL,2020,12.54643
Poland,POL,2018,0
Portugal,PRT,2015,0.5696
Portugal,PRT,2016,0.40676
Portugal,PRT,2017,1.31064
Portugal,PRT,2018,0.23338
Portugal,PRT,2019,0.20416
Portugal,PRT,2020,66.50144
Qatar,QAT,2005,0
Qatar,QAT,2006,0
Qatar,QAT,2007,0
Qatar,QAT,2008,0
Qatar,QAT,2009,0
Qatar,QAT,2010,0
Qatar,QAT,2011,0
Qatar,QAT,2012,0
Qatar,QAT,2013,0
Qatar,QAT,2014,0
Qatar,QAT,2015,0
Qatar,QAT,2016,0
Qatar,QAT,2017,0
Qatar,QAT,2018,0
Qatar,QAT,2019,0
Qatar,QAT,2020,8.646
Romania,ROU,2005,0.18239
Romania,ROU,2006,0.16465
Romania,ROU,2007,0.05206
Romania,ROU,2008,0.09207
Romania,ROU,2009,0.05871
Romania,ROU,2010,0.13304
Romania,ROU,2011,0
Romania,ROU,2012,0.0199
Romania,ROU,2013,0.02997
Romania,ROU,2014,0.04009
Romania,ROU,2015,0.02013
Romania,ROU,2016,0.03542
Romania,ROU,2017,0.00509
Romania,ROU,2018,6.34388
Russia,RUS,2009,0.51423
Russia,RUS,2010,0.4781
Russia,RUS,2011,0.55367
Russia,RUS,2012,0.58159
Russia,RUS,2013,0.43252
Russia,RUS,2014,0.39466
Russia,RUS,2015,0.47779
Russia,RUS,2016,0.53788
Russia,RUS,2017,0.37875
Russia,RUS,2018,0.48809
Russia,RUS,2019,0.36245
Russia,RUS,2020,71.64668
Rwanda,RWA,2016,0.29994
Saint Kitts and Nevis,KNA,2005,0
Saint Kitts and Nevis,KNA,2006,4.22538
Saint Kitts and Nevis,KNA,2007,8.37363
Saint Kitts and Nevis,KNA,2008,2.07564
Saint Kitts and Nevis,KNA,2010,4.08072
Saint Kitts and Nevis,KNA,2011,2.02257
Saint Kitts and Nevis,KNA,2012,0
Saint Kitts and Nevis,KNA,2013,0
Saint Kitts and Nevis,KNA,2014,3.93887
Saint Lucia,LCA,2006,0
Saint Lucia,LCA,2007,0.59404
Saint Lucia,LCA,2008,0
Saint Lucia,LCA,2009,1.82121
Saint Lucia,LCA,2010,7.23895
Saint Lucia,LCA,2011,11.94986
Saint Lucia,LCA,2012,0
Saint Lucia,LCA,2013,2.92834
Saint Lucia,LCA,2014,0
Saint Vincent and the Grenadines,VCT,2005,1.84133
Saint Vincent and the Grenadines,VCT,2006,0
Saint Vincent and the Grenadines,VCT,2007,0
Saint Vincent and the Grenadines,VCT,2008,0.9225
Saint Vincent and the Grenadines,VCT,2009,0
Saint Vincent and the Grenadines,VCT,2010,0
Saint Vincent and the Grenadines,VCT,2011,0
Saint Vincent and the Grenadines,VCT,2012,0
Saint Vincent and the Grenadines,VCT,2013,11.04728
Saint Vincent and the Grenadines,VCT,2014,0
Samoa,WSM,2005,5.00773
Samoa,WSM,2006,0
Samoa,WSM,2008,0
Samoa,WSM,2009,209.69586
Samoa,WSM,2012,0
Samoa,WSM,2013,0
Samoa,WSM,2014,0.52024
Samoa,WSM,2015,0
Samoa,WSM,2016,0
Samoa,WSM,2018,0
Samoa,WSM,2019,41.31943
Samoa,WSM,2020,0
Saudi Arabia,SAU,2015,0
Saudi Arabia,SAU,2016,0
Saudi Arabia,SAU,2017,0
Saudi Arabia,SAU,2018,0
Senegal,SEN,2005,0.73038
Senegal,SEN,2006,0.65892
Senegal,SEN,2007,0.96688
Senegal,SEN,2008,0.36652
Senegal,SEN,2009,0.59181
Senegal,SEN,2010,1.71161
Senegal,SEN,2011,1.51145
Senegal,SEN,2012,2.23101
Senegal,SEN,2013,5.056
Senegal,SEN,2014,4.30841
Senegal,SEN,2015,0.02786
Serbia,SRB,2005,0.0672
Serbia,SRB,2006,0.13492
Serbia,SRB,2007,0.16257
Serbia,SRB,2008,0.24489
Serbia,SRB,2009,0.21856
Serbia,SRB,2010,0.3703
Serbia,SRB,2011,0.49748
Serbia,SRB,2012,0.76373
Serbia,SRB,2013,0.05581
Serbia,SRB,2014,0.49076
Serbia,SRB,2016,0.01129
Serbia,SRB,2017,0.03398
Serbia,SRB,2018,0.10224
Serbia,SRB,2020,0.04578
Seychelles,SYC,2014,0
Seychelles,SYC,2017,1.04337
Sierra Leone,SLE,2006,0.05146
Sierra Leone,SLE,2009,0.90869
Sierra Leone,SLE,2010,0.91963
Sierra Leone,SLE,2011,0.70087
Sierra Leone,SLE,2012,3.82863
Sierra Leone,SLE,2013,2.73894
Sierra Leone,SLE,2014,4.27524
Sierra Leone,SLE,2015,12.74417
Slovenia,SVN,2005,1.45175
Slovenia,SVN,2006,1.04824
Slovenia,SVN,2007,1.39277
Slovenia,SVN,2008,1.13532
Slovenia,SVN,2009,1.2301
Slovenia,SVN,2010,2.14951
Slovenia,SVN,2011,0.87797
Slovenia,SVN,2012,1.5568
Slovenia,SVN,2013,0.48571
Slovenia,SVN,2014,0.63074
Slovenia,SVN,2015,0.53324
Slovenia,SVN,2016,1.06579
Slovenia,SVN,2017,0.62927
Slovenia,SVN,2018,1.11279
Slovenia,SVN,2019,0.90733
Slovenia,SVN,2020,138.70195
Solomon Islands,SLB,2006,0
Solomon Islands,SLB,2007,28.93833
Solomon Islands,SLB,2008,0
Solomon Islands,SLB,2009,5.62157
Solomon Islands,SLB,2010,1.08021
Solomon Islands,SLB,2011,0.35112
Solomon Islands,SLB,2012,0.17133
Solomon Islands,SLB,2013,0
Solomon Islands,SLB,2014,8.50315
Solomon Islands,SLB,2015,0
Solomon Islands,SLB,2016,0
Solomon Islands,SLB,2017,0
Solomon Islands,SLB,2018,0
Solomon Islands,SLB,2019,0
Solomon Islands,SLB,2020,5.03873
Somalia,SOM,2005,0.2776
Somalia,SOM,2006,0.15794
Somalia,SOM,2008,0.01755
Somalia,SOM,2009,0.58032
Somalia,SOM,2010,0.30721
Somalia,SOM,2011,0.94535
Somalia,SOM,2012,0.20448
Somalia,SOM,2013,2.18162
Somalia,SOM,2014,0.92683
Somalia,SOM,2015,0.60157
Somalia,SOM,2016,1.86809
Somalia,SOM,2017,0
South Africa,ZAF,2005,0.00418
South Africa,ZAF,2006,0.02475
South Africa,ZAF,2007,0.10179
South Africa,ZAF,2008,0.47409
South Africa,ZAF,2009,0.06538
South Africa,ZAF,2010,0.17768
South Africa,ZAF,2011,0.12307
South Africa,ZAF,2012,0.58108
South Africa,ZAF,2013,0.12107
South Africa,ZAF,2014,0.0605
South Africa,ZAF,2015,0.55862
South Africa,ZAF,2016,0.53659
South Africa,ZAF,2017,0.05662
South Africa,ZAF,2018,0
South Africa,ZAF,2019,0.26128
South Africa,ZAF,2020,48.0014
South Korea,KOR,2005,0.11054
South Korea,KOR,2006,0.14455
South Korea,KOR,2007,0.04889
South Korea,KOR,2008,0.13818
South Korea,KOR,2009,0.50381
South Korea,KOR,2010,0.07501
South Korea,KOR,2011,0.16878
South Korea,KOR,2012,0.04376
South Korea,KOR,2013,0.03334
South Korea,KOR,2014,0.86058
South Korea,KOR,2015,0.13119
South Korea,KOR,2016,0.05071
South Korea,KOR,2017,0.14002
South Korea,KOR,2018,0.28278
South Korea,KOR,2019,0.21437
South Korea,KOR,2020,2.08956
South Sudan,SSD,2016,2.67712
Spain,ESP,2005,0.12952
Spain,ESP,2006,0.13174
Spain,ESP,2007,0.07664
Spain,ESP,2008,0.06272
Spain,ESP,2009,0.09465
Spain,ESP,2010,0.14143
Spain,ESP,2011,0.11107
Spain,ESP,2012,0.0856
Spain,ESP,2013,0.0731
Spain,ESP,2014,0.06459
Spain,ESP,2015,0.12705
Spain,ESP,2016,0.07093
Spain,ESP,2017,0.09002
Spain,ESP,2018,0.12197
Spain,ESP,2019,0.11126
Sri Lanka,LKA,2005,0.18835
Sri Lanka,LKA,2006,0.46833
Sri Lanka,LKA,2007,0.49903
Sri Lanka,LKA,2008,0.50874
Sri Lanka,LKA,2009,0.23442
Sri Lanka,LKA,2010,0.24667
Sri Lanka,LKA,2011,0.59353
Sri Lanka,LKA,2012,0.62668
Sri Lanka,LKA,2013,0.6121
Sri Lanka,LKA,2014,0.6016
Sri Lanka,LKA,2015,0.23844
Sri Lanka,LKA,2016,1.15078
Sri Lanka,LKA,2017,2.01921
Sri Lanka,LKA,2018,0.42455
Sri Lanka,LKA,2019,0.20639
Sri Lanka,LKA,2020,0.18249
Sudan,SDN,2005,4.5424
Sudan,SDN,2006,3.43304
Sudan,SDN,2007,2.55087
Sudan,SDN,2008,2.03042
Sudan,SDN,2009,1.90291
Sudan,SDN,2010,1.77687
Sudan,SDN,2011,1.20381
Sudan,SDN,2012,0.95277
Sudan,SDN,2013,0.78255
Sudan,SDN,2014,0.69189
Sudan,SDN,2015,0.33563
Sudan,SDN,2016,0.22475
Sudan,SDN,2017,0.44627
Sudan,SDN,2018,0.18578
Sudan,SDN,2019,0.89516
Sweden,SWE,2005,0.07737
Sweden,SWE,2006,0
Sweden,SWE,2007,0.03267
Sweden,SWE,2008,0
Sweden,SWE,2009,0
Sweden,SWE,2010,0
Sweden,SWE,2011,0
Sweden,SWE,2012,0
Sweden,SWE,2013,0
Sweden,SWE,2014,0.01026
Sweden,SWE,2015,0
Sweden,SWE,2016,0
Sweden,SWE,2017,0
Sweden,SWE,2018,0
Sweden,SWE,2019,0
Sweden,SWE,2020,89.26425
Switzerland,CHE,2005,6.73001
Switzerland,CHE,2006,5.80657
Switzerland,CHE,2007,5.84711
Switzerland,CHE,2008,5.70846
Switzerland,CHE,2009,5.36874
Switzerland,CHE,2010,4.77756
Switzerland,CHE,2011,4.92793
Switzerland,CHE,2012,5.34888
Switzerland,CHE,2013,4.14024
Switzerland,CHE,2014,3.75106
Switzerland,CHE,2015,13.40198
Switzerland,CHE,2016,3.18307
Switzerland,CHE,2017,3.48887
Switzerland,CHE,2018,5.8634
Switzerland,CHE,2019,8.94721
Syria,SYR,2005,0.13071
Syria,SYR,2006,0.36203
Syria,SYR,2007,0.78981
Syria,SYR,2008,1.20015
Syria,SYR,2009,0.24522
Tajikistan,TJK,2015,0.414
Tajikistan,TJK,2016,0.23085
Tajikistan,TJK,2017,0.34909
Tajikistan,TJK,2018,0.13186
Tajikistan,TJK,2019,0.25748
Tajikistan,TJK,2020,0.08388
Tanzania,TZA,2005,0.0052
Tanzania,TZA,2006,0.00759
Tanzania,TZA,2007,0.09832
Tanzania,TZA,2008,0.19353
Tanzania,TZA,2009,0.22519
Tanzania,TZA,2010,1.91898
Tanzania,TZA,2011,3.72207
Tanzania,TZA,2012,0.92024
Tanzania,TZA,2013,0.10725
Tanzania,TZA,2014,0
Tanzania,TZA,2015,8.09572
Tanzania,TZA,2016,7.10617
Tanzania,TZA,2017,5.48001
Tanzania,TZA,2018,4.85247
Tanzania,TZA,2019,0.61546
Tanzania,TZA,2020,0.2779
Thailand,THA,2015,0.19017
Thailand,THA,2016,0.27908
Thailand,THA,2017,0.35354
Thailand,THA,2018,0.13401
Timor,TLS,2006,0.68868
Timor,TLS,2007,0
Timor,TLS,2008,0
Timor,TLS,2009,0.37234
Timor,TLS,2010,0.91448
Timor,TLS,2011,0.71868
Timor,TLS,2012,0.88261
Timor,TLS,2013,1.64746
Timor,TLS,2014,0.34062
Timor,TLS,2015,6.10218
Timor,TLS,2016,0.32806
Togo,TGO,2005,0.12474
Togo,TGO,2006,0.20823
Togo,TGO,2007,0.47294
Togo,TGO,2008,0.31232
Togo,TGO,2009,1.39181
Togo,TGO,2010,2.44484
Togo,TGO,2011,3.36571
Togo,TGO,2012,0.07381
Togo,TGO,2013,0.17254
Togo,TGO,2014,2.25553
Togo,TGO,2016,0
Togo,TGO,2017,0.05573
Togo,TGO,2018,0
Togo,TGO,2019,0.10627
Togo,TGO,2020,1.02518
Tokelau,TKL,2005,0
Tokelau,TKL,2009,0
Tokelau,TKL,2011,0
Tonga,TON,2005,0
Tonga,TON,2006,0
Tonga,TON,2007,0
Tonga,TON,2008,0
Tonga,TON,2009,15.50643
Tonga,TON,2011,0
Tonga,TON,2012,0
Tonga,TON,2013,0
Tonga,TON,2014,0.96786
Tonga,TON,2015,0
Tonga,TON,2016,0
Tonga,TON,2017,0
Tonga,TON,2018,0
Tonga,TON,2019,0
Tonga,TON,2020,0
Trinidad and Tobago,TTO,2005,0.1545
Trinidad and Tobago,TTO,2006,0
Trinidad and Tobago,TTO,2007,0
Trinidad and Tobago,TTO,2008,0.07642
Trinidad and Tobago,TTO,2009,0.07633
Trinidad and Tobago,TTO,2010,0.07589
Trinidad and Tobago,TTO,2011,0
Trinidad and Tobago,TTO,2012,0.14979
Trinidad and Tobago,TTO,2013,0
Trinidad and Tobago,TTO,2015,0
Trinidad and Tobago,TTO,2016,0
Trinidad and Tobago,TTO,2017,0
Trinidad and Tobago,TTO,2018,0
Trinidad and Tobago,TTO,2019,0
Trinidad and Tobago,TTO,2020,9.45758
Tunisia,TUN,2005,0.01979
Tunisia,TUN,2006,0.07842
Tunisia,TUN,2007,0.21349
Tunisia,TUN,2008,0.0096
Tunisia,TUN,2009,2.00462
Tunisia,TUN,2010,0.05642
Tunisia,TUN,2011,0.4934
Tunisia,TUN,2012,0.33189
Tunisia,TUN,2013,0.01826
Tunisia,TUN,2018,0.16448
Turkey,TUR,2005,0.12054
Turkey,TUR,2006,0.22946
Turkey,TUR,2007,0.25784
Turkey,TUR,2008,0.13423
Turkey,TUR,2009,0.15849
Turkey,TUR,2010,0.2428
Turkey,TUR,2011,1.01975
Turkey,TUR,2012,0.13355
Turkey,TUR,2013,0.21782
Turkey,TUR,2014,0.21108
Turkey,TUR,2015,0.02413
Turkey,TUR,2016,0.0451
Turkey,TUR,2017,0.01237
Turkey,TUR,2018,0.00854
Turkey,TUR,2019,0.06855
Turkey,TUR,2020,0.30138
Turkmenistan,TKM,2019,0
Tuvalu,TUV,2011,0
Tuvalu,TUV,2015,0
Tuvalu,TUV,2016,0
Tuvalu,TUV,2017,0
Tuvalu,TUV,2018,0
Tuvalu,TUV,2019,0
Tuvalu,TUV,2020,0
Uganda,UGA,2006,1.43382
Uganda,UGA,2007,0.93942
Uganda,UGA,2008,0.66707
Uganda,UGA,2009,0.659
Uganda,UGA,2010,9.57501
Uganda,UGA,2011,2.25231
Uganda,UGA,2012,0.39064
Uganda,UGA,2013,0.30537
Uganda,UGA,2014,0.22757
Uganda,UGA,2015,0.07325
Uganda,UGA,2016,0.26734
Uganda,UGA,2017,0
Uganda,UGA,2018,0.28552
Uganda,UGA,2020,0.31503
Ukraine,UKR,2005,0.00212
Ukraine,UKR,2006,0.0107
Ukraine,UKR,2007,0.07102
Ukraine,UKR,2008,0.09525
Ukraine,UKR,2009,0.00218
Ukraine,UKR,2010,0.01092
Ukraine,UKR,2011,0
Ukraine,UKR,2012,0.0066
Ukraine,UKR,2013,0.00661
Ukraine,UKR,2014,0.00663
Ukraine,UKR,2015,0
Ukraine,UKR,2016,0.00939
Ukraine,UKR,2017,0.00236
Ukraine,UKR,2018,0
Ukraine,UKR,2019,0.01667
Ukraine,UKR,2020,47.46626
United Arab Emirates,ARE,2007,0.3139
United Arab Emirates,ARE,2008,2.17997
United Arab Emirates,ARE,2009,1.23784
United Arab Emirates,ARE,2010,1.28655
United Arab Emirates,ARE,2011,1.00592
United Arab Emirates,ARE,2012,1.17042
United Arab Emirates,ARE,2013,2.65275
United Arab Emirates,ARE,2014,1.7799
United Arab Emirates,ARE,2015,0.48104
United Arab Emirates,ARE,2016,0.17542
United Arab Emirates,ARE,2017,0.30094
United Arab Emirates,ARE,2018,0.32028
United Arab Emirates,ARE,2019,0.43141
United Arab Emirates,ARE,2020,7.54115
United Kingdom,GBR,2005,0.10428
United Kingdom,GBR,2006,0.08276
United Kingdom,GBR,2007,0.07502
United Kingdom,GBR,2008,0.07764
United Kingdom,GBR,2009,0.11243
United Kingdom,GBR,2010,0.07808
United Kingdom,GBR,2011,0.07743
United Kingdom,GBR,2012,0.07064
United Kingdom,GBR,2013,0.09048
United Kingdom,GBR,2014,0.04954
United Kingdom,GBR,2015,0.12287
United Kingdom,GBR,2016,0.06702
United Kingdom,GBR,2017,0.09388
United Kingdom,GBR,2018,0.13246
United Kingdom,GBR,2019,0.06071
United Kingdom,GBR,2020,0.16468
United States,USA,2015,0.21742
United States,USA,2016,0.20655
United States,USA,2017,1.18108
United States,USA,2018,0.23596
United States,USA,2019,0.17317
Uruguay,URY,2005,0.8552
Uruguay,URY,2006,0.1775
Uruguay,URY,2007,0.03542
Uruguay,URY,2008,0.24709
Uruguay,URY,2009,1.78816
Uruguay,URY,2010,0.17394
Uruguay,URY,2011,0.44929
Uruguay,URY,2013,0.41078
Uruguay,URY,2014,0.14704
Uruguay,URY,2015,0.13562
Uruguay,URY,2016,0
Uruguay,URY,2017,0.02863
Uruguay,URY,2018,0.14261
Uruguay,URY,2019,0.17052
Uruguay,URY,2020,5.12615
Uzbekistan,UZB,2019,0.00596
Uzbekistan,UZB,2020,0.39932
Vanuatu,VUT,2005,0
Vanuatu,VUT,2006,0.93293
Vanuatu,VUT,2007,0
Vanuatu,VUT,2008,0
Vanuatu,VUT,2009,0
Vanuatu,VUT,2010,0
Vanuatu,VUT,2011,0.4121
Vanuatu,VUT,2012,0
Vanuatu,VUT,2014,4.92633
Vanuatu,VUT,2015,4.05712
Vanuatu,VUT,2017,0
Vanuatu,VUT,2018,0
Vanuatu,VUT,2019,0
Vanuatu,VUT,2020,1.08124
Venezuela,VEN,2005,1.48681
Venezuela,VEN,2006,0.50279
Venezuela,VEN,2007,0.27158
Venezuela,VEN,2008,0.11941
Venezuela,VEN,2009,0.11059
Venezuela,VEN,2010,0.14416
Venezuela,VEN,2011,0.07616
Venezuela,VEN,2012,0.37805
Venezuela,VEN,2013,0.07387
Venezuela,VEN,2014,0.20304
Venezuela,VEN,2015,0.05984
Vietnam,VNM,2005,0.83261
Vietnam,VNM,2006,0.69135
Vietnam,VNM,2007,0.48584
Vietnam,VNM,2008,0.74209
Vietnam,VNM,2009,0.35365
Vietnam,VNM,2010,0.10458
Wallis and Futuna,WLF,2020,0
Yemen,YEM,2005,0.82557
Yemen,YEM,2006,0.3432
Yemen,YEM,2007,1.99225
Yemen,YEM,2008,1.32924
Yemen,YEM,2009,2.74022
Yemen,YEM,2010,0.67372
Zambia,ZMB,2006,0.00859
Zambia,ZMB,2007,0
Zambia,ZMB,2008,0
Zambia,ZMB,2009,0.05544
Zambia,ZMB,2010,0.02291
Zambia,ZMB,2011,0
Zambia,ZMB,2012,0.01414
Zambia,ZMB,2013,0.01372
Zambia,ZMB,2014,0.01997
Zambia,ZMB,2016,0.04889
Zimbabwe,ZWE,2017,0