Entity,Code,Year,"15.a.1 - Total official development assistance for biodiversity, by recipient countries (millions of constant 2018 United States dollars) - DC_ODA_BDVL"
Afghanistan,AFG,2002,235860
Afghanistan,AFG,2003,1099290
Afghanistan,AFG,2004,405020
Afghanistan,AFG,2005,3037950
Afghanistan,AFG,2006,16080700
Afghanistan,AFG,2007,29175310
Afghanistan,AFG,2008,49568660
Afghanistan,AFG,2009,86251250
Afghanistan,AFG,2010,336943360
Afghanistan,AFG,2011,122242270
Afghanistan,AFG,2012,108734800
Afghanistan,AFG,2013,95369320
Afghanistan,AFG,2014,63144500
Afghanistan,AFG,2015,23318500
Afghanistan,AFG,2016,84610990
Afghanistan,AFG,2017,50136550
Afghanistan,AFG,2018,26334050
Albania,ALB,2002,3574890
Albania,ALB,2003,7687370
Albania,ALB,2004,10028220
Albania,ALB,2005,4118490.0000000005
Albania,ALB,2006,5469800
Albania,ALB,2007,4802260
Albania,ALB,2008,2373720
Albania,ALB,2009,3828470
Albania,ALB,2010,4663110
Albania,ALB,2011,21050590
Albania,ALB,2012,8026420
Albania,ALB,2013,18272540
Albania,ALB,2014,10517930
Albania,ALB,2015,4207700
Albania,ALB,2016,42743940
Albania,ALB,2017,17145830
Albania,ALB,2018,8458430
Algeria,DZA,2002,1069830
Algeria,DZA,2003,8037960
Algeria,DZA,2004,156830
Algeria,DZA,2005,7668860
Algeria,DZA,2006,2494670
Algeria,DZA,2007,451380
Algeria,DZA,2008,372230
Algeria,DZA,2009,15586160
Algeria,DZA,2010,4295680
Algeria,DZA,2011,5778620
Algeria,DZA,2012,62383010
Algeria,DZA,2013,39080780
Algeria,DZA,2014,12772710
Algeria,DZA,2015,15566350
Algeria,DZA,2016,2674870
Algeria,DZA,2017,2434250
Algeria,DZA,2018,1227870
Angola,AGO,2002,3109210
Angola,AGO,2003,785810
Angola,AGO,2004,350100
Angola,AGO,2005,2665660
Angola,AGO,2006,4089670
Angola,AGO,2007,3896920
Angola,AGO,2008,3071490
Angola,AGO,2009,4372300
Angola,AGO,2010,9427130
Angola,AGO,2011,14977810
Angola,AGO,2012,20542330
Angola,AGO,2013,19060520
Angola,AGO,2014,4051650.0000000005
Angola,AGO,2015,6764590
Angola,AGO,2016,1266920
Angola,AGO,2017,168858900
Angola,AGO,2018,95155270
Antigua and Barbuda,ATG,2007,128179.99999999999
Antigua and Barbuda,ATG,2008,208740
Antigua and Barbuda,ATG,2009,264270
Antigua and Barbuda,ATG,2010,177930
Antigua and Barbuda,ATG,2011,443080
Antigua and Barbuda,ATG,2012,1940
Antigua and Barbuda,ATG,2013,142090
Antigua and Barbuda,ATG,2014,185110
Antigua and Barbuda,ATG,2015,192430
Antigua and Barbuda,ATG,2016,158410
Antigua and Barbuda,ATG,2017,341930
Antigua and Barbuda,ATG,2018,132680
Argentina,ARG,2002,2520340
Argentina,ARG,2003,1715760
Argentina,ARG,2004,2434380
Argentina,ARG,2005,2078790.0000000002
Argentina,ARG,2006,4027230.0000000005
Argentina,ARG,2007,2224220
Argentina,ARG,2008,2655080
Argentina,ARG,2009,7709770
Argentina,ARG,2010,6933720
Argentina,ARG,2011,3902610
Argentina,ARG,2012,1831680
Argentina,ARG,2013,2676440
Argentina,ARG,2014,2084499.9999999998
Argentina,ARG,2015,3532320
Argentina,ARG,2016,2112490
Argentina,ARG,2017,4322400
Argentina,ARG,2018,943210
Armenia,ARM,2002,2945160
Armenia,ARM,2003,605780
Armenia,ARM,2004,1847990
Armenia,ARM,2005,3450710
Armenia,ARM,2006,17840
Armenia,ARM,2007,497940
Armenia,ARM,2008,33310519.999999996
Armenia,ARM,2009,32470
Armenia,ARM,2010,399860
Armenia,ARM,2011,6932210
Armenia,ARM,2012,6658980
Armenia,ARM,2013,2432190
Armenia,ARM,2014,65089670
Armenia,ARM,2015,2161130
Armenia,ARM,2016,138610750
Armenia,ARM,2017,22635380
Armenia,ARM,2018,28108800
Azerbaijan,AZE,2002,3347000
Azerbaijan,AZE,2003,49546060
Azerbaijan,AZE,2004,15689.999999999998
Azerbaijan,AZE,2005,153860
Azerbaijan,AZE,2006,3603400
Azerbaijan,AZE,2007,218390
Azerbaijan,AZE,2008,315510
Azerbaijan,AZE,2009,298042280
Azerbaijan,AZE,2010,114890
Azerbaijan,AZE,2011,1002289.9999999999
Azerbaijan,AZE,2012,1554120
Azerbaijan,AZE,2013,814380
Azerbaijan,AZE,2014,175880
Azerbaijan,AZE,2015,16476360
Azerbaijan,AZE,2016,4842710
Azerbaijan,AZE,2017,16187100.000000002
Azerbaijan,AZE,2018,498980
Bahrain,BHR,2003,17570
Bangladesh,BGD,2002,5670810
Bangladesh,BGD,2003,69849710
Bangladesh,BGD,2004,27616970
Bangladesh,BGD,2005,46918440
Bangladesh,BGD,2006,85759200
Bangladesh,BGD,2007,3953500
Bangladesh,BGD,2008,68850230
Bangladesh,BGD,2009,40443800
Bangladesh,BGD,2010,37090780
Bangladesh,BGD,2011,53034380
Bangladesh,BGD,2012,69062920
Bangladesh,BGD,2013,95729480
Bangladesh,BGD,2014,201351530
Bangladesh,BGD,2015,43707470
Bangladesh,BGD,2016,71383210
Bangladesh,BGD,2017,22212890
Bangladesh,BGD,2018,228235360
Barbados,BRB,2006,42910
Barbados,BRB,2007,85790
Barbados,BRB,2008,94200
Barbados,BRB,2009,36900
Barbados,BRB,2010,111840
Belarus,BLR,2005,1250
Belarus,BLR,2008,10477240
Belarus,BLR,2009,1006960.0000000001
Belarus,BLR,2010,563230
Belarus,BLR,2011,5904820
Belarus,BLR,2012,15162460
Belarus,BLR,2013,368930
Belarus,BLR,2014,526800
Belarus,BLR,2015,313530
Belarus,BLR,2017,1117600
Belarus,BLR,2018,1283320
Belize,BLZ,2002,173020
Belize,BLZ,2003,337040
Belize,BLZ,2004,202060
Belize,BLZ,2005,317480
Belize,BLZ,2006,136080
Belize,BLZ,2008,64350.00000000001
Belize,BLZ,2009,54060
Belize,BLZ,2010,83860
Belize,BLZ,2011,960160
Belize,BLZ,2012,158420
Belize,BLZ,2013,60980
Belize,BLZ,2014,384200
Belize,BLZ,2015,362140
Belize,BLZ,2016,672530
Belize,BLZ,2017,656700
Belize,BLZ,2018,212660
Benin,BEN,2002,17660560
Benin,BEN,2003,5768830
Benin,BEN,2004,25929640
Benin,BEN,2005,39051470
Benin,BEN,2006,16263919.999999998
Benin,BEN,2007,5260990
Benin,BEN,2008,19319340
Benin,BEN,2009,7795100
Benin,BEN,2010,3677840
Benin,BEN,2011,35662330
Benin,BEN,2012,32526290.000000004
Benin,BEN,2013,25122980
Benin,BEN,2014,53985480
Benin,BEN,2015,77056820
Benin,BEN,2016,2967270
Benin,BEN,2017,94212930
Benin,BEN,2018,89994760
Bhutan,BTN,2002,4949530
Bhutan,BTN,2003,15091240
Bhutan,BTN,2004,10053570
Bhutan,BTN,2005,7762420
Bhutan,BTN,2006,27960
Bhutan,BTN,2007,3861510
Bhutan,BTN,2008,4536390
Bhutan,BTN,2009,13348310
Bhutan,BTN,2010,7870190
Bhutan,BTN,2011,5560800
Bhutan,BTN,2012,1616700
Bhutan,BTN,2013,8418120
Bhutan,BTN,2014,1460750
Bhutan,BTN,2015,86040
Bhutan,BTN,2016,26555510
Bhutan,BTN,2017,379200
Bhutan,BTN,2018,962390
Bolivia,BOL,2002,10755740
Bolivia,BOL,2003,43728940
Bolivia,BOL,2004,23900580
Bolivia,BOL,2005,50597780
Bolivia,BOL,2006,24568090
Bolivia,BOL,2007,77814550
Bolivia,BOL,2008,59591440
Bolivia,BOL,2009,50429080
Bolivia,BOL,2010,71302530
Bolivia,BOL,2011,46481650
Bolivia,BOL,2012,49132380
Bolivia,BOL,2013,101115320
Bolivia,BOL,2014,81234670
Bolivia,BOL,2015,51530630
Bolivia,BOL,2016,11455360
Bolivia,BOL,2017,247438010
Bolivia,BOL,2018,34546480
Bosnia and Herzegovina,BIH,2002,850820
Bosnia and Herzegovina,BIH,2003,380360
Bosnia and Herzegovina,BIH,2004,4594250
Bosnia and Herzegovina,BIH,2005,627600
Bosnia and Herzegovina,BIH,2006,1745820
Bosnia and Herzegovina,BIH,2007,888140
Bosnia and Herzegovina,BIH,2008,3654440
Bosnia and Herzegovina,BIH,2009,4512770
Bosnia and Herzegovina,BIH,2010,12362010
Bosnia and Herzegovina,BIH,2011,1154270
Bosnia and Herzegovina,BIH,2012,2690660
Bosnia and Herzegovina,BIH,2013,1226470
Bosnia and Herzegovina,BIH,2014,1523320
Bosnia and Herzegovina,BIH,2015,721720
Bosnia and Herzegovina,BIH,2016,4089000.0000000005
Bosnia and Herzegovina,BIH,2017,19060790
Bosnia and Herzegovina,BIH,2018,11498860
Botswana,BWA,2002,4249560
Botswana,BWA,2003,126230.00000000001
Botswana,BWA,2006,197000
Botswana,BWA,2007,1342840
Botswana,BWA,2009,5440
Botswana,BWA,2010,216340
Botswana,BWA,2011,1010010.0000000001
Botswana,BWA,2012,843000
Botswana,BWA,2013,1206120
Botswana,BWA,2014,2448700
Botswana,BWA,2015,2814900
Botswana,BWA,2016,9876990
Botswana,BWA,2017,12385740
Botswana,BWA,2018,6307270
Brazil,BRA,2002,40389950
Brazil,BRA,2003,44913490
Brazil,BRA,2004,250788590
Brazil,BRA,2005,42161620
Brazil,BRA,2006,25612260
Brazil,BRA,2007,29785730
Brazil,BRA,2008,41447760
Brazil,BRA,2009,150300680
Brazil,BRA,2010,468724030
Brazil,BRA,2011,603019980
Brazil,BRA,2012,253481300
Brazil,BRA,2013,176362120
Brazil,BRA,2014,171114130
Brazil,BRA,2015,245455610
Brazil,BRA,2016,227583540
Brazil,BRA,2017,189551240
Brazil,BRA,2018,197981860
Burkina Faso,BFA,2002,1528500
Burkina Faso,BFA,2003,5724990
Burkina Faso,BFA,2004,7125960
Burkina Faso,BFA,2005,84070
Burkina Faso,BFA,2006,5276840
Burkina Faso,BFA,2007,3633850
Burkina Faso,BFA,2008,16689840
Burkina Faso,BFA,2009,19362330
Burkina Faso,BFA,2010,44717130
Burkina Faso,BFA,2011,24045860
Burkina Faso,BFA,2012,82288710
Burkina Faso,BFA,2013,35381570
Burkina Faso,BFA,2014,28081080
Burkina Faso,BFA,2015,77202990
Burkina Faso,BFA,2016,79351280
Burkina Faso,BFA,2017,150925550
Burkina Faso,BFA,2018,84788210
Burundi,BDI,2002,17027130
Burundi,BDI,2003,621660
Burundi,BDI,2006,1350260
Burundi,BDI,2007,38870
Burundi,BDI,2008,5519680
Burundi,BDI,2009,8428830
Burundi,BDI,2010,5135430
Burundi,BDI,2011,17120510
Burundi,BDI,2012,8744460
Burundi,BDI,2013,51648910
Burundi,BDI,2014,4060559.9999999995
Burundi,BDI,2015,13688460
Burundi,BDI,2016,5882940
Burundi,BDI,2017,7175210
Burundi,BDI,2018,12991460
Cambodia,KHM,2002,14340430
Cambodia,KHM,2003,14045590
Cambodia,KHM,2004,1319680
Cambodia,KHM,2005,2195650
Cambodia,KHM,2006,41537830
Cambodia,KHM,2007,2986050
Cambodia,KHM,2008,12350720
Cambodia,KHM,2009,10850610
Cambodia,KHM,2010,50583280
Cambodia,KHM,2011,20397220
Cambodia,KHM,2012,56103580
Cambodia,KHM,2013,26964820
Cambodia,KHM,2014,59313640
Cambodia,KHM,2015,43950490
Cambodia,KHM,2016,15766820
Cambodia,KHM,2017,21515970
Cambodia,KHM,2018,239181840
Cameroon,CMR,2002,5757040
Cameroon,CMR,2003,118260
Cameroon,CMR,2004,27921380
Cameroon,CMR,2005,8252770
Cameroon,CMR,2006,12863580
Cameroon,CMR,2007,10733520
Cameroon,CMR,2008,14764140
Cameroon,CMR,2009,11047790
Cameroon,CMR,2010,14191390
Cameroon,CMR,2011,104449960
Cameroon,CMR,2012,155701700
Cameroon,CMR,2013,8083780.000000001
Cameroon,CMR,2014,9554330
Cameroon,CMR,2015,48968430
Cameroon,CMR,2016,21582350
Cameroon,CMR,2017,73331960
Cameroon,CMR,2018,52099860
Cape Verde,CPV,2002,4188819.9999999995
Cape Verde,CPV,2003,12993930
Cape Verde,CPV,2004,4094400.0000000005
Cape Verde,CPV,2005,23822090
Cape Verde,CPV,2006,3324210
Cape Verde,CPV,2007,2158900
Cape Verde,CPV,2008,7957430
Cape Verde,CPV,2009,8719390
Cape Verde,CPV,2010,6298770
Cape Verde,CPV,2011,7203770
Cape Verde,CPV,2012,947320
Cape Verde,CPV,2013,857940
Cape Verde,CPV,2014,622640
Cape Verde,CPV,2015,32133300
Cape Verde,CPV,2016,598720
Cape Verde,CPV,2017,436190
Cape Verde,CPV,2018,626170
Central African Republic,CAF,2002,93340
Central African Republic,CAF,2004,23629500
Central African Republic,CAF,2005,10549460
Central African Republic,CAF,2006,6874090
Central African Republic,CAF,2007,17554720
Central African Republic,CAF,2008,15780620
Central African Republic,CAF,2009,22332950
Central African Republic,CAF,2010,86030
Central African Republic,CAF,2011,1450310
Central African Republic,CAF,2012,5142280
Central African Republic,CAF,2013,1213010
Central African Republic,CAF,2014,404580
Central African Republic,CAF,2015,6400540
Central African Republic,CAF,2016,6971970
Central African Republic,CAF,2017,8451640
Central African Republic,CAF,2018,4256640
Chad,TCD,2002,1430
Chad,TCD,2005,41899800
Chad,TCD,2006,11598960
Chad,TCD,2007,35820
Chad,TCD,2008,67040
Chad,TCD,2009,15591200
Chad,TCD,2010,20215390
Chad,TCD,2011,7685560
Chad,TCD,2012,4679450
Chad,TCD,2013,10390130
Chad,TCD,2014,1278450
Chad,TCD,2015,8180709.999999999
Chad,TCD,2016,43789070
Chad,TCD,2017,22902960
Chad,TCD,2018,43087910
Chile,CHL,2002,8081120
Chile,CHL,2003,4016280
Chile,CHL,2004,496160
Chile,CHL,2005,1327250
Chile,CHL,2006,782840
Chile,CHL,2007,1921480
Chile,CHL,2008,1266150
Chile,CHL,2009,9734920
Chile,CHL,2010,1679950
Chile,CHL,2011,2059650
Chile,CHL,2012,2452640
Chile,CHL,2013,907170
Chile,CHL,2014,4672610
Chile,CHL,2015,999140
Chile,CHL,2016,1523230
Chile,CHL,2017,2037249.9999999998
China,CHN,2002,527220510
China,CHN,2003,499224050
China,CHN,2004,304739360
China,CHN,2005,596808450
China,CHN,2006,475100320
China,CHN,2007,820864760
China,CHN,2008,71315790
China,CHN,2009,33867620
China,CHN,2010,232710220
China,CHN,2011,34183360
China,CHN,2012,58140610
China,CHN,2013,140277300
China,CHN,2014,52433930
China,CHN,2015,175849630
China,CHN,2016,143147040
China,CHN,2017,180032870
China,CHN,2018,19327810
Colombia,COL,2002,5613550
Colombia,COL,2003,2543650
Colombia,COL,2004,29153780
Colombia,COL,2005,13294270
Colombia,COL,2006,22834790
Colombia,COL,2007,58722080
Colombia,COL,2008,14202900
Colombia,COL,2009,21131380
Colombia,COL,2010,37174140
Colombia,COL,2011,13686390
Colombia,COL,2012,123203470
Colombia,COL,2013,69315810
Colombia,COL,2014,107876900
Colombia,COL,2015,541202550
Colombia,COL,2016,244200400
Colombia,COL,2017,456048100
Colombia,COL,2018,408367820
Comoros,COM,2006,320380
Comoros,COM,2009,16260
Comoros,COM,2010,1055750
Comoros,COM,2011,124590
Comoros,COM,2013,3795490
Comoros,COM,2014,3644770
Comoros,COM,2015,6930
Comoros,COM,2016,38000
Comoros,COM,2017,2453170
Comoros,COM,2018,2997910
Congo,COG,2002,741810
Congo,COG,2003,379850
Congo,COG,2004,1272560
Congo,COG,2005,3352870
Congo,COG,2006,5392510
Congo,COG,2007,1339530
Congo,COG,2008,10102440
Congo,COG,2009,4752360
Congo,COG,2010,3309890
Congo,COG,2011,8973460
Congo,COG,2012,12198060
Congo,COG,2013,806990
Congo,COG,2014,887740
Congo,COG,2015,76199210
Congo,COG,2016,121341910
Congo,COG,2017,1103760
Congo,COG,2018,52007350
Cook Islands,COK,2002,167600
Cook Islands,COK,2003,588240
Cook Islands,COK,2004,688670
Cook Islands,COK,2005,3688620
Cook Islands,COK,2006,189430
Cook Islands,COK,2007,6450
Cook Islands,COK,2008,1244380
Cook Islands,COK,2009,8290
Cook Islands,COK,2010,2888490
Cook Islands,COK,2011,1115570
Cook Islands,COK,2012,292560
Cook Islands,COK,2013,1952370
Cook Islands,COK,2014,1022170
Cook Islands,COK,2015,186100
Cook Islands,COK,2017,1807150
Cook Islands,COK,2018,99200
Costa Rica,CRI,2002,12422060
Costa Rica,CRI,2003,3846240
Costa Rica,CRI,2004,5589770
Costa Rica,CRI,2005,1985170
Costa Rica,CRI,2006,148855580
Costa Rica,CRI,2007,1607610
Costa Rica,CRI,2008,2480530
Costa Rica,CRI,2009,2375170
Costa Rica,CRI,2010,27511430
Costa Rica,CRI,2011,3083630
Costa Rica,CRI,2012,1732390
Costa Rica,CRI,2013,4027129.9999999995
Costa Rica,CRI,2014,9323880
Costa Rica,CRI,2015,2531350
Costa Rica,CRI,2016,2618410
Costa Rica,CRI,2017,1633650
Costa Rica,CRI,2018,3283970
Cote d'Ivoire,CIV,2002,8895620
Cote d'Ivoire,CIV,2003,143030
Cote d'Ivoire,CIV,2004,292150
Cote d'Ivoire,CIV,2005,157540
Cote d'Ivoire,CIV,2006,2419720
Cote d'Ivoire,CIV,2007,4133829.9999999995
Cote d'Ivoire,CIV,2008,1037920
Cote d'Ivoire,CIV,2009,4983670
Cote d'Ivoire,CIV,2010,15641470
Cote d'Ivoire,CIV,2011,2909390
Cote d'Ivoire,CIV,2012,3505490
Cote d'Ivoire,CIV,2013,13155160
Cote d'Ivoire,CIV,2014,1503390
Cote d'Ivoire,CIV,2015,33357340
Cote d'Ivoire,CIV,2016,24010660
Cote d'Ivoire,CIV,2017,3645170
Cote d'Ivoire,CIV,2018,14650460
Croatia,HRV,2002,408700
Croatia,HRV,2003,1037069.9999999999
Croatia,HRV,2005,706670
Croatia,HRV,2006,1261630
Croatia,HRV,2007,1071950
Croatia,HRV,2008,1215450
Croatia,HRV,2009,892660
Croatia,HRV,2010,2693700
Cuba,CUB,2002,2557370
Cuba,CUB,2003,1458590
Cuba,CUB,2004,7647690
Cuba,CUB,2005,1952400
Cuba,CUB,2006,1599070
Cuba,CUB,2007,1995930
Cuba,CUB,2008,2522880
Cuba,CUB,2009,13644150
Cuba,CUB,2010,3635980
Cuba,CUB,2011,11060200
Cuba,CUB,2012,10217740
Cuba,CUB,2013,4560320
Cuba,CUB,2014,2036610
Cuba,CUB,2015,2713480
Cuba,CUB,2016,8763460
Cuba,CUB,2017,7360550
Cuba,CUB,2018,40838720
Democratic Republic of Congo,COD,2002,1486320
Democratic Republic of Congo,COD,2003,7627340
Democratic Republic of Congo,COD,2004,4092370
Democratic Republic of Congo,COD,2005,12598150
Democratic Republic of Congo,COD,2006,14834290
Democratic Republic of Congo,COD,2007,16025839.999999998
Democratic Republic of Congo,COD,2008,74691880
Democratic Republic of Congo,COD,2009,29199470
Democratic Republic of Congo,COD,2010,31581230
Democratic Republic of Congo,COD,2011,80752430
Democratic Republic of Congo,COD,2012,76810490
Democratic Republic of Congo,COD,2013,105801670
Democratic Republic of Congo,COD,2014,72953300
Democratic Republic of Congo,COD,2015,278126870
Democratic Republic of Congo,COD,2016,118741760
Democratic Republic of Congo,COD,2017,83579700
Democratic Republic of Congo,COD,2018,161495520
Djibouti,DJI,2002,32090
Djibouti,DJI,2017,297390
Djibouti,DJI,2018,9097780
Dominica,DMA,2005,6298940
Dominica,DMA,2010,28260
Dominica,DMA,2011,406970
Dominica,DMA,2012,25820
Dominica,DMA,2013,28660
Dominica,DMA,2014,21060
Dominica,DMA,2015,13550
Dominica,DMA,2016,2020
Dominica,DMA,2017,7760
Dominican Republic,DOM,2002,2246730
Dominican Republic,DOM,2003,4907090
Dominican Republic,DOM,2004,13731210
Dominican Republic,DOM,2005,9144740
Dominican Republic,DOM,2006,2732930
Dominican Republic,DOM,2007,10530210
Dominican Republic,DOM,2008,5550670
Dominican Republic,DOM,2009,49237700
Dominican Republic,DOM,2010,13299420
Dominican Republic,DOM,2011,8577090
Dominican Republic,DOM,2012,9393030
Dominican Republic,DOM,2013,3609970
Dominican Republic,DOM,2014,9089940
Dominican Republic,DOM,2015,57850500
Dominican Republic,DOM,2016,11971620
Dominican Republic,DOM,2017,19093030
Dominican Republic,DOM,2018,12241830
Ecuador,ECU,2002,24371550
Ecuador,ECU,2003,66748040
Ecuador,ECU,2004,35719540
Ecuador,ECU,2005,7419480
Ecuador,ECU,2006,16629079.999999998
Ecuador,ECU,2007,23215060
Ecuador,ECU,2008,17676150
Ecuador,ECU,2009,41912830
Ecuador,ECU,2010,53534040
Ecuador,ECU,2011,28421020
Ecuador,ECU,2012,16285400
Ecuador,ECU,2013,35381180
Ecuador,ECU,2014,62301600
Ecuador,ECU,2015,118909690
Ecuador,ECU,2016,26379430
Ecuador,ECU,2017,114779610
Ecuador,ECU,2018,63072830
Egypt,EGY,2002,26519560
Egypt,EGY,2003,11031150
Egypt,EGY,2004,13841580
Egypt,EGY,2005,4269480
Egypt,EGY,2006,64096270.00000001
Egypt,EGY,2007,15417360
Egypt,EGY,2008,20508720
Egypt,EGY,2009,1408560
Egypt,EGY,2010,61221650
Egypt,EGY,2011,8294930.000000001
Egypt,EGY,2012,3630200
Egypt,EGY,2013,39731600
Egypt,EGY,2014,2724040
Egypt,EGY,2015,354500
Egypt,EGY,2016,10558580
Egypt,EGY,2017,63740940
Egypt,EGY,2018,1101950
El Salvador,SLV,2002,4498820
El Salvador,SLV,2003,5587180
El Salvador,SLV,2004,1181330
El Salvador,SLV,2005,4702420
El Salvador,SLV,2006,2014920
El Salvador,SLV,2007,6006310
El Salvador,SLV,2008,11705960
El Salvador,SLV,2009,6096410
El Salvador,SLV,2010,7640260
El Salvador,SLV,2011,8501820
El Salvador,SLV,2012,4523920
El Salvador,SLV,2013,8475070
El Salvador,SLV,2014,14017050
El Salvador,SLV,2015,7695200
El Salvador,SLV,2016,19630000
El Salvador,SLV,2017,17001860
El Salvador,SLV,2018,11901690
Equatorial Guinea,GNQ,2002,1042970
Equatorial Guinea,GNQ,2003,55680
Equatorial Guinea,GNQ,2005,28420
Equatorial Guinea,GNQ,2007,29850
Equatorial Guinea,GNQ,2008,15970.000000000002
Equatorial Guinea,GNQ,2009,926910
Equatorial Guinea,GNQ,2010,142530
Equatorial Guinea,GNQ,2011,1083020
Equatorial Guinea,GNQ,2012,131270
Equatorial Guinea,GNQ,2013,92850
Equatorial Guinea,GNQ,2014,71140
Equatorial Guinea,GNQ,2015,330420
Equatorial Guinea,GNQ,2016,162810
Equatorial Guinea,GNQ,2017,162920
Equatorial Guinea,GNQ,2018,44940
Eritrea,ERI,2002,6750220
Eritrea,ERI,2003,2940
Eritrea,ERI,2006,1916400
Eritrea,ERI,2007,582360
Eritrea,ERI,2008,643260
Eritrea,ERI,2009,580250
Eritrea,ERI,2010,1938980
Eritrea,ERI,2011,248330
Eritrea,ERI,2012,292660
Eritrea,ERI,2014,12510
Eritrea,ERI,2015,60360
Eritrea,ERI,2016,131090
Eritrea,ERI,2018,112110
Eswatini,SWZ,2002,1673500
Eswatini,SWZ,2004,1229760
Eswatini,SWZ,2006,33130
Eswatini,SWZ,2007,40430
Eswatini,SWZ,2008,13090
Eswatini,SWZ,2009,32169.999999999996
Eswatini,SWZ,2010,1158800
Eswatini,SWZ,2011,78530
Eswatini,SWZ,2012,285450
Eswatini,SWZ,2013,92240
Eswatini,SWZ,2014,99520
Eswatini,SWZ,2015,1040
Eswatini,SWZ,2016,2676420
Eswatini,SWZ,2017,2328070
Eswatini,SWZ,2018,124980
Ethiopia,ETH,2002,19708950
Ethiopia,ETH,2003,7371470
Ethiopia,ETH,2004,39472780
Ethiopia,ETH,2005,9286510
Ethiopia,ETH,2006,11374450
Ethiopia,ETH,2007,16850930
Ethiopia,ETH,2008,25265290
Ethiopia,ETH,2009,72836470
Ethiopia,ETH,2010,195192640
Ethiopia,ETH,2011,63415940
Ethiopia,ETH,2012,100550310
Ethiopia,ETH,2013,200986620
Ethiopia,ETH,2014,141844900
Ethiopia,ETH,2015,321911970
Ethiopia,ETH,2016,165637940
Ethiopia,ETH,2017,333264560
Ethiopia,ETH,2018,230135740
Fiji,FJI,2002,83050
Fiji,FJI,2003,1911360
Fiji,FJI,2004,845430
Fiji,FJI,2005,481910
Fiji,FJI,2006,1983100
Fiji,FJI,2007,315480
Fiji,FJI,2008,1319740
Fiji,FJI,2009,2733470
Fiji,FJI,2010,527090
Fiji,FJI,2011,1142630
Fiji,FJI,2012,2553680
Fiji,FJI,2013,2423730
Fiji,FJI,2014,1427570
Fiji,FJI,2015,2686720
Fiji,FJI,2016,1463440
Fiji,FJI,2017,3828120
Fiji,FJI,2018,2695610
Gabon,GAB,2002,3561240
Gabon,GAB,2003,232260
Gabon,GAB,2004,91060
Gabon,GAB,2005,4644040
Gabon,GAB,2006,13556990
Gabon,GAB,2007,27882840
Gabon,GAB,2008,1757680
Gabon,GAB,2009,2910590
Gabon,GAB,2010,29340910
Gabon,GAB,2011,3563790
Gabon,GAB,2012,19198510
Gabon,GAB,2013,6977960
Gabon,GAB,2014,7702700
Gabon,GAB,2015,9391820
Gabon,GAB,2016,45189830
Gabon,GAB,2017,1040249.9999999999
Gabon,GAB,2018,9759420
Gambia,GMB,2002,1422480
Gambia,GMB,2004,2481150
Gambia,GMB,2005,9642720
Gambia,GMB,2006,86060
Gambia,GMB,2007,70920
Gambia,GMB,2008,28100
Gambia,GMB,2009,145350
Gambia,GMB,2010,6181230
Gambia,GMB,2011,4940370
Gambia,GMB,2012,422290
Gambia,GMB,2013,18780
Gambia,GMB,2014,80870
Gambia,GMB,2015,2670
Gambia,GMB,2016,5030
Gambia,GMB,2017,6340370
Gambia,GMB,2018,96830
Georgia,GEO,2002,7292010
Georgia,GEO,2003,1853580
Georgia,GEO,2004,1997750
Georgia,GEO,2005,799800
Georgia,GEO,2006,4266080
Georgia,GEO,2007,1037269.9999999999
Georgia,GEO,2008,3274570
Georgia,GEO,2009,1036070
Georgia,GEO,2010,5997240
Georgia,GEO,2011,18049530
Georgia,GEO,2012,54766080
Georgia,GEO,2013,10189640
Georgia,GEO,2014,16776720.000000002
Georgia,GEO,2015,84244420
Georgia,GEO,2016,96889880
Georgia,GEO,2017,1429280
Georgia,GEO,2018,6712340
Ghana,GHA,2002,8747140
Ghana,GHA,2003,9408900
Ghana,GHA,2004,208778570
Ghana,GHA,2005,33731230
Ghana,GHA,2006,17857950
Ghana,GHA,2007,17557830
Ghana,GHA,2008,58447770
Ghana,GHA,2009,29766730
Ghana,GHA,2010,19083390
Ghana,GHA,2011,20692580
Ghana,GHA,2012,59024240
Ghana,GHA,2013,81782620
Ghana,GHA,2014,66089839.99999999
Ghana,GHA,2015,35745210
Ghana,GHA,2016,70698980
Ghana,GHA,2017,59528980
Ghana,GHA,2018,24161520
Grenada,GRD,2005,698330
Grenada,GRD,2006,13490
Grenada,GRD,2007,56660
Grenada,GRD,2009,20160
Grenada,GRD,2010,133220
Grenada,GRD,2011,425390
Grenada,GRD,2012,14280
Grenada,GRD,2013,44600
Grenada,GRD,2014,186930
Grenada,GRD,2015,5110
Grenada,GRD,2016,75690
Grenada,GRD,2017,175060
Grenada,GRD,2018,181480
Guatemala,GTM,2002,5716460
Guatemala,GTM,2003,10277130
Guatemala,GTM,2004,38293900
Guatemala,GTM,2005,30121470
Guatemala,GTM,2006,36835100
Guatemala,GTM,2007,6506380
Guatemala,GTM,2008,22720490
Guatemala,GTM,2009,9689010
Guatemala,GTM,2010,8105330
Guatemala,GTM,2011,17543890
Guatemala,GTM,2012,18530000
Guatemala,GTM,2013,54610500
Guatemala,GTM,2014,43899860
Guatemala,GTM,2015,42354600
Guatemala,GTM,2016,35923320
Guatemala,GTM,2017,18917330
Guatemala,GTM,2018,26191120
Guinea,GIN,2002,9965350
Guinea,GIN,2003,8072800.000000001
Guinea,GIN,2004,2330590
Guinea,GIN,2005,19870
Guinea,GIN,2007,1638910
Guinea,GIN,2008,667930
Guinea,GIN,2009,1280070
Guinea,GIN,2010,1526530
Guinea,GIN,2011,19514400
Guinea,GIN,2012,7421640
Guinea,GIN,2013,12933450
Guinea,GIN,2014,8877690
Guinea,GIN,2015,5130270
Guinea,GIN,2016,3870510
Guinea,GIN,2017,43691540
Guinea,GIN,2018,73303120
Guinea-Bissau,GNB,2002,1828490
Guinea-Bissau,GNB,2003,649610
Guinea-Bissau,GNB,2004,210730
Guinea-Bissau,GNB,2005,589370
Guinea-Bissau,GNB,2006,382020
Guinea-Bissau,GNB,2007,5385230
Guinea-Bissau,GNB,2008,2445140
Guinea-Bissau,GNB,2009,511009.99999999994
Guinea-Bissau,GNB,2010,1309580
Guinea-Bissau,GNB,2011,1887530
Guinea-Bissau,GNB,2012,557930
Guinea-Bissau,GNB,2013,721340
Guinea-Bissau,GNB,2014,654140
Guinea-Bissau,GNB,2015,5715460
Guinea-Bissau,GNB,2016,1118970
Guinea-Bissau,GNB,2017,283140
Guinea-Bissau,GNB,2018,52793550
Guyana,GUY,2003,9300
Guyana,GUY,2004,3601340
Guyana,GUY,2006,20800
Guyana,GUY,2007,62410
Guyana,GUY,2008,78420
Guyana,GUY,2009,12108200
Guyana,GUY,2010,223089880
Guyana,GUY,2011,4054500
Guyana,GUY,2012,5590510
Guyana,GUY,2013,1979270
Guyana,GUY,2014,81504400
Guyana,GUY,2015,4606320
Guyana,GUY,2016,47880520
Guyana,GUY,2017,8679150
Guyana,GUY,2018,610700
Haiti,HTI,2002,3041270
Haiti,HTI,2003,2710860
Haiti,HTI,2004,177960
Haiti,HTI,2005,12830810
Haiti,HTI,2006,1850090
Haiti,HTI,2007,10034900
Haiti,HTI,2008,9066040
Haiti,HTI,2009,11037800
Haiti,HTI,2010,48233720
Haiti,HTI,2011,65855999.99999999
Haiti,HTI,2012,25716800
Haiti,HTI,2013,75345320
Haiti,HTI,2014,20755170
Haiti,HTI,2015,66442420
Haiti,HTI,2016,78425590
Haiti,HTI,2017,50812860
Haiti,HTI,2018,23843620
Honduras,HND,2002,30316150
Honduras,HND,2003,4155179.9999999995
Honduras,HND,2004,11026130
Honduras,HND,2005,6307940
Honduras,HND,2006,55326800
Honduras,HND,2007,7663320
Honduras,HND,2008,8096610
Honduras,HND,2009,8293600
Honduras,HND,2010,83060830
Honduras,HND,2011,55384330
Honduras,HND,2012,80538580
Honduras,HND,2013,30120780
Honduras,HND,2014,28459980
Honduras,HND,2015,26000880
Honduras,HND,2016,26163380
Honduras,HND,2017,20777530
Honduras,HND,2018,17007140
India,IND,2002,82530460
India,IND,2003,356089220
India,IND,2004,72584690
India,IND,2005,322934550
India,IND,2006,595294920
India,IND,2007,668262960
India,IND,2008,272949430
India,IND,2009,38876040
India,IND,2010,114417090
India,IND,2011,575814100
India,IND,2012,169883490
India,IND,2013,28244820
India,IND,2014,406895470
India,IND,2015,238316500
India,IND,2016,456771810
India,IND,2017,429363380
India,IND,2018,363205680
Indonesia,IDN,2002,32599050
Indonesia,IDN,2003,52457390
Indonesia,IDN,2004,32364040.000000004
Indonesia,IDN,2005,179560790
Indonesia,IDN,2006,30235210
Indonesia,IDN,2007,49095780
Indonesia,IDN,2008,132183529.99999999
Indonesia,IDN,2009,79050080
Indonesia,IDN,2010,209027210
Indonesia,IDN,2011,131193279.99999999
Indonesia,IDN,2012,149872230
Indonesia,IDN,2013,176742820
Indonesia,IDN,2014,221832720
Indonesia,IDN,2015,127067870
Indonesia,IDN,2016,205720410
Indonesia,IDN,2017,228904460
Indonesia,IDN,2018,168374410
Iran,IRN,2003,1118680
Iran,IRN,2004,1268990
Iran,IRN,2005,723870
Iran,IRN,2006,679950
Iran,IRN,2007,241510
Iran,IRN,2008,1697830
Iran,IRN,2009,1722400
Iran,IRN,2010,1265150
Iran,IRN,2011,1347540
Iran,IRN,2012,1852230
Iran,IRN,2013,981020
Iran,IRN,2014,2214100
Iran,IRN,2015,6857920
Iran,IRN,2016,3891250
Iran,IRN,2017,7420520
Iran,IRN,2018,1309940
Iraq,IRQ,2003,207940
Iraq,IRQ,2004,3020160
Iraq,IRQ,2005,37010
Iraq,IRQ,2007,16793090
Iraq,IRQ,2008,18303430
Iraq,IRQ,2009,19351130
Iraq,IRQ,2010,10857560
Iraq,IRQ,2011,8972630
Iraq,IRQ,2012,7036770
Iraq,IRQ,2013,1923200
Iraq,IRQ,2014,1918620
Iraq,IRQ,2015,316508950
Iraq,IRQ,2016,14016340
Iraq,IRQ,2017,13325940
Iraq,IRQ,2018,13239160
Jamaica,JAM,2003,115400
Jamaica,JAM,2004,420410
Jamaica,JAM,2005,34870
Jamaica,JAM,2006,220680
Jamaica,JAM,2007,19250680
Jamaica,JAM,2008,5888720
Jamaica,JAM,2009,33440
Jamaica,JAM,2010,1654300
Jamaica,JAM,2011,3392170
Jamaica,JAM,2012,142360
Jamaica,JAM,2013,37654650
Jamaica,JAM,2014,1002150.0000000001
Jamaica,JAM,2015,1446180
Jamaica,JAM,2016,27020
Jamaica,JAM,2017,20033390
Jamaica,JAM,2018,1729720
Jordan,JOR,2002,1420220
Jordan,JOR,2003,423730
Jordan,JOR,2004,6716620
Jordan,JOR,2005,62255170
Jordan,JOR,2006,20328360
Jordan,JOR,2007,1628590
Jordan,JOR,2008,6302810
Jordan,JOR,2009,4482440
Jordan,JOR,2010,19596140
Jordan,JOR,2011,25949280
Jordan,JOR,2012,14506100
Jordan,JOR,2013,21416080
Jordan,JOR,2014,12406040
Jordan,JOR,2015,225861670
Jordan,JOR,2016,64849720.00000001
Jordan,JOR,2017,188062620
Jordan,JOR,2018,19441290
Kazakhstan,KAZ,2002,39492910
Kazakhstan,KAZ,2003,181707800
Kazakhstan,KAZ,2004,74660
Kazakhstan,KAZ,2005,5876480
Kazakhstan,KAZ,2006,288810
Kazakhstan,KAZ,2007,677480
Kazakhstan,KAZ,2008,3676630
Kazakhstan,KAZ,2009,2202820
Kazakhstan,KAZ,2010,1084100
Kazakhstan,KAZ,2011,132500
Kazakhstan,KAZ,2012,564980
Kazakhstan,KAZ,2013,11924050
Kazakhstan,KAZ,2014,225950
Kazakhstan,KAZ,2015,14780
Kazakhstan,KAZ,2016,2594750
Kazakhstan,KAZ,2017,3305110
Kazakhstan,KAZ,2018,2105900
Kenya,KEN,2002,23714020
Kenya,KEN,2003,6656150
Kenya,KEN,2004,9018680
Kenya,KEN,2005,1059610
Kenya,KEN,2006,28692890
Kenya,KEN,2007,50905810
Kenya,KEN,2008,13953880
Kenya,KEN,2009,165934420
Kenya,KEN,2010,46637340
Kenya,KEN,2011,111131380
Kenya,KEN,2012,136404310
Kenya,KEN,2013,119689440
Kenya,KEN,2014,121890330
Kenya,KEN,2015,203915490
Kenya,KEN,2016,54108600
Kenya,KEN,2017,78625960
Kenya,KEN,2018,41099420
Kiribati,KIR,2002,31040
Kiribati,KIR,2003,21160
Kiribati,KIR,2005,58600
Kiribati,KIR,2006,585140
Kiribati,KIR,2007,331390
Kiribati,KIR,2008,3064930
Kiribati,KIR,2009,2921650
Kiribati,KIR,2010,644190
Kiribati,KIR,2011,10030560
Kiribati,KIR,2012,401190
Kiribati,KIR,2013,6056060
Kiribati,KIR,2014,654140
Kiribati,KIR,2015,849790
Kiribati,KIR,2016,4781380
Kiribati,KIR,2017,6100770
Kiribati,KIR,2018,1432810
Kyrgyzstan,KGZ,2002,2510250
Kyrgyzstan,KGZ,2003,51660
Kyrgyzstan,KGZ,2004,1170190
Kyrgyzstan,KGZ,2005,258590
Kyrgyzstan,KGZ,2006,516460.00000000006
Kyrgyzstan,KGZ,2007,711030
Kyrgyzstan,KGZ,2008,2852640
Kyrgyzstan,KGZ,2009,3026200
Kyrgyzstan,KGZ,2010,2536140
Kyrgyzstan,KGZ,2011,4664530
Kyrgyzstan,KGZ,2012,2751700
Kyrgyzstan,KGZ,2013,3534730
Kyrgyzstan,KGZ,2014,6634910
Kyrgyzstan,KGZ,2015,231950
Kyrgyzstan,KGZ,2016,754330
Kyrgyzstan,KGZ,2017,835220
Kyrgyzstan,KGZ,2018,4105120.0000000005
Laos,LAO,2002,4953780
Laos,LAO,2003,3953080
Laos,LAO,2004,9769240
Laos,LAO,2005,1588130
Laos,LAO,2006,2077710.0000000002
Laos,LAO,2007,3894400
Laos,LAO,2008,19410810
Laos,LAO,2009,15914490
Laos,LAO,2010,36789840
Laos,LAO,2011,43710620
Laos,LAO,2012,24304090
Laos,LAO,2013,34584810
Laos,LAO,2014,49180090
Laos,LAO,2015,5692700
Laos,LAO,2016,18582010
Laos,LAO,2017,26483780
Laos,LAO,2018,21241980
Lebanon,LBN,2002,258299.99999999997
Lebanon,LBN,2003,910000
Lebanon,LBN,2004,489370
Lebanon,LBN,2005,609950
Lebanon,LBN,2006,6180800
Lebanon,LBN,2007,10640530
Lebanon,LBN,2008,29001520
Lebanon,LBN,2009,3977500
Lebanon,LBN,2010,10973630
Lebanon,LBN,2011,13585930
Lebanon,LBN,2012,20486380
Lebanon,LBN,2013,5193160
Lebanon,LBN,2014,38361250
Lebanon,LBN,2015,38286270
Lebanon,LBN,2016,6167920
Lebanon,LBN,2017,4512370
Lebanon,LBN,2018,82856530
Lesotho,LSO,2002,2121360
Lesotho,LSO,2003,9380
Lesotho,LSO,2004,986280
Lesotho,LSO,2006,1360
Lesotho,LSO,2007,120600
Lesotho,LSO,2008,205330
Lesotho,LSO,2009,40350
Lesotho,LSO,2010,341170
Lesotho,LSO,2011,1572220
Lesotho,LSO,2012,192410
Lesotho,LSO,2013,991130
Lesotho,LSO,2014,67810
Lesotho,LSO,2016,17730
Lesotho,LSO,2017,1042340
Lesotho,LSO,2018,29990
Liberia,LBR,2004,48190
Liberia,LBR,2005,45470
Liberia,LBR,2006,15940
Liberia,LBR,2007,6961550
Liberia,LBR,2008,2366080
Liberia,LBR,2009,7518960
Liberia,LBR,2010,18895330
Liberia,LBR,2011,16228410
Liberia,LBR,2012,26042070
Liberia,LBR,2013,28535230
Liberia,LBR,2014,12879170
Liberia,LBR,2015,25884680
Liberia,LBR,2016,81215630
Liberia,LBR,2017,5875160
Liberia,LBR,2018,12827400
Libya,LBY,2005,7889.999999999999
Libya,LBY,2006,22260
Libya,LBY,2007,34540
Libya,LBY,2008,19390
Libya,LBY,2009,51190
Libya,LBY,2010,19480
Libya,LBY,2011,1922970
Libya,LBY,2012,662520
Libya,LBY,2014,255940
Libya,LBY,2015,1333660
Libya,LBY,2016,4150
Madagascar,MDG,2002,22251370
Madagascar,MDG,2003,12145600
Madagascar,MDG,2004,14804630
Madagascar,MDG,2005,53786820
Madagascar,MDG,2006,23328830
Madagascar,MDG,2007,35750650
Madagascar,MDG,2008,12606620
Madagascar,MDG,2009,8646130
Madagascar,MDG,2010,3551010
Madagascar,MDG,2011,31656800
Madagascar,MDG,2012,25896680
Madagascar,MDG,2013,51885320
Madagascar,MDG,2014,39757490
Madagascar,MDG,2015,67361850
Madagascar,MDG,2016,29572880
Madagascar,MDG,2017,213748520
Madagascar,MDG,2018,77240750
Malawi,MWI,2002,2897660
Malawi,MWI,2003,7054290
Malawi,MWI,2004,2980000
Malawi,MWI,2005,22970420
Malawi,MWI,2006,845540
Malawi,MWI,2007,19929930
Malawi,MWI,2008,12185340
Malawi,MWI,2009,46488550
Malawi,MWI,2010,71579820
Malawi,MWI,2011,26530890
Malawi,MWI,2012,47442470
Malawi,MWI,2013,62646190
Malawi,MWI,2014,65217410
Malawi,MWI,2015,38445970
Malawi,MWI,2016,46270470
Malawi,MWI,2017,215271120
Malawi,MWI,2018,16301820
Malaysia,MYS,2002,3628290
Malaysia,MYS,2003,7963910
Malaysia,MYS,2004,7526310
Malaysia,MYS,2005,1329060
Malaysia,MYS,2006,7037380
Malaysia,MYS,2007,1512300
Malaysia,MYS,2008,5727370
Malaysia,MYS,2009,1883070
Malaysia,MYS,2010,3658450
Malaysia,MYS,2011,2058050.0000000002
Malaysia,MYS,2012,8197620.000000001
Malaysia,MYS,2013,3770720
Malaysia,MYS,2014,3560020
Malaysia,MYS,2015,3399830
Malaysia,MYS,2016,2845250
Malaysia,MYS,2017,8889190
Malaysia,MYS,2018,1811110
Maldives,MDV,2003,45950
Maldives,MDV,2004,29620
Maldives,MDV,2005,11640
Maldives,MDV,2006,4845140
Maldives,MDV,2008,4610
Maldives,MDV,2009,586850
Maldives,MDV,2010,4745970
Maldives,MDV,2011,9997550
Maldives,MDV,2012,814970
Maldives,MDV,2013,490420
Maldives,MDV,2014,157370
Maldives,MDV,2015,70160
Maldives,MDV,2016,4720
Maldives,MDV,2017,230980
Maldives,MDV,2018,333320
Mali,MLI,2002,4765870
Mali,MLI,2003,5188910
Mali,MLI,2004,3866930
Mali,MLI,2005,42360520
Mali,MLI,2006,10563270
Mali,MLI,2007,24060860
Mali,MLI,2008,12372580
Mali,MLI,2009,22193380
Mali,MLI,2010,50754060
Mali,MLI,2011,46744500
Mali,MLI,2012,28890610
Mali,MLI,2013,45484010
Mali,MLI,2014,71279730
Mali,MLI,2015,90876920
Mali,MLI,2016,39939350
Mali,MLI,2017,34207280
Mali,MLI,2018,44576740
Marshall Islands,MHL,2003,20
Marshall Islands,MHL,2004,4710
Marshall Islands,MHL,2006,849880
Marshall Islands,MHL,2007,108230
Marshall Islands,MHL,2011,496270
Marshall Islands,MHL,2012,1459140
Marshall Islands,MHL,2013,1502370
Marshall Islands,MHL,2014,747030
Marshall Islands,MHL,2015,1271940
Marshall Islands,MHL,2016,40260
Marshall Islands,MHL,2017,144460
Marshall Islands,MHL,2018,102390
Mauritania,MRT,2002,9984910
Mauritania,MRT,2003,7726890
Mauritania,MRT,2004,12452620
Mauritania,MRT,2005,1424000
Mauritania,MRT,2006,9466300
Mauritania,MRT,2007,7211820
Mauritania,MRT,2008,2577960
Mauritania,MRT,2009,2807080
Mauritania,MRT,2010,13267700
Mauritania,MRT,2011,15986590
Mauritania,MRT,2012,40908050
Mauritania,MRT,2013,10243660
Mauritania,MRT,2014,16312240
Mauritania,MRT,2015,15643530
Mauritania,MRT,2016,3854970
Mauritania,MRT,2017,58883510
Mauritania,MRT,2018,17117500
Mauritius,MUS,2003,37020
Mauritius,MUS,2005,19720
Mauritius,MUS,2006,9225410
Mauritius,MUS,2008,1371820
Mauritius,MUS,2009,27536790
Mauritius,MUS,2010,93483970
Mauritius,MUS,2011,5372770
Mauritius,MUS,2012,18161860
Mauritius,MUS,2013,11145740
Mauritius,MUS,2014,55187740
Mauritius,MUS,2015,304340
Mauritius,MUS,2016,314720
Mauritius,MUS,2017,112770
Mauritius,MUS,2018,77410400
Mayotte,MYT,2008,2615090
Mayotte,MYT,2009,701480
Mayotte,MYT,2010,1128390
Mexico,MEX,2002,4775080
Mexico,MEX,2003,15658650
Mexico,MEX,2004,12908660
Mexico,MEX,2005,14063790
Mexico,MEX,2006,7875910
Mexico,MEX,2007,12874340
Mexico,MEX,2008,17138330
Mexico,MEX,2009,12599770
Mexico,MEX,2010,30456080
Mexico,MEX,2011,38933160
Mexico,MEX,2012,117321410
Mexico,MEX,2013,27219260
Mexico,MEX,2014,25972650
Mexico,MEX,2015,16953730
Mexico,MEX,2016,23270220
Mexico,MEX,2017,257790399.99999997
Mexico,MEX,2018,59191570
Micronesia (country),FSM,2002,1390
Micronesia (country),FSM,2003,22020
Micronesia (country),FSM,2005,15820
Micronesia (country),FSM,2006,77010
Micronesia (country),FSM,2007,1031199.9999999999
Micronesia (country),FSM,2009,41340
Micronesia (country),FSM,2010,100740
Micronesia (country),FSM,2011,158050
Micronesia (country),FSM,2012,559810
Micronesia (country),FSM,2013,842540
Micronesia (country),FSM,2014,340110
Micronesia (country),FSM,2015,385730
Micronesia (country),FSM,2016,99600
Micronesia (country),FSM,2017,180590
Micronesia (country),FSM,2018,1158500
Moldova,MDA,2002,2510250
Moldova,MDA,2004,2322620
Moldova,MDA,2005,21380
Moldova,MDA,2006,126530
Moldova,MDA,2007,217440
Moldova,MDA,2008,689590
Moldova,MDA,2009,288520
Moldova,MDA,2010,1233250
Moldova,MDA,2011,5205640
Moldova,MDA,2012,3072730
Moldova,MDA,2013,1583660
Moldova,MDA,2014,4673180
Moldova,MDA,2015,1480110
Moldova,MDA,2016,5011100
Moldova,MDA,2017,16423469.999999998
Moldova,MDA,2018,4845390
Mongolia,MNG,2002,4632030
Mongolia,MNG,2003,2013939.9999999998
Mongolia,MNG,2004,15818470
Mongolia,MNG,2005,6802020
Mongolia,MNG,2006,14024450
Mongolia,MNG,2007,31040300
Mongolia,MNG,2008,29542460
Mongolia,MNG,2009,10592200
Mongolia,MNG,2010,10438100
Mongolia,MNG,2011,7412000
Mongolia,MNG,2012,7242820
Mongolia,MNG,2013,32106740.000000004
Mongolia,MNG,2014,6369130
Mongolia,MNG,2015,14596480
Mongolia,MNG,2016,10081690
Mongolia,MNG,2017,7170610
Mongolia,MNG,2018,25248970
Montenegro,MNE,2006,2796010
Montenegro,MNE,2007,2008690
Montenegro,MNE,2008,3697180
Montenegro,MNE,2009,6718870
Montenegro,MNE,2010,19480
Montenegro,MNE,2011,172260
Montenegro,MNE,2012,12416800
Montenegro,MNE,2013,5393940
Montenegro,MNE,2014,779010
Montenegro,MNE,2015,316000
Montenegro,MNE,2016,19374200
Montenegro,MNE,2017,6704810
Montserrat,MSR,2005,6320
Montserrat,MSR,2010,119520
Montserrat,MSR,2014,33280
Montserrat,MSR,2015,52630
Montserrat,MSR,2016,8375199.999999999
Montserrat,MSR,2017,591290
Montserrat,MSR,2018,505260.00000000006
Morocco,MAR,2002,9170060
Morocco,MAR,2003,5467380
Morocco,MAR,2004,9336080
Morocco,MAR,2005,50877910
Morocco,MAR,2006,174342260
Morocco,MAR,2007,175982980
Morocco,MAR,2008,17467200
Morocco,MAR,2009,74079190
Morocco,MAR,2010,7102710
Morocco,MAR,2011,46086490
Morocco,MAR,2012,74493980
Morocco,MAR,2013,17966130
Morocco,MAR,2014,10225200
Morocco,MAR,2015,98550840
Morocco,MAR,2016,69689670
Morocco,MAR,2017,138008230
Morocco,MAR,2018,39058560
Mozambique,MOZ,2002,56283180
Mozambique,MOZ,2003,4083529.9999999995
Mozambique,MOZ,2004,39932120
Mozambique,MOZ,2005,14181820
Mozambique,MOZ,2006,10248270
Mozambique,MOZ,2007,21728010
Mozambique,MOZ,2008,33693570
Mozambique,MOZ,2009,25232650
Mozambique,MOZ,2010,93243960
Mozambique,MOZ,2011,46192700
Mozambique,MOZ,2012,60247830
Mozambique,MOZ,2013,88911910
Mozambique,MOZ,2014,61918690
Mozambique,MOZ,2015,91718260
Mozambique,MOZ,2016,80693360
Mozambique,MOZ,2017,89974960
Mozambique,MOZ,2018,54116700
Myanmar,MMR,2002,183920
Myanmar,MMR,2003,2263460
Myanmar,MMR,2004,389110
Myanmar,MMR,2005,1030340
Myanmar,MMR,2006,6397960
Myanmar,MMR,2007,1140080
Myanmar,MMR,2008,1574340
Myanmar,MMR,2009,2175980
Myanmar,MMR,2010,11881180
Myanmar,MMR,2011,13694420
Myanmar,MMR,2012,9488340
Myanmar,MMR,2013,49019450
Myanmar,MMR,2014,36314080
Myanmar,MMR,2015,75791440
Myanmar,MMR,2016,14833490
Myanmar,MMR,2017,55800360
Myanmar,MMR,2018,60562600
Namibia,NAM,2002,2479510
Namibia,NAM,2003,8684930
Namibia,NAM,2004,7567740
Namibia,NAM,2005,7148210
Namibia,NAM,2006,2734930
Namibia,NAM,2007,8113400
Namibia,NAM,2008,9624210
Namibia,NAM,2009,1782770
Namibia,NAM,2010,34673350
Namibia,NAM,2011,3587260
Namibia,NAM,2012,36622000
Namibia,NAM,2013,37346510
Namibia,NAM,2014,4003210
Namibia,NAM,2015,16252450
Namibia,NAM,2016,30880920
Namibia,NAM,2017,47302920
Namibia,NAM,2018,3360640
Nauru,NRU,2003,20
Nauru,NRU,2011,440200
Nauru,NRU,2012,268650
Nauru,NRU,2013,1325490
Nauru,NRU,2014,604020
Nauru,NRU,2015,304330
Nauru,NRU,2016,105610
Nauru,NRU,2017,133620
Nauru,NRU,2018,64990.00000000001
Nepal,NPL,2002,26833780
Nepal,NPL,2003,13686490
Nepal,NPL,2004,9477470
Nepal,NPL,2005,2004870
Nepal,NPL,2006,3457340
Nepal,NPL,2007,7490930
Nepal,NPL,2008,18647210
Nepal,NPL,2009,6907500
Nepal,NPL,2010,30217300
Nepal,NPL,2011,50484950
Nepal,NPL,2012,10951230
Nepal,NPL,2013,37389190
Nepal,NPL,2014,26164350
Nepal,NPL,2015,18307680
Nepal,NPL,2016,33253010.000000004
Nepal,NPL,2017,19243850
Nepal,NPL,2018,23634370
Nicaragua,NIC,2002,13858710
Nicaragua,NIC,2003,14230350
Nicaragua,NIC,2004,33012040
Nicaragua,NIC,2005,37059840
Nicaragua,NIC,2006,79566270
Nicaragua,NIC,2007,17159750
Nicaragua,NIC,2008,41284820
Nicaragua,NIC,2009,27703750
Nicaragua,NIC,2010,16624199.999999998
Nicaragua,NIC,2011,27041330
Nicaragua,NIC,2012,25291160
Nicaragua,NIC,2013,39981690
Nicaragua,NIC,2014,13720280
Nicaragua,NIC,2015,29496170
Nicaragua,NIC,2016,17733080
Nicaragua,NIC,2017,40438800
Nicaragua,NIC,2018,18205700
Niger,NER,2002,4183750
Niger,NER,2003,26750
Niger,NER,2004,1025609.9999999999
Niger,NER,2005,2274380
Niger,NER,2006,3660520
Niger,NER,2007,3510530
Niger,NER,2008,30816450
Niger,NER,2009,19927620
Niger,NER,2010,11559030
Niger,NER,2011,3894000
Niger,NER,2012,3211300
Niger,NER,2013,28333050
Niger,NER,2014,69113460
Niger,NER,2015,53972490
Niger,NER,2016,3882320
Niger,NER,2017,75096270
Niger,NER,2018,60478520
Nigeria,NGA,2002,4428600
Nigeria,NGA,2003,10519950
Nigeria,NGA,2004,484060
Nigeria,NGA,2005,432050
Nigeria,NGA,2006,182670
Nigeria,NGA,2007,356440
Nigeria,NGA,2008,1750970
Nigeria,NGA,2009,1272970
Nigeria,NGA,2010,2901650
Nigeria,NGA,2011,26556240
Nigeria,NGA,2012,29583530
Nigeria,NGA,2013,24133380
Nigeria,NGA,2014,96625840
Nigeria,NGA,2015,187422590
Nigeria,NGA,2016,25215250
Nigeria,NGA,2017,88689500
Nigeria,NGA,2018,81986030
Niue,NIU,2003,380370
Niue,NIU,2005,346470
Niue,NIU,2007,117780
Niue,NIU,2008,29870
Niue,NIU,2009,20360
Niue,NIU,2010,1920
Niue,NIU,2012,226710
Niue,NIU,2013,638520
Niue,NIU,2014,192140
Niue,NIU,2015,180890
Niue,NIU,2017,133620
Niue,NIU,2018,14920
North Korea,PRK,2003,130520
North Korea,PRK,2005,175680
North Korea,PRK,2007,132040
North Korea,PRK,2011,746700
North Korea,PRK,2012,766690
North Korea,PRK,2013,349380
North Korea,PRK,2014,844030
North Korea,PRK,2015,562780
North Korea,PRK,2016,2455090
North Korea,PRK,2017,2517910
North Korea,PRK,2018,112490
North Macedonia,MKD,2002,6311310
North Macedonia,MKD,2003,10627050
North Macedonia,MKD,2004,2052950
North Macedonia,MKD,2005,297540
North Macedonia,MKD,2006,1727580
North Macedonia,MKD,2007,3659090
North Macedonia,MKD,2008,2436930
North Macedonia,MKD,2009,1888830
North Macedonia,MKD,2010,1982500
North Macedonia,MKD,2011,42388950
North Macedonia,MKD,2012,3145610
North Macedonia,MKD,2013,14607120
North Macedonia,MKD,2014,1405280
North Macedonia,MKD,2015,768280
North Macedonia,MKD,2016,3592730
North Macedonia,MKD,2017,14305970
North Macedonia,MKD,2018,14626450
Oman,OMN,2003,1203830
Oman,OMN,2005,134430
Oman,OMN,2006,109010
Oman,OMN,2007,56560
Oman,OMN,2008,914150
Oman,OMN,2009,80000
Oman,OMN,2010,125010.00000000001
Pakistan,PAK,2002,8991520
Pakistan,PAK,2003,10393070
Pakistan,PAK,2004,9005650
Pakistan,PAK,2005,8108350
Pakistan,PAK,2006,14183200
Pakistan,PAK,2007,8837240
Pakistan,PAK,2008,2628190
Pakistan,PAK,2009,3785060
Pakistan,PAK,2010,63307760
Pakistan,PAK,2011,8119830
Pakistan,PAK,2012,27923030
Pakistan,PAK,2013,13485300
Pakistan,PAK,2014,65910659.99999999
Pakistan,PAK,2015,6989800
Pakistan,PAK,2016,17554550
Pakistan,PAK,2017,11676530
Pakistan,PAK,2018,8622290
Palau,PLW,2002,1390
Palau,PLW,2003,468130
Palau,PLW,2004,263660
Palau,PLW,2005,640800
Palau,PLW,2006,555820
Palau,PLW,2007,4280
Palau,PLW,2008,8410
Palau,PLW,2009,329380
Palau,PLW,2010,563430
Palau,PLW,2011,441830
Palau,PLW,2012,1649610
Palau,PLW,2013,2186090
Palau,PLW,2014,1983100
Palau,PLW,2015,1490280
Palau,PLW,2016,813550
Palau,PLW,2017,1151440
Palau,PLW,2018,1902040
Palestine,PSE,2002,2468990
Palestine,PSE,2003,1523540
Palestine,PSE,2004,461460
Palestine,PSE,2005,649490
Palestine,PSE,2006,11698680
Palestine,PSE,2007,1284380
Palestine,PSE,2008,4366810
Palestine,PSE,2009,7315450
Palestine,PSE,2010,8217490
Palestine,PSE,2011,3193710
Palestine,PSE,2012,16133579.999999998
Palestine,PSE,2013,22033950
Palestine,PSE,2014,10875860
Palestine,PSE,2015,22901740
Palestine,PSE,2016,17528230
Palestine,PSE,2017,17947590
Palestine,PSE,2018,54050470
Panama,PAN,2002,1199660
Panama,PAN,2003,1644630
Panama,PAN,2004,493460
Panama,PAN,2005,1385520
Panama,PAN,2006,991060
Panama,PAN,2007,178481510
Panama,PAN,2008,2887080
Panama,PAN,2009,2116300
Panama,PAN,2010,5525670
Panama,PAN,2011,5849810
Panama,PAN,2012,2880540
Panama,PAN,2013,2545030
Panama,PAN,2014,1956410
Panama,PAN,2015,1367120
Panama,PAN,2016,1151860
Panama,PAN,2017,1750250
Panama,PAN,2018,1518880
Papua New Guinea,PNG,2002,297840
Papua New Guinea,PNG,2003,113770
Papua New Guinea,PNG,2004,379320
Papua New Guinea,PNG,2005,11572970
Papua New Guinea,PNG,2006,33224120
Papua New Guinea,PNG,2007,654590
Papua New Guinea,PNG,2008,8826010
Papua New Guinea,PNG,2009,12458560
Papua New Guinea,PNG,2010,92326090
Papua New Guinea,PNG,2011,13526440
Papua New Guinea,PNG,2012,23003280
Papua New Guinea,PNG,2013,14629570
Papua New Guinea,PNG,2014,11507200
Papua New Guinea,PNG,2015,22569720
Papua New Guinea,PNG,2016,46559080
Papua New Guinea,PNG,2017,85895240
Papua New Guinea,PNG,2018,191423440
Paraguay,PRY,2002,1573360
Paraguay,PRY,2003,1209680
Paraguay,PRY,2004,694220
Paraguay,PRY,2005,347540
Paraguay,PRY,2006,905610
Paraguay,PRY,2007,14030500
Paraguay,PRY,2008,1295810
Paraguay,PRY,2009,4066440
Paraguay,PRY,2010,12317550
Paraguay,PRY,2011,4709130
Paraguay,PRY,2012,7397280
Paraguay,PRY,2013,1328850
Paraguay,PRY,2014,4892960
Paraguay,PRY,2015,1093010
Paraguay,PRY,2016,7288780
Paraguay,PRY,2017,2983790
Paraguay,PRY,2018,2081700
Peru,PER,2002,31845540
Peru,PER,2003,22424900
Peru,PER,2004,21082230
Peru,PER,2005,8048550.000000001
Peru,PER,2006,9295420
Peru,PER,2007,28879920
Peru,PER,2008,34079460
Peru,PER,2009,92347110
Peru,PER,2010,169710630
Peru,PER,2011,92969450
Peru,PER,2012,77080310
Peru,PER,2013,58048490
Peru,PER,2014,62664970
Peru,PER,2015,49837160
Peru,PER,2016,133321830
Peru,PER,2017,66415750
Peru,PER,2018,58795830
Philippines,PHL,2002,49007360
Philippines,PHL,2003,34616220
Philippines,PHL,2004,5160630
Philippines,PHL,2005,23208090
Philippines,PHL,2006,5078970
Philippines,PHL,2007,19688820
Philippines,PHL,2008,35487110
Philippines,PHL,2009,26604370
Philippines,PHL,2010,20088800
Philippines,PHL,2011,46767950
Philippines,PHL,2012,133999149.99999999
Philippines,PHL,2013,20073890
Philippines,PHL,2014,505493960
Philippines,PHL,2015,29271340
Philippines,PHL,2016,34034140
Philippines,PHL,2017,28095390
Philippines,PHL,2018,33815630
Rwanda,RWA,2002,396940
Rwanda,RWA,2003,12402410
Rwanda,RWA,2004,4428090
Rwanda,RWA,2005,114930
Rwanda,RWA,2006,5631970
Rwanda,RWA,2007,30923370
Rwanda,RWA,2008,30331720
Rwanda,RWA,2009,17416350
Rwanda,RWA,2010,17422110
Rwanda,RWA,2011,46286450
Rwanda,RWA,2012,14619470
Rwanda,RWA,2013,49123730
Rwanda,RWA,2014,20326560
Rwanda,RWA,2015,71941880
Rwanda,RWA,2016,66755900
Rwanda,RWA,2017,28273320
Rwanda,RWA,2018,16196780
Saint Kitts and Nevis,KNA,2010,1120
Saint Kitts and Nevis,KNA,2011,405640
Saint Kitts and Nevis,KNA,2013,15914960
Saint Lucia,LCA,2005,8617390
Saint Lucia,LCA,2007,3969.9999999999995
Saint Lucia,LCA,2009,41680
Saint Lucia,LCA,2010,198180
Saint Lucia,LCA,2011,1302610
Saint Lucia,LCA,2012,44620
Saint Lucia,LCA,2013,48330
Saint Lucia,LCA,2014,27080
Saint Lucia,LCA,2015,61180
Saint Lucia,LCA,2016,70160
Saint Lucia,LCA,2017,99120
Saint Lucia,LCA,2018,137790
Saint Vincent and the Grenadines,VCT,2005,6326870
Saint Vincent and the Grenadines,VCT,2006,46590
Saint Vincent and the Grenadines,VCT,2010,229670
Saint Vincent and the Grenadines,VCT,2011,405640
Saint Vincent and the Grenadines,VCT,2012,18430
Saint Vincent and the Grenadines,VCT,2013,92880
Saint Vincent and the Grenadines,VCT,2014,44560
Saint Vincent and the Grenadines,VCT,2015,140010
Saint Vincent and the Grenadines,VCT,2016,116040
Saint Vincent and the Grenadines,VCT,2017,120560
Saint Vincent and the Grenadines,VCT,2018,301470
Samoa,WSM,2002,199030
Samoa,WSM,2003,646090
Samoa,WSM,2004,271590
Samoa,WSM,2005,218690
Samoa,WSM,2006,3671730
Samoa,WSM,2007,442680
Samoa,WSM,2008,481890
Samoa,WSM,2009,4053790
Samoa,WSM,2010,6902540
Samoa,WSM,2011,2232060
Samoa,WSM,2012,3093710
Samoa,WSM,2013,3683880
Samoa,WSM,2014,311000
Samoa,WSM,2015,2322270
Samoa,WSM,2016,704720
Samoa,WSM,2017,344920
Samoa,WSM,2018,416900
Sao Tome and Principe,STP,2002,29760
Sao Tome and Principe,STP,2003,126020
Sao Tome and Principe,STP,2004,55560
Sao Tome and Principe,STP,2005,81300
Sao Tome and Principe,STP,2006,114520
Sao Tome and Principe,STP,2007,456340
Sao Tome and Principe,STP,2008,342410
Sao Tome and Principe,STP,2009,889270
Sao Tome and Principe,STP,2010,663170
Sao Tome and Principe,STP,2011,764930
Sao Tome and Principe,STP,2013,336630
Sao Tome and Principe,STP,2014,219890
Sao Tome and Principe,STP,2015,443420
Sao Tome and Principe,STP,2016,388700
Sao Tome and Principe,STP,2017,497700
Sao Tome and Principe,STP,2018,524990
Saudi Arabia,SAU,2003,37760
Saudi Arabia,SAU,2004,11590
Saudi Arabia,SAU,2005,42820
Saudi Arabia,SAU,2006,13450
Saudi Arabia,SAU,2007,56910
Senegal,SEN,2002,363150
Senegal,SEN,2003,8208790.000000001
Senegal,SEN,2004,25571820
Senegal,SEN,2005,101931480
Senegal,SEN,2006,7405630
Senegal,SEN,2007,10896870
Senegal,SEN,2008,30053430
Senegal,SEN,2009,51542060
Senegal,SEN,2010,72686630
Senegal,SEN,2011,46596250
Senegal,SEN,2012,65321550
Senegal,SEN,2013,81669450
Senegal,SEN,2014,51575240
Senegal,SEN,2015,188993110
Senegal,SEN,2016,172316620
Senegal,SEN,2017,89433380
Senegal,SEN,2018,93240520
Serbia,SRB,2002,339540
Serbia,SRB,2003,2309910
Serbia,SRB,2004,5243290
Serbia,SRB,2005,757310
Serbia,SRB,2006,8342589.999999999
Serbia,SRB,2007,1972760
Serbia,SRB,2008,1021779.9999999999
Serbia,SRB,2009,14617820
Serbia,SRB,2010,14523990
Serbia,SRB,2011,2191630
Serbia,SRB,2012,1241290
Serbia,SRB,2013,8028829.999999999
Serbia,SRB,2014,473720
Serbia,SRB,2015,210370
Serbia,SRB,2016,22861910
Serbia,SRB,2017,43394050
Serbia,SRB,2018,19259300
Seychelles,SYC,2002,274580
Seychelles,SYC,2003,228560
Seychelles,SYC,2004,198760
Seychelles,SYC,2005,627520
Seychelles,SYC,2006,2033210
Seychelles,SYC,2007,1690
Seychelles,SYC,2009,855160
Seychelles,SYC,2010,428570
Seychelles,SYC,2011,27530
Seychelles,SYC,2012,126870.00000000001
Seychelles,SYC,2013,169530
Seychelles,SYC,2014,4022579.9999999995
Seychelles,SYC,2015,160590
Seychelles,SYC,2016,110560
Seychelles,SYC,2017,82080
Sierra Leone,SLE,2003,230090
Sierra Leone,SLE,2006,145240
Sierra Leone,SLE,2007,1439110
Sierra Leone,SLE,2008,1225170
Sierra Leone,SLE,2009,1806050
Sierra Leone,SLE,2010,5396070
Sierra Leone,SLE,2011,11864340
Sierra Leone,SLE,2012,4755680
Sierra Leone,SLE,2013,1387360
Sierra Leone,SLE,2014,377920
Sierra Leone,SLE,2015,16063469.999999998
Sierra Leone,SLE,2016,9335400
Sierra Leone,SLE,2017,4906620
Sierra Leone,SLE,2018,9137290
Solomon Islands,SLB,2002,214060
Solomon Islands,SLB,2003,21940
Solomon Islands,SLB,2004,8490
Solomon Islands,SLB,2005,1387610
Solomon Islands,SLB,2006,8952110
Solomon Islands,SLB,2007,895880
Solomon Islands,SLB,2008,6791830
Solomon Islands,SLB,2009,4931580
Solomon Islands,SLB,2010,12270810
Solomon Islands,SLB,2011,6149360
Solomon Islands,SLB,2012,8681350
Solomon Islands,SLB,2013,10443250
Solomon Islands,SLB,2014,13137650
Solomon Islands,SLB,2015,3279000
Solomon Islands,SLB,2016,2498820
Solomon Islands,SLB,2017,2628140
Solomon Islands,SLB,2018,3049760
Somalia,SOM,2002,32090
Somalia,SOM,2003,1824870
Somalia,SOM,2006,1250590
Somalia,SOM,2007,212030
Somalia,SOM,2008,42830
Somalia,SOM,2009,276030
Somalia,SOM,2010,1470070
Somalia,SOM,2011,2592330
Somalia,SOM,2012,34979690
Somalia,SOM,2013,16814140
Somalia,SOM,2014,5453310
Somalia,SOM,2015,43037930
Somalia,SOM,2016,20449680
Somalia,SOM,2017,13506560
Somalia,SOM,2018,8618730
South Africa,ZAF,2002,11876870
South Africa,ZAF,2003,1108390
South Africa,ZAF,2004,10147010
South Africa,ZAF,2005,431560
South Africa,ZAF,2006,19307300
South Africa,ZAF,2007,6487030
South Africa,ZAF,2008,11335040
South Africa,ZAF,2009,17155230
South Africa,ZAF,2010,10621770
South Africa,ZAF,2011,13198460
South Africa,ZAF,2012,32963949.999999996
South Africa,ZAF,2013,24133630
South Africa,ZAF,2014,11986770
South Africa,ZAF,2015,11339840
South Africa,ZAF,2016,132204880
South Africa,ZAF,2017,8432900
South Africa,ZAF,2018,5865610
South Sudan,SSD,2011,7336260
South Sudan,SSD,2012,9377950
South Sudan,SSD,2013,44859440
South Sudan,SSD,2014,21373250
South Sudan,SSD,2015,19287550
South Sudan,SSD,2016,46152240
South Sudan,SSD,2017,1872010
South Sudan,SSD,2018,7683320
Sri Lanka,LKA,2002,5515920
Sri Lanka,LKA,2003,19052580
Sri Lanka,LKA,2004,15947300
Sri Lanka,LKA,2005,15309900
Sri Lanka,LKA,2006,20183730
Sri Lanka,LKA,2007,13294180
Sri Lanka,LKA,2008,1414820
Sri Lanka,LKA,2009,1093130
Sri Lanka,LKA,2010,131688880.00000001
Sri Lanka,LKA,2011,2816290
Sri Lanka,LKA,2012,6438530
Sri Lanka,LKA,2013,5318640
Sri Lanka,LKA,2014,10189580
Sri Lanka,LKA,2015,31230160
Sri Lanka,LKA,2016,160232830
Sri Lanka,LKA,2017,7250130
Sri Lanka,LKA,2018,16867790
Sudan,SDN,2002,1087200
Sudan,SDN,2004,127190
Sudan,SDN,2005,134990
Sudan,SDN,2006,1322420
Sudan,SDN,2007,16781490
Sudan,SDN,2008,6736800
Sudan,SDN,2009,38413680
Sudan,SDN,2010,26439910
Sudan,SDN,2011,20801770
Sudan,SDN,2012,18600490
Sudan,SDN,2013,4778040
Sudan,SDN,2014,8369750
Sudan,SDN,2015,6968670
Sudan,SDN,2016,11506940
Sudan,SDN,2017,3762580
Sudan,SDN,2018,8063800.000000001
Suriname,SUR,2003,400080
Suriname,SUR,2004,4566140
Suriname,SUR,2005,25161850
Suriname,SUR,2007,6839780
Suriname,SUR,2009,20550
Suriname,SUR,2011,1284610
Suriname,SUR,2012,4790000
Suriname,SUR,2013,21210
Suriname,SUR,2015,19089460
Suriname,SUR,2016,174890
Suriname,SUR,2017,68800
Suriname,SUR,2018,14270
Syria,SYR,2002,5960580
Syria,SYR,2003,663390
Syria,SYR,2004,391190
Syria,SYR,2005,402680
Syria,SYR,2006,2158270
Syria,SYR,2007,137380
Syria,SYR,2008,1660850
Syria,SYR,2009,695370
Syria,SYR,2010,1216300
Syria,SYR,2011,3029360
Syria,SYR,2012,1673620
Syria,SYR,2013,933580
Syria,SYR,2014,415730
Syria,SYR,2015,11731710
Syria,SYR,2016,486610
Syria,SYR,2017,3085790
Syria,SYR,2018,3970090
Tajikistan,TJK,2002,1209890
Tajikistan,TJK,2003,19050
Tajikistan,TJK,2004,8149780
Tajikistan,TJK,2005,11230
Tajikistan,TJK,2006,13397110
Tajikistan,TJK,2007,341890
Tajikistan,TJK,2008,808210
Tajikistan,TJK,2009,1888550
Tajikistan,TJK,2010,1676480
Tajikistan,TJK,2011,2055570
Tajikistan,TJK,2012,3056540
Tajikistan,TJK,2013,4152370.0000000005
Tajikistan,TJK,2014,53256520
Tajikistan,TJK,2015,534680
Tajikistan,TJK,2016,533190
Tajikistan,TJK,2017,6530810
Tajikistan,TJK,2018,10796840
Tanzania,TZA,2002,29168500
Tanzania,TZA,2003,26568290
Tanzania,TZA,2004,11716440
Tanzania,TZA,2005,5669730
Tanzania,TZA,2006,7786090
Tanzania,TZA,2007,53972160
Tanzania,TZA,2008,31333840
Tanzania,TZA,2009,59344680
Tanzania,TZA,2010,44314180
Tanzania,TZA,2011,104797150
Tanzania,TZA,2012,50809370
Tanzania,TZA,2013,125476800
Tanzania,TZA,2014,132217660
Tanzania,TZA,2015,172407250
Tanzania,TZA,2016,57526980
Tanzania,TZA,2017,42905740
Tanzania,TZA,2018,167081670
Thailand,THA,2002,13609880
Thailand,THA,2003,15434850
Thailand,THA,2004,1837730
Thailand,THA,2005,11790650
Thailand,THA,2006,1826710
Thailand,THA,2007,3658710
Thailand,THA,2008,7740980
Thailand,THA,2009,4761950
Thailand,THA,2010,8440180
Thailand,THA,2011,10092590
Thailand,THA,2012,8206009.999999999
Thailand,THA,2013,10343320
Thailand,THA,2014,4970350
Thailand,THA,2015,2915050
Thailand,THA,2016,5133880
Thailand,THA,2017,25243400
Thailand,THA,2018,3128480
Timor,TLS,2003,6297110
Timor,TLS,2005,13733490
Timor,TLS,2006,5497590
Timor,TLS,2007,33010
Timor,TLS,2008,10673860
Timor,TLS,2009,1963500
Timor,TLS,2010,9261160
Timor,TLS,2011,10490400
Timor,TLS,2012,22422580
Timor,TLS,2013,8083890
Timor,TLS,2014,8026859.999999999
Timor,TLS,2015,12249970
Timor,TLS,2016,43481580
Timor,TLS,2017,26574440
Timor,TLS,2018,11187580
Togo,TGO,2002,87960
Togo,TGO,2003,147790
Togo,TGO,2005,24300
Togo,TGO,2006,14660
Togo,TGO,2007,55370
Togo,TGO,2008,8245179.999999999
Togo,TGO,2009,1498920
Togo,TGO,2010,6404600
Togo,TGO,2011,1542740
Togo,TGO,2012,1818430
Togo,TGO,2013,698710
Togo,TGO,2014,7944040
Togo,TGO,2015,945580
Togo,TGO,2016,22562760
Togo,TGO,2017,1614870
Togo,TGO,2018,4694670
Tokelau,TKL,2003,160920
Tokelau,TKL,2011,3883280
Tokelau,TKL,2012,1214320
Tokelau,TKL,2013,634170
Tokelau,TKL,2014,192140
Tokelau,TKL,2015,33150
Tokelau,TKL,2017,452560
Tokelau,TKL,2018,15150
Tonga,TON,2002,1390
Tonga,TON,2003,9660
Tonga,TON,2004,626950
Tonga,TON,2005,154600
Tonga,TON,2006,1850410
Tonga,TON,2007,124740
Tonga,TON,2008,87940
Tonga,TON,2009,1860220
Tonga,TON,2010,384910
Tonga,TON,2011,391450
Tonga,TON,2012,1550660
Tonga,TON,2013,1060920
Tonga,TON,2014,2129290
Tonga,TON,2015,1345200
Tonga,TON,2016,332780
Tonga,TON,2017,162720
Tonga,TON,2018,287800
Trinidad and Tobago,TTO,2003,1781220
Trinidad and Tobago,TTO,2004,248760
Trinidad and Tobago,TTO,2005,1684770
Trinidad and Tobago,TTO,2006,1073770
Trinidad and Tobago,TTO,2008,12150
Trinidad and Tobago,TTO,2009,175880
Trinidad and Tobago,TTO,2010,7780
Tunisia,TUN,2002,423720
Tunisia,TUN,2003,2920320
Tunisia,TUN,2004,60255010
Tunisia,TUN,2005,34037570
Tunisia,TUN,2006,8216870
Tunisia,TUN,2007,59512010
Tunisia,TUN,2008,89482590
Tunisia,TUN,2009,2340680
Tunisia,TUN,2010,6906870
Tunisia,TUN,2011,58476560
Tunisia,TUN,2012,6769180
Tunisia,TUN,2013,35101330
Tunisia,TUN,2014,5026140
Tunisia,TUN,2015,5046440
Tunisia,TUN,2016,210034540
Tunisia,TUN,2017,110308590
Tunisia,TUN,2018,20966370
Turkey,TUR,2002,853820
Turkey,TUR,2003,4338690
Turkey,TUR,2004,1232420
Turkey,TUR,2005,298770
Turkey,TUR,2006,2321080
Turkey,TUR,2007,1335340
Turkey,TUR,2008,1606150
Turkey,TUR,2009,123402270
Turkey,TUR,2010,7865340
Turkey,TUR,2011,383945060
Turkey,TUR,2012,15494140
Turkey,TUR,2013,1221020
Turkey,TUR,2014,255754740
Turkey,TUR,2015,407824480
Turkey,TUR,2016,479135890
Turkey,TUR,2017,6124750
Turkey,TUR,2018,7073820
Turkmenistan,TKM,2003,14230
Turkmenistan,TKM,2004,104030
Turkmenistan,TKM,2006,4817710
Turkmenistan,TKM,2008,2021760
Turkmenistan,TKM,2009,165340
Turkmenistan,TKM,2010,3994130
Turkmenistan,TKM,2011,2838350
Turkmenistan,TKM,2013,29780
Turkmenistan,TKM,2014,114110
Turkmenistan,TKM,2016,51360
Turkmenistan,TKM,2018,3840
Turks and Caicos Islands,TCA,2002,299430
Tuvalu,TUV,2003,30
Tuvalu,TUV,2004,6890
Tuvalu,TUV,2009,917860
Tuvalu,TUV,2010,1109080
Tuvalu,TUV,2011,999360
Tuvalu,TUV,2012,1033760
Tuvalu,TUV,2013,1448990
Tuvalu,TUV,2014,2133180
Tuvalu,TUV,2015,445470
Tuvalu,TUV,2017,8334809.999999999
Tuvalu,TUV,2018,293660
Uganda,UGA,2002,2893140
Uganda,UGA,2003,2152260
Uganda,UGA,2004,9436180
Uganda,UGA,2005,3586310
Uganda,UGA,2006,4253400
Uganda,UGA,2007,36660870
Uganda,UGA,2008,26174090
Uganda,UGA,2009,35166320
Uganda,UGA,2010,108692250
Uganda,UGA,2011,46818600
Uganda,UGA,2012,31299980
Uganda,UGA,2013,136977710
Uganda,UGA,2014,96513270
Uganda,UGA,2015,106363860
Uganda,UGA,2016,70724310
Uganda,UGA,2017,55590230
Uganda,UGA,2018,836713410
Ukraine,UKR,2005,989100
Ukraine,UKR,2006,141790
Ukraine,UKR,2007,1757700
Ukraine,UKR,2008,511569.99999999994
Ukraine,UKR,2009,10937540
Ukraine,UKR,2010,13783100
Ukraine,UKR,2011,7777890
Ukraine,UKR,2012,8030320
Ukraine,UKR,2013,18532880
Ukraine,UKR,2014,5176640
Ukraine,UKR,2015,1008516350
Ukraine,UKR,2016,9962950
Ukraine,UKR,2017,75680470
Ukraine,UKR,2018,15247290
Uruguay,URY,2002,791340
Uruguay,URY,2003,136510
Uruguay,URY,2004,1707160
Uruguay,URY,2005,113180
Uruguay,URY,2006,1020180.0000000001
Uruguay,URY,2007,2955040
Uruguay,URY,2008,887730
Uruguay,URY,2009,2145590
Uruguay,URY,2010,1778070
Uruguay,URY,2011,1210110
Uruguay,URY,2012,562180
Uruguay,URY,2013,3312320
Uruguay,URY,2014,46170
Uruguay,URY,2015,1519220
Uruguay,URY,2016,135200
Uruguay,URY,2017,149590
Uzbekistan,UZB,2002,4183750
Uzbekistan,UZB,2003,14490
Uzbekistan,UZB,2004,3614490
Uzbekistan,UZB,2005,151110
Uzbekistan,UZB,2006,324110
Uzbekistan,UZB,2007,70980
Uzbekistan,UZB,2008,1412540
Uzbekistan,UZB,2009,4704080
Uzbekistan,UZB,2010,1016780
Uzbekistan,UZB,2011,202680
Uzbekistan,UZB,2012,4828300
Uzbekistan,UZB,2013,2712780
Uzbekistan,UZB,2014,86050
Uzbekistan,UZB,2015,8230
Uzbekistan,UZB,2016,28152770
Uzbekistan,UZB,2017,24470
Uzbekistan,UZB,2018,1472480
Vanuatu,VUT,2002,50440
Vanuatu,VUT,2003,34180
Vanuatu,VUT,2004,9430
Vanuatu,VUT,2005,980420
Vanuatu,VUT,2006,1090820
Vanuatu,VUT,2007,212140
Vanuatu,VUT,2008,862480
Vanuatu,VUT,2009,1058740
Vanuatu,VUT,2010,5364960
Vanuatu,VUT,2011,8167429.999999999
Vanuatu,VUT,2012,11632070
Vanuatu,VUT,2013,7444340
Vanuatu,VUT,2014,9289590
Vanuatu,VUT,2015,9595980
Vanuatu,VUT,2016,12755830
Vanuatu,VUT,2017,11642770
Vanuatu,VUT,2018,11785290
Venezuela,VEN,2002,1552330
Venezuela,VEN,2003,440290
Venezuela,VEN,2004,653560
Venezuela,VEN,2005,18950
Venezuela,VEN,2006,609570
Venezuela,VEN,2007,111700
Venezuela,VEN,2008,147090
Venezuela,VEN,2009,6597440
Venezuela,VEN,2010,699780
Venezuela,VEN,2011,632100
Venezuela,VEN,2012,638560
Venezuela,VEN,2013,123580
Venezuela,VEN,2014,287200
Venezuela,VEN,2015,324700
Venezuela,VEN,2016,43740
Venezuela,VEN,2017,423770
Venezuela,VEN,2018,174080
Vietnam,VNM,2002,86394090
Vietnam,VNM,2003,171336510
Vietnam,VNM,2004,69205520
Vietnam,VNM,2005,56430700
Vietnam,VNM,2006,96900980
Vietnam,VNM,2007,219813110
Vietnam,VNM,2008,377717050
Vietnam,VNM,2009,535748690
Vietnam,VNM,2010,101867950
Vietnam,VNM,2011,175214030
Vietnam,VNM,2012,150759740
Vietnam,VNM,2013,42198090
Vietnam,VNM,2014,200145570
Vietnam,VNM,2015,91926800
Vietnam,VNM,2016,316771720
Vietnam,VNM,2017,53517990
Vietnam,VNM,2018,43974520
Wallis and Futuna,WLF,2007,68860
Wallis and Futuna,WLF,2008,164590
Wallis and Futuna,WLF,2009,230200
Wallis and Futuna,WLF,2010,181060
Wallis and Futuna,WLF,2011,108920
Wallis and Futuna,WLF,2012,398770
Wallis and Futuna,WLF,2013,164900
Wallis and Futuna,WLF,2014,279430
Wallis and Futuna,WLF,2015,159760
Wallis and Futuna,WLF,2016,2479640
Wallis and Futuna,WLF,2017,557900
Wallis and Futuna,WLF,2018,337980
Yemen,YEM,2002,5546470
Yemen,YEM,2003,565600
Yemen,YEM,2004,145040
Yemen,YEM,2005,2780710
Yemen,YEM,2006,1321770
Yemen,YEM,2007,7365730
Yemen,YEM,2008,1351400
Yemen,YEM,2009,1075990
Yemen,YEM,2010,15046730
Yemen,YEM,2011,8504320
Yemen,YEM,2012,288900
Yemen,YEM,2013,1366410
Yemen,YEM,2014,5284670
Yemen,YEM,2015,4340560
Yemen,YEM,2016,2010290
Yemen,YEM,2017,6993010
Yemen,YEM,2018,649070
Zambia,ZMB,2002,7639800
Zambia,ZMB,2003,30003300
Zambia,ZMB,2004,21056970
Zambia,ZMB,2005,38302120
Zambia,ZMB,2006,27856520
Zambia,ZMB,2007,15137620
Zambia,ZMB,2008,30948400
Zambia,ZMB,2009,11112100
Zambia,ZMB,2010,15715750
Zambia,ZMB,2011,24823420
Zambia,ZMB,2012,49556160
Zambia,ZMB,2013,51400510
Zambia,ZMB,2014,49173600
Zambia,ZMB,2015,53594790
Zambia,ZMB,2016,31652220
Zambia,ZMB,2017,20221820
Zambia,ZMB,2018,40135610
Zimbabwe,ZWE,2002,2269730
Zimbabwe,ZWE,2003,3351090
Zimbabwe,ZWE,2004,182180
Zimbabwe,ZWE,2005,353460
Zimbabwe,ZWE,2006,1583140
Zimbabwe,ZWE,2007,303620
Zimbabwe,ZWE,2008,612460
Zimbabwe,ZWE,2009,3692700
Zimbabwe,ZWE,2010,42642350
Zimbabwe,ZWE,2011,18861140
Zimbabwe,ZWE,2012,3790160
Zimbabwe,ZWE,2013,10659010
Zimbabwe,ZWE,2014,17489130
Zimbabwe,ZWE,2015,5224720
Zimbabwe,ZWE,2016,19904120
Zimbabwe,ZWE,2017,5067270
Zimbabwe,ZWE,2018,7918530