Entity,Code,Year,"12.4.2 - Hazardous waste generated, per capita (Kg) - EN_HAZ_PCAP"
Algeria,DZA,2003,10.0731
Algeria,DZA,2007,9.51504
Andorra,AND,2013,12.08369
Andorra,AND,2014,26.27094
Andorra,AND,2015,22.92513
Andorra,AND,2016,24.88389
Andorra,AND,2017,19.83844
Andorra,AND,2018,18.79901
Andorra,AND,2019,16.89819
Argentina,ARG,2016,16.82933
Argentina,ARG,2017,22.83043
Argentina,ARG,2018,17.57628
Argentina,ARG,2019,17.22542
Armenia,ARM,2000,124.30883
Armenia,ARM,2001,123.08707
Armenia,ARM,2002,124.55603
Armenia,ARM,2003,114.01659
Armenia,ARM,2004,117.10542
Armenia,ARM,2005,116.16725
Armenia,ARM,2006,119.08153
Armenia,ARM,2007,123.53309
Armenia,ARM,2008,150.38392
Armenia,ARM,2009,152.70402
Armenia,ARM,2010,151.32091
Armenia,ARM,2011,160.92127
Armenia,ARM,2012,163.12992
Armenia,ARM,2013,199.83821
Armenia,ARM,2014,197.91882
Armenia,ARM,2015,189.7335
Armenia,ARM,2016,209.61846
Armenia,ARM,2017,182.63233
Armenia,ARM,2018,173.07023
Armenia,ARM,2019,192.89705
Azerbaijan,AZE,2000,3.26934
Azerbaijan,AZE,2001,2.00517
Azerbaijan,AZE,2002,1.18122
Azerbaijan,AZE,2003,3.21249
Azerbaijan,AZE,2004,1.3236
Azerbaijan,AZE,2005,1.5027
Azerbaijan,AZE,2006,3.42671
Azerbaijan,AZE,2007,1.20022
Azerbaijan,AZE,2008,2.7518
Azerbaijan,AZE,2009,14.7729
Azerbaijan,AZE,2010,15.49643
Azerbaijan,AZE,2011,20.30072
Azerbaijan,AZE,2012,32.055
Azerbaijan,AZE,2013,21.61661
Azerbaijan,AZE,2014,48.0374
Azerbaijan,AZE,2015,27.285
Azerbaijan,AZE,2016,64.97528
Azerbaijan,AZE,2017,27.01488
Azerbaijan,AZE,2018,34.04581
Azerbaijan,AZE,2019,31.59055
Bahrain,BHR,2000,210.64985
Bahrain,BHR,2001,200.70246
Bahrain,BHR,2002,190.43992
Bahrain,BHR,2003,43.16894
Bahrain,BHR,2004,39.77244
Bahrain,BHR,2005,42.96429
Bahrain,BHR,2006,40.42057
Bahrain,BHR,2007,33.79398
Bahrain,BHR,2010,58.36175
Bahrain,BHR,2011,55.27935
Bahrain,BHR,2012,58.9405
Bahrain,BHR,2013,56.18999
Bahrain,BHR,2014,54.81298
Bahrain,BHR,2015,54.62346
Bahrain,BHR,2016,50.80738
Bahrain,BHR,2017,48.04428
Bahrain,BHR,2018,51.70781
Bahrain,BHR,2019,56.35094
Bangladesh,BGD,2007,0.13963
Bangladesh,BGD,2012,0.19169
Belarus,BLR,2000,7.39928
Belarus,BLR,2001,10.10152
Belarus,BLR,2002,11.99003
Belarus,BLR,2003,12.80215
Belarus,BLR,2004,16.03473
Belarus,BLR,2005,20.07931
Belarus,BLR,2006,25.09225
Belarus,BLR,2007,34.01714
Belarus,BLR,2008,55.23199
Belarus,BLR,2009,80.61986
Belarus,BLR,2010,97.4675
Belarus,BLR,2011,100.1772
Belarus,BLR,2012,140.46763
Belarus,BLR,2013,150.20106
Belarus,BLR,2014,182.78914
Belarus,BLR,2015,127.95272
Belarus,BLR,2016,172.20753
Belarus,BLR,2017,176.50888
Belarus,BLR,2018,232.68069
Belarus,BLR,2019,218.4988
Belize,BLZ,2000,3.13372
Benin,BEN,2002,0.23275
Bermuda,BMU,2010,8.90072
Bermuda,BMU,2011,9.06632
Bermuda,BMU,2012,8.80486
Bermuda,BMU,2013,8.79141
Bermuda,BMU,2014,9.18205
Bermuda,BMU,2015,9.44344
Bermuda,BMU,2016,9.4697
Bermuda,BMU,2017,8.32805
Bermuda,BMU,2018,23.89943
Bermuda,BMU,2019,28.79631
Bhutan,BTN,2017,0.57406
Bhutan,BTN,2019,0.46997
Burkina Faso,BFA,2004,0.02614
Burkina Faso,BFA,2005,0.02725
Burkina Faso,BFA,2006,0.04287
Burkina Faso,BFA,2007,0.02964
Burkina Faso,BFA,2008,0.04456
Burkina Faso,BFA,2009,0.04547
Burkina Faso,BFA,2010,0.00229
Burkina Faso,BFA,2011,0.00114
Cameroon,CMR,2004,0.33521
Cameroon,CMR,2005,0.53175
Cameroon,CMR,2006,0.55938
Cameroon,CMR,2007,0.4472
Cameroon,CMR,2008,0.48218
Cameroon,CMR,2009,0.44046
Cape Verde,CPV,2014,6.84757
China,CHN,2000,6.43136
China,CHN,2001,7.32798
China,CHN,2002,7.6567
China,CHN,2003,8.89529
China,CHN,2004,7.5203
China,CHN,2005,8.73174
China,CHN,2006,8.09917
China,CHN,2007,8.01638
China,CHN,2008,10.02534
China,CHN,2009,10.50567
China,CHN,2010,11.59218
China,CHN,2011,24.92718
China,CHN,2012,25.03413
China,CHN,2013,22.68071
China,CHN,2014,25.96384
China,CHN,2015,28.26254
China,CHN,2016,36.91172
China,CHN,2017,46.31379
China,CHN,2018,52.32362
China,CHN,2019,56.67487
"China, Hong Kong Special Administrative Region",,2000,13.87109
"China, Hong Kong Special Administrative Region",,2001,11.56498
"China, Hong Kong Special Administrative Region",,2002,9.56926
"China, Hong Kong Special Administrative Region",,2003,8.80903
"China, Hong Kong Special Administrative Region",,2004,7.06347
"China, Hong Kong Special Administrative Region",,2005,6.96247
"China, Hong Kong Special Administrative Region",,2006,8.68072
"China, Hong Kong Special Administrative Region",,2007,8.86796
"China, Hong Kong Special Administrative Region",,2008,8.26303
"China, Hong Kong Special Administrative Region",,2009,7.9155
"China, Hong Kong Special Administrative Region",,2010,5.86077
"China, Hong Kong Special Administrative Region",,2011,5.15957
"China, Hong Kong Special Administrative Region",,2012,4.81293
"China, Hong Kong Special Administrative Region",,2013,4.61123
"China, Hong Kong Special Administrative Region",,2014,4.46244
"China, Hong Kong Special Administrative Region",,2015,4.69497
Cuba,CUB,2004,54.56141
Cuba,CUB,2005,83.59293
Cuba,CUB,2006,111.32636
Cuba,CUB,2007,125.97043
Cuba,CUB,2010,58.86031
Cuba,CUB,2011,44.5551
Cuba,CUB,2012,50.20968
Cuba,CUB,2013,44.01154
Cuba,CUB,2014,36.44674
Cuba,CUB,2015,26.74313
Cuba,CUB,2016,20.37007
Cuba,CUB,2017,20.73311
Cuba,CUB,2018,34.0097
Cuba,CUB,2019,23.10278
Dominica,DMA,2002,8.97766
Ecuador,ECU,2013,0.52725
Ecuador,ECU,2014,0.631
Ecuador,ECU,2015,0.61329
Ecuador,ECU,2016,0.6588
Ecuador,ECU,2017,0.73973
Ecuador,ECU,2018,0.87085
Fiji,FJI,2006,4.74506
Fiji,FJI,2007,3.53681
Fiji,FJI,2008,3.87575
Fiji,FJI,2009,4.31334
Fiji,FJI,2010,4.08249
Fiji,FJI,2011,4.57095
Fiji,FJI,2012,3.33317
Fiji,FJI,2013,7.71552
Fiji,FJI,2014,12.42432
Fiji,FJI,2015,13.72369
Fiji,FJI,2016,14.85148
Fiji,FJI,2017,16.33409
French Guiana,GUF,2006,15.38894
French Guiana,GUF,2007,10.94448
French Guiana,GUF,2008,2.39643
French Guiana,GUF,2009,2.75993
French Guiana,GUF,2010,2.62236
French Guiana,GUF,2011,2.82319
French Guiana,GUF,2012,3.54172
French Guiana,GUF,2013,2.71433
French Guiana,GUF,2014,6.62925
French Guiana,GUF,2015,4.55542
French Guiana,GUF,2017,3.20507
French Guiana,GUF,2018,5.61258
French Guiana,GUF,2019,7.96705
Guadeloupe,GLP,2006,25.20103
Guadeloupe,GLP,2007,14.25927
Guadeloupe,GLP,2008,3.89636
Guadeloupe,GLP,2009,2.08167
Guadeloupe,GLP,2010,18.44003
Guadeloupe,GLP,2011,4.88853
Guadeloupe,GLP,2012,22.39854
Guadeloupe,GLP,2013,29.43951
Guadeloupe,GLP,2014,29.08013
Guadeloupe,GLP,2015,54.97677
Guadeloupe,GLP,2016,25.07505
Guadeloupe,GLP,2017,27.51458
Guadeloupe,GLP,2018,28.52584
Guadeloupe,GLP,2019,30.0289
Guatemala,GTM,2001,46.64543
Guatemala,GTM,2002,51.34757
Guatemala,GTM,2003,51.86449
Guatemala,GTM,2004,48.60777
Guatemala,GTM,2005,45.736
Guatemala,GTM,2006,61.39096
Guatemala,GTM,2007,0.06182
Guatemala,GTM,2008,0.07706
Guatemala,GTM,2009,0.00254
Guatemala,GTM,2010,20.59749
Guatemala,GTM,2011,0.00207
Guatemala,GTM,2012,0.00092
Guatemala,GTM,2013,1.10591
Guatemala,GTM,2014,1.27886
Guatemala,GTM,2015,0.70233
Guatemala,GTM,2016,0.29449
Guatemala,GTM,2017,0.92011
India,IND,2000,6.85588
India,IND,2006,6.98421
India,IND,2008,5.19086
India,IND,2011,6.32145
India,IND,2012,6.24121
India,IND,2014,5.72939
India,IND,2015,5.95619
India,IND,2016,3.88856
India,IND,2017,5.3581
India,IND,2018,6.98032
India,IND,2019,6.32254
Iraq,IRQ,2008,0.08882
Iraq,IRQ,2010,0.5227
Iraq,IRQ,2012,3.7449
Iraq,IRQ,2014,0.20777
Iraq,IRQ,2015,0.57972
Iraq,IRQ,2016,0.52288
Iraq,IRQ,2017,0.45891
Iraq,IRQ,2018,0.54931
Iraq,IRQ,2019,0.66235
Jamaica,JAM,2000,3.76691
Jamaica,JAM,2001,3.73873
Jamaica,JAM,2002,3.71355
Jamaica,JAM,2003,3.6908
Jamaica,JAM,2004,3.6697
Jamaica,JAM,2005,3.64964
Jamaica,JAM,2006,3.63054
Jordan,JOR,2003,13.54733
Jordan,JOR,2004,5.9911
Jordan,JOR,2005,12.38446
Jordan,JOR,2008,197.33237
Jordan,JOR,2009,15.726
Jordan,JOR,2010,8.53291
Jordan,JOR,2011,160.57202
Jordan,JOR,2013,5.56404
Kazakhstan,KAZ,2004,45987.99319
Kazakhstan,KAZ,2005,109351.42545
Kazakhstan,KAZ,2006,16974.25502
Kazakhstan,KAZ,2007,16633.94071
Kazakhstan,KAZ,2008,28582.10759
Kazakhstan,KAZ,2009,14184.05505
Kazakhstan,KAZ,2010,18650.74455
Kazakhstan,KAZ,2011,25509.47375
Kazakhstan,KAZ,2012,21248.96417
Kazakhstan,KAZ,2013,22448.70522
Kazakhstan,KAZ,2014,19500.79257
Kazakhstan,KAZ,2015,14316.26775
Kazakhstan,KAZ,2016,8490.37833
Kazakhstan,KAZ,2017,7017.37514
Kazakhstan,KAZ,2018,8185.89211
Kazakhstan,KAZ,2019,9730.07318
Kenya,KEN,2017,0.76357
Kuwait,KWT,2017,1.22162
Kyrgyzstan,KGZ,2000,1281.13432
Kyrgyzstan,KGZ,2001,1255.24846
Kyrgyzstan,KGZ,2002,1304.78407
Kyrgyzstan,KGZ,2003,1280.79332
Kyrgyzstan,KGZ,2004,1272.26243
Kyrgyzstan,KGZ,2005,1222.81483
Kyrgyzstan,KGZ,2006,1137.12179
Kyrgyzstan,KGZ,2007,1069.81196
Kyrgyzstan,KGZ,2008,1062.07401
Kyrgyzstan,KGZ,2009,1065.40977
Kyrgyzstan,KGZ,2010,1070.9097
Kyrgyzstan,KGZ,2011,1839.99227
Kyrgyzstan,KGZ,2012,877.01551
Kyrgyzstan,KGZ,2013,1388.38358
Kyrgyzstan,KGZ,2014,1749.16216
Kyrgyzstan,KGZ,2015,1761.82598
Kyrgyzstan,KGZ,2016,2037.67199
Kyrgyzstan,KGZ,2017,2043.42566
Lebanon,LBN,2001,27.11552
Lebanon,LBN,2002,24.02847
Macao,MAC,2000,9.79026
Macao,MAC,2001,10.37842
Macao,MAC,2002,11.69529
Macao,MAC,2003,12.87387
Macao,MAC,2004,12.44699
Macao,MAC,2005,12.27885
Macao,MAC,2006,13.16109
Macao,MAC,2007,12.62428
Macao,MAC,2008,17.13015
Macao,MAC,2009,22.2359
Macao,MAC,2010,23.07442
Macao,MAC,2011,31.90259
Macao,MAC,2012,31.35078
Macao,MAC,2013,29.88042
Macao,MAC,2014,34.15225
Macao,MAC,2015,39.30954
Macao,MAC,2016,34.47809
Macao,MAC,2017,31.80003
Madagascar,MDG,2002,0.11363
Madagascar,MDG,2007,2.36483
Malaysia,MYS,2000,14.85499
Malaysia,MYS,2001,17.72306
Malaysia,MYS,2002,19.03745
Malaysia,MYS,2003,18.65942
Malaysia,MYS,2004,18.64121
Malaysia,MYS,2005,21.36641
Malaysia,MYS,2006,42.11354
Malaysia,MYS,2007,42.62065
Malaysia,MYS,2008,47.9108
Malaysia,MYS,2009,61.4857
Malaysia,MYS,2010,109.45454
Malaysia,MYS,2011,114.53609
Malaysia,MYS,2012,98.20071
Malaysia,MYS,2013,100.63523
Malaysia,MYS,2014,78.8397
Malaysia,MYS,2015,96.4118
Malaysia,MYS,2016,90.16278
Malaysia,MYS,2017,64.85463
Malaysia,MYS,2018,74.69813
Malaysia,MYS,2019,125.60925
Martinique,MTQ,2006,25.59005
Martinique,MTQ,2007,11.85787
Martinique,MTQ,2008,8.65806
Martinique,MTQ,2009,8.76536
Martinique,MTQ,2010,10.41134
Martinique,MTQ,2011,3.91951
Martinique,MTQ,2012,12.12001
Martinique,MTQ,2013,9.11902
Martinique,MTQ,2014,45.0462
Martinique,MTQ,2015,21.26648
Martinique,MTQ,2016,41.79262
Martinique,MTQ,2017,23.36506
Martinique,MTQ,2018,51.48374
Martinique,MTQ,2019,11.71327
Mauritius,MUS,2003,0.74442
Mauritius,MUS,2007,5.76713
Mauritius,MUS,2008,5.91481
Mauritius,MUS,2009,6.06835
Mauritius,MUS,2010,6.231
Mauritius,MUS,2011,13.62989
Mauritius,MUS,2012,14.14771
Mauritius,MUS,2013,14.69026
Mauritius,MUS,2014,15.25509
Mauritius,MUS,2015,15.83857
Mauritius,MUS,2016,16.44068
Mauritius,MUS,2017,17.06291
Moldova,MDA,2000,0.69147
Moldova,MDA,2001,0.54596
Moldova,MDA,2002,0.54736
Moldova,MDA,2003,0.86071
Moldova,MDA,2004,0.46282
Moldova,MDA,2005,0.41762
Moldova,MDA,2006,0.41145
Moldova,MDA,2007,0.62758
Moldova,MDA,2008,0.35863
Moldova,MDA,2009,0.41245
Moldova,MDA,2010,0.22001
Moldova,MDA,2011,0.76145
Moldova,MDA,2012,0.95216
Moldova,MDA,2013,1.02101
Moldova,MDA,2014,0.30999
Moldova,MDA,2015,1.78382
Moldova,MDA,2016,1.50425
Moldova,MDA,2017,2.14189
Moldova,MDA,2018,2.70954
Moldova,MDA,2019,2.14085
Monaco,MCO,2000,9.48628
Monaco,MCO,2001,10.74629
Monaco,MCO,2002,17.31539
Monaco,MCO,2003,23.9615
Monaco,MCO,2004,19.17012
Monaco,MCO,2005,13.56923
Monaco,MCO,2006,13.35187
Monaco,MCO,2007,16.90517
Monaco,MCO,2008,19.5525
Monaco,MCO,2009,11.3814
Monaco,MCO,2013,7.95252
Monaco,MCO,2014,8.05198
Monaco,MCO,2015,8.21541
Monaco,MCO,2016,10.06751
Monaco,MCO,2017,5.25292
Mongolia,MNG,2019,98.10835
Morocco,MAR,2000,4.13285
Morocco,MAR,2008,8.11893
Morocco,MAR,2013,8.5801
Myanmar,MMR,2012,0.0055
Myanmar,MMR,2013,0.00465
Myanmar,MMR,2014,0.0056
Myanmar,MMR,2015,0.00681
Myanmar,MMR,2016,0.00999
Myanmar,MMR,2017,0.01469
Niger,NER,2004,38.32114
Niger,NER,2005,40.66212
Palestine,PSE,2000,1.55583
Palestine,PSE,2003,1.78717
Palestine,PSE,2004,1.30396
Palestine,PSE,2005,1.58605
Palestine,PSE,2006,1.39613
Palestine,PSE,2007,2.25372
Palestine,PSE,2008,3.08192
Palestine,PSE,2009,3.64425
Palestine,PSE,2010,1.00601
Palestine,PSE,2012,1.06376
Palestine,PSE,2014,1.03237
Panama,PAN,2000,0.09286
Panama,PAN,2001,0.24714
Panama,PAN,2002,0.43302
Panama,PAN,2003,0.52649
Panama,PAN,2004,0.46184
Panama,PAN,2005,0.46457
Panama,PAN,2006,0.52339
Panama,PAN,2007,0.34221
Panama,PAN,2008,0.47862
Panama,PAN,2009,0.6533
Panama,PAN,2010,0.83375
Panama,PAN,2011,0.83494
Philippines,PHL,2009,20.56666
Philippines,PHL,2010,14.3296
Philippines,PHL,2011,52.10147
Philippines,PHL,2012,8.02902
Philippines,PHL,2013,90.79412
Philippines,PHL,2014,24.8623
Philippines,PHL,2015,42.45931
Philippines,PHL,2016,14.33295
Philippines,PHL,2017,19.95328
Reunion,REU,2000,13.28331
Reunion,REU,2006,9.85344
Reunion,REU,2007,1.2464
Reunion,REU,2008,1.3622
Reunion,REU,2009,1.30171
Reunion,REU,2010,5.77599
Reunion,REU,2011,3.02029
Reunion,REU,2012,9.24662
Reunion,REU,2013,9.82004
Reunion,REU,2014,10.47307
Reunion,REU,2015,9.16189
Reunion,REU,2016,9.72587
Reunion,REU,2017,10.21651
Reunion,REU,2018,9.262
Reunion,REU,2019,10.97497
Russia,RUS,2002,1450.51769
Russia,RUS,2003,1986.52013
Russia,RUS,2004,990.87893
Russia,RUS,2005,991.81884
Russia,RUS,2006,976.34133
Russia,RUS,2007,2007.82009
Russia,RUS,2008,857.8271
Russia,RUS,2009,983.89824
Russia,RUS,2010,797.09498
Russia,RUS,2011,836.18425
Russia,RUS,2012,789.37384
Russia,RUS,2013,808.35375
Russia,RUS,2014,859.47177
Russia,RUS,2015,759.27868
Russia,RUS,2016,676.3945
Russia,RUS,2017,740.25433
Russia,RUS,2018,875.73894
Russia,RUS,2019,689.63758
Saint Vincent and the Grenadines,VCT,2002,0.00139
Saudi Arabia,SAU,2016,17.24029
Saudi Arabia,SAU,2017,27.18936
Saudi Arabia,SAU,2018,23.98222
Saudi Arabia,SAU,2019,25.94509
Singapore,SGP,2000,30.15732
Singapore,SGP,2001,50.00356
Singapore,SGP,2002,47.2709
Singapore,SGP,2003,52.56165
Singapore,SGP,2004,66.55173
Singapore,SGP,2005,79.47126
Singapore,SGP,2006,93.81409
Singapore,SGP,2007,107.23734
Singapore,SGP,2008,98.8314
Singapore,SGP,2009,71.67861
Singapore,SGP,2010,84.5811
Singapore,SGP,2011,82.18647
Singapore,SGP,2012,54.10218
Singapore,SGP,2013,61.02243
Singapore,SGP,2014,74.41326
Singapore,SGP,2015,79.91033
Singapore,SGP,2016,84.72263
Singapore,SGP,2017,82.594
Singapore,SGP,2018,93.51172
Singapore,SGP,2019,77.52815
South Africa,ZAF,2011,25.3654
South Africa,ZAF,2017,913.47033
Suriname,SUR,2008,0.00861
Suriname,SUR,2009,0.00801
Suriname,SUR,2010,0.00811
Suriname,SUR,2011,0.00654
Suriname,SUR,2012,0.00634
Suriname,SUR,2013,0.00738
Suriname,SUR,2014,0.0129
Suriname,SUR,2015,0.01171
Suriname,SUR,2016,0.00784
Suriname,SUR,2017,0.00459
Suriname,SUR,2018,0.00237
Suriname,SUR,2019,0.00151
Syria,SYR,2003,0.00264
Tanzania,TZA,2000,0.00145
Tanzania,TZA,2001,0.0016
Tanzania,TZA,2002,0.00146
Tanzania,TZA,2003,0.0014
Tanzania,TZA,2004,0.00048
Tanzania,TZA,2005,0.00053
Tanzania,TZA,2006,0.00057
Tanzania,TZA,2007,0.00063
Tanzania,TZA,2008,0.00126
Tanzania,TZA,2009,0.0012
Tanzania,TZA,2010,0.00131
Tanzania,TZA,2011,0.0012
Tanzania,TZA,2012,0.00121
Tanzania,TZA,2013,0.00136
Tanzania,TZA,2014,0.00122
Tanzania,TZA,2015,0.00115
Thailand,THA,2000,26.1943
Thailand,THA,2001,26.4089
Thailand,THA,2002,27.64203
Thailand,THA,2003,27.88542
Thailand,THA,2004,27.81739
Thailand,THA,2005,27.7225
Thailand,THA,2006,27.84424
Thailand,THA,2007,27.93808
Thailand,THA,2008,47.1194
Thailand,THA,2009,45.88672
Thailand,THA,2010,47.02729
Thailand,THA,2011,50.35666
Thailand,THA,2012,69.43219
Thailand,THA,2013,48.47052
Thailand,THA,2014,39.34905
Thailand,THA,2015,50.13496
Thailand,THA,2016,50.19478
Thailand,THA,2018,32.70993
Thailand,THA,2019,25.13444
Togo,TGO,2007,0.32093
Togo,TGO,2013,0.16854
Trinidad and Tobago,TTO,2003,8.92203
Trinidad and Tobago,TTO,2004,24.11537
Trinidad and Tobago,TTO,2005,24.58124
Trinidad and Tobago,TTO,2006,24.23373
Trinidad and Tobago,TTO,2007,27.16382
Trinidad and Tobago,TTO,2008,31.86795
Trinidad and Tobago,TTO,2013,91.94852
Trinidad and Tobago,TTO,2014,90.78579
Trinidad and Tobago,TTO,2015,90.42636
Tunisia,TUN,2001,15.41774
Tunisia,TUN,2002,15.21589
Ukraine,UKR,2000,53.50798
Ukraine,UKR,2001,52.54676
Ukraine,UKR,2002,36.0313
Ukraine,UKR,2003,51.21402
Ukraine,UKR,2004,51.25849
Ukraine,UKR,2005,51.43355
Ukraine,UKR,2006,50.87053
Ukraine,UKR,2007,55.75671
Ukraine,UKR,2008,49.85503
Ukraine,UKR,2009,26.76338
Ukraine,UKR,2010,36.24989
Ukraine,UKR,2011,31.44423
Ukraine,UKR,2012,30.1003
Ukraine,UKR,2013,20.39829
Ukraine,UKR,2014,16.39825
Ukraine,UKR,2015,13.07486
Ukraine,UKR,2016,13.88758
Ukraine,UKR,2017,13.60565
Ukraine,UKR,2018,14.18012
Ukraine,UKR,2019,12.56948
United Arab Emirates,ARE,2010,39.846
United Arab Emirates,ARE,2011,41.39136
United Arab Emirates,ARE,2012,40.36518
United Arab Emirates,ARE,2013,40.63525
United Arab Emirates,ARE,2014,47.34641
United Arab Emirates,ARE,2015,44.92163
United Arab Emirates,ARE,2016,39.37241
United Arab Emirates,ARE,2017,53.819
United Arab Emirates,ARE,2018,63.43765
United Arab Emirates,ARE,2019,71.37409
Uzbekistan,UZB,2014,1.26542
Uzbekistan,UZB,2015,1.27443
Uzbekistan,UZB,2016,1.36367
Uzbekistan,UZB,2017,2.64154
Zambia,ZMB,2000,4.80033
Zambia,ZMB,2003,4.77492
Zambia,ZMB,2005,6.7475