Entity,Code,Year,11.b.2 - Number of local governments (number) - SG_GOV_LOGV
Afghanistan,AFG,2017,373
Afghanistan,AFG,2018,373
Afghanistan,AFG,2019,383
Albania,ALB,2018,61
Algeria,DZA,2015,48
Algeria,DZA,2016,48
Algeria,DZA,2017,48
Algeria,DZA,2018,48
Algeria,DZA,2019,48
Algeria,DZA,2020,58
Angola,AGO,2014,18
Angola,AGO,2015,18
Angola,AGO,2016,18
Angola,AGO,2017,18
Angola,AGO,2018,18
Antigua and Barbuda,ATG,2008,1
Argentina,ARG,2016,1166
Argentina,ARG,2018,1166
Armenia,ARM,2017,793
Armenia,ARM,2018,502
Armenia,ARM,2019,502
Armenia,ARM,2020,502
Australia,AUS,2018,537
Australia,AUS,2019,394
Australia,AUS,2020,342
Austria,AUT,2018,2096
Bangladesh,BGD,2015,503
Bangladesh,BGD,2016,503
Bangladesh,BGD,2017,503
Bangladesh,BGD,2018,503
Bangladesh,BGD,2019,503
Bangladesh,BGD,2020,503
Barbados,BRB,2018,0
Belarus,BLR,2015,128
Belarus,BLR,2016,128
Belarus,BLR,2017,128
Belarus,BLR,2018,128
Belarus,BLR,2019,128
Belarus,BLR,2020,128
Benin,BEN,2005,77
Benin,BEN,2006,77
Benin,BEN,2007,77
Benin,BEN,2008,77
Benin,BEN,2009,77
Benin,BEN,2010,77
Benin,BEN,2011,77
Benin,BEN,2012,77
Benin,BEN,2013,77
Benin,BEN,2014,77
Benin,BEN,2015,77
Benin,BEN,2016,77
Benin,BEN,2017,77
Benin,BEN,2018,77
Benin,BEN,2019,77
Benin,BEN,2020,77
Bhutan,BTN,2017,20
Bhutan,BTN,2018,39
Bolivia,BOL,2015,339
Bolivia,BOL,2016,339
Bolivia,BOL,2017,340
Bolivia,BOL,2018,340
Bolivia,BOL,2019,340
Bolivia,BOL,2020,340
Bosnia and Herzegovina,BIH,2017,143
Bosnia and Herzegovina,BIH,2018,143
Botswana,BWA,2017,32
Botswana,BWA,2018,32
Bulgaria,BGR,2015,265
Bulgaria,BGR,2016,265
Bulgaria,BGR,2017,265
Bulgaria,BGR,2018,265
Bulgaria,BGR,2019,265
Bulgaria,BGR,2020,266
Burkina Faso,BFA,2015,410
Burkina Faso,BFA,2016,410
Burkina Faso,BFA,2017,410
Burkina Faso,BFA,2018,410
Burkina Faso,BFA,2019,410
Burundi,BDI,2015,120
Burundi,BDI,2018,119
Cambodia,KHM,2015,25
Cape Verde,CPV,2020,22
Cape Verde,CPV,2021,22
Chile,CHL,2005,345
Chile,CHL,2006,345
Chile,CHL,2007,345
Chile,CHL,2008,345
Chile,CHL,2009,345
Chile,CHL,2010,345
Chile,CHL,2011,345
Chile,CHL,2012,345
Chile,CHL,2013,345
Chile,CHL,2014,345
Chile,CHL,2015,345
Chile,CHL,2016,345
Chile,CHL,2017,345
Chile,CHL,2018,345
Chile,CHL,2019,345
Colombia,COL,2005,1102
Colombia,COL,2006,1102
Colombia,COL,2007,1102
Colombia,COL,2008,1102
Colombia,COL,2009,1102
Colombia,COL,2010,1102
Colombia,COL,2011,1102
Colombia,COL,2012,1102
Colombia,COL,2013,1102
Colombia,COL,2014,1102
Colombia,COL,2015,1102
Colombia,COL,2016,1102
Colombia,COL,2017,1102
Colombia,COL,2018,1102
Colombia,COL,2019,1102
Colombia,COL,2020,1102
Colombia,COL,2021,1102
Comoros,COM,2017,3
Costa Rica,CRI,2005,89
Costa Rica,CRI,2006,89
Costa Rica,CRI,2007,89
Costa Rica,CRI,2008,89
Costa Rica,CRI,2009,89
Costa Rica,CRI,2010,89
Costa Rica,CRI,2011,89
Costa Rica,CRI,2012,89
Costa Rica,CRI,2013,89
Costa Rica,CRI,2014,89
Costa Rica,CRI,2015,89
Costa Rica,CRI,2016,89
Costa Rica,CRI,2017,89
Costa Rica,CRI,2018,89
Costa Rica,CRI,2019,89
Costa Rica,CRI,2020,89
Cote d'Ivoire,CIV,2020,33
Croatia,HRV,2017,555
Czechia,CZE,2015,14
Czechia,CZE,2016,14
Czechia,CZE,2017,14
Denmark,DNK,2020,98
Ecuador,ECU,2010,221
Ecuador,ECU,2011,221
Ecuador,ECU,2012,221
Ecuador,ECU,2013,221
Ecuador,ECU,2014,221
Ecuador,ECU,2015,221
Ecuador,ECU,2016,221
Ecuador,ECU,2017,221
Ecuador,ECU,2018,221
Ecuador,ECU,2019,221
Egypt,EGY,2005,27
Egypt,EGY,2006,27
Egypt,EGY,2007,27
Egypt,EGY,2008,27
Egypt,EGY,2009,27
Egypt,EGY,2010,27
Egypt,EGY,2011,27
Egypt,EGY,2012,27
Egypt,EGY,2013,27
Egypt,EGY,2014,27
Egypt,EGY,2015,27
Egypt,EGY,2016,27
Egypt,EGY,2017,27
Egypt,EGY,2018,27
Egypt,EGY,2019,27
Egypt,EGY,2020,27
Estonia,EST,2005,241
Estonia,EST,2006,227
Estonia,EST,2007,227
Estonia,EST,2008,227
Estonia,EST,2009,227
Estonia,EST,2010,226
Estonia,EST,2011,226
Estonia,EST,2012,226
Estonia,EST,2013,226
Estonia,EST,2014,215
Estonia,EST,2015,215
Estonia,EST,2016,213
Estonia,EST,2017,213
Estonia,EST,2018,79
Estonia,EST,2019,79
Eswatini,SWZ,2015,353
Eswatini,SWZ,2016,353
Eswatini,SWZ,2017,353
Eswatini,SWZ,2018,353
Ethiopia,ETH,2015,9
Ethiopia,ETH,2018,9
Ethiopia,ETH,2019,9
Fiji,FJI,2015,4
Fiji,FJI,2016,4
Fiji,FJI,2017,13
Fiji,FJI,2018,13
Fiji,FJI,2019,13
Fiji,FJI,2020,13
Finland,FIN,2015,317
Finland,FIN,2016,313
Finland,FIN,2017,311
Finland,FIN,2018,311
Finland,FIN,2019,310
France,FRA,2016,101
France,FRA,2017,101
France,FRA,2018,101
Gambia,GMB,2017,7
Gambia,GMB,2018,7
Georgia,GEO,2014,68
Georgia,GEO,2015,68
Georgia,GEO,2017,68
Georgia,GEO,2018,68
Georgia,GEO,2020,68
Germany,DEU,2015,11092
Germany,DEU,2016,11059
Germany,DEU,2017,11059
Germany,DEU,2018,11014
Ghana,GHA,2019,260
Ghana,GHA,2020,276
Guatemala,GTM,2005,0
Guatemala,GTM,2006,0
Guatemala,GTM,2007,0
Guatemala,GTM,2008,0
Guatemala,GTM,2009,0
Guatemala,GTM,2010,0
Guatemala,GTM,2011,0
Guatemala,GTM,2012,0
Guatemala,GTM,2013,0
Guatemala,GTM,2014,0
Guatemala,GTM,2015,340
Guatemala,GTM,2016,340
Guatemala,GTM,2017,340
Guatemala,GTM,2018,340
Guatemala,GTM,2019,340
Guatemala,GTM,2020,340
India,IND,2015,684
India,IND,2018,718
India,IND,2019,720
India,IND,2020,734
Indonesia,IDN,2012,514
Indonesia,IDN,2013,514
Indonesia,IDN,2014,514
Indonesia,IDN,2015,514
Indonesia,IDN,2016,514
Indonesia,IDN,2017,514
Indonesia,IDN,2018,514
Indonesia,IDN,2019,514
Indonesia,IDN,2020,514
Iraq,IRQ,2018,18
Ireland,IRL,2015,8
Ireland,IRL,2016,8
Ireland,IRL,2017,8
Jamaica,JAM,2020,14
Japan,JPN,2011,1716
Japan,JPN,2012,1716
Japan,JPN,2013,1716
Japan,JPN,2014,1716
Japan,JPN,2015,1788
Japan,JPN,2016,1788
Japan,JPN,2017,1788
Japan,JPN,2018,1788
Japan,JPN,2019,1788
Japan,JPN,2020,1788
Jordan,JOR,2005,12
Jordan,JOR,2006,12
Jordan,JOR,2007,12
Jordan,JOR,2008,12
Jordan,JOR,2009,12
Jordan,JOR,2010,12
Jordan,JOR,2011,12
Jordan,JOR,2012,12
Jordan,JOR,2013,12
Jordan,JOR,2014,12
Jordan,JOR,2015,12
Jordan,JOR,2016,12
Jordan,JOR,2017,12
Jordan,JOR,2018,12
Jordan,JOR,2019,12
Kazakhstan,KAZ,2017,17
Kazakhstan,KAZ,2018,17
Kazakhstan,KAZ,2019,17
Kazakhstan,KAZ,2020,17
Kiribati,KIR,2014,23
Kiribati,KIR,2015,23
Kiribati,KIR,2016,23
Kiribati,KIR,2017,23
Kiribati,KIR,2018,23
Kiribati,KIR,2019,23
Kiribati,KIR,2020,23
Kuwait,KWT,2005,8
Kuwait,KWT,2006,8
Kuwait,KWT,2007,8
Kuwait,KWT,2008,8
Kuwait,KWT,2009,8
Kuwait,KWT,2010,8
Kuwait,KWT,2011,8
Kuwait,KWT,2012,8
Kuwait,KWT,2013,8
Kuwait,KWT,2014,8
Kuwait,KWT,2015,8
Kuwait,KWT,2016,8
Kuwait,KWT,2017,8
Kyrgyzstan,KGZ,2015,0
Kyrgyzstan,KGZ,2016,0
Kyrgyzstan,KGZ,2017,0
Kyrgyzstan,KGZ,2018,484
Kyrgyzstan,KGZ,2019,484
Lebanon,LBN,2017,8
Lebanon,LBN,2018,0
Lebanon,LBN,2019,8
Liberia,LBR,2020,15
Lithuania,LTU,2020,100
Malawi,MWI,2015,34
Malawi,MWI,2016,34
Malawi,MWI,2017,34
Malawi,MWI,2018,34
Malawi,MWI,2019,34
Malawi,MWI,2020,34
Malaysia,MYS,2005,14
Malaysia,MYS,2006,14
Malaysia,MYS,2007,14
Malaysia,MYS,2008,14
Malaysia,MYS,2009,14
Malaysia,MYS,2010,14
Malaysia,MYS,2011,14
Malaysia,MYS,2012,14
Malaysia,MYS,2013,14
Malaysia,MYS,2014,14
Malaysia,MYS,2015,14
Malaysia,MYS,2016,14
Malaysia,MYS,2017,14
Malaysia,MYS,2018,14
Malaysia,MYS,2019,14
Malaysia,MYS,2020,14
Maldives,MDV,2017,190
Marshall Islands,MHL,2014,24
Marshall Islands,MHL,2015,24
Marshall Islands,MHL,2016,24
Marshall Islands,MHL,2017,24
Marshall Islands,MHL,2018,24
Marshall Islands,MHL,2019,24
Marshall Islands,MHL,2020,24
Mexico,MEX,2015,32
Mexico,MEX,2016,32
Mexico,MEX,2017,32
Mexico,MEX,2018,32
Mexico,MEX,2019,32
Mexico,MEX,2020,32
Micronesia (country),FSM,2015,4
Micronesia (country),FSM,2016,4
Micronesia (country),FSM,2017,4
Micronesia (country),FSM,2018,4
Micronesia (country),FSM,2019,4
Micronesia (country),FSM,2020,4
Monaco,MCO,2017,1
Monaco,MCO,2018,1
Mongolia,MNG,2015,0
Mongolia,MNG,2016,22
Mongolia,MNG,2017,22
Mongolia,MNG,2018,22
Mongolia,MNG,2019,22
Mongolia,MNG,2020,22
Montenegro,MNE,2018,24
Mozambique,MOZ,2017,11
Myanmar,MMR,2005,15
Myanmar,MMR,2006,15
Myanmar,MMR,2007,15
Myanmar,MMR,2008,15
Myanmar,MMR,2009,15
Myanmar,MMR,2010,15
Myanmar,MMR,2011,15
Myanmar,MMR,2012,15
Myanmar,MMR,2013,15
Myanmar,MMR,2014,15
Myanmar,MMR,2015,15
Myanmar,MMR,2016,15
Myanmar,MMR,2017,15
Namibia,NAM,2015,14
Namibia,NAM,2016,14
Namibia,NAM,2017,14
Namibia,NAM,2018,57
Namibia,NAM,2019,57
Namibia,NAM,2020,0
Nauru,NRU,2015,1
Nauru,NRU,2016,1
Nauru,NRU,2017,1
Nauru,NRU,2018,1
Nauru,NRU,2019,1
Nauru,NRU,2020,1
Nepal,NPL,2005,3973
Nepal,NPL,2006,3973
Nepal,NPL,2007,3973
Nepal,NPL,2008,3973
Nepal,NPL,2009,3973
Nepal,NPL,2010,3973
Nepal,NPL,2011,3973
Nepal,NPL,2012,3973
Nepal,NPL,2013,3973
Nepal,NPL,2014,3467
Nepal,NPL,2015,3374
Nepal,NPL,2016,3374
Nepal,NPL,2017,753
Nepal,NPL,2018,753
Nepal,NPL,2019,753
Netherlands,NLD,2017,25
New Zealand,NZL,2015,16
New Zealand,NZL,2016,16
New Zealand,NZL,2017,16
New Zealand,NZL,2018,16
New Zealand,NZL,2019,16
New Zealand,NZL,2020,16
Niger,NER,2015,274
Niger,NER,2016,232
Niger,NER,2017,274
Niger,NER,2018,274
Norway,NOR,2012,353
Norway,NOR,2014,371
Norway,NOR,2015,384
Norway,NOR,2016,376
Norway,NOR,2017,373
Norway,NOR,2018,366
Norway,NOR,2019,402
Pakistan,PAK,2019,152
Pakistan,PAK,2020,152
Palau,PLW,2020,16
Palestine,PSE,2015,11
Palestine,PSE,2016,11
Palestine,PSE,2017,11
Palestine,PSE,2018,11
Papua New Guinea,PNG,2015,22
Papua New Guinea,PNG,2016,22
Papua New Guinea,PNG,2017,22
Papua New Guinea,PNG,2018,22
Papua New Guinea,PNG,2019,22
Papua New Guinea,PNG,2020,22
Peru,PER,2017,1874
Peru,PER,2018,1874
Peru,PER,2019,1874
Peru,PER,2020,1874
Philippines,PHL,2018,1715
Philippines,PHL,2019,1715
Philippines,PHL,2020,1715
Poland,POL,2015,16
Poland,POL,2016,16
Poland,POL,2017,16
Poland,POL,2018,16
Poland,POL,2019,16
Poland,POL,2020,16
Portugal,PRT,2010,308
Portugal,PRT,2011,308
Portugal,PRT,2012,308
Portugal,PRT,2013,308
Portugal,PRT,2014,308
Portugal,PRT,2015,308
Portugal,PRT,2016,308
Portugal,PRT,2017,308
Portugal,PRT,2018,308
Portugal,PRT,2019,308
Portugal,PRT,2020,308
Qatar,QAT,2005,1
Qatar,QAT,2006,1
Qatar,QAT,2007,1
Qatar,QAT,2008,1
Qatar,QAT,2009,1
Qatar,QAT,2010,1
Qatar,QAT,2011,1
Qatar,QAT,2012,1
Qatar,QAT,2013,1
Qatar,QAT,2014,1
Qatar,QAT,2015,1
Qatar,QAT,2016,1
Qatar,QAT,2017,1
Qatar,QAT,2018,1
Qatar,QAT,2019,1
Qatar,QAT,2020,1
Qatar,QAT,2021,1
Romania,ROU,2005,3181
Romania,ROU,2006,3181
Romania,ROU,2007,3181
Romania,ROU,2008,3181
Romania,ROU,2009,3181
Romania,ROU,2010,3181
Romania,ROU,2011,3181
Romania,ROU,2012,3181
Romania,ROU,2013,3181
Romania,ROU,2014,3181
Romania,ROU,2015,3181
Romania,ROU,2016,3181
Romania,ROU,2017,3181
Romania,ROU,2018,3181
Romania,ROU,2019,3181
Russia,RUS,2014,22777
Russia,RUS,2015,22923
Russia,RUS,2016,22406
Russia,RUS,2017,22324
Russia,RUS,2018,21945
Russia,RUS,2019,21501
Russia,RUS,2020,20846
Samoa,WSM,2017,14
Samoa,WSM,2018,14
Samoa,WSM,2019,14
Samoa,WSM,2020,14
Saudi Arabia,SAU,2019,13
Saudi Arabia,SAU,2020,13
Serbia,SRB,2010,174
Serbia,SRB,2011,174
Serbia,SRB,2017,174
Serbia,SRB,2018,174
Slovenia,SVN,2015,212
Slovenia,SVN,2016,212
Slovenia,SVN,2017,212
Slovenia,SVN,2018,212
Slovenia,SVN,2019,212
Slovenia,SVN,2020,212
Solomon Islands,SLB,2014,10
Solomon Islands,SLB,2015,10
Solomon Islands,SLB,2016,10
Solomon Islands,SLB,2017,10
Solomon Islands,SLB,2018,10
Solomon Islands,SLB,2019,10
Solomon Islands,SLB,2020,10
Somalia,SOM,2017,7
Somalia,SOM,2018,7
South Africa,ZAF,2015,52
South Africa,ZAF,2016,52
South Africa,ZAF,2017,52
South Africa,ZAF,2020,52
South Korea,KOR,2015,243
South Korea,KOR,2016,243
South Korea,KOR,2017,243
South Korea,KOR,2018,243
South Korea,KOR,2019,243
South Korea,KOR,2020,243
Sri Lanka,LKA,2016,335
Sri Lanka,LKA,2020,341
Sudan,SDN,2015,1
Sudan,SDN,2018,18
Sudan,SDN,2019,18
Sweden,SWE,2015,290
Sweden,SWE,2016,290
Sweden,SWE,2017,0
Sweden,SWE,2018,290
Sweden,SWE,2019,290
Switzerland,CHE,2017,26
Tajikistan,TJK,2015,65
Tajikistan,TJK,2016,65
Tajikistan,TJK,2017,65
Tajikistan,TJK,2018,65
Tajikistan,TJK,2019,65
Tajikistan,TJK,2020,65
Tanzania,TZA,2015,188
Tanzania,TZA,2016,188
Tanzania,TZA,2017,188
Tanzania,TZA,2018,188
Thailand,THA,2015,7852
Thailand,THA,2016,7852
Thailand,THA,2017,7852
Thailand,THA,2018,7852
Thailand,THA,2019,7852
Thailand,THA,2020,7852
Togo,TGO,2016,0
Togo,TGO,2017,0
Togo,TGO,2018,0
Togo,TGO,2019,0
Togo,TGO,2020,1
Tonga,TON,2019,6
Tonga,TON,2020,6
Trinidad and Tobago,TTO,2015,15
Trinidad and Tobago,TTO,2016,15
Trinidad and Tobago,TTO,2017,15
Trinidad and Tobago,TTO,2018,15
Trinidad and Tobago,TTO,2019,15
Trinidad and Tobago,TTO,2020,15
Turkey,TUR,2017,1
Turkmenistan,TKM,2019,6
Tuvalu,TUV,2016,0
Tuvalu,TUV,2017,9
Tuvalu,TUV,2018,9
Tuvalu,TUV,2019,9
Tuvalu,TUV,2020,9
Uganda,UGA,2017,112
Uganda,UGA,2019,135
Ukraine,UKR,2013,27
Ukraine,UKR,2014,27
Ukraine,UKR,2015,25
Ukraine,UKR,2016,27
Ukraine,UKR,2017,27
Ukraine,UKR,2018,27
Ukraine,UKR,2019,27
Ukraine,UKR,2020,27
United Arab Emirates,ARE,2019,7
United Arab Emirates,ARE,2020,7
United Kingdom,GBR,2018,41
United Kingdom,GBR,2019,41
United Kingdom,GBR,2020,41
United Kingdom,GBR,2021,42
United States,USA,2015,56
United States,USA,2016,56
United States,USA,2017,56
United States,USA,2018,56
United States,USA,2019,56
Uruguay,URY,2017,19
Uruguay,URY,2018,19
Uruguay,URY,2019,19
Uruguay,URY,2020,19
Uzbekistan,UZB,2019,14
Uzbekistan,UZB,2020,200
Vanuatu,VUT,2015,6
Vanuatu,VUT,2016,6
Vanuatu,VUT,2017,6
Vanuatu,VUT,2018,6
Vanuatu,VUT,2019,6
Vanuatu,VUT,2020,6
Zimbabwe,ZWE,2017,72
Zimbabwe,ZWE,2018,72
Zimbabwe,ZWE,2019,72