Entity,Code,Year,15.2.1 - Above-ground biomass in forest (tonnes per hectare) - AG_LND_FRSTBIOPHA
Africa,,2000,129.46702
Africa,,2010,129.85605
Africa,,2015,129.87578
Africa,,2016,129.96661
Africa,,2017,129.76537
Africa,,2018,129.80609
Africa,,2019,129.84645
Africa,,2020,129.8843
Algeria,DZA,2000,29.16
Algeria,DZA,2010,29.38
Algeria,DZA,2015,29.51
Algeria,DZA,2016,29.41
Algeria,DZA,2017,29.38
Algeria,DZA,2018,29.18
Algeria,DZA,2019,29.37
Algeria,DZA,2020,29.39
American Samoa,ASM,2000,125.13
American Samoa,ASM,2010,137.85
American Samoa,ASM,2015,143.91
American Samoa,ASM,2016,145.33
American Samoa,ASM,2017,146.75
American Samoa,ASM,2018,148.18
American Samoa,ASM,2019,149.35
American Samoa,ASM,2020,150.79
Americas,,2000,140.77998
Americas,,2010,141.46009
Americas,,2015,142.21661
Americas,,2016,142.37236
Americas,,2017,142.54211
Americas,,2018,142.7129
Americas,,2019,142.74499
Americas,,2020,142.77674
Andorra,AND,2000,154
Andorra,AND,2010,154
Andorra,AND,2015,154
Andorra,AND,2016,154
Andorra,AND,2017,154
Andorra,AND,2018,154
Andorra,AND,2019,154
Andorra,AND,2020,154
Angola,AGO,2000,30.3
Angola,AGO,2010,30.3
Angola,AGO,2015,30.3
Angola,AGO,2016,30.3
Angola,AGO,2017,30.3
Angola,AGO,2018,30.3
Angola,AGO,2019,30.3
Angola,AGO,2020,30.3
Anguilla,AIA,2000,210
Anguilla,AIA,2010,210
Anguilla,AIA,2015,210
Anguilla,AIA,2016,210
Anguilla,AIA,2017,210
Anguilla,AIA,2018,210
Anguilla,AIA,2019,210
Anguilla,AIA,2020,210
Antigua and Barbuda,ATG,2000,210
Antigua and Barbuda,ATG,2010,210
Antigua and Barbuda,ATG,2015,210
Antigua and Barbuda,ATG,2016,210
Antigua and Barbuda,ATG,2017,210
Antigua and Barbuda,ATG,2018,210
Antigua and Barbuda,ATG,2019,210
Antigua and Barbuda,ATG,2020,210
Argentina,ARG,2000,177.07
Argentina,ARG,2010,182.12
Argentina,ARG,2015,184.34
Argentina,ARG,2016,184.59
Argentina,ARG,2017,184.88
Argentina,ARG,2018,185.17
Argentina,ARG,2019,185.45
Argentina,ARG,2020,185.74
Armenia,ARM,2000,81.38
Armenia,ARM,2010,80.06
Armenia,ARM,2015,80.72
Armenia,ARM,2016,80.72
Armenia,ARM,2017,80.72
Armenia,ARM,2018,80.72
Armenia,ARM,2019,80.72
Armenia,ARM,2020,80.72
Asia,,2000,99.72413
Asia,,2010,98.39663
Asia,,2015,99.85788
Asia,,2016,100.15988
Asia,,2017,100.18309
Asia,,2018,100.22747
Asia,,2019,100.26075
Asia,,2020,100.29973
Australia,AUS,2000,85.56
Australia,AUS,2010,86.36
Australia,AUS,2015,84.56
Australia,AUS,2016,83.96
Australia,AUS,2017,83.97
Australia,AUS,2018,83.98
Australia,AUS,2019,83.98
Australia,AUS,2020,83.98
Australia and New Zealand,,2000,98.96746
Australia and New Zealand,,2010,100.69901
Australia and New Zealand,,2015,98.94611
Australia and New Zealand,,2016,98.34443
Australia and New Zealand,,2017,98.38458
Australia and New Zealand,,2018,98.4373
Australia and New Zealand,,2019,98.46587
Australia and New Zealand,,2020,98.46301
Austria,AUT,2000,157.4
Austria,AUT,2010,164.5
Austria,AUT,2015,168.4
Austria,AUT,2016,169.1
Austria,AUT,2017,169.9
Austria,AUT,2018,170.7
Austria,AUT,2019,171.5
Austria,AUT,2020,172.3
Bahamas,BHS,2000,39.8
Bahamas,BHS,2010,39.8
Bahamas,BHS,2015,39.8
Bahamas,BHS,2016,39.8
Bahamas,BHS,2017,39.8
Bahamas,BHS,2018,39.8
Bahamas,BHS,2019,39.8
Bahamas,BHS,2020,39.8
Bangladesh,BGD,2000,62.82
Bangladesh,BGD,2010,62.82
Bangladesh,BGD,2015,62.82
Bangladesh,BGD,2016,62.82
Bangladesh,BGD,2017,62.82
Bangladesh,BGD,2018,62.82
Bangladesh,BGD,2019,62.82
Bangladesh,BGD,2020,62.82
Belarus,BLR,2000,114.6
Belarus,BLR,2010,135.8
Belarus,BLR,2015,146.8
Belarus,BLR,2016,148.8
Belarus,BLR,2017,150.8
Belarus,BLR,2018,152.3
Belarus,BLR,2019,154.6
Belarus,BLR,2020,156.1
Belgium,BEL,2000,148.48
Belgium,BEL,2010,164.54
Belgium,BEL,2015,172.3
Belgium,BEL,2016,172.3
Belgium,BEL,2017,172.3
Belgium,BEL,2018,172.3
Belgium,BEL,2019,172.3
Belgium,BEL,2020,172.3
Belize,BLZ,2000,211
Belize,BLZ,2010,211
Belize,BLZ,2015,211
Belize,BLZ,2016,211
Belize,BLZ,2017,211
Belize,BLZ,2018,211
Belize,BLZ,2019,211
Belize,BLZ,2020,211
Benin,BEN,2000,103.56
Benin,BEN,2010,103.56
Benin,BEN,2015,103.56
Benin,BEN,2016,103.56
Benin,BEN,2017,103.56
Benin,BEN,2018,103.56
Benin,BEN,2019,103.56
Benin,BEN,2020,103.56
Bhutan,BTN,2000,269.32
Bhutan,BTN,2010,269.32
Bhutan,BTN,2015,269.32
Bhutan,BTN,2016,269.32
Bhutan,BTN,2017,269.32
Bhutan,BTN,2018,269.32
Bhutan,BTN,2019,269.32
Bhutan,BTN,2020,269.32
Bolivia,BOL,2000,131.26
Bolivia,BOL,2010,131.26
Bolivia,BOL,2015,131.26
Bolivia,BOL,2016,131.26
Bolivia,BOL,2017,131.26
Bolivia,BOL,2018,131.26
Bolivia,BOL,2019,131.26
Bolivia,BOL,2020,131.26
Bosnia and Herzegovina,BIH,2000,156.36
Bosnia and Herzegovina,BIH,2010,156.36
Bosnia and Herzegovina,BIH,2015,156.36
Bosnia and Herzegovina,BIH,2016,156.36
Bosnia and Herzegovina,BIH,2017,156.36
Bosnia and Herzegovina,BIH,2018,156.36
Bosnia and Herzegovina,BIH,2019,156.36
Bosnia and Herzegovina,BIH,2020,156.36
Botswana,BWA,2000,155.25
Botswana,BWA,2010,155.25
Botswana,BWA,2015,155.25
Botswana,BWA,2016,155.25
Botswana,BWA,2017,155.25
Botswana,BWA,2018,155.25
Botswana,BWA,2019,155.25
Botswana,BWA,2020,155.25
Brazil,BRA,2000,166.3
Brazil,BRA,2010,169.44
Brazil,BRA,2015,171.08
Brazil,BRA,2016,171.26
Brazil,BRA,2017,171.44
Brazil,BRA,2018,171.63
Brazil,BRA,2019,171.78
Brazil,BRA,2020,171.92
British Virgin Islands,VGB,2000,210
British Virgin Islands,VGB,2010,210
British Virgin Islands,VGB,2015,210
British Virgin Islands,VGB,2016,210
British Virgin Islands,VGB,2017,210
British Virgin Islands,VGB,2018,210
British Virgin Islands,VGB,2019,210
British Virgin Islands,VGB,2020,210
Brunei,BRN,2000,247
Brunei,BRN,2010,247
Brunei,BRN,2015,247
Brunei,BRN,2016,247
Brunei,BRN,2017,247
Brunei,BRN,2018,247
Brunei,BRN,2019,247
Brunei,BRN,2020,247
Bulgaria,BGR,2000,139.9
Bulgaria,BGR,2010,157.63
Bulgaria,BGR,2015,161.84
Bulgaria,BGR,2016,165.25
Bulgaria,BGR,2017,169.14
Bulgaria,BGR,2018,172.87
Bulgaria,BGR,2019,176.68
Bulgaria,BGR,2020,180.5
Burkina Faso,BFA,2000,59.27
Burkina Faso,BFA,2010,53.98
Burkina Faso,BFA,2015,52.21
Burkina Faso,BFA,2016,50.38
Burkina Faso,BFA,2017,49.75
Burkina Faso,BFA,2018,49.11
Burkina Faso,BFA,2019,48.45
Burkina Faso,BFA,2020,47.79
Burundi,BDI,2000,114.03
Burundi,BDI,2010,114.03
Burundi,BDI,2015,119.38
Burundi,BDI,2016,119.38
Burundi,BDI,2017,119.38
Burundi,BDI,2018,119.38
Burundi,BDI,2019,119.38
Burundi,BDI,2020,119.38
Cambodia,KHM,2000,69.3
Cambodia,KHM,2010,69.3
Cambodia,KHM,2015,69.3
Cambodia,KHM,2016,69.3
Cambodia,KHM,2017,69.3
Cambodia,KHM,2018,69.3
Cambodia,KHM,2019,69.3
Cambodia,KHM,2020,69.3
Cameroon,CMR,2000,265.05
Cameroon,CMR,2010,265.05
Cameroon,CMR,2015,265.05
Cameroon,CMR,2016,265.05
Cameroon,CMR,2017,265.05
Cameroon,CMR,2018,265.05
Cameroon,CMR,2019,265.05
Cameroon,CMR,2020,265.05
Canada,CAN,2000,94.64
Canada,CAN,2010,91.16
Canada,CAN,2015,90.49
Canada,CAN,2016,90.43
Canada,CAN,2017,90.43
Canada,CAN,2018,90.43
Canada,CAN,2019,90.43
Canada,CAN,2020,90.43
Cape Verde,CPV,2000,95
Cape Verde,CPV,2010,95
Cape Verde,CPV,2015,95
Cape Verde,CPV,2016,95
Cape Verde,CPV,2017,95
Cape Verde,CPV,2018,95
Cape Verde,CPV,2019,95
Cape Verde,CPV,2020,95
Caribbean,,2000,102.80362
Caribbean,,2010,104.07266
Caribbean,,2015,104.35411
Caribbean,,2016,104.48126
Caribbean,,2017,104.53788
Caribbean,,2018,104.56353
Caribbean,,2019,104.5884
Caribbean,,2020,104.61348
Central African Republic,CAF,2000,217.09
Central African Republic,CAF,2010,217.09
Central African Republic,CAF,2015,217.09
Central African Republic,CAF,2016,217.09
Central African Republic,CAF,2017,217.09
Central African Republic,CAF,2018,217.09
Central African Republic,CAF,2019,217.09
Central African Republic,CAF,2020,217.09
Central America,,2000,69.12862
Central America,,2010,72.85726
Central America,,2015,72.78662
Central America,,2016,72.775
Central America,,2017,72.76324
Central America,,2018,72.75141
Central America,,2019,72.73949
Central America,,2020,72.72751
Central Asia,,2000,38.26945
Central Asia,,2010,42.13471
Central Asia,,2015,42.89405
Central Asia,,2016,42.88598
Central Asia,,2017,42.8635
Central Asia,,2018,43.37657
Central Asia,,2019,43.35568
Central Asia,,2020,43.33897
Central and Southern Asia,,2000,84.02158
Central and Southern Asia,,2010,83.2531
Central and Southern Asia,,2015,83.70675
Central and Southern Asia,,2016,83.64446
Central and Southern Asia,,2017,83.58243
Central and Southern Asia,,2018,83.57166
Central and Southern Asia,,2019,83.5017
Central and Southern Asia,,2020,83.43823
Chad,TCD,2000,91.4
Chad,TCD,2010,91.34
Chad,TCD,2015,91.29
Chad,TCD,2016,91.27
Chad,TCD,2017,91.28
Chad,TCD,2018,91.27
Chad,TCD,2019,91.25
Chad,TCD,2020,91.23
Chile,CHL,2000,221.86
Chile,CHL,2010,219.75
Chile,CHL,2015,219.42
Chile,CHL,2016,219.47
Chile,CHL,2017,219.42
Chile,CHL,2018,219.37
Chile,CHL,2019,219.32
Chile,CHL,2020,219.27
China,CHN,2000,54.54
China,CHN,2010,55.72
China,CHN,2015,60.75
China,CHN,2016,61.76
China,CHN,2017,62.52
China,CHN,2018,63.26
China,CHN,2019,64
China,CHN,2020,64.72
Colombia,COL,2000,184.13
Colombia,COL,2010,184.13
Colombia,COL,2015,184.13
Colombia,COL,2016,184.13
Colombia,COL,2017,184.13
Colombia,COL,2018,184.13
Colombia,COL,2019,184.13
Colombia,COL,2020,184.13
Comoros,COM,2000,66
Comoros,COM,2010,66
Comoros,COM,2015,66
Comoros,COM,2016,66
Comoros,COM,2017,66
Comoros,COM,2018,66
Comoros,COM,2019,66
Comoros,COM,2020,66
Congo,COG,2000,198.8
Congo,COG,2010,198.8
Congo,COG,2015,198.8
Congo,COG,2016,198.8
Congo,COG,2017,198.8
Congo,COG,2018,198.8
Congo,COG,2019,198.8
Congo,COG,2020,198.8
Costa Rica,CRI,2000,196
Costa Rica,CRI,2010,196
Costa Rica,CRI,2015,196
Costa Rica,CRI,2016,196
Costa Rica,CRI,2017,196
Costa Rica,CRI,2018,196
Costa Rica,CRI,2019,196
Costa Rica,CRI,2020,196
Cote d'Ivoire,CIV,2000,94.45
Cote d'Ivoire,CIV,2010,94.45
Cote d'Ivoire,CIV,2015,94.45
Cote d'Ivoire,CIV,2016,94.45
Cote d'Ivoire,CIV,2017,94.45
Cote d'Ivoire,CIV,2018,94.45
Cote d'Ivoire,CIV,2019,94.45
Cote d'Ivoire,CIV,2020,94.45
Croatia,HRV,2000,169.55
Croatia,HRV,2010,168.6
Croatia,HRV,2015,170.53
Croatia,HRV,2016,171.84
Croatia,HRV,2017,172.2
Croatia,HRV,2018,172.75
Croatia,HRV,2019,173.38
Croatia,HRV,2020,174.01
Cuba,CUB,2000,116.32
Cuba,CUB,2010,113.04
Cuba,CUB,2015,113.42
Cuba,CUB,2016,113.51
Cuba,CUB,2017,113.59
Cuba,CUB,2018,113.59
Cuba,CUB,2019,113.59
Cuba,CUB,2020,113.59
Curacao,CUW,2000,79
Curacao,CUW,2010,79
Curacao,CUW,2015,79
Curacao,CUW,2016,79
Curacao,CUW,2017,79
Curacao,CUW,2018,79
Curacao,CUW,2019,79
Curacao,CUW,2020,79
Cyprus,CYP,2000,27.73
Cyprus,CYP,2010,34.44
Cyprus,CYP,2015,38.64
Cyprus,CYP,2016,39.3
Cyprus,CYP,2017,39.94
Cyprus,CYP,2018,40.62
Cyprus,CYP,2019,41.26
Cyprus,CYP,2020,41.93
Czechia,CZE,2000,145.14
Czechia,CZE,2010,156.19
Czechia,CZE,2015,158.7
Czechia,CZE,2016,159.4
Czechia,CZE,2017,160.1
Czechia,CZE,2018,161.49
Czechia,CZE,2019,162.36
Czechia,CZE,2020,163.23
Democratic Republic of Congo,COD,2000,231
Democratic Republic of Congo,COD,2010,231
Democratic Republic of Congo,COD,2015,231
Democratic Republic of Congo,COD,2016,231
Democratic Republic of Congo,COD,2017,231
Democratic Republic of Congo,COD,2018,231
Democratic Republic of Congo,COD,2019,231
Democratic Republic of Congo,COD,2020,231
Denmark,DNK,2000,100.47
Denmark,DNK,2010,106.86
Denmark,DNK,2015,112.15
Denmark,DNK,2016,112.38
Denmark,DNK,2017,112.58
Denmark,DNK,2018,112.76
Denmark,DNK,2019,112.93
Denmark,DNK,2020,113.1
Djibouti,DJI,2000,89.6
Djibouti,DJI,2010,89.6
Djibouti,DJI,2015,89.6
Djibouti,DJI,2016,89.6
Djibouti,DJI,2017,89.44
Djibouti,DJI,2018,88.96
Djibouti,DJI,2019,88.03
Djibouti,DJI,2020,86.51
Dominican Republic,DOM,2000,82.7
Dominican Republic,DOM,2010,82.7
Dominican Republic,DOM,2015,82.7
Dominican Republic,DOM,2016,82.7
Dominican Republic,DOM,2017,82.7
Dominican Republic,DOM,2018,82.7
Dominican Republic,DOM,2019,82.7
Dominican Republic,DOM,2020,82.7
Eastern Africa,,2000,82.73428
Eastern Africa,,2010,82.43071
Eastern Africa,,2015,82.55303
Eastern Africa,,2016,82.62943
Eastern Africa,,2017,81.78039
Eastern Africa,,2018,81.84868
Eastern Africa,,2019,81.89212
Eastern Africa,,2020,81.94003
Eastern Asia,,2000,58.61325
Eastern Asia,,2010,61.79192
Eastern Asia,,2015,66.5856
Eastern Asia,,2016,67.52246
Eastern Asia,,2017,68.26401
Eastern Asia,,2018,68.89503
Eastern Asia,,2019,69.52583
Eastern Asia,,2020,70.14047
Eastern Europe,,2000,72.48839
Eastern Europe,,2010,77.0643
Eastern Europe,,2015,79.98878
Eastern Europe,,2016,80.44013
Eastern Europe,,2017,80.81267
Eastern Europe,,2018,81.16236
Eastern Europe,,2019,81.52934
Eastern Europe,,2020,81.8882
Eastern and South-Eastern Asia,,2000,106.5984
Eastern and South-Eastern Asia,,2010,104.78215
Eastern and South-Eastern Asia,,2015,106.46085
Eastern and South-Eastern Asia,,2016,106.73268
Eastern and South-Eastern Asia,,2017,106.80127
Eastern and South-Eastern Asia,,2018,106.8785
Eastern and South-Eastern Asia,,2019,106.95521
Eastern and South-Eastern Asia,,2020,107.03754
Ecuador,ECU,2000,177.02
Ecuador,ECU,2010,177.02
Ecuador,ECU,2015,177.02
Ecuador,ECU,2016,177.02
Ecuador,ECU,2017,177.02
Ecuador,ECU,2018,177.02
Ecuador,ECU,2019,177.02
Ecuador,ECU,2020,177.02
Egypt,EGY,2000,120
Egypt,EGY,2010,120
Egypt,EGY,2015,120
Egypt,EGY,2016,120
Egypt,EGY,2017,120
Egypt,EGY,2018,120
Egypt,EGY,2019,120
Egypt,EGY,2020,120
El Salvador,SLV,2000,113.61
El Salvador,SLV,2010,113.61
El Salvador,SLV,2015,113.61
El Salvador,SLV,2016,113.61
El Salvador,SLV,2017,113.61
El Salvador,SLV,2018,113.61
El Salvador,SLV,2019,113.61
El Salvador,SLV,2020,113.61
Equatorial Guinea,GNQ,2000,214.5
Equatorial Guinea,GNQ,2010,214.5
Equatorial Guinea,GNQ,2015,214.5
Equatorial Guinea,GNQ,2016,214.5
Equatorial Guinea,GNQ,2017,214.5
Equatorial Guinea,GNQ,2018,214.5
Equatorial Guinea,GNQ,2019,214.5
Equatorial Guinea,GNQ,2020,214.5
Eritrea,ERI,2000,71.92
Eritrea,ERI,2010,72.12
Eritrea,ERI,2015,72.38
Eritrea,ERI,2016,72.4
Eritrea,ERI,2017,72.44
Eritrea,ERI,2018,72.43
Eritrea,ERI,2019,72.46
Eritrea,ERI,2020,72.52
Estonia,EST,2000,109.47
Estonia,EST,2010,111.64
Estonia,EST,2015,116.14
Estonia,EST,2016,116.32
Estonia,EST,2017,115.87
Estonia,EST,2018,115.87
Estonia,EST,2019,115.87
Estonia,EST,2020,115.87
Eswatini,SWZ,2000,77.4
Eswatini,SWZ,2010,76.71
Eswatini,SWZ,2015,76.37
Eswatini,SWZ,2016,76.31
Eswatini,SWZ,2017,76.24
Eswatini,SWZ,2018,76.18
Eswatini,SWZ,2019,76.11
Eswatini,SWZ,2020,76.05
Ethiopia,ETH,2000,124.11
Ethiopia,ETH,2010,122.86
Ethiopia,ETH,2015,122.1
Ethiopia,ETH,2016,121.94
Ethiopia,ETH,2017,121.79
Ethiopia,ETH,2018,121.63
Ethiopia,ETH,2019,121.47
Ethiopia,ETH,2020,121.31
Europe,,2000,74.19275
Europe,,2010,79.1489
Europe,,2015,82.25205
Europe,,2016,82.7358
Europe,,2017,83.12965
Europe,,2018,83.49788
Europe,,2019,83.88434
Europe,,2020,84.26504
Europe and Northern America,,2000,80.45804
Europe and Northern America,,2010,83.61052
Europe and Northern America,,2015,85.88649
Europe and Northern America,,2016,86.30552
Europe and Northern America,,2017,86.66462
Europe and Northern America,,2018,87.00439
Europe and Northern America,,2019,87.23861
Europe and Northern America,,2020,87.46939
Falkland Islands,FLK,2000,0
Falkland Islands,FLK,2010,0
Falkland Islands,FLK,2015,0
Falkland Islands,FLK,2016,0
Falkland Islands,FLK,2017,0
Falkland Islands,FLK,2018,0
Falkland Islands,FLK,2019,0
Falkland Islands,FLK,2020,0
Fiji,FJI,2000,204.73
Fiji,FJI,2010,203.7
Fiji,FJI,2015,203.23
Fiji,FJI,2016,203.14
Fiji,FJI,2017,203.05
Fiji,FJI,2018,202.96
Fiji,FJI,2019,202.88
Fiji,FJI,2020,202.79
Finland,FIN,2000,49.14
Finland,FIN,2010,53.64
Finland,FIN,2015,59.77
Finland,FIN,2016,59.77
Finland,FIN,2017,59.77
Finland,FIN,2018,59.77
Finland,FIN,2019,59.77
Finland,FIN,2020,59.77
France,FRA,2000,112.3
France,FRA,2010,124
France,FRA,2015,129.6
France,FRA,2016,130.9
France,FRA,2017,132.1
France,FRA,2018,133.2
France,FRA,2019,134.3
France,FRA,2020,135.5
French Guiana,GUF,2000,365
French Guiana,GUF,2010,365
French Guiana,GUF,2015,365
French Guiana,GUF,2016,365
French Guiana,GUF,2017,365
French Guiana,GUF,2018,365
French Guiana,GUF,2019,365
French Guiana,GUF,2020,365
French Polynesia,PYF,2000,148.94
French Polynesia,PYF,2010,148.92
French Polynesia,PYF,2015,148.92
French Polynesia,PYF,2016,148.92
French Polynesia,PYF,2017,148.92
French Polynesia,PYF,2018,148.92
French Polynesia,PYF,2019,148.92
French Polynesia,PYF,2020,148.92
Gabon,GAB,2000,223.25
Gabon,GAB,2010,223.25
Gabon,GAB,2015,223.25
Gabon,GAB,2016,223.25
Gabon,GAB,2017,223.25
Gabon,GAB,2018,223.25
Gabon,GAB,2019,223.25
Gabon,GAB,2020,223.25
Gambia,GMB,2000,41.8
Gambia,GMB,2010,41.8
Gambia,GMB,2015,41.8
Gambia,GMB,2016,41.8
Gambia,GMB,2017,41.8
Gambia,GMB,2018,41.8
Gambia,GMB,2019,41.8
Gambia,GMB,2020,41.8
Georgia,GEO,2000,116.5
Georgia,GEO,2010,119.34
Georgia,GEO,2015,119.34
Georgia,GEO,2016,119.34
Georgia,GEO,2017,119.34
Georgia,GEO,2018,119.34
Georgia,GEO,2019,119.34
Georgia,GEO,2020,119.34
Germany,DEU,2000,158.17
Germany,DEU,2010,169.02
Germany,DEU,2015,177.01
Germany,DEU,2016,178.63
Germany,DEU,2017,180.26
Germany,DEU,2018,181.89
Germany,DEU,2019,183.52
Germany,DEU,2020,185.14
Ghana,GHA,2000,113.58
Ghana,GHA,2010,98.51
Ghana,GHA,2015,90.32
Ghana,GHA,2016,93.33
Ghana,GHA,2017,96.29
Ghana,GHA,2018,96.41
Ghana,GHA,2019,96.53
Ghana,GHA,2020,96.64
Gibraltar,GIB,2000,0
Gibraltar,GIB,2010,0
Gibraltar,GIB,2015,0
Gibraltar,GIB,2016,0
Gibraltar,GIB,2017,0
Gibraltar,GIB,2018,0
Gibraltar,GIB,2019,0
Gibraltar,GIB,2020,0
Greece,GRC,2000,34.11
Greece,GRC,2010,34.24
Greece,GRC,2015,34.24
Greece,GRC,2016,34.24
Greece,GRC,2017,34.24
Greece,GRC,2018,34.24
Greece,GRC,2019,34.24
Greece,GRC,2020,34.24
Grenada,GRD,2000,109.4
Grenada,GRD,2010,109.4
Grenada,GRD,2015,109.4
Grenada,GRD,2016,109.4
Grenada,GRD,2017,109.4
Grenada,GRD,2018,109.4
Grenada,GRD,2019,109.4
Grenada,GRD,2020,109.4
Guadeloupe,GLP,2000,347
Guadeloupe,GLP,2010,347
Guadeloupe,GLP,2015,347
Guadeloupe,GLP,2016,347
Guadeloupe,GLP,2017,347
Guadeloupe,GLP,2018,347
Guadeloupe,GLP,2019,347
Guadeloupe,GLP,2020,347
Guam,GUM,2000,116.67
Guam,GUM,2010,116.67
Guam,GUM,2015,112
Guam,GUM,2016,112
Guam,GUM,2017,112
Guam,GUM,2018,112
Guam,GUM,2019,112
Guam,GUM,2020,112
Guatemala,GTM,2000,124.05
Guatemala,GTM,2010,124.05
Guatemala,GTM,2015,124.05
Guatemala,GTM,2016,124.05
Guatemala,GTM,2017,124.05
Guatemala,GTM,2018,124.05
Guatemala,GTM,2019,124.05
Guatemala,GTM,2020,124.05
Guinea,GIN,2000,131.29
Guinea,GIN,2010,131.24
Guinea,GIN,2015,131.22
Guinea,GIN,2016,131.22
Guinea,GIN,2017,131.21
Guinea,GIN,2018,131.2
Guinea,GIN,2019,131.2
Guinea,GIN,2020,131.19
Guinea-Bissau,GNB,2000,84
Guinea-Bissau,GNB,2010,84
Guinea-Bissau,GNB,2015,84
Guinea-Bissau,GNB,2016,84
Guinea-Bissau,GNB,2017,84
Guinea-Bissau,GNB,2018,84
Guinea-Bissau,GNB,2019,84
Guinea-Bissau,GNB,2020,84
Guyana,GUY,2000,498.96
Guyana,GUY,2010,498.96
Guyana,GUY,2015,498.96
Guyana,GUY,2016,498.96
Guyana,GUY,2017,498.96
Guyana,GUY,2018,498.96
Guyana,GUY,2019,498.96
Guyana,GUY,2020,498.96
Haiti,HTI,2000,95.11
Haiti,HTI,2010,94.79
Haiti,HTI,2015,94.59
Haiti,HTI,2016,94.57
Haiti,HTI,2017,94.56
Haiti,HTI,2018,94.55
Haiti,HTI,2019,94.54
Haiti,HTI,2020,94.53
Honduras,HND,2000,105.72
Honduras,HND,2010,105.72
Honduras,HND,2015,105.72
Honduras,HND,2016,105.72
Honduras,HND,2017,105.72
Honduras,HND,2018,105.72
Honduras,HND,2019,105.72
Honduras,HND,2020,105.72
Hungary,HUN,2000,99.42
Hungary,HUN,2010,100.85
Hungary,HUN,2015,104.92
Hungary,HUN,2016,105.98
Hungary,HUN,2017,107.06
Hungary,HUN,2018,107.75
Hungary,HUN,2019,108.62
Hungary,HUN,2020,109.49
Iceland,ISL,2000,14.19
Iceland,ISL,2010,15.63
Iceland,ISL,2015,19.86
Iceland,ISL,2016,20.72
Iceland,ISL,2017,21.46
Iceland,ISL,2018,22.21
Iceland,ISL,2019,22.94
Iceland,ISL,2020,23.66
India,IND,2000,69.78
India,IND,2010,67.61
India,IND,2015,68.7
India,IND,2016,68.7
India,IND,2017,68.7
India,IND,2018,68.7
India,IND,2019,68.7
India,IND,2020,68.7
Indonesia,IDN,2000,178.33
Indonesia,IDN,2010,179.01
Indonesia,IDN,2015,178.95
Indonesia,IDN,2016,178.89
Indonesia,IDN,2017,178.95
Indonesia,IDN,2018,178.95
Indonesia,IDN,2019,178.95
Indonesia,IDN,2020,178.95
Iran,IRN,2000,137.17
Iran,IRN,2010,138.44
Iran,IRN,2015,138.44
Iran,IRN,2016,138.31
Iran,IRN,2017,138.2
Iran,IRN,2018,137.99
Iran,IRN,2019,137.78
Iran,IRN,2020,137.67
Iraq,IRQ,2000,52.88
Iraq,IRQ,2010,52.69
Iraq,IRQ,2015,52.46
Iraq,IRQ,2016,52.21
Iraq,IRQ,2017,51.96
Iraq,IRQ,2018,51.69
Iraq,IRQ,2019,51.41
Iraq,IRQ,2020,51.11
Ireland,IRL,2000,89.19
Ireland,IRL,2010,98.21
Ireland,IRL,2015,103.91
Ireland,IRL,2016,105.55
Ireland,IRL,2017,105.9
Ireland,IRL,2018,107.47
Ireland,IRL,2019,109.74
Ireland,IRL,2020,111.64
Israel,ISR,2000,7.3
Israel,ISR,2010,7.5
Israel,ISR,2015,7.69
Israel,ISR,2016,7.69
Israel,ISR,2017,7.69
Israel,ISR,2018,7.69
Israel,ISR,2019,7.69
Israel,ISR,2020,7.69
Italy,ITA,2000,95.2
Italy,ITA,2010,105.3
Italy,ITA,2015,110.6
Italy,ITA,2016,110.6
Italy,ITA,2017,110.6
Italy,ITA,2018,110.6
Italy,ITA,2019,110.6
Italy,ITA,2020,110.6
Jamaica,JAM,2000,156.97
Jamaica,JAM,2010,168.85
Jamaica,JAM,2015,163.46
Jamaica,JAM,2016,162.44
Jamaica,JAM,2017,161.41
Jamaica,JAM,2018,160.43
Jamaica,JAM,2019,159.46
Jamaica,JAM,2020,158.5
Japan,JPN,2000,89
Japan,JPN,2010,105
Japan,JPN,2015,111
Japan,JPN,2016,112
Japan,JPN,2017,113
Japan,JPN,2018,113
Japan,JPN,2019,113
Japan,JPN,2020,113
Jordan,JOR,2000,56.9
Jordan,JOR,2010,56.9
Jordan,JOR,2015,56.9
Jordan,JOR,2016,56.9
Jordan,JOR,2017,56.9
Jordan,JOR,2018,56.9
Jordan,JOR,2019,56.9
Jordan,JOR,2020,56.9
Kazakhstan,KAZ,2000,78.94
Kazakhstan,KAZ,2010,83.06
Kazakhstan,KAZ,2015,84.08
Kazakhstan,KAZ,2016,83.34
Kazakhstan,KAZ,2017,82.62
Kazakhstan,KAZ,2018,83.89
Kazakhstan,KAZ,2019,83.17
Kazakhstan,KAZ,2020,82.47
Kenya,KEN,2000,200.39
Kenya,KEN,2010,200.38
Kenya,KEN,2015,200.38
Kenya,KEN,2016,200.38
Kenya,KEN,2017,200.38
Kenya,KEN,2018,200.38
Kenya,KEN,2019,200.38
Kenya,KEN,2020,200.38
Kyrgyzstan,KGZ,2000,44.93
Kyrgyzstan,KGZ,2010,46.02
Kyrgyzstan,KGZ,2015,46.49
Kyrgyzstan,KGZ,2016,47.25
Kyrgyzstan,KGZ,2017,47.89
Kyrgyzstan,KGZ,2018,48.42
Kyrgyzstan,KGZ,2019,49.04
Kyrgyzstan,KGZ,2020,49.66
Landlocked developing countries (LLDCs),,2000,104.49471
Landlocked developing countries (LLDCs),,2010,104.3557
Landlocked developing countries (LLDCs),,2015,104.46768
Landlocked developing countries (LLDCs),,2016,104.42737
Landlocked developing countries (LLDCs),,2017,103.78421
Landlocked developing countries (LLDCs),,2018,103.80152
Landlocked developing countries (LLDCs),,2019,103.79638
Landlocked developing countries (LLDCs),,2020,103.79279
Laos,LAO,2000,121.5
Laos,LAO,2010,121.5
Laos,LAO,2015,121.5
Laos,LAO,2016,121.5
Laos,LAO,2017,121.5
Laos,LAO,2018,121.5
Laos,LAO,2019,121.5
Laos,LAO,2020,121.5
Latin America and the Caribbean,,2000,173.03481
Latin America and the Caribbean,,2010,175.98851
Latin America and the Caribbean,,2015,177.16472
Latin America and the Caribbean,,2016,177.31259
Latin America and the Caribbean,,2017,177.49443
Latin America and the Caribbean,,2018,177.66124
Latin America and the Caribbean,,2019,177.80657
Latin America and the Caribbean,,2020,177.94745
Latvia,LVA,2000,107.7
Latvia,LVA,2010,123.34
Latvia,LVA,2015,125.73
Latvia,LVA,2016,126.23
Latvia,LVA,2017,126.7
Latvia,LVA,2018,127.18
Latvia,LVA,2019,127.65
Latvia,LVA,2020,128.13
Least developed countries (LDCs),,2000,120.6348
Least developed countries (LDCs),,2010,120.8837
Least developed countries (LDCs),,2015,121.00133
Least developed countries (LDCs),,2016,120.99471
Least developed countries (LDCs),,2017,120.93924
Least developed countries (LDCs),,2018,120.87991
Least developed countries (LDCs),,2019,120.91408
Least developed countries (LDCs),,2020,120.84328
Lebanon,LBN,2000,61.16
Lebanon,LBN,2010,61.27
Lebanon,LBN,2015,61.26
Lebanon,LBN,2016,61.27
Lebanon,LBN,2017,61.27
Lebanon,LBN,2018,61.27
Lebanon,LBN,2019,61.27
Lebanon,LBN,2020,61.27
Lesotho,LSO,2000,73.72
Lesotho,LSO,2010,73.72
Lesotho,LSO,2015,73.72
Lesotho,LSO,2016,73.72
Lesotho,LSO,2017,73.72
Lesotho,LSO,2018,73.72
Lesotho,LSO,2019,73.72
Lesotho,LSO,2020,73.72
Liberia,LBR,2000,205.4
Liberia,LBR,2010,205.4
Liberia,LBR,2015,205.4
Liberia,LBR,2016,205.4
Liberia,LBR,2017,205.4
Liberia,LBR,2018,205.4
Liberia,LBR,2019,205.4
Liberia,LBR,2020,205.4
Libya,LBY,2000,49.26
Libya,LBY,2010,49.26
Libya,LBY,2015,49.26
Libya,LBY,2016,49.26
Libya,LBY,2017,49.26
Libya,LBY,2018,49.26
Libya,LBY,2019,49.26
Libya,LBY,2020,49.26
Liechtenstein,LIE,2000,263.7
Liechtenstein,LIE,2010,242.41
Liechtenstein,LIE,2015,242.41
Liechtenstein,LIE,2016,242.41
Liechtenstein,LIE,2017,242.41
Liechtenstein,LIE,2018,242.41
Liechtenstein,LIE,2019,242.41
Liechtenstein,LIE,2020,242.41
Lithuania,LTU,2000,117.4
Lithuania,LTU,2010,118.9
Lithuania,LTU,2015,129.4
Lithuania,LTU,2016,130.6
Lithuania,LTU,2017,131.2
Lithuania,LTU,2018,132.1
Lithuania,LTU,2019,132.9
Lithuania,LTU,2020,133.9
Luxembourg,LUX,2000,146.36
Luxembourg,LUX,2010,166.46
Luxembourg,LUX,2015,173.08
Luxembourg,LUX,2016,172.84
Luxembourg,LUX,2017,174.7
Luxembourg,LUX,2018,176.52
Luxembourg,LUX,2019,178.35
Luxembourg,LUX,2020,180.7
Madagascar,MDG,2000,163.2
Madagascar,MDG,2010,163.2
Madagascar,MDG,2015,163.2
Madagascar,MDG,2016,163.2
Madagascar,MDG,2017,163.2
Madagascar,MDG,2018,163.2
Madagascar,MDG,2019,163.2
Madagascar,MDG,2020,163.2
Malawi,MWI,2000,78.7
Malawi,MWI,2010,78.7
Malawi,MWI,2015,78.7
Malawi,MWI,2016,78.7
Malawi,MWI,2017,78.7
Malawi,MWI,2018,78.7
Malawi,MWI,2019,78.7
Malawi,MWI,2020,78.7
Malaysia,MYS,2000,205.12
Malaysia,MYS,2010,196.29
Malaysia,MYS,2015,209.9
Malaysia,MYS,2016,209.86
Malaysia,MYS,2017,209.86
Malaysia,MYS,2018,209.86
Malaysia,MYS,2019,209.87
Malaysia,MYS,2020,209.87
Maldives,MDV,2000,135
Maldives,MDV,2010,135
Maldives,MDV,2015,135
Maldives,MDV,2016,135
Maldives,MDV,2017,135
Maldives,MDV,2018,135
Maldives,MDV,2019,135
Maldives,MDV,2020,135
Mali,MLI,2000,46.36
Mali,MLI,2010,46.36
Mali,MLI,2015,46.36
Mali,MLI,2016,46.36
Mali,MLI,2017,46.36
Mali,MLI,2018,46.36
Mali,MLI,2019,46.36
Mali,MLI,2020,46.36
Marshall Islands,MHL,2000,132.13
Marshall Islands,MHL,2010,132.13
Marshall Islands,MHL,2015,132.13
Marshall Islands,MHL,2016,132.13
Marshall Islands,MHL,2017,132.13
Marshall Islands,MHL,2018,132.13
Marshall Islands,MHL,2019,132.13
Marshall Islands,MHL,2020,132.13
Martinique,MTQ,2000,306
Martinique,MTQ,2010,306
Martinique,MTQ,2015,306
Martinique,MTQ,2016,306
Martinique,MTQ,2017,306
Martinique,MTQ,2018,306
Martinique,MTQ,2019,306
Martinique,MTQ,2020,306
Mauritania,MRT,2000,39.92
Mauritania,MRT,2010,41.35
Mauritania,MRT,2015,42.25
Mauritania,MRT,2016,52.51
Mauritania,MRT,2017,52.65
Mauritania,MRT,2018,52.8
Mauritania,MRT,2019,52.95
Mauritania,MRT,2020,53.11
Mauritius,MUS,2000,123.16
Mauritius,MUS,2010,124.21
Mauritius,MUS,2015,124.2
Mauritius,MUS,2016,124.2
Mauritius,MUS,2017,124.19
Mauritius,MUS,2018,124.19
Mauritius,MUS,2019,124.19
Mauritius,MUS,2020,124.18
Melanesia,OWID_MNS,2000,172.89319
Melanesia,OWID_MNS,2010,172.74111
Melanesia,OWID_MNS,2015,173.54552
Melanesia,OWID_MNS,2016,173.46548
Melanesia,OWID_MNS,2017,172.65045
Melanesia,OWID_MNS,2018,171.79228
Melanesia,OWID_MNS,2019,172.13164
Melanesia,OWID_MNS,2020,171.11873
Mexico,MEX,2000,46.69
Mexico,MEX,2010,52.44
Mexico,MEX,2015,52.44
Mexico,MEX,2016,52.44
Mexico,MEX,2017,52.44
Mexico,MEX,2018,52.44
Mexico,MEX,2019,52.44
Mexico,MEX,2020,52.44
Micronesia (country),FSM,2000,500.31
Micronesia (country),FSM,2010,500.39
Micronesia (country),FSM,2015,500.39
Micronesia (country),FSM,2016,500.39
Micronesia (country),FSM,2017,500.39
Micronesia (country),FSM,2018,500.39
Micronesia (country),FSM,2019,500.39
Micronesia (country),FSM,2020,500.39
Middle Africa,,2000,178.00903
Middle Africa,,2010,179.48934
Middle Africa,,2015,180.00014
Middle Africa,,2016,180.10401
Middle Africa,,2017,180.2088
Middle Africa,,2018,180.31384
Middle Africa,,2019,180.41918
Middle Africa,,2020,180.52468
Moldova,MDA,2000,88.61
Moldova,MDA,2010,93.37
Moldova,MDA,2015,93.37
Moldova,MDA,2016,93.36
Moldova,MDA,2017,93.36
Moldova,MDA,2018,93.36
Moldova,MDA,2019,93.63
Moldova,MDA,2020,93.36
Monaco,MCO,2000,0
Monaco,MCO,2010,0
Monaco,MCO,2015,0
Monaco,MCO,2016,0
Monaco,MCO,2017,0
Monaco,MCO,2018,0
Monaco,MCO,2019,0
Monaco,MCO,2020,0
Mongolia,MNG,2000,54.9
Mongolia,MNG,2010,54.9
Mongolia,MNG,2015,54.9
Mongolia,MNG,2016,54.9
Mongolia,MNG,2017,54.9
Mongolia,MNG,2018,54.9
Mongolia,MNG,2019,54.9
Mongolia,MNG,2020,54.9
Montenegro,MNE,2000,96.87
Montenegro,MNE,2010,96.87
Montenegro,MNE,2015,96.87
Montenegro,MNE,2016,96.87
Montenegro,MNE,2017,96.87
Montenegro,MNE,2018,96.87
Montenegro,MNE,2019,96.87
Montenegro,MNE,2020,96.87
Morocco,MAR,2000,37.07
Morocco,MAR,2010,39.23
Morocco,MAR,2015,39.63
Morocco,MAR,2016,39.65
Morocco,MAR,2017,39.72
Morocco,MAR,2018,39.77
Morocco,MAR,2019,39.83
Morocco,MAR,2020,39.89
Mozambique,MOZ,2000,101.36
Mozambique,MOZ,2010,101.37
Mozambique,MOZ,2015,101.37
Mozambique,MOZ,2016,101.37
Mozambique,MOZ,2017,101.37
Mozambique,MOZ,2018,101.37
Mozambique,MOZ,2019,101.37
Mozambique,MOZ,2020,101.37
Myanmar,MMR,2000,127.38
Myanmar,MMR,2010,126.26
Myanmar,MMR,2015,125.77
Myanmar,MMR,2016,125.7
Myanmar,MMR,2017,125.63
Myanmar,MMR,2018,125.6
Myanmar,MMR,2019,125.57
Myanmar,MMR,2020,125.54
Namibia,NAM,2000,67.4
Namibia,NAM,2010,67.4
Namibia,NAM,2015,67.4
Namibia,NAM,2016,67.4
Namibia,NAM,2017,67.4
Namibia,NAM,2018,67.4
Namibia,NAM,2019,67.4
Namibia,NAM,2020,67.4
Nauru,NRU,2000,0
Nauru,NRU,2010,0
Nauru,NRU,2015,0
Nauru,NRU,2016,0
Nauru,NRU,2017,0
Nauru,NRU,2018,0
Nauru,NRU,2019,0
Nauru,NRU,2020,0
Nepal,NPL,2000,184.05
Nepal,NPL,2010,176.82
Nepal,NPL,2015,176.82
Nepal,NPL,2016,176.82
Nepal,NPL,2017,176.82
Nepal,NPL,2018,176.82
Nepal,NPL,2019,176.82
Nepal,NPL,2020,176.82
Netherlands,NLD,2000,40
Netherlands,NLD,2010,48
Netherlands,NLD,2015,52.65
Netherlands,NLD,2016,53.14
Netherlands,NLD,2017,53.63
Netherlands,NLD,2018,54.13
Netherlands,NLD,2019,54.63
Netherlands,NLD,2020,55.13
New Caledonia,NCL,2000,146
New Caledonia,NCL,2010,146
New Caledonia,NCL,2015,146
New Caledonia,NCL,2016,146
New Caledonia,NCL,2017,146
New Caledonia,NCL,2018,146
New Caledonia,NCL,2019,146
New Caledonia,NCL,2020,146
New Zealand,NZL,2000,278.38
New Zealand,NZL,2010,289.32
New Zealand,NZL,2015,293.4
New Zealand,NZL,2016,294.15
New Zealand,NZL,2017,294.49
New Zealand,NZL,2018,295.02
New Zealand,NZL,2019,295.23
New Zealand,NZL,2020,294.65
Nicaragua,NIC,2000,91.02
Nicaragua,NIC,2010,91.02
Nicaragua,NIC,2015,91.02
Nicaragua,NIC,2016,91.02
Nicaragua,NIC,2017,91.02
Nicaragua,NIC,2018,91.02
Nicaragua,NIC,2019,91.02
Nicaragua,NIC,2020,91.02
Niger,NER,2000,39.54
Niger,NER,2010,38.93
Niger,NER,2015,38.59
Niger,NER,2016,38.51
Niger,NER,2017,38.44
Niger,NER,2018,38.36
Niger,NER,2019,38.28
Niger,NER,2020,38.2
Nigeria,NGA,2000,134.77
Nigeria,NGA,2010,134.77
Nigeria,NGA,2015,134.77
Nigeria,NGA,2016,134.77
Nigeria,NGA,2017,134.77
Nigeria,NGA,2018,134.77
Nigeria,NGA,2019,134.77
Nigeria,NGA,2020,134.77
Niue,NIU,2000,112.05
Niue,NIU,2010,112.05
Niue,NIU,2015,112.05
Niue,NIU,2016,112.05
Niue,NIU,2017,112.05
Niue,NIU,2018,112.05
Niue,NIU,2019,112.05
Niue,NIU,2020,112.05
North Korea,PRK,2000,61.34
North Korea,PRK,2010,62.32
North Korea,PRK,2015,62.31
North Korea,PRK,2016,62.31
North Korea,PRK,2017,62.31
North Korea,PRK,2018,62.3
North Korea,PRK,2019,62.3
North Korea,PRK,2020,62.3
North Macedonia,MKD,2000,76.95
North Macedonia,MKD,2010,74.33
North Macedonia,MKD,2015,72.09
North Macedonia,MKD,2016,71.63
North Macedonia,MKD,2017,71.64
North Macedonia,MKD,2018,71.64
North Macedonia,MKD,2019,71.64
North Macedonia,MKD,2020,71.64
Northern Africa,,2000,50.78652
Northern Africa,,2010,50.8681
Northern Africa,,2015,50.40073
Northern Africa,,2016,50.68795
Northern Africa,,2017,50.61437
Northern Africa,,2018,50.55954
Northern Africa,,2019,50.53929
Northern Africa,,2020,50.50471
Northern Africa and Western Asia,,2000,48.37888
Northern Africa and Western Asia,,2010,50.24113
Northern Africa and Western Asia,,2015,51.48844
Northern Africa and Western Asia,,2016,52.56884
Northern Africa and Western Asia,,2017,52.52664
Northern Africa and Western Asia,,2018,52.49122
Northern Africa and Western Asia,,2019,52.47212
Northern Africa and Western Asia,,2020,52.44588
Northern America,,2000,90.09149
Northern America,,2010,90.50105
Northern America,,2015,91.49959
Northern America,,2016,91.82187
Northern America,,2017,92.13252
Northern America,,2018,92.42978
Northern America,,2019,92.42989
Northern America,,2020,92.43001
Northern Europe,,2000,64.08932
Northern Europe,,2010,69.62856
Northern Europe,,2015,73.82938
Northern Europe,,2016,74.18703
Northern Europe,,2017,74.54531
Northern Europe,,2018,74.88754
Northern Europe,,2019,75.23604
Northern Europe,,2020,75.58405
Norway,NOR,2000,48.45
Norway,NOR,2010,57.17
Norway,NOR,2015,60.68
Norway,NOR,2016,61.38
Norway,NOR,2017,62.07
Norway,NOR,2018,62.77
Norway,NOR,2019,63.46
Norway,NOR,2020,64.16
Oceania,,2000,115.67865
Oceania,,2010,117.18322
Oceania,,2015,115.64344
Oceania,,2016,115.06375
Oceania,,2017,114.90968
Oceania,,2018,114.75545
Oceania,,2019,114.84273
Oceania,,2020,114.60861
Oceania (exc. Australia and New Zealand),,2000,173.18417
Oceania (exc. Australia and New Zealand),,2010,173.05494
Oceania (exc. Australia and New Zealand),,2015,173.85613
Oceania (exc. Australia and New Zealand),,2016,173.77491
Oceania (exc. Australia and New Zealand),,2017,172.97226
Oceania (exc. Australia and New Zealand),,2018,172.12705
Oceania (exc. Australia and New Zealand),,2019,172.4644
Oceania (exc. Australia and New Zealand),,2020,171.46632
Oman,OMN,2000,104.14
Oman,OMN,2010,104.14
Oman,OMN,2015,104.14
Oman,OMN,2016,105.4
Oman,OMN,2017,106.1
Oman,OMN,2018,106.85
Oman,OMN,2019,107.67
Oman,OMN,2020,107.67
Pakistan,PAK,2000,75.3
Pakistan,PAK,2010,75.3
Pakistan,PAK,2015,75.3
Pakistan,PAK,2016,75.3
Pakistan,PAK,2017,75.3
Pakistan,PAK,2018,75.3
Pakistan,PAK,2019,75.3
Pakistan,PAK,2020,75.3
Palau,PLW,2000,416.21
Palau,PLW,2010,416.21
Palau,PLW,2015,416.21
Palau,PLW,2016,416.21
Palau,PLW,2017,416.21
Palau,PLW,2018,416.21
Palau,PLW,2019,416.21
Palau,PLW,2020,416.21
Panama,PAN,2000,145.1
Panama,PAN,2010,145.1
Panama,PAN,2015,145.1
Panama,PAN,2016,145.1
Panama,PAN,2017,145.1
Panama,PAN,2018,145.1
Panama,PAN,2019,145.1
Panama,PAN,2020,145.1
Papua New Guinea,PNG,2000,176
Papua New Guinea,PNG,2010,176
Papua New Guinea,PNG,2015,176
Papua New Guinea,PNG,2016,176
Papua New Guinea,PNG,2017,176
Papua New Guinea,PNG,2018,176
Papua New Guinea,PNG,2019,176
Papua New Guinea,PNG,2020,176
Paraguay,PRY,2000,69.86
Paraguay,PRY,2010,69.86
Paraguay,PRY,2015,69.86
Paraguay,PRY,2016,69.86
Paraguay,PRY,2017,69.86
Paraguay,PRY,2018,69.86
Paraguay,PRY,2019,69.86
Paraguay,PRY,2020,69.86
Peru,PER,2000,237.79
Peru,PER,2010,237.79
Peru,PER,2015,237.79
Peru,PER,2016,237.79
Peru,PER,2017,237.79
Peru,PER,2018,237.79
Peru,PER,2019,237.79
Peru,PER,2020,237.79
Philippines,PHL,2000,219.24
Philippines,PHL,2010,232.64
Philippines,PHL,2015,226.05
Philippines,PHL,2016,224.77
Philippines,PHL,2017,223.5
Philippines,PHL,2018,222.25
Philippines,PHL,2019,221
Philippines,PHL,2020,219.77
Poland,POL,2000,107
Poland,POL,2010,146
Poland,POL,2015,155
Poland,POL,2016,157
Poland,POL,2017,159
Poland,POL,2018,162
Poland,POL,2019,164
Poland,POL,2020,166
Polynesia,OWID_PYA,2000,127.55732
Polynesia,OWID_PYA,2010,128.44443
Polynesia,OWID_PYA,2015,128.84328
Polynesia,OWID_PYA,2016,128.93577
Polynesia,OWID_PYA,2017,129.02831
Polynesia,OWID_PYA,2018,129.12138
Polynesia,OWID_PYA,2019,129.20217
Polynesia,OWID_PYA,2020,129.29581
Portugal,PRT,2000,41.03
Portugal,PRT,2010,41.03
Portugal,PRT,2015,40.91
Portugal,PRT,2016,40.91
Portugal,PRT,2017,40.91
Portugal,PRT,2018,40.91
Portugal,PRT,2019,40.91
Portugal,PRT,2020,40.91
Puerto Rico,PRI,2000,57.44
Puerto Rico,PRI,2010,73.16
Puerto Rico,PRI,2015,74.39
Puerto Rico,PRI,2016,75.62
Puerto Rico,PRI,2017,76.85
Puerto Rico,PRI,2018,78.09
Puerto Rico,PRI,2019,79.32
Puerto Rico,PRI,2020,80.55
Qatar,QAT,2000,0
Qatar,QAT,2010,0
Qatar,QAT,2015,0
Qatar,QAT,2016,0
Qatar,QAT,2017,0
Qatar,QAT,2018,0
Qatar,QAT,2019,0
Qatar,QAT,2020,0
Reunion,REU,2000,125
Reunion,REU,2010,125
Reunion,REU,2015,125
Reunion,REU,2016,125
Reunion,REU,2017,125
Reunion,REU,2018,125
Reunion,REU,2019,125
Reunion,REU,2020,125
Romania,ROU,2000,107
Romania,ROU,2010,107
Romania,ROU,2015,200.12
Romania,ROU,2016,207.5
Romania,ROU,2017,207.5
Romania,ROU,2018,207.5
Romania,ROU,2019,207.5
Romania,ROU,2020,207.5
Russia,RUS,2000,70.16
Russia,RUS,2010,73.89
Russia,RUS,2015,75.82
Russia,RUS,2016,76.13
Russia,RUS,2017,76.44
Russia,RUS,2018,76.73
Russia,RUS,2019,77.03
Russia,RUS,2020,77.33
Rwanda,RWA,2000,143.04
Rwanda,RWA,2010,145.45
Rwanda,RWA,2015,145.76
Rwanda,RWA,2016,145.86
Rwanda,RWA,2017,145.91
Rwanda,RWA,2018,145.96
Rwanda,RWA,2019,146.01
Rwanda,RWA,2020,146.06
Saint Barthlemy,,2000,124.5
Saint Barthlemy,,2010,124.5
Saint Barthlemy,,2015,124.5
Saint Barthlemy,,2016,124.5
Saint Barthlemy,,2017,124.5
Saint Barthlemy,,2018,124.5
Saint Barthlemy,,2019,124.5
Saint Barthlemy,,2020,124.5
Saint Kitts and Nevis,KNA,2000,210
Saint Kitts and Nevis,KNA,2010,210
Saint Kitts and Nevis,KNA,2015,210
Saint Kitts and Nevis,KNA,2016,210
Saint Kitts and Nevis,KNA,2017,210
Saint Kitts and Nevis,KNA,2018,210
Saint Kitts and Nevis,KNA,2019,210
Saint Kitts and Nevis,KNA,2020,210
Saint Lucia,LCA,2000,229.52
Saint Lucia,LCA,2010,260.85
Saint Lucia,LCA,2015,277.43
Saint Lucia,LCA,2016,280.75
Saint Lucia,LCA,2017,284.06
Saint Lucia,LCA,2018,287.38
Saint Lucia,LCA,2019,290.7
Saint Lucia,LCA,2020,294.02
Saint Martin (French part),MAF,2000,124.5
Saint Martin (French part),MAF,2010,124.5
Saint Martin (French part),MAF,2015,124.5
Saint Martin (French part),MAF,2016,124.5
Saint Martin (French part),MAF,2017,124.5
Saint Martin (French part),MAF,2018,124.5
Saint Martin (French part),MAF,2019,124.5
Saint Martin (French part),MAF,2020,124.5
Saint Pierre and Miquelon,SPM,2000,26.25
Saint Pierre and Miquelon,SPM,2010,26.25
Saint Pierre and Miquelon,SPM,2015,26.25
Saint Pierre and Miquelon,SPM,2016,26.25
Saint Pierre and Miquelon,SPM,2017,26.25
Saint Pierre and Miquelon,SPM,2018,26.25
Saint Pierre and Miquelon,SPM,2019,26.25
Saint Pierre and Miquelon,SPM,2020,26.25
Saint Vincent and the Grenadines,VCT,2000,219.13
Saint Vincent and the Grenadines,VCT,2010,219.13
Saint Vincent and the Grenadines,VCT,2015,219.13
Saint Vincent and the Grenadines,VCT,2016,219.13
Saint Vincent and the Grenadines,VCT,2017,219.13
Saint Vincent and the Grenadines,VCT,2018,219.13
Saint Vincent and the Grenadines,VCT,2019,219.13
Saint Vincent and the Grenadines,VCT,2020,219.13
Samoa,WSM,2000,105.15
Samoa,WSM,2010,105.09
Samoa,WSM,2015,105.05
Samoa,WSM,2016,105.04
Samoa,WSM,2017,105.03
Samoa,WSM,2018,105.02
Samoa,WSM,2019,105.01
Samoa,WSM,2020,105
San Marino,SMR,2000,76.71
San Marino,SMR,2010,86.45
San Marino,SMR,2015,90.99
San Marino,SMR,2016,90.99
San Marino,SMR,2017,90.99
San Marino,SMR,2018,90.99
San Marino,SMR,2019,90.99
San Marino,SMR,2020,90.99
Sao Tome and Principe,STP,2000,162.5
Sao Tome and Principe,STP,2010,162.5
Sao Tome and Principe,STP,2015,162.5
Sao Tome and Principe,STP,2016,162.5
Sao Tome and Principe,STP,2017,162.5
Sao Tome and Principe,STP,2018,162.5
Sao Tome and Principe,STP,2019,162.5
Sao Tome and Principe,STP,2020,162.5
Saudi Arabia,SAU,2000,26.61
Saudi Arabia,SAU,2010,26.61
Saudi Arabia,SAU,2015,26.61
Saudi Arabia,SAU,2016,26.61
Saudi Arabia,SAU,2017,26.61
Saudi Arabia,SAU,2018,26.61
Saudi Arabia,SAU,2019,26.61
Saudi Arabia,SAU,2020,26.61
Senegal,SEN,2000,45.75
Senegal,SEN,2010,44.47
Senegal,SEN,2015,44.34
Senegal,SEN,2016,44.33
Senegal,SEN,2017,44.31
Senegal,SEN,2018,44.29
Senegal,SEN,2019,44.27
Senegal,SEN,2020,44.25
Serbia,SRB,2000,103.05
Serbia,SRB,2010,154.8
Serbia,SRB,2015,156.89
Serbia,SRB,2016,156.94
Serbia,SRB,2017,156.6
Serbia,SRB,2018,156.74
Serbia,SRB,2019,156.87
Serbia,SRB,2020,156.99
Seychelles,SYC,2000,172.81
Seychelles,SYC,2010,172.81
Seychelles,SYC,2015,172.81
Seychelles,SYC,2016,172.81
Seychelles,SYC,2017,172.81
Seychelles,SYC,2018,172.81
Seychelles,SYC,2019,172.81
Seychelles,SYC,2020,172.81
Sierra Leone,SLE,2000,82
Sierra Leone,SLE,2010,82
Sierra Leone,SLE,2015,82
Sierra Leone,SLE,2016,82
Sierra Leone,SLE,2017,82
Sierra Leone,SLE,2018,82
Sierra Leone,SLE,2019,82
Sierra Leone,SLE,2020,82
Singapore,SGP,2000,106.33
Singapore,SGP,2010,116.71
Singapore,SGP,2015,133.06
Singapore,SGP,2016,135.71
Singapore,SGP,2017,135.71
Singapore,SGP,2018,135.71
Singapore,SGP,2019,135.71
Singapore,SGP,2020,135.71
Slovakia,SVK,2000,142.11
Slovakia,SVK,2010,161.2
Slovakia,SVK,2015,170.15
Slovakia,SVK,2016,171.12
Slovakia,SVK,2017,171.11
Slovakia,SVK,2018,171.11
Slovakia,SVK,2019,171.11
Slovakia,SVK,2020,171.11
Slovenia,SVN,2000,204.23
Slovenia,SVN,2010,246.35
Slovenia,SVN,2015,251.43
Slovenia,SVN,2016,251.48
Slovenia,SVN,2017,251.65
Slovenia,SVN,2018,250.65
Slovenia,SVN,2019,252.03
Slovenia,SVN,2020,253.1
Small Island Developing States (SIDS),,2000,269.12741
Small Island Developing States (SIDS),,2010,267.99626
Small Island Developing States (SIDS),,2015,267.93278
Small Island Developing States (SIDS),,2016,267.80155
Small Island Developing States (SIDS),,2017,267.43394
Small Island Developing States (SIDS),,2018,267.04127
Small Island Developing States (SIDS),,2019,267.20647
Small Island Developing States (SIDS),,2020,266.74118
Solomon Islands,SLB,2000,124.73
Solomon Islands,SLB,2010,121.88
Solomon Islands,SLB,2015,134.69
Solomon Islands,SLB,2016,133.39
Solomon Islands,SLB,2017,120.32
Solomon Islands,SLB,2018,106.57
Solomon Islands,SLB,2019,111.99
Solomon Islands,SLB,2020,95.78
Somalia,SOM,2000,102.5
Somalia,SOM,2010,102.49
Somalia,SOM,2015,102.49
Somalia,SOM,2016,102.49
Somalia,SOM,2017,102.49
Somalia,SOM,2018,102.49
Somalia,SOM,2019,102.49
Somalia,SOM,2020,102.49
South Africa,ZAF,2000,85.3
South Africa,ZAF,2010,85.48
South Africa,ZAF,2015,85.57
South Africa,ZAF,2016,85.59
South Africa,ZAF,2017,85.6
South Africa,ZAF,2018,85.62
South Africa,ZAF,2019,85.64
South Africa,ZAF,2020,85.66
South America,,2000,184.15615
South America,,2010,187.34585
South America,,2015,188.72019
South America,,2016,188.89492
South America,,2017,189.10933
South America,,2018,189.29163
South America,,2019,189.45254
South America,,2020,189.60682
South Korea,KOR,2000,58.68
South Korea,KOR,2010,98.4
South Korea,KOR,2015,115.7
South Korea,KOR,2016,119.04
South Korea,KOR,2017,122.31
South Korea,KOR,2018,125.51
South Korea,KOR,2019,128.63
South Korea,KOR,2020,131.69
South-eastern Asia,,2000,155.77968
South-eastern Asia,,2010,154.27913
South-eastern Asia,,2015,155.58992
South-eastern Asia,,2016,155.45323
South-eastern Asia,,2017,155.43597
South-eastern Asia,,2018,155.3921
South-eastern Asia,,2019,155.33617
South-eastern Asia,,2020,155.30318
Southern Africa,,2000,109.9595
Southern Africa,,2010,109.67242
Southern Africa,,2015,109.51566
Southern Africa,,2016,109.4841
Southern Africa,,2017,109.44776
Southern Africa,,2018,109.4154
Southern Africa,,2019,109.38251
Southern Africa,,2020,109.34933
Southern Asia,,2000,89.57758
Southern Asia,,2010,88.25323
Southern Asia,,2015,88.79537
Southern Asia,,2016,88.74467
Southern Asia,,2017,88.68906
Southern Asia,,2018,88.63016
Southern Asia,,2019,88.57147
Southern Asia,,2020,88.51985
Southern Europe,,2000,78.31208
Southern Europe,,2010,84.09383
Southern Europe,,2015,86.02602
Southern Europe,,2016,86.65039
Southern Europe,,2017,86.77291
Southern Europe,,2018,86.8045
Southern Europe,,2019,86.90432
Southern Europe,,2020,86.99101
Spain,ESP,2000,53.49
Spain,ESP,2010,53.49
Spain,ESP,2015,54.4
Spain,ESP,2016,55.68
Spain,ESP,2017,55.85
Spain,ESP,2018,55.86
Spain,ESP,2019,55.87
Spain,ESP,2020,55.87
Sri Lanka,LKA,2000,79.23
Sri Lanka,LKA,2010,79.3
Sri Lanka,LKA,2015,79.17
Sri Lanka,LKA,2016,79.17
Sri Lanka,LKA,2017,79.16
Sri Lanka,LKA,2018,79.16
Sri Lanka,LKA,2019,79.16
Sri Lanka,LKA,2020,79.16
Sub-Saharan Africa,,2000,133.03917
Sub-Saharan Africa,,2010,133.47596
Sub-Saharan Africa,,2015,133.52107
Sub-Saharan Africa,,2016,133.60656
Sub-Saharan Africa,,2017,133.39951
Sub-Saharan Africa,,2018,133.44453
Sub-Saharan Africa,,2019,133.49107
Sub-Saharan Africa,,2020,133.53559
Sudan,SDN,2000,55.98
Sudan,SDN,2010,55.98
Sudan,SDN,2015,55.98
Sudan,SDN,2016,55.98
Sudan,SDN,2017,55.98
Sudan,SDN,2018,55.98
Sudan,SDN,2019,55.98
Sudan,SDN,2020,55.98
Suriname,SUR,2000,362.88
Suriname,SUR,2010,362.88
Suriname,SUR,2015,362.88
Suriname,SUR,2016,362.88
Suriname,SUR,2017,362.88
Suriname,SUR,2018,362.88
Suriname,SUR,2019,362.88
Suriname,SUR,2020,362.88
Svalbard and Jan Mayen,SJM,2000,0
Svalbard and Jan Mayen,SJM,2010,0
Svalbard and Jan Mayen,SJM,2015,0
Svalbard and Jan Mayen,SJM,2016,0
Svalbard and Jan Mayen,SJM,2017,0
Svalbard and Jan Mayen,SJM,2018,0
Svalbard and Jan Mayen,SJM,2019,0
Svalbard and Jan Mayen,SJM,2020,0
Sweden,SWE,2000,66.42
Sweden,SWE,2010,68.74
Sweden,SWE,2015,70.96
Sweden,SWE,2016,71.26
Sweden,SWE,2017,71.56
Sweden,SWE,2018,71.86
Sweden,SWE,2019,72.17
Sweden,SWE,2020,72.47
Switzerland,CHE,2000,185.6
Switzerland,CHE,2010,189.33
Switzerland,CHE,2015,191.2
Switzerland,CHE,2016,191.57
Switzerland,CHE,2017,191.94
Switzerland,CHE,2018,192.31
Switzerland,CHE,2019,192.69
Switzerland,CHE,2020,193.06
Syria,SYR,2000,49.99
Syria,SYR,2010,49.99
Syria,SYR,2015,50.04
Syria,SYR,2016,50.04
Syria,SYR,2017,50.03
Syria,SYR,2018,50.01
Syria,SYR,2019,50
Syria,SYR,2020,49.98
Tanzania,TZA,2000,48.58
Tanzania,TZA,2010,48.58
Tanzania,TZA,2015,48.58
Tanzania,TZA,2016,48.58
Tanzania,TZA,2017,48.58
Tanzania,TZA,2018,48.58
Tanzania,TZA,2019,48.58
Tanzania,TZA,2020,48.58
Thailand,THA,2000,141.83
Thailand,THA,2010,142.35
Thailand,THA,2015,142.56
Thailand,THA,2016,142.55
Thailand,THA,2017,142.54
Thailand,THA,2018,142.53
Thailand,THA,2019,142.51
Thailand,THA,2020,142.5
Timor,TLS,2000,150
Timor,TLS,2010,150
Timor,TLS,2015,150
Timor,TLS,2016,150
Timor,TLS,2017,150
Timor,TLS,2018,150
Timor,TLS,2019,150
Timor,TLS,2020,150
Togo,TGO,2000,121.87
Togo,TGO,2010,121.31
Togo,TGO,2015,121.03
Togo,TGO,2016,120.95
Togo,TGO,2017,120.91
Togo,TGO,2018,120.86
Togo,TGO,2019,121.01
Togo,TGO,2020,120.95
Tokelau,TKL,2000,0
Tokelau,TKL,2010,0
Tokelau,TKL,2015,0
Tokelau,TKL,2016,0
Tokelau,TKL,2017,0
Tokelau,TKL,2018,0
Tokelau,TKL,2019,0
Tokelau,TKL,2020,0
Tonga,TON,2000,194.44
Tonga,TON,2010,194.44
Tonga,TON,2015,194.44
Tonga,TON,2016,194.44
Tonga,TON,2017,194.44
Tonga,TON,2018,194.44
Tonga,TON,2019,194.44
Tonga,TON,2020,194.44
Trinidad and Tobago,TTO,2000,91.93
Trinidad and Tobago,TTO,2010,90.89
Trinidad and Tobago,TTO,2015,90.62
Trinidad and Tobago,TTO,2016,90.53
Trinidad and Tobago,TTO,2017,90.44
Trinidad and Tobago,TTO,2018,90.35
Trinidad and Tobago,TTO,2019,90.26
Trinidad and Tobago,TTO,2020,90.17
Tunisia,TUN,2000,53.39
Tunisia,TUN,2010,62.73
Tunisia,TUN,2015,48.89
Tunisia,TUN,2016,62.55
Tunisia,TUN,2017,60.09
Tunisia,TUN,2018,59.06
Tunisia,TUN,2019,58.93
Tunisia,TUN,2020,58.74
Turkey,TUR,2000,36.58
Turkey,TUR,2010,41.57
Turkey,TUR,2015,45.7
Turkey,TUR,2016,48.11
Turkey,TUR,2017,48.11
Turkey,TUR,2018,48.11
Turkey,TUR,2019,48.11
Turkey,TUR,2020,48.11
Turkmenistan,TKM,2000,4.09
Turkmenistan,TKM,2010,4.24
Turkmenistan,TKM,2015,4.24
Turkmenistan,TKM,2016,4.24
Turkmenistan,TKM,2017,4.24
Turkmenistan,TKM,2018,4.24
Turkmenistan,TKM,2019,4.24
Turkmenistan,TKM,2020,4.24
Turks and Caicos Islands,TCA,2000,132.26
Turks and Caicos Islands,TCA,2010,132.26
Turks and Caicos Islands,TCA,2015,132.26
Turks and Caicos Islands,TCA,2016,132.26
Turks and Caicos Islands,TCA,2017,132.26
Turks and Caicos Islands,TCA,2018,132.26
Turks and Caicos Islands,TCA,2019,132.26
Turks and Caicos Islands,TCA,2020,132.26
Uganda,UGA,2000,96
Uganda,UGA,2010,96
Uganda,UGA,2015,96
Uganda,UGA,2016,96
Uganda,UGA,2017,96
Uganda,UGA,2018,96
Uganda,UGA,2019,96
Uganda,UGA,2020,96
Ukraine,UKR,2000,114
Ukraine,UKR,2010,131
Ukraine,UKR,2015,135
Ukraine,UKR,2016,137
Ukraine,UKR,2017,138
Ukraine,UKR,2018,138
Ukraine,UKR,2019,139
Ukraine,UKR,2020,140
United Arab Emirates,ARE,2000,74.35
United Arab Emirates,ARE,2010,74.31
United Arab Emirates,ARE,2015,74.43
United Arab Emirates,ARE,2016,74.43
United Arab Emirates,ARE,2017,74.43
United Arab Emirates,ARE,2018,74.43
United Arab Emirates,ARE,2019,74.43
United Arab Emirates,ARE,2020,74.43
United Kingdom,GBR,2000,89
United Kingdom,GBR,2010,104
United Kingdom,GBR,2015,109
United Kingdom,GBR,2016,110
United Kingdom,GBR,2017,112
United Kingdom,GBR,2018,113
United Kingdom,GBR,2019,114
United Kingdom,GBR,2020,115
United States,USA,2000,84.88
United States,USA,2010,89.76
United States,USA,2015,92.63
United States,USA,2016,93.38
United States,USA,2017,94.04
United States,USA,2018,94.67
United States,USA,2019,94.67
United States,USA,2020,94.67
United States Virgin Islands,VIR,2000,27.01
United States Virgin Islands,VIR,2010,40.13
United States Virgin Islands,VIR,2015,42.19
United States Virgin Islands,VIR,2016,44.25
United States Virgin Islands,VIR,2017,46.32
United States Virgin Islands,VIR,2018,48.38
United States Virgin Islands,VIR,2019,50.44
United States Virgin Islands,VIR,2020,52.5
Uruguay,URY,2000,95
Uruguay,URY,2010,102
Uruguay,URY,2015,101
Uruguay,URY,2016,100
Uruguay,URY,2017,100
Uruguay,URY,2018,99
Uruguay,URY,2019,98
Uruguay,URY,2020,97
Uzbekistan,UZB,2000,39.89
Uzbekistan,UZB,2010,49.74
Uzbekistan,UZB,2015,48.18
Uzbekistan,UZB,2016,48.18
Uzbekistan,UZB,2017,48.18
Uzbekistan,UZB,2018,48.18
Uzbekistan,UZB,2019,48.18
Uzbekistan,UZB,2020,48.18
Vatican,VAT,2000,0
Vatican,VAT,2010,0
Vatican,VAT,2015,0
Vatican,VAT,2016,0
Vatican,VAT,2017,0
Vatican,VAT,2018,0
Vatican,VAT,2019,0
Vatican,VAT,2020,0
Venezuela,VEN,2000,207.74
Venezuela,VEN,2010,206.52
Venezuela,VEN,2015,204.8
Venezuela,VEN,2016,204.77
Venezuela,VEN,2017,204.75
Venezuela,VEN,2018,204.74
Venezuela,VEN,2019,204.72
Venezuela,VEN,2020,204.72
Vietnam,VNM,2000,73.95
Vietnam,VNM,2010,60.79
Vietnam,VNM,2015,62.46
Vietnam,VNM,2016,62.06
Vietnam,VNM,2017,62.97
Vietnam,VNM,2018,62.88
Vietnam,VNM,2019,62.63
Vietnam,VNM,2020,62.71
Wallis and Futuna,WLF,2000,196.17
Wallis and Futuna,WLF,2010,193.93
Wallis and Futuna,WLF,2015,192.6
Wallis and Futuna,WLF,2016,192.6
Wallis and Futuna,WLF,2017,192.6
Wallis and Futuna,WLF,2018,192.6
Wallis and Futuna,WLF,2019,192.6
Wallis and Futuna,WLF,2020,192.6
Western Africa,,2000,103.98212
Western Africa,,2010,101.85865
Western Africa,,2015,100.84303
Western Africa,,2016,100.98259
Western Africa,,2017,101.17202
Western Africa,,2018,101.10232
Western Africa,,2019,101.03462
Western Africa,,2020,100.96228
Western Asia,,2000,45.64582
Western Asia,,2010,49.58394
Western Asia,,2015,52.57329
Western Asia,,2016,54.43663
Western Asia,,2017,54.40598
Western Asia,,2018,54.36773
Western Asia,,2019,54.32953
Western Asia,,2020,54.29128
Western Europe,,2000,136.19603
Western Europe,,2010,146.14777
Western Europe,,2015,152.04087
Western Europe,,2016,153.25562
Western Europe,,2017,154.44131
Western Europe,,2018,155.57774
Western Europe,,2019,156.7141
Western Europe,,2020,157.89706
Western Sahara,ESH,2000,37.07
Western Sahara,ESH,2010,39.23
Western Sahara,ESH,2015,39.63
Western Sahara,ESH,2016,39.65
Western Sahara,ESH,2017,39.72
Western Sahara,ESH,2018,39.77
Western Sahara,ESH,2019,39.83
Western Sahara,ESH,2020,39.89
World,OWID_WRL,2000,115.8844
World,OWID_WRL,2010,116.68126
World,OWID_WRL,2015,117.72426
World,OWID_WRL,2016,117.89503
World,OWID_WRL,2017,117.98476
World,OWID_WRL,2018,118.11743
World,OWID_WRL,2019,118.20795
World,OWID_WRL,2020,118.28374
Yemen,YEM,2000,13.99
Yemen,YEM,2010,13.99
Yemen,YEM,2015,13.99
Yemen,YEM,2016,13.99
Yemen,YEM,2017,13.99
Yemen,YEM,2018,13.99
Yemen,YEM,2019,13.99
Yemen,YEM,2020,13.99
Zambia,ZMB,2000,44
Zambia,ZMB,2010,44
Zambia,ZMB,2015,44
Zambia,ZMB,2016,44
Zambia,ZMB,2017,44
Zambia,ZMB,2018,44
Zambia,ZMB,2019,44
Zambia,ZMB,2020,44
Zimbabwe,ZWE,2000,105.06
Zimbabwe,ZWE,2010,105
Zimbabwe,ZWE,2015,104.92
Zimbabwe,ZWE,2016,105.12
Zimbabwe,ZWE,2017,95.01
Zimbabwe,ZWE,2018,95
Zimbabwe,ZWE,2019,94.99
Zimbabwe,ZWE,2020,94.98