Entity,Code,Year,2.5.2 - Proportion of local breeds classified as being at risk as a share of local breeds with known level of extinction risk (%) - ER_RSK_LBREDS
Africa,,2000,25
Africa,,2001,30
Africa,,2003,40
Albania,ALB,2000,48
Albania,ALB,2001,44
Albania,ALB,2002,30
Albania,ALB,2003,28
Albania,ALB,2004,30
Albania,ALB,2005,26
Albania,ALB,2006,21
Albania,ALB,2007,21
Albania,ALB,2008,21
Albania,ALB,2009,21
Albania,ALB,2010,8
Albania,ALB,2011,8
Albania,ALB,2012,80
Albania,ALB,2013,55
Albania,ALB,2014,55
Albania,ALB,2015,55
Albania,ALB,2016,55
Albania,ALB,2017,55
Albania,ALB,2018,55
Albania,ALB,2019,55
Albania,ALB,2020,55
Albania,ALB,2021,55
Albania,ALB,2022,25
Algeria,DZA,2000,0
Algeria,DZA,2001,0
Algeria,DZA,2003,0
Algeria,DZA,2004,0
Algeria,DZA,2005,0
Algeria,DZA,2006,0
Algeria,DZA,2007,0
Algeria,DZA,2008,0
Algeria,DZA,2009,0
Algeria,DZA,2010,0
Algeria,DZA,2011,0
Algeria,DZA,2012,0
Algeria,DZA,2013,0
Algeria,DZA,2020,100
Algeria,DZA,2021,100
Algeria,DZA,2022,100
Angola,AGO,2000,0
Angola,AGO,2001,0
Angola,AGO,2002,0
Angola,AGO,2003,0
Antigua and Barbuda,ATG,2000,25
Antigua and Barbuda,ATG,2001,25
Antigua and Barbuda,ATG,2002,25
Antigua and Barbuda,ATG,2003,25
Argentina,ARG,2000,14
Argentina,ARG,2001,14
Argentina,ARG,2002,20
Argentina,ARG,2003,25
Argentina,ARG,2010,0
Argentina,ARG,2011,0
Argentina,ARG,2012,0
Argentina,ARG,2013,0
Argentina,ARG,2014,0
Argentina,ARG,2015,0
Argentina,ARG,2016,0
Argentina,ARG,2017,25
Argentina,ARG,2018,20
Argentina,ARG,2019,20
Argentina,ARG,2020,20
Argentina,ARG,2021,14
Argentina,ARG,2022,14
Armenia,ARM,2003,0
Armenia,ARM,2004,0
Armenia,ARM,2005,0
Armenia,ARM,2006,0
Armenia,ARM,2007,0
Armenia,ARM,2008,0
Armenia,ARM,2009,0
Armenia,ARM,2010,0
Armenia,ARM,2011,0
Armenia,ARM,2012,0
Asia,,2000,30
Asia,,2001,28
Asia,,2002,25
Asia,,2003,24
Asia,,2004,21
Asia,,2005,20
Asia,,2006,22
Asia,,2007,21
Asia,,2008,20
Asia,,2009,20
Asia,,2010,22
Asia,,2011,22
Asia,,2012,24
Australia,AUS,2000,82
Australia,AUS,2001,82
Australia,AUS,2002,83
Australia,AUS,2003,75
Australia,AUS,2004,66
Australia,AUS,2005,80
Australia,AUS,2006,77
Australia,AUS,2007,77
Australia,AUS,2008,80
Australia,AUS,2009,75
Australia,AUS,2010,75
Australia,AUS,2011,75
Australia,AUS,2012,75
Australia,AUS,2013,72
Australia,AUS,2014,75
Australia,AUS,2015,75
Australia,AUS,2016,75
Australia,AUS,2017,75
Australia,AUS,2018,75
Australia,AUS,2019,100
Australia,AUS,2021,100
Australia,AUS,2022,100
Austria,AUT,2000,100
Austria,AUT,2001,100
Austria,AUT,2002,100
Austria,AUT,2003,100
Austria,AUT,2004,100
Austria,AUT,2005,100
Austria,AUT,2006,100
Austria,AUT,2007,100
Austria,AUT,2008,100
Austria,AUT,2009,100
Austria,AUT,2010,100
Austria,AUT,2011,100
Austria,AUT,2012,100
Austria,AUT,2013,95
Austria,AUT,2014,95
Austria,AUT,2015,95
Austria,AUT,2016,95
Austria,AUT,2017,91
Austria,AUT,2018,91
Austria,AUT,2019,91
Austria,AUT,2020,91
Austria,AUT,2021,91
Austria,AUT,2022,91
Azerbaijan,AZE,2003,100
Azerbaijan,AZE,2004,100
Azerbaijan,AZE,2005,100
Azerbaijan,AZE,2006,100
Azerbaijan,AZE,2007,100
Azerbaijan,AZE,2008,100
Azerbaijan,AZE,2009,100
Azerbaijan,AZE,2010,100
Azerbaijan,AZE,2011,100
Azerbaijan,AZE,2012,100
Bangladesh,BGD,2000,0
Bangladesh,BGD,2001,0
Bangladesh,BGD,2004,80
Bangladesh,BGD,2005,80
Bangladesh,BGD,2006,80
Bangladesh,BGD,2007,80
Bangladesh,BGD,2008,80
Bangladesh,BGD,2009,80
Bangladesh,BGD,2010,80
Bangladesh,BGD,2011,80
Bangladesh,BGD,2012,80
Bangladesh,BGD,2013,80
Belarus,BLR,2003,25
Belarus,BLR,2004,40
Belarus,BLR,2005,40
Belarus,BLR,2006,40
Belarus,BLR,2007,40
Belarus,BLR,2008,40
Belarus,BLR,2009,40
Belarus,BLR,2010,40
Belarus,BLR,2011,40
Belarus,BLR,2012,40
Belarus,BLR,2013,100
Belgium,BEL,2000,84
Belgium,BEL,2001,84
Belgium,BEL,2002,84
Belgium,BEL,2003,84
Belgium,BEL,2004,100
Belgium,BEL,2005,100
Belgium,BEL,2006,100
Belgium,BEL,2007,100
Belgium,BEL,2008,100
Belgium,BEL,2009,100
Belgium,BEL,2010,100
Belgium,BEL,2011,100
Belgium,BEL,2012,92
Belgium,BEL,2013,96
Belgium,BEL,2014,96
Belgium,BEL,2015,96
Belgium,BEL,2016,94
Belgium,BEL,2017,94
Belgium,BEL,2018,96
Belgium,BEL,2019,96
Belgium,BEL,2020,96
Belgium,BEL,2021,96
Belgium,BEL,2022,95
Benin,BEN,2000,0
Benin,BEN,2001,0
Benin,BEN,2003,0
Benin,BEN,2004,0
Benin,BEN,2005,0
Benin,BEN,2006,0
Benin,BEN,2007,0
Benin,BEN,2008,0
Benin,BEN,2009,0
Benin,BEN,2010,0
Benin,BEN,2011,0
Benin,BEN,2012,0
Bermuda,BMU,2000,100
Bermuda,BMU,2001,100
Bermuda,BMU,2002,100
Bermuda,BMU,2003,100
Bhutan,BTN,2000,0
Bhutan,BTN,2001,0
Bhutan,BTN,2002,0
Bhutan,BTN,2003,0
Bhutan,BTN,2004,0
Bhutan,BTN,2005,0
Bhutan,BTN,2006,0
Bhutan,BTN,2007,30
Bhutan,BTN,2008,33
Bhutan,BTN,2009,28
Bhutan,BTN,2010,27
Bhutan,BTN,2011,27
Bhutan,BTN,2012,30
Bhutan,BTN,2013,30
Bhutan,BTN,2014,30
Bhutan,BTN,2015,30
Bhutan,BTN,2016,30
Bhutan,BTN,2017,30
Bhutan,BTN,2018,52
Bhutan,BTN,2019,52
Bhutan,BTN,2020,52
Bhutan,BTN,2021,52
Bhutan,BTN,2022,50
Bolivia,BOL,2000,100
Bolivia,BOL,2001,60
Bolivia,BOL,2002,33
Bolivia,BOL,2003,0
Bolivia,BOL,2004,0
Bolivia,BOL,2005,0
Bolivia,BOL,2006,0
Bolivia,BOL,2007,0
Bolivia,BOL,2008,14
Bolivia,BOL,2009,12
Bolivia,BOL,2010,11
Bolivia,BOL,2011,14
Bolivia,BOL,2012,14
Bolivia,BOL,2013,16
Bolivia,BOL,2014,16
Bolivia,BOL,2015,16
Bolivia,BOL,2016,16
Bolivia,BOL,2017,16
Bolivia,BOL,2018,0
Bolivia,BOL,2019,0
Bosnia and Herzegovina,BIH,2000,0
Bosnia and Herzegovina,BIH,2003,25
Bosnia and Herzegovina,BIH,2004,25
Bosnia and Herzegovina,BIH,2005,25
Bosnia and Herzegovina,BIH,2006,25
Bosnia and Herzegovina,BIH,2007,25
Bosnia and Herzegovina,BIH,2008,25
Bosnia and Herzegovina,BIH,2009,25
Bosnia and Herzegovina,BIH,2010,25
Bosnia and Herzegovina,BIH,2011,25
Bosnia and Herzegovina,BIH,2012,25
Botswana,BWA,2000,25
Botswana,BWA,2001,25
Botswana,BWA,2002,25
Botswana,BWA,2003,25
Botswana,BWA,2004,0
Botswana,BWA,2005,0
Botswana,BWA,2006,0
Botswana,BWA,2007,0
Botswana,BWA,2008,0
Botswana,BWA,2011,50
Botswana,BWA,2012,75
Botswana,BWA,2013,75
Botswana,BWA,2014,75
Botswana,BWA,2015,75
Botswana,BWA,2016,75
Botswana,BWA,2017,75
Botswana,BWA,2018,75
Botswana,BWA,2019,75
Botswana,BWA,2020,75
Botswana,BWA,2021,100
Botswana,BWA,2022,100
Brazil,BRA,2000,45
Brazil,BRA,2001,50
Brazil,BRA,2002,0
Brazil,BRA,2003,50
Brazil,BRA,2004,66
Brazil,BRA,2005,66
Brazil,BRA,2006,66
Brazil,BRA,2007,66
Brazil,BRA,2008,66
Brazil,BRA,2009,66
Brazil,BRA,2010,66
Brazil,BRA,2011,66
Brazil,BRA,2012,66
Brazil,BRA,2017,46
Brazil,BRA,2018,46
Brazil,BRA,2019,46
Brazil,BRA,2020,41
Brazil,BRA,2021,54
Brazil,BRA,2022,54
Bulgaria,BGR,2000,100
Bulgaria,BGR,2001,100
Bulgaria,BGR,2002,87
Bulgaria,BGR,2003,87
Bulgaria,BGR,2004,66
Bulgaria,BGR,2005,66
Bulgaria,BGR,2006,66
Bulgaria,BGR,2007,66
Bulgaria,BGR,2008,66
Bulgaria,BGR,2009,89
Bulgaria,BGR,2010,87
Bulgaria,BGR,2011,91
Bulgaria,BGR,2012,92
Bulgaria,BGR,2013,91
Bulgaria,BGR,2014,80
Bulgaria,BGR,2015,85
Bulgaria,BGR,2016,91
Bulgaria,BGR,2017,81
Bulgaria,BGR,2018,78
Bulgaria,BGR,2019,79
Bulgaria,BGR,2020,79
Bulgaria,BGR,2021,79
Bulgaria,BGR,2022,79
Burkina Faso,BFA,2000,40
Burkina Faso,BFA,2001,40
Burkina Faso,BFA,2002,40
Burkina Faso,BFA,2003,40
Burundi,BDI,2000,0
Burundi,BDI,2001,0
Burundi,BDI,2002,0
Burundi,BDI,2003,0
Burundi,BDI,2004,0
Burundi,BDI,2005,0
Burundi,BDI,2006,0
Burundi,BDI,2007,0
Burundi,BDI,2008,0
Burundi,BDI,2009,0
Burundi,BDI,2010,0
Burundi,BDI,2011,0
Burundi,BDI,2012,0
Burundi,BDI,2013,0
Burundi,BDI,2014,0
Burundi,BDI,2015,0
Burundi,BDI,2016,0
Burundi,BDI,2017,0
Burundi,BDI,2018,0
Burundi,BDI,2019,0
Burundi,BDI,2020,0
Burundi,BDI,2021,0
Burundi,BDI,2022,0
Cambodia,KHM,2000,12
Cambodia,KHM,2001,14
Cambodia,KHM,2002,14
Cambodia,KHM,2003,0
Cameroon,CMR,2000,25
Cameroon,CMR,2001,25
Cameroon,CMR,2002,0
Cameroon,CMR,2003,0
Cameroon,CMR,2004,0
Cameroon,CMR,2005,0
Cameroon,CMR,2006,0
Cameroon,CMR,2007,0
Cameroon,CMR,2008,0
Cameroon,CMR,2009,0
Cameroon,CMR,2010,0
Cameroon,CMR,2011,0
Cameroon,CMR,2012,0
Canada,CAN,2000,88
Canada,CAN,2001,90
Canada,CAN,2002,90
Canada,CAN,2003,90
Canada,CAN,2004,100
Canada,CAN,2005,100
Canada,CAN,2006,100
Canada,CAN,2007,100
Canada,CAN,2008,93
Canada,CAN,2009,100
Canada,CAN,2010,100
Canada,CAN,2011,100
Canada,CAN,2012,93
Canada,CAN,2013,100
Canada,CAN,2014,93
Canada,CAN,2015,100
Canada,CAN,2016,100
Canada,CAN,2017,91
Canada,CAN,2018,95
Canada,CAN,2019,91
Canada,CAN,2020,95
Canada,CAN,2021,95
Canada,CAN,2022,95
Central America,,2000,28
Central America,,2001,33
Central America,,2002,50
Central America,,2003,45
Central America,,2004,50
Central America,,2005,55
Central America,,2006,55
Central America,,2007,55
Central America,,2008,55
Central America,,2009,55
Central Asia,,2003,9
Central Asia,,2004,8
Central Asia,,2005,8
Central Asia,,2006,8
Central Asia,,2007,8
Central Asia,,2008,8
Central Asia,,2009,8
Central Asia,,2010,8
Central Asia,,2011,8
Central Asia,,2012,0
Central and Southern Asia,,2000,23
Central and Southern Asia,,2001,15
Central and Southern Asia,,2002,10
Central and Southern Asia,,2003,10
Central and Southern Asia,,2004,12
Central and Southern Asia,,2005,12
Central and Southern Asia,,2006,13
Central and Southern Asia,,2007,12
Central and Southern Asia,,2008,13
Central and Southern Asia,,2009,14
Central and Southern Asia,,2010,18
Central and Southern Asia,,2011,21
Central and Southern Asia,,2012,20
Chad,TCD,2000,46
Chad,TCD,2001,46
Chad,TCD,2002,46
Chad,TCD,2003,48
Chad,TCD,2004,0
Chad,TCD,2005,0
Chad,TCD,2006,0
Chad,TCD,2007,0
Chad,TCD,2008,0
Chad,TCD,2009,0
Chile,CHL,2000,0
Chile,CHL,2001,0
Chile,CHL,2002,0
Chile,CHL,2010,14
Chile,CHL,2011,14
Chile,CHL,2012,12
Chile,CHL,2013,0
Chile,CHL,2014,0
Chile,CHL,2015,26
Chile,CHL,2016,26
Chile,CHL,2017,20
Chile,CHL,2018,20
Chile,CHL,2019,20
Chile,CHL,2020,20
Chile,CHL,2021,20
Chile,CHL,2022,21
China,CHN,2000,30
China,CHN,2001,29
China,CHN,2002,30
China,CHN,2003,25
China,CHN,2004,13
China,CHN,2005,11
China,CHN,2006,20
China,CHN,2007,20
China,CHN,2008,20
China,CHN,2009,21
China,CHN,2010,21
China,CHN,2011,21
China,CHN,2012,21
China,CHN,2013,22
China,CHN,2014,22
China,CHN,2015,24
China,CHN,2016,20
China,CHN,2017,16
China,CHN,2018,13
China,CHN,2019,11
China,CHN,2020,11
China,CHN,2021,12
China,CHN,2022,12
Colombia,COL,2000,47
Colombia,COL,2001,47
Colombia,COL,2002,44
Colombia,COL,2003,42
Colombia,COL,2004,42
Colombia,COL,2005,42
Colombia,COL,2006,42
Colombia,COL,2007,42
Colombia,COL,2008,42
Colombia,COL,2009,33
Colombia,COL,2010,33
Colombia,COL,2011,33
Colombia,COL,2012,0
Colombia,COL,2018,25
Colombia,COL,2019,25
Colombia,COL,2020,25
Colombia,COL,2021,25
Colombia,COL,2022,25
Comoros,COM,2003,0
Comoros,COM,2004,0
Comoros,COM,2005,0
Comoros,COM,2006,0
Comoros,COM,2007,0
Comoros,COM,2008,0
Comoros,COM,2009,0
Comoros,COM,2010,0
Comoros,COM,2011,0
Comoros,COM,2012,0
Cook Islands,COK,2000,50
Cook Islands,COK,2001,50
Cook Islands,COK,2002,50
Cook Islands,COK,2003,50
Cote d'Ivoire,CIV,2000,0
Cote d'Ivoire,CIV,2001,0
Cote d'Ivoire,CIV,2002,0
Cote d'Ivoire,CIV,2003,0
Cote d'Ivoire,CIV,2004,0
Cote d'Ivoire,CIV,2005,0
Cote d'Ivoire,CIV,2006,0
Cote d'Ivoire,CIV,2007,0
Cote d'Ivoire,CIV,2008,0
Cote d'Ivoire,CIV,2009,0
Cote d'Ivoire,CIV,2010,0
Croatia,HRV,2000,77
Croatia,HRV,2001,77
Croatia,HRV,2002,77
Croatia,HRV,2003,82
Croatia,HRV,2004,71
Croatia,HRV,2005,61
Croatia,HRV,2006,65
Croatia,HRV,2007,65
Croatia,HRV,2008,76
Croatia,HRV,2009,73
Croatia,HRV,2010,73
Croatia,HRV,2011,73
Croatia,HRV,2012,73
Croatia,HRV,2013,74
Croatia,HRV,2014,74
Croatia,HRV,2015,76
Croatia,HRV,2016,80
Croatia,HRV,2017,80
Croatia,HRV,2018,77
Croatia,HRV,2019,78
Croatia,HRV,2020,76
Croatia,HRV,2021,76
Croatia,HRV,2022,76
Cuba,CUB,2000,42
Cuba,CUB,2001,42
Cuba,CUB,2002,42
Cyprus,CYP,2000,50
Cyprus,CYP,2001,50
Cyprus,CYP,2002,50
Cyprus,CYP,2003,100
Cyprus,CYP,2004,41
Cyprus,CYP,2005,38
Cyprus,CYP,2006,46
Cyprus,CYP,2007,46
Cyprus,CYP,2008,46
Cyprus,CYP,2009,46
Cyprus,CYP,2010,46
Cyprus,CYP,2011,46
Cyprus,CYP,2012,46
Cyprus,CYP,2013,41
Cyprus,CYP,2014,80
Cyprus,CYP,2015,80
Cyprus,CYP,2016,66
Cyprus,CYP,2017,50
Cyprus,CYP,2018,100
Cyprus,CYP,2019,100
Cyprus,CYP,2020,100
Cyprus,CYP,2021,100
Cyprus,CYP,2022,100
Czechia,CZE,2000,80
Czechia,CZE,2001,80
Czechia,CZE,2002,80
Czechia,CZE,2003,93
Czechia,CZE,2004,80
Czechia,CZE,2005,84
Czechia,CZE,2006,84
Czechia,CZE,2007,81
Czechia,CZE,2008,85
Czechia,CZE,2009,85
Czechia,CZE,2010,85
Czechia,CZE,2011,80
Czechia,CZE,2012,80
Czechia,CZE,2013,84
Czechia,CZE,2014,84
Czechia,CZE,2015,84
Czechia,CZE,2016,84
Czechia,CZE,2017,85
Czechia,CZE,2018,85
Czechia,CZE,2019,85
Czechia,CZE,2020,85
Czechia,CZE,2021,85
Czechia,CZE,2022,85
Denmark,DNK,2000,83
Denmark,DNK,2001,83
Denmark,DNK,2002,83
Denmark,DNK,2003,83
Denmark,DNK,2004,94
Denmark,DNK,2005,94
Denmark,DNK,2006,95
Denmark,DNK,2007,95
Denmark,DNK,2008,100
Denmark,DNK,2009,100
Denmark,DNK,2010,100
Denmark,DNK,2011,100
Denmark,DNK,2012,61
Denmark,DNK,2013,94
Denmark,DNK,2014,67
Denmark,DNK,2015,86
Denmark,DNK,2016,95
Denmark,DNK,2017,85
Denmark,DNK,2018,85
Denmark,DNK,2019,85
Denmark,DNK,2020,85
Denmark,DNK,2021,85
Denmark,DNK,2022,85
Dominican Republic,DOM,2000,100
Dominican Republic,DOM,2001,100
Dominican Republic,DOM,2002,100
Dominican Republic,DOM,2003,100
Dominican Republic,DOM,2004,100
Dominican Republic,DOM,2005,100
Dominican Republic,DOM,2006,100
Dominican Republic,DOM,2007,100
Dominican Republic,DOM,2008,100
Dominican Republic,DOM,2009,100
Dominican Republic,DOM,2010,100
Dominican Republic,DOM,2011,100
Dominican Republic,DOM,2012,100
Dominican Republic,DOM,2013,100
Eastern Africa,,2000,20
Eastern Africa,,2001,28
Eastern Africa,,2007,24
Eastern Africa,,2008,21
Eastern Africa,,2009,26
Eastern Africa,,2010,24
Eastern Africa,,2011,19
Eastern Asia,,2000,35
Eastern Asia,,2001,35
Eastern Asia,,2002,34
Eastern Asia,,2003,31
Eastern Asia,,2004,24
Eastern Asia,,2005,20
Eastern Asia,,2006,23
Eastern Asia,,2007,23
Eastern Asia,,2008,23
Eastern Asia,,2009,23
Eastern Asia,,2010,24
Eastern Asia,,2011,24
Eastern Asia,,2012,26
Eastern Asia,,2013,27
Eastern Asia,,2014,28
Eastern Asia,,2015,32
Eastern Asia,,2016,40
Eastern Asia,,2017,40
Eastern Europe,,2000,79
Eastern Europe,,2001,75
Eastern Europe,,2002,74
Eastern Europe,,2003,56
Eastern Europe,,2004,56
Eastern Europe,,2005,55
Eastern Europe,,2006,58
Eastern Europe,,2007,60
Eastern Europe,,2008,64
Eastern Europe,,2009,67
Eastern Europe,,2010,69
Eastern Europe,,2011,70
Eastern Europe,,2012,71
Eastern Europe,,2013,82
Eastern Europe,,2014,80
Eastern Europe,,2015,82
Eastern Europe,,2016,84
Eastern Europe,,2017,82
Eastern Europe,,2018,82
Eastern Europe,,2019,79
Eastern Europe,,2020,75
Eastern Europe,,2021,76
Eastern Europe,,2022,76
Eastern and South-Eastern Asia,,2000,31
Eastern and South-Eastern Asia,,2001,30
Eastern and South-Eastern Asia,,2002,27
Eastern and South-Eastern Asia,,2003,25
Eastern and South-Eastern Asia,,2004,23
Eastern and South-Eastern Asia,,2005,21
Eastern and South-Eastern Asia,,2006,23
Eastern and South-Eastern Asia,,2007,22
Eastern and South-Eastern Asia,,2008,21
Eastern and South-Eastern Asia,,2009,22
Eastern and South-Eastern Asia,,2010,22
Eastern and South-Eastern Asia,,2011,23
Eastern and South-Eastern Asia,,2012,24
Eastern and South-Eastern Asia,,2013,26
Eastern and South-Eastern Asia,,2016,30
Eastern and South-Eastern Asia,,2017,31
Ecuador,ECU,2000,20
Ecuador,ECU,2001,20
Ecuador,ECU,2002,16
Ecuador,ECU,2003,25
Ecuador,ECU,2004,33
Ecuador,ECU,2005,33
Ecuador,ECU,2006,33
Ecuador,ECU,2007,50
Ecuador,ECU,2008,40
Ecuador,ECU,2009,40
Ecuador,ECU,2010,40
Ecuador,ECU,2011,40
Ecuador,ECU,2012,50
Ecuador,ECU,2013,50
Ecuador,ECU,2014,50
Ecuador,ECU,2015,50
Ecuador,ECU,2016,50
Ecuador,ECU,2017,0
Ecuador,ECU,2018,28
Ecuador,ECU,2019,28
Ecuador,ECU,2020,28
Ecuador,ECU,2021,28
Ecuador,ECU,2022,28
Egypt,EGY,2000,6
Egypt,EGY,2001,6
Egypt,EGY,2002,3
Egypt,EGY,2003,100
Egypt,EGY,2004,100
Egypt,EGY,2005,100
Egypt,EGY,2006,100
Egypt,EGY,2007,100
Egypt,EGY,2008,100
Egypt,EGY,2009,100
Egypt,EGY,2010,100
Egypt,EGY,2011,100
Egypt,EGY,2012,100
El Salvador,SLV,2000,0
El Salvador,SLV,2001,0
El Salvador,SLV,2002,0
El Salvador,SLV,2003,0
El Salvador,SLV,2004,0
Eritrea,ERI,2000,0
Eritrea,ERI,2001,0
Estonia,EST,2000,70
Estonia,EST,2001,70
Estonia,EST,2002,70
Estonia,EST,2003,70
Estonia,EST,2004,60
Estonia,EST,2005,60
Estonia,EST,2006,60
Estonia,EST,2007,66
Estonia,EST,2008,66
Estonia,EST,2009,66
Estonia,EST,2010,66
Estonia,EST,2011,66
Estonia,EST,2012,66
Estonia,EST,2013,66
Estonia,EST,2014,66
Estonia,EST,2015,66
Estonia,EST,2016,66
Estonia,EST,2017,100
Estonia,EST,2018,100
Estonia,EST,2019,100
Estonia,EST,2020,100
Estonia,EST,2021,100
Estonia,EST,2022,100
Eswatini,SWZ,2000,0
Eswatini,SWZ,2001,0
Eswatini,SWZ,2002,0
Eswatini,SWZ,2003,100
Eswatini,SWZ,2004,100
Eswatini,SWZ,2005,100
Eswatini,SWZ,2006,100
Eswatini,SWZ,2007,100
Eswatini,SWZ,2008,100
Eswatini,SWZ,2009,100
Eswatini,SWZ,2010,100
Eswatini,SWZ,2011,100
Eswatini,SWZ,2012,100
Ethiopia,ETH,2000,0
Ethiopia,ETH,2001,0
Ethiopia,ETH,2002,0
Ethiopia,ETH,2003,0
Ethiopia,ETH,2004,0
Ethiopia,ETH,2005,12
Ethiopia,ETH,2006,12
Ethiopia,ETH,2007,9
Ethiopia,ETH,2008,5
Ethiopia,ETH,2009,6
Ethiopia,ETH,2010,6
Ethiopia,ETH,2011,6
Ethiopia,ETH,2012,6
Ethiopia,ETH,2013,6
Ethiopia,ETH,2014,6
Ethiopia,ETH,2015,0
Ethiopia,ETH,2016,0
Ethiopia,ETH,2017,0
Ethiopia,ETH,2018,50
Ethiopia,ETH,2019,50
Ethiopia,ETH,2020,33
Ethiopia,ETH,2021,33
Ethiopia,ETH,2022,33
Europe,,2000,75
Europe,,2001,76
Europe,,2002,76
Europe,,2003,73
Europe,,2004,75
Europe,,2005,76
Europe,,2006,77
Europe,,2007,78
Europe,,2008,79
Europe,,2009,79
Europe,,2010,79
Europe,,2011,80
Europe,,2012,80
Europe,,2013,85
Europe,,2014,84
Europe,,2015,84
Europe,,2016,85
Europe,,2017,84
Europe,,2018,85
Europe,,2019,84
Europe,,2020,83
Europe,,2021,83
Europe,,2022,83
Europe and Northern America,,2000,75
Europe and Northern America,,2001,76
Europe and Northern America,,2002,76
Europe and Northern America,,2003,73
Europe and Northern America,,2004,75
Europe and Northern America,,2005,77
Europe and Northern America,,2006,78
Europe and Northern America,,2007,78
Europe and Northern America,,2008,79
Europe and Northern America,,2009,80
Europe and Northern America,,2010,79
Europe and Northern America,,2011,80
Europe and Northern America,,2012,80
Europe and Northern America,,2013,85
Europe and Northern America,,2014,84
Europe and Northern America,,2015,85
Europe and Northern America,,2016,85
Europe and Northern America,,2017,85
Europe and Northern America,,2018,85
Europe and Northern America,,2019,84
Europe and Northern America,,2020,83
Europe and Northern America,,2021,83
Europe and Northern America,,2022,83
Faeroe Islands,FRO,2000,0
Faeroe Islands,FRO,2001,0
Faeroe Islands,FRO,2002,0
Faeroe Islands,FRO,2003,0
Faeroe Islands,FRO,2004,0
Faeroe Islands,FRO,2005,0
Faeroe Islands,FRO,2006,0
Faeroe Islands,FRO,2007,0
Faeroe Islands,FRO,2016,100
Faeroe Islands,FRO,2017,50
Faeroe Islands,FRO,2018,50
Faeroe Islands,FRO,2019,50
Faeroe Islands,FRO,2020,50
Faeroe Islands,FRO,2021,50
Faeroe Islands,FRO,2022,50
Falkland Islands,FLK,2000,66
Falkland Islands,FLK,2001,66
Falkland Islands,FLK,2002,66
Fiji,FJI,2004,0
Fiji,FJI,2005,0
Fiji,FJI,2006,0
Fiji,FJI,2007,0
Fiji,FJI,2008,0
Fiji,FJI,2009,0
Fiji,FJI,2010,0
Fiji,FJI,2011,0
Fiji,FJI,2012,0
Fiji,FJI,2013,0
Finland,FIN,2000,55
Finland,FIN,2001,60
Finland,FIN,2002,60
Finland,FIN,2003,60
Finland,FIN,2004,90
Finland,FIN,2005,90
Finland,FIN,2006,90
Finland,FIN,2007,90
Finland,FIN,2008,90
Finland,FIN,2009,82
Finland,FIN,2010,88
Finland,FIN,2011,84
Finland,FIN,2012,84
Finland,FIN,2013,84
Finland,FIN,2014,83
Finland,FIN,2015,83
Finland,FIN,2016,83
Finland,FIN,2017,83
Finland,FIN,2018,82
Finland,FIN,2019,80
Finland,FIN,2020,76
Finland,FIN,2021,80
Finland,FIN,2022,80
France,FRA,2000,49
France,FRA,2001,56
France,FRA,2002,56
France,FRA,2003,56
France,FRA,2004,57
France,FRA,2005,73
France,FRA,2006,73
France,FRA,2007,73
France,FRA,2008,70
France,FRA,2009,70
France,FRA,2010,71
France,FRA,2011,95
France,FRA,2012,95
France,FRA,2013,95
France,FRA,2014,78
France,FRA,2015,79
France,FRA,2016,79
France,FRA,2017,79
France,FRA,2018,78
France,FRA,2019,78
France,FRA,2020,78
France,FRA,2021,78
France,FRA,2022,78
French Guiana,GUF,2000,100
French Guiana,GUF,2001,100
French Guiana,GUF,2002,100
French Guiana,GUF,2003,100
Germany,DEU,2000,82
Germany,DEU,2001,82
Germany,DEU,2002,82
Germany,DEU,2003,82
Germany,DEU,2004,81
Germany,DEU,2005,83
Germany,DEU,2006,83
Germany,DEU,2007,83
Germany,DEU,2008,85
Germany,DEU,2009,85
Germany,DEU,2010,85
Germany,DEU,2011,85
Germany,DEU,2012,86
Germany,DEU,2013,87
Germany,DEU,2014,87
Germany,DEU,2015,88
Germany,DEU,2016,89
Germany,DEU,2017,90
Germany,DEU,2018,90
Germany,DEU,2019,88
Germany,DEU,2020,87
Germany,DEU,2021,87
Germany,DEU,2022,87
Ghana,GHA,2000,27
Ghana,GHA,2001,27
Ghana,GHA,2002,27
Ghana,GHA,2003,50
Ghana,GHA,2004,0
Ghana,GHA,2005,0
Ghana,GHA,2006,0
Ghana,GHA,2007,0
Ghana,GHA,2008,0
Ghana,GHA,2009,0
Ghana,GHA,2010,0
Ghana,GHA,2011,0
Ghana,GHA,2012,0
Ghana,GHA,2013,0
Ghana,GHA,2014,0
Ghana,GHA,2015,0
Greece,GRC,2000,78
Greece,GRC,2001,65
Greece,GRC,2002,69
Greece,GRC,2003,69
Greece,GRC,2004,69
Greece,GRC,2005,73
Greece,GRC,2006,70
Greece,GRC,2007,67
Greece,GRC,2008,70
Greece,GRC,2009,70
Greece,GRC,2010,70
Greece,GRC,2011,74
Greece,GRC,2012,70
Greece,GRC,2013,73
Greece,GRC,2014,72
Greece,GRC,2015,67
Greece,GRC,2016,67
Greece,GRC,2017,73
Greece,GRC,2018,73
Greece,GRC,2019,67
Greece,GRC,2020,63
Greece,GRC,2021,63
Greece,GRC,2022,63
Greenland,GRL,2000,0
Greenland,GRL,2001,0
Guam,GUM,2000,0
Guam,GUM,2001,0
Guatemala,GTM,2000,50
Guatemala,GTM,2001,50
Guatemala,GTM,2002,50
Guatemala,GTM,2003,50
Guatemala,GTM,2004,50
Guatemala,GTM,2005,50
Guatemala,GTM,2006,50
Guatemala,GTM,2007,50
Guatemala,GTM,2008,50
Guatemala,GTM,2009,50
Guatemala,GTM,2010,100
Guatemala,GTM,2011,100
Guatemala,GTM,2012,100
Guatemala,GTM,2013,100
Guatemala,GTM,2014,100
Guatemala,GTM,2015,100
Guatemala,GTM,2016,100
Guatemala,GTM,2017,100
Guinea,GIN,2000,0
Guinea,GIN,2001,0
Guinea,GIN,2002,0
Guinea,GIN,2003,0
Guinea,GIN,2004,0
Guinea,GIN,2005,0
Guinea,GIN,2006,0
Guinea,GIN,2007,0
Guinea,GIN,2008,0
Guinea,GIN,2009,0
Guinea,GIN,2010,0
Guinea,GIN,2011,0
Guinea,GIN,2012,0
Guinea,GIN,2013,0
Guinea,GIN,2014,0
Guinea-Bissau,GNB,2003,0
Guinea-Bissau,GNB,2004,0
Guinea-Bissau,GNB,2005,0
Guinea-Bissau,GNB,2006,0
Guinea-Bissau,GNB,2007,0
Guinea-Bissau,GNB,2008,0
Guinea-Bissau,GNB,2009,0
Guinea-Bissau,GNB,2010,0
Guinea-Bissau,GNB,2011,0
Guinea-Bissau,GNB,2012,0
Honduras,HND,2000,0
Honduras,HND,2001,0
Honduras,HND,2002,0
Honduras,HND,2003,0
Honduras,HND,2004,0
Honduras,HND,2005,0
Honduras,HND,2006,0
Honduras,HND,2007,0
Honduras,HND,2008,0
Honduras,HND,2009,0
Hungary,HUN,2000,69
Hungary,HUN,2001,70
Hungary,HUN,2002,64
Hungary,HUN,2003,66
Hungary,HUN,2004,73
Hungary,HUN,2005,72
Hungary,HUN,2006,73
Hungary,HUN,2007,76
Hungary,HUN,2008,78
Hungary,HUN,2009,76
Hungary,HUN,2010,80
Hungary,HUN,2011,80
Hungary,HUN,2012,84
Hungary,HUN,2013,87
Hungary,HUN,2014,87
Hungary,HUN,2015,87
Hungary,HUN,2016,89
Hungary,HUN,2017,80
Hungary,HUN,2018,80
Hungary,HUN,2019,68
Hungary,HUN,2020,57
Hungary,HUN,2021,57
Hungary,HUN,2022,56
Iceland,ISL,2000,33
Iceland,ISL,2001,33
Iceland,ISL,2002,33
Iceland,ISL,2003,33
Iceland,ISL,2004,33
Iceland,ISL,2005,33
Iceland,ISL,2006,33
Iceland,ISL,2007,33
Iceland,ISL,2008,33
Iceland,ISL,2009,33
Iceland,ISL,2010,33
Iceland,ISL,2011,33
Iceland,ISL,2012,33
Iceland,ISL,2013,33
Iceland,ISL,2014,33
Iceland,ISL,2015,33
Iceland,ISL,2016,33
Iceland,ISL,2017,33
Iceland,ISL,2018,33
Iceland,ISL,2019,33
Iceland,ISL,2020,16
Iceland,ISL,2021,16
Iceland,ISL,2022,16
India,IND,2000,66
India,IND,2001,20
India,IND,2002,20
India,IND,2003,20
India,IND,2004,0
India,IND,2005,0
India,IND,2006,14
India,IND,2007,9
India,IND,2008,9
India,IND,2009,15
India,IND,2010,13
India,IND,2011,26
India,IND,2012,14
India,IND,2013,11
India,IND,2014,11
India,IND,2015,12
India,IND,2016,13
India,IND,2017,13
India,IND,2018,13
India,IND,2019,12
India,IND,2020,12
India,IND,2021,11
India,IND,2022,12
Indonesia,IDN,2000,25
Indonesia,IDN,2001,25
Indonesia,IDN,2002,20
Indonesia,IDN,2003,20
Indonesia,IDN,2004,20
Indonesia,IDN,2005,19
Indonesia,IDN,2006,19
Indonesia,IDN,2007,4
Indonesia,IDN,2008,4
Indonesia,IDN,2009,3
Indonesia,IDN,2010,5
Indonesia,IDN,2011,8
Indonesia,IDN,2012,9
Indonesia,IDN,2013,13
Indonesia,IDN,2014,14
Indonesia,IDN,2015,12
Indonesia,IDN,2016,14
Indonesia,IDN,2017,14
Indonesia,IDN,2018,20
Indonesia,IDN,2019,21
Indonesia,IDN,2020,22
Indonesia,IDN,2021,31
Indonesia,IDN,2022,42
Iran,IRN,2000,9
Iran,IRN,2001,9
Iran,IRN,2002,9
Iran,IRN,2003,23
Iran,IRN,2004,23
Iran,IRN,2005,23
Iran,IRN,2006,23
Iran,IRN,2007,17
Iran,IRN,2008,17
Iran,IRN,2009,17
Iran,IRN,2010,100
Iran,IRN,2011,100
Iran,IRN,2012,100
Iraq,IRQ,2000,54
Iraq,IRQ,2001,54
Iraq,IRQ,2002,54
Iraq,IRQ,2003,54
Iraq,IRQ,2004,0
Iraq,IRQ,2005,0
Iraq,IRQ,2006,0
Iraq,IRQ,2007,0
Iraq,IRQ,2008,0
Iraq,IRQ,2009,0
Iraq,IRQ,2010,0
Iraq,IRQ,2011,0
Iraq,IRQ,2012,0
Iraq,IRQ,2013,0
Iraq,IRQ,2014,0
Iraq,IRQ,2015,0
Iraq,IRQ,2016,0
Iraq,IRQ,2017,0
Ireland,IRL,2000,61
Ireland,IRL,2001,61
Ireland,IRL,2002,61
Ireland,IRL,2003,69
Ireland,IRL,2004,81
Ireland,IRL,2005,81
Ireland,IRL,2006,90
Ireland,IRL,2007,90
Ireland,IRL,2008,90
Ireland,IRL,2009,92
Ireland,IRL,2010,92
Ireland,IRL,2011,89
Ireland,IRL,2012,80
Ireland,IRL,2013,83
Ireland,IRL,2014,83
Ireland,IRL,2015,83
Ireland,IRL,2016,83
Ireland,IRL,2017,84
Ireland,IRL,2018,83
Ireland,IRL,2019,83
Ireland,IRL,2020,83
Ireland,IRL,2021,76
Ireland,IRL,2022,100
Italy,ITA,2000,85
Italy,ITA,2001,88
Italy,ITA,2002,87
Italy,ITA,2003,88
Italy,ITA,2004,88
Italy,ITA,2005,88
Italy,ITA,2006,87
Italy,ITA,2007,88
Italy,ITA,2008,87
Italy,ITA,2009,86
Italy,ITA,2010,81
Italy,ITA,2011,85
Italy,ITA,2012,87
Italy,ITA,2013,86
Italy,ITA,2014,87
Italy,ITA,2015,87
Italy,ITA,2016,86
Italy,ITA,2017,86
Italy,ITA,2018,92
Italy,ITA,2019,90
Italy,ITA,2020,90
Italy,ITA,2021,90
Italy,ITA,2022,90
Jamaica,JAM,2005,100
Jamaica,JAM,2006,100
Jamaica,JAM,2007,100
Jamaica,JAM,2008,100
Jamaica,JAM,2009,100
Jamaica,JAM,2010,100
Jamaica,JAM,2011,100
Jamaica,JAM,2012,100
Jamaica,JAM,2013,100
Jamaica,JAM,2014,100
Japan,JPN,2000,60
Japan,JPN,2001,61
Japan,JPN,2002,61
Japan,JPN,2003,60
Japan,JPN,2004,60
Japan,JPN,2005,56
Japan,JPN,2006,58
Japan,JPN,2007,62
Japan,JPN,2008,58
Japan,JPN,2009,70
Japan,JPN,2010,70
Japan,JPN,2011,68
Japan,JPN,2012,68
Japan,JPN,2013,66
Japan,JPN,2014,62
Japan,JPN,2015,62
Japan,JPN,2016,75
Japan,JPN,2017,75
Jordan,JOR,2000,0
Jordan,JOR,2001,0
Jordan,JOR,2003,0
Jordan,JOR,2004,0
Jordan,JOR,2005,0
Jordan,JOR,2006,0
Jordan,JOR,2007,0
Jordan,JOR,2008,0
Jordan,JOR,2009,0
Jordan,JOR,2010,0
Jordan,JOR,2011,0
Jordan,JOR,2012,0
Kazakhstan,KAZ,2000,100
Kazakhstan,KAZ,2001,100
Kazakhstan,KAZ,2002,100
Kazakhstan,KAZ,2003,0
Kazakhstan,KAZ,2004,0
Kazakhstan,KAZ,2005,0
Kazakhstan,KAZ,2006,0
Kazakhstan,KAZ,2007,0
Kazakhstan,KAZ,2008,0
Kazakhstan,KAZ,2009,0
Kazakhstan,KAZ,2010,0
Kazakhstan,KAZ,2011,0
Kazakhstan,KAZ,2012,0
Kenya,KEN,2000,0
Kenya,KEN,2001,0
Kenya,KEN,2002,0
Kenya,KEN,2007,0
Kenya,KEN,2008,0
Kenya,KEN,2009,0
Kenya,KEN,2010,0
Kenya,KEN,2011,0
Kenya,KEN,2012,0
Kenya,KEN,2013,0
Kenya,KEN,2014,0
Kenya,KEN,2015,0
Kenya,KEN,2016,0
Kenya,KEN,2017,0
Kenya,KEN,2018,0
Kenya,KEN,2019,0
Kenya,KEN,2020,0
Kenya,KEN,2021,0
Kenya,KEN,2022,0
Kyrgyzstan,KGZ,2000,0
Kyrgyzstan,KGZ,2001,0
Kyrgyzstan,KGZ,2002,14
Kyrgyzstan,KGZ,2003,13
Kyrgyzstan,KGZ,2004,13
Kyrgyzstan,KGZ,2005,13
Kyrgyzstan,KGZ,2006,13
Kyrgyzstan,KGZ,2007,13
Kyrgyzstan,KGZ,2008,13
Kyrgyzstan,KGZ,2009,13
Kyrgyzstan,KGZ,2010,13
Kyrgyzstan,KGZ,2011,13
Kyrgyzstan,KGZ,2012,0
Landlocked developing countries (LLDCs),,2000,24
Landlocked developing countries (LLDCs),,2001,24
Landlocked developing countries (LLDCs),,2002,25
Landlocked developing countries (LLDCs),,2003,26
Landlocked developing countries (LLDCs),,2004,20
Landlocked developing countries (LLDCs),,2005,19
Landlocked developing countries (LLDCs),,2006,20
Landlocked developing countries (LLDCs),,2007,20
Landlocked developing countries (LLDCs),,2008,19
Landlocked developing countries (LLDCs),,2009,21
Landlocked developing countries (LLDCs),,2010,20
Landlocked developing countries (LLDCs),,2011,21
Landlocked developing countries (LLDCs),,2012,23
Laos,LAO,2000,7
Laos,LAO,2001,7
Laos,LAO,2002,7
Laos,LAO,2003,7
Laos,LAO,2004,25
Laos,LAO,2005,25
Laos,LAO,2006,50
Laos,LAO,2007,50
Laos,LAO,2008,33
Laos,LAO,2009,33
Laos,LAO,2010,33
Laos,LAO,2011,33
Laos,LAO,2012,33
Laos,LAO,2013,33
Latvia,LVA,2000,50
Latvia,LVA,2001,50
Latvia,LVA,2002,50
Latvia,LVA,2003,50
Latvia,LVA,2004,33
Latvia,LVA,2005,33
Latvia,LVA,2006,33
Latvia,LVA,2007,33
Latvia,LVA,2008,33
Latvia,LVA,2009,33
Latvia,LVA,2010,33
Latvia,LVA,2011,33
Latvia,LVA,2012,33
Latvia,LVA,2013,90
Latvia,LVA,2014,90
Latvia,LVA,2015,90
Latvia,LVA,2016,90
Latvia,LVA,2017,90
Latvia,LVA,2018,90
Latvia,LVA,2019,90
Latvia,LVA,2020,89
Latvia,LVA,2021,89
Latvia,LVA,2022,89
Least developed countries (LDCs),,2000,17
Least developed countries (LDCs),,2001,21
Least developed countries (LDCs),,2002,23
Least developed countries (LDCs),,2003,25
Least developed countries (LDCs),,2005,24
Lesotho,LSO,2000,0
Lesotho,LSO,2001,0
Lesotho,LSO,2002,0
Lesotho,LSO,2003,0
Lesotho,LSO,2005,100
Lesotho,LSO,2006,100
Lesotho,LSO,2007,100
Lesotho,LSO,2008,100
Lesotho,LSO,2009,100
Lesotho,LSO,2010,100
Lesotho,LSO,2011,100
Lesotho,LSO,2012,100
Lesotho,LSO,2013,100
Lesotho,LSO,2014,100
Libya,LBY,2020,0
Libya,LBY,2021,0
Libya,LBY,2022,0
Lithuania,LTU,2000,60
Lithuania,LTU,2001,72
Lithuania,LTU,2002,72
Lithuania,LTU,2003,58
Lithuania,LTU,2004,54
Lithuania,LTU,2005,54
Lithuania,LTU,2006,54
Lithuania,LTU,2007,54
Lithuania,LTU,2008,54
Lithuania,LTU,2009,54
Lithuania,LTU,2010,54
Lithuania,LTU,2011,50
Lithuania,LTU,2012,50
Lithuania,LTU,2016,100
Lithuania,LTU,2017,92
Lithuania,LTU,2018,94
Lithuania,LTU,2019,94
Lithuania,LTU,2020,88
Lithuania,LTU,2021,88
Lithuania,LTU,2022,88
Luxembourg,LUX,2013,99
Luxembourg,LUX,2014,99
Luxembourg,LUX,2015,99
Luxembourg,LUX,2016,99
Luxembourg,LUX,2017,99
Luxembourg,LUX,2018,99
Luxembourg,LUX,2019,99
Luxembourg,LUX,2020,99
Luxembourg,LUX,2021,99
Luxembourg,LUX,2022,99
Madagascar,MDG,2000,22
Madagascar,MDG,2001,22
Madagascar,MDG,2002,22
Madagascar,MDG,2003,30
Madagascar,MDG,2004,33
Madagascar,MDG,2005,33
Madagascar,MDG,2006,33
Madagascar,MDG,2007,33
Madagascar,MDG,2008,33
Madagascar,MDG,2009,100
Madagascar,MDG,2010,100
Madagascar,MDG,2011,100
Madagascar,MDG,2012,100
Malawi,MWI,2000,0
Malawi,MWI,2001,0
Malawi,MWI,2002,0
Malawi,MWI,2003,0
Malawi,MWI,2004,0
Malawi,MWI,2005,0
Malawi,MWI,2006,0
Malawi,MWI,2007,0
Malawi,MWI,2008,0
Malawi,MWI,2009,0
Malawi,MWI,2010,0
Malawi,MWI,2011,0
Malawi,MWI,2012,0
Malawi,MWI,2013,0
Malawi,MWI,2014,0
Malawi,MWI,2015,0
Malawi,MWI,2016,0
Malawi,MWI,2017,0
Malawi,MWI,2018,0
Malawi,MWI,2019,0
Malawi,MWI,2020,0
Malawi,MWI,2021,0
Malawi,MWI,2022,0
Malaysia,MYS,2000,41
Malaysia,MYS,2001,41
Malaysia,MYS,2002,41
Malaysia,MYS,2003,45
Malaysia,MYS,2004,45
Malaysia,MYS,2005,45
Malaysia,MYS,2006,50
Malaysia,MYS,2007,50
Malaysia,MYS,2008,54
Malaysia,MYS,2009,54
Malaysia,MYS,2010,64
Malaysia,MYS,2011,64
Malaysia,MYS,2012,64
Malaysia,MYS,2013,64
Malaysia,MYS,2014,64
Malaysia,MYS,2015,61
Malaysia,MYS,2016,70
Malaysia,MYS,2017,66
Malaysia,MYS,2018,55
Malaysia,MYS,2019,60
Malaysia,MYS,2020,42
Malaysia,MYS,2021,42
Malaysia,MYS,2022,42
Maldives,MDV,2000,0
Maldives,MDV,2001,0
Maldives,MDV,2002,0
Maldives,MDV,2003,0
Mali,MLI,2000,16
Mali,MLI,2001,16
Mali,MLI,2015,0
Mali,MLI,2016,0
Mali,MLI,2017,0
Mali,MLI,2018,0
Mali,MLI,2019,0
Mali,MLI,2020,0
Mali,MLI,2021,0
Mali,MLI,2022,0
Malta,MLT,2000,100
Malta,MLT,2001,100
Malta,MLT,2002,100
Malta,MLT,2003,100
Malta,MLT,2004,100
Malta,MLT,2005,100
Malta,MLT,2006,100
Malta,MLT,2007,100
Malta,MLT,2008,100
Mauritania,MRT,2000,0
Mauritania,MRT,2001,0
Mauritania,MRT,2020,0
Mauritania,MRT,2021,0
Mauritania,MRT,2022,0
Mauritius,MUS,2000,100
Mauritius,MUS,2001,100
Mauritius,MUS,2002,100
Mauritius,MUS,2003,100
Mauritius,MUS,2004,100
Mauritius,MUS,2005,100
Mauritius,MUS,2006,100
Mauritius,MUS,2007,100
Mauritius,MUS,2008,100
Mauritius,MUS,2009,100
Mauritius,MUS,2010,100
Mauritius,MUS,2011,100
Mauritius,MUS,2012,100
Mauritius,MUS,2013,100
Mauritius,MUS,2014,100
Mauritius,MUS,2015,100
Mauritius,MUS,2016,100
Mauritius,MUS,2017,100
Mauritius,MUS,2018,100
Mauritius,MUS,2019,100
Mauritius,MUS,2020,100
Mauritius,MUS,2021,100
Mauritius,MUS,2022,100
Melanesia,OWID_MNS,2000,25
Melanesia,OWID_MNS,2001,28
Melanesia,OWID_MNS,2002,33
Melanesia,OWID_MNS,2003,50
Melanesia,OWID_MNS,2004,50
Melanesia,OWID_MNS,2005,42
Melanesia,OWID_MNS,2006,42
Melanesia,OWID_MNS,2007,42
Melanesia,OWID_MNS,2008,42
Melanesia,OWID_MNS,2009,42
Melanesia,OWID_MNS,2010,50
Melanesia,OWID_MNS,2011,50
Mexico,MEX,2000,50
Mexico,MEX,2001,100
Mexico,MEX,2002,66
Mexico,MEX,2003,60
Mexico,MEX,2004,60
Mexico,MEX,2005,60
Mexico,MEX,2006,60
Mexico,MEX,2007,60
Mexico,MEX,2008,60
Mexico,MEX,2009,60
Mexico,MEX,2010,70
Mexico,MEX,2011,70
Mexico,MEX,2012,80
Mexico,MEX,2013,80
Mexico,MEX,2014,60
Mexico,MEX,2015,60
Mexico,MEX,2016,50
Mexico,MEX,2017,50
Mexico,MEX,2018,50
Mexico,MEX,2019,50
Mexico,MEX,2020,0
Mexico,MEX,2021,0
Mexico,MEX,2022,0
Moldova,MDA,2000,42
Moldova,MDA,2001,42
Moldova,MDA,2002,70
Moldova,MDA,2003,70
Moldova,MDA,2004,83
Moldova,MDA,2005,83
Moldova,MDA,2006,83
Moldova,MDA,2007,83
Moldova,MDA,2008,83
Moldova,MDA,2009,83
Moldova,MDA,2010,80
Moldova,MDA,2011,80
Mongolia,MNG,2000,11
Mongolia,MNG,2001,12
Mongolia,MNG,2002,18
Mongolia,MNG,2003,20
Mongolia,MNG,2004,20
Mongolia,MNG,2005,17
Mongolia,MNG,2006,17
Mongolia,MNG,2007,13
Mongolia,MNG,2008,13
Mongolia,MNG,2009,13
Mongolia,MNG,2010,13
Mongolia,MNG,2011,13
Mongolia,MNG,2012,0
Mongolia,MNG,2013,0
Mongolia,MNG,2014,0
Mongolia,MNG,2015,0
Mongolia,MNG,2016,0
Mongolia,MNG,2017,31
Mongolia,MNG,2018,30
Mongolia,MNG,2019,27
Mongolia,MNG,2020,27
Mongolia,MNG,2021,27
Mongolia,MNG,2022,27
Montenegro,MNE,2008,50
Montenegro,MNE,2009,66
Montenegro,MNE,2010,100
Montenegro,MNE,2011,88
Montenegro,MNE,2012,80
Montenegro,MNE,2013,80
Montenegro,MNE,2014,80
Montenegro,MNE,2015,80
Montenegro,MNE,2016,81
Montenegro,MNE,2017,83
Montenegro,MNE,2018,83
Montenegro,MNE,2019,83
Montenegro,MNE,2020,83
Montenegro,MNE,2021,81
Montenegro,MNE,2022,81
Morocco,MAR,2000,9
Morocco,MAR,2001,9
Morocco,MAR,2002,9
Morocco,MAR,2003,0
Morocco,MAR,2004,0
Morocco,MAR,2005,0
Morocco,MAR,2006,0
Morocco,MAR,2007,0
Morocco,MAR,2008,0
Morocco,MAR,2009,0
Morocco,MAR,2010,0
Morocco,MAR,2011,0
Morocco,MAR,2012,0
Morocco,MAR,2013,0
Morocco,MAR,2014,0
Morocco,MAR,2017,100
Morocco,MAR,2018,25
Morocco,MAR,2019,37
Morocco,MAR,2020,37
Morocco,MAR,2021,37
Morocco,MAR,2022,37
Mozambique,MOZ,2000,33
Mozambique,MOZ,2001,33
Mozambique,MOZ,2002,50
Mozambique,MOZ,2003,50
Mozambique,MOZ,2004,50
Mozambique,MOZ,2005,50
Mozambique,MOZ,2006,50
Mozambique,MOZ,2007,50
Mozambique,MOZ,2008,50
Mozambique,MOZ,2009,50
Mozambique,MOZ,2010,33
Mozambique,MOZ,2011,33
Mozambique,MOZ,2012,0
Mozambique,MOZ,2013,0
Mozambique,MOZ,2014,0
Mozambique,MOZ,2015,0
Mozambique,MOZ,2016,0
Mozambique,MOZ,2017,0
Mozambique,MOZ,2018,0
Mozambique,MOZ,2019,0
Mozambique,MOZ,2020,0
Mozambique,MOZ,2021,0
Mozambique,MOZ,2022,0
Myanmar,MMR,2000,23
Myanmar,MMR,2001,21
Myanmar,MMR,2002,21
Myanmar,MMR,2003,21
Myanmar,MMR,2004,16
Myanmar,MMR,2005,50
Myanmar,MMR,2006,50
Namibia,NAM,2000,100
Namibia,NAM,2001,100
Namibia,NAM,2002,100
Namibia,NAM,2003,100
Namibia,NAM,2014,62
Namibia,NAM,2015,62
Namibia,NAM,2016,62
Namibia,NAM,2017,62
Namibia,NAM,2018,62
Namibia,NAM,2019,62
Namibia,NAM,2020,62
Namibia,NAM,2021,62
Namibia,NAM,2022,62
Nepal,NPL,2000,0
Nepal,NPL,2001,0
Nepal,NPL,2002,0
Netherlands,NLD,2000,84
Netherlands,NLD,2001,93
Netherlands,NLD,2002,93
Netherlands,NLD,2003,93
Netherlands,NLD,2004,93
Netherlands,NLD,2005,93
Netherlands,NLD,2006,93
Netherlands,NLD,2007,91
Netherlands,NLD,2008,93
Netherlands,NLD,2009,93
Netherlands,NLD,2010,93
Netherlands,NLD,2011,93
Netherlands,NLD,2012,94
Netherlands,NLD,2013,94
Netherlands,NLD,2014,95
Netherlands,NLD,2015,95
Netherlands,NLD,2016,95
Netherlands,NLD,2017,95
Netherlands,NLD,2018,95
Netherlands,NLD,2019,93
Netherlands,NLD,2020,93
Netherlands,NLD,2021,93
Netherlands,NLD,2022,87
New Zealand,NZL,2000,100
New Zealand,NZL,2001,100
New Zealand,NZL,2002,100
Nicaragua,NIC,2002,100
Nicaragua,NIC,2003,100
Nicaragua,NIC,2004,100
Nicaragua,NIC,2005,100
Nicaragua,NIC,2006,100
Nicaragua,NIC,2007,100
Nicaragua,NIC,2008,100
Nicaragua,NIC,2009,100
Nicaragua,NIC,2010,100
Nicaragua,NIC,2011,100
Niger,NER,2000,0
Niger,NER,2001,0
Niger,NER,2002,0
Niger,NER,2005,0
Niger,NER,2006,0
Niger,NER,2007,0
Niger,NER,2008,0
Niger,NER,2009,0
Niger,NER,2010,0
Niger,NER,2011,0
Niger,NER,2012,0
Niger,NER,2013,0
Niger,NER,2014,0
Niger,NER,2015,0
Niger,NER,2016,25
Niger,NER,2017,25
Niger,NER,2018,15
Niger,NER,2019,15
Niger,NER,2020,15
Niger,NER,2021,15
Niger,NER,2022,15
Niue,NIU,2000,100
Niue,NIU,2001,100
Niue,NIU,2002,100
Niue,NIU,2003,100
Niue,NIU,2004,100
Niue,NIU,2005,100
Niue,NIU,2006,100
Niue,NIU,2007,100
Niue,NIU,2008,100
Niue,NIU,2009,100
North Macedonia,MKD,2000,33
North Macedonia,MKD,2001,33
North Macedonia,MKD,2002,33
North Macedonia,MKD,2003,33
North Macedonia,MKD,2004,33
North Macedonia,MKD,2005,33
North Macedonia,MKD,2006,33
North Macedonia,MKD,2007,33
North Macedonia,MKD,2008,33
North Macedonia,MKD,2009,33
North Macedonia,MKD,2010,33
North Macedonia,MKD,2011,33
North Macedonia,MKD,2012,50
Northern Africa,,2000,3
Northern Africa,,2001,7
Northern Africa,,2002,5
Northern Africa,,2003,10
Northern Africa,,2004,16
Northern Africa,,2005,15
Northern Africa,,2006,16
Northern Africa,,2007,20
Northern Africa,,2008,20
Northern Africa,,2009,18
Northern Africa,,2010,16
Northern Africa,,2011,16
Northern Africa,,2012,16
Northern Africa,,2013,12
Northern Africa,,2020,25
Northern Africa,,2021,25
Northern Africa,,2022,26
Northern Africa and Western Asia,,2010,23
Northern Africa and Western Asia,,2011,24
Northern Africa and Western Asia,,2012,26
Northern America,,2000,84
Northern America,,2001,82
Northern America,,2002,86
Northern America,,2003,87
Northern Europe,,2000,76
Northern Europe,,2001,77
Northern Europe,,2002,80
Northern Europe,,2003,80
Northern Europe,,2004,83
Northern Europe,,2005,83
Northern Europe,,2006,84
Northern Europe,,2007,85
Northern Europe,,2008,86
Northern Europe,,2009,87
Northern Europe,,2010,89
Northern Europe,,2011,88
Northern Europe,,2012,81
Northern Europe,,2013,87
Northern Europe,,2014,84
Northern Europe,,2015,86
Northern Europe,,2016,88
Northern Europe,,2017,87
Northern Europe,,2018,87
Northern Europe,,2019,87
Northern Europe,,2020,86
Northern Europe,,2021,86
Northern Europe,,2022,87
Norway,NOR,2000,85
Norway,NOR,2001,85
Norway,NOR,2002,80
Norway,NOR,2003,80
Norway,NOR,2004,77
Norway,NOR,2005,77
Norway,NOR,2006,76
Norway,NOR,2007,76
Norway,NOR,2008,80
Norway,NOR,2009,80
Norway,NOR,2010,96
Norway,NOR,2011,92
Norway,NOR,2012,90
Norway,NOR,2013,89
Norway,NOR,2014,89
Norway,NOR,2015,89
Norway,NOR,2016,87
Norway,NOR,2017,89
Norway,NOR,2018,89
Norway,NOR,2019,89
Norway,NOR,2020,88
Norway,NOR,2021,88
Norway,NOR,2022,88
Oman,OMN,2013,0
Oman,OMN,2014,0
Oman,OMN,2015,0
Oman,OMN,2016,0
Oman,OMN,2017,0
Oman,OMN,2018,0
Oman,OMN,2019,0
Oman,OMN,2020,0
Oman,OMN,2021,0
Oman,OMN,2022,0
Pakistan,PAK,2000,25
Pakistan,PAK,2001,13
Pakistan,PAK,2002,5
Pakistan,PAK,2003,0
Pakistan,PAK,2004,0
Pakistan,PAK,2005,0
Pakistan,PAK,2006,0
Pakistan,PAK,2007,0
Pakistan,PAK,2008,0
Pakistan,PAK,2009,0
Pakistan,PAK,2010,0
Pakistan,PAK,2011,0
Pakistan,PAK,2012,0
Pakistan,PAK,2013,0
Pakistan,PAK,2014,0
Pakistan,PAK,2015,0
Panama,PAN,2018,85
Panama,PAN,2019,85
Panama,PAN,2020,85
Panama,PAN,2021,85
Panama,PAN,2022,85
Papua New Guinea,PNG,2000,25
Papua New Guinea,PNG,2001,33
Papua New Guinea,PNG,2002,0
Papua New Guinea,PNG,2003,33
Papua New Guinea,PNG,2004,33
Papua New Guinea,PNG,2005,33
Papua New Guinea,PNG,2006,33
Papua New Guinea,PNG,2007,33
Papua New Guinea,PNG,2008,33
Papua New Guinea,PNG,2009,33
Papua New Guinea,PNG,2010,50
Papua New Guinea,PNG,2011,50
Papua New Guinea,PNG,2012,50
Paraguay,PRY,2000,100
Paraguay,PRY,2001,100
Paraguay,PRY,2003,0
Paraguay,PRY,2004,50
Paraguay,PRY,2005,50
Paraguay,PRY,2006,50
Paraguay,PRY,2007,50
Paraguay,PRY,2008,50
Paraguay,PRY,2009,50
Paraguay,PRY,2010,50
Paraguay,PRY,2011,50
Paraguay,PRY,2012,50
Paraguay,PRY,2013,100
Paraguay,PRY,2017,100
Paraguay,PRY,2018,100
Paraguay,PRY,2019,100
Paraguay,PRY,2020,100
Paraguay,PRY,2021,100
Paraguay,PRY,2022,100
Peru,PER,2000,14
Peru,PER,2001,14
Peru,PER,2002,14
Peru,PER,2003,0
Peru,PER,2004,0
Peru,PER,2005,25
Peru,PER,2006,25
Peru,PER,2007,25
Peru,PER,2008,25
Peru,PER,2009,25
Peru,PER,2010,33
Peru,PER,2011,33
Peru,PER,2012,40
Peru,PER,2013,80
Peru,PER,2014,80
Peru,PER,2015,80
Peru,PER,2016,80
Peru,PER,2017,80
Peru,PER,2018,80
Peru,PER,2019,80
Peru,PER,2020,80
Peru,PER,2021,75
Peru,PER,2022,100
Philippines,PHL,2000,45
Philippines,PHL,2001,40
Philippines,PHL,2002,14
Philippines,PHL,2003,16
Philippines,PHL,2004,16
Philippines,PHL,2005,16
Philippines,PHL,2006,16
Philippines,PHL,2007,16
Philippines,PHL,2008,16
Philippines,PHL,2009,16
Philippines,PHL,2010,16
Philippines,PHL,2011,16
Philippines,PHL,2012,16
Philippines,PHL,2016,0
Philippines,PHL,2017,0
Philippines,PHL,2018,0
Philippines,PHL,2019,50
Philippines,PHL,2020,50
Philippines,PHL,2021,50
Philippines,PHL,2022,50
Poland,POL,2000,68
Poland,POL,2001,68
Poland,POL,2002,67
Poland,POL,2003,67
Poland,POL,2004,69
Poland,POL,2005,68
Poland,POL,2006,90
Poland,POL,2007,90
Poland,POL,2008,94
Poland,POL,2009,92
Poland,POL,2010,94
Poland,POL,2011,92
Poland,POL,2012,91
Poland,POL,2013,83
Poland,POL,2014,83
Poland,POL,2015,84
Poland,POL,2016,86
Poland,POL,2017,86
Poland,POL,2018,87
Poland,POL,2019,87
Poland,POL,2020,85
Poland,POL,2021,85
Poland,POL,2022,85
Portugal,PRT,2000,53
Portugal,PRT,2001,53
Portugal,PRT,2002,53
Portugal,PRT,2003,53
Portugal,PRT,2004,69
Portugal,PRT,2005,72
Portugal,PRT,2006,72
Portugal,PRT,2007,72
Portugal,PRT,2008,72
Portugal,PRT,2009,72
Portugal,PRT,2010,57
Portugal,PRT,2011,57
Portugal,PRT,2012,57
Portugal,PRT,2013,64
Portugal,PRT,2014,64
Portugal,PRT,2015,64
Portugal,PRT,2016,65
Portugal,PRT,2017,59
Portugal,PRT,2018,59
Portugal,PRT,2019,63
Portugal,PRT,2020,61
Portugal,PRT,2021,61
Portugal,PRT,2022,63
Romania,ROU,2000,96
Romania,ROU,2001,96
Romania,ROU,2002,96
Romania,ROU,2003,69
Romania,ROU,2004,69
Romania,ROU,2005,69
Romania,ROU,2006,80
Romania,ROU,2007,80
Romania,ROU,2008,80
Romania,ROU,2009,80
Romania,ROU,2010,88
Romania,ROU,2011,88
Romania,ROU,2012,88
Russia,RUS,2000,100
Russia,RUS,2001,100
Russia,RUS,2002,100
Russia,RUS,2003,25
Russia,RUS,2004,25
Russia,RUS,2005,25
Russia,RUS,2006,25
Russia,RUS,2007,25
Russia,RUS,2008,25
Russia,RUS,2009,25
Russia,RUS,2010,25
Russia,RUS,2011,25
Russia,RUS,2012,25
Rwanda,RWA,2008,100
Rwanda,RWA,2009,100
Rwanda,RWA,2010,100
Rwanda,RWA,2011,100
Rwanda,RWA,2012,100
Rwanda,RWA,2013,100
Rwanda,RWA,2014,100
Rwanda,RWA,2015,100
Rwanda,RWA,2016,100
Rwanda,RWA,2017,100
Saint Kitts and Nevis,KNA,2001,100
Saint Kitts and Nevis,KNA,2002,100
Saint Kitts and Nevis,KNA,2003,100
Saint Kitts and Nevis,KNA,2004,100
Saint Kitts and Nevis,KNA,2005,100
Saint Kitts and Nevis,KNA,2006,100
Saint Kitts and Nevis,KNA,2007,100
Saint Kitts and Nevis,KNA,2008,100
Saint Kitts and Nevis,KNA,2009,100
Saint Kitts and Nevis,KNA,2010,100
Senegal,SEN,2000,0
Senegal,SEN,2001,0
Senegal,SEN,2002,0
Senegal,SEN,2003,0
Senegal,SEN,2004,0
Senegal,SEN,2005,0
Senegal,SEN,2006,0
Senegal,SEN,2007,0
Senegal,SEN,2008,0
Senegal,SEN,2009,0
Senegal,SEN,2010,0
Senegal,SEN,2011,0
Senegal,SEN,2012,0
Senegal,SEN,2013,0
Senegal,SEN,2014,0
Senegal,SEN,2015,0
Senegal,SEN,2016,0
Senegal,SEN,2017,0
Senegal,SEN,2018,0
Senegal,SEN,2019,27
Senegal,SEN,2020,27
Senegal,SEN,2021,27
Senegal,SEN,2022,30
Serbia,SRB,2000,100
Serbia,SRB,2001,100
Serbia,SRB,2002,100
Serbia,SRB,2003,100
Serbia,SRB,2004,83
Serbia,SRB,2005,83
Serbia,SRB,2006,83
Serbia,SRB,2007,83
Serbia,SRB,2008,84
Serbia,SRB,2009,84
Serbia,SRB,2010,84
Serbia,SRB,2011,84
Serbia,SRB,2012,100
Serbia,SRB,2013,100
Serbia,SRB,2014,100
Serbia,SRB,2015,100
Serbia,SRB,2016,94
Serbia,SRB,2017,94
Serbia,SRB,2018,94
Serbia,SRB,2019,94
Serbia,SRB,2020,94
Serbia,SRB,2021,88
Serbia,SRB,2022,84
Slovakia,SVK,2000,83
Slovakia,SVK,2001,83
Slovakia,SVK,2002,83
Slovakia,SVK,2003,77
Slovakia,SVK,2004,85
Slovakia,SVK,2005,83
Slovakia,SVK,2006,83
Slovakia,SVK,2007,94
Slovakia,SVK,2008,95
Slovakia,SVK,2009,95
Slovakia,SVK,2010,95
Slovakia,SVK,2011,90
Slovakia,SVK,2012,95
Slovakia,SVK,2013,90
Slovakia,SVK,2014,90
Slovakia,SVK,2015,90
Slovakia,SVK,2016,95
Slovakia,SVK,2017,88
Slovakia,SVK,2018,88
Slovakia,SVK,2019,88
Slovakia,SVK,2020,88
Slovakia,SVK,2021,88
Slovakia,SVK,2022,88
Slovenia,SVN,2000,40
Slovenia,SVN,2001,66
Slovenia,SVN,2002,66
Slovenia,SVN,2003,90
Slovenia,SVN,2004,93
Slovenia,SVN,2005,93
Slovenia,SVN,2006,94
Slovenia,SVN,2007,94
Slovenia,SVN,2008,94
Slovenia,SVN,2009,94
Slovenia,SVN,2010,94
Slovenia,SVN,2011,96
Slovenia,SVN,2012,96
Slovenia,SVN,2013,92
Slovenia,SVN,2014,92
Slovenia,SVN,2015,96
Slovenia,SVN,2016,100
Slovenia,SVN,2017,96
Slovenia,SVN,2018,100
Slovenia,SVN,2019,100
Slovenia,SVN,2020,96
Slovenia,SVN,2021,96
Slovenia,SVN,2022,96
Solomon Islands,SLB,2000,50
Solomon Islands,SLB,2001,50
Solomon Islands,SLB,2002,50
Solomon Islands,SLB,2003,50
Solomon Islands,SLB,2004,100
South Africa,ZAF,2000,90
South Africa,ZAF,2001,90
South Africa,ZAF,2002,96
South Africa,ZAF,2003,96
South Africa,ZAF,2004,96
South Africa,ZAF,2005,96
South Africa,ZAF,2006,96
South Africa,ZAF,2007,96
South Africa,ZAF,2008,100
South Africa,ZAF,2009,100
South Africa,ZAF,2010,100
South Africa,ZAF,2011,83
South Africa,ZAF,2012,83
South Africa,ZAF,2013,80
South Africa,ZAF,2014,80
South Africa,ZAF,2015,80
South Africa,ZAF,2016,66
South Africa,ZAF,2017,75
South Africa,ZAF,2018,75
South Africa,ZAF,2019,75
South Africa,ZAF,2020,75
South Africa,ZAF,2021,57
South Africa,ZAF,2022,80
South America,,2000,42
South America,,2001,41
South America,,2002,34
South America,,2003,35
South America,,2010,27
South America,,2011,31
South America,,2012,30
South America,,2017,40
South America,,2018,37
South America,,2019,38
South America,,2020,37
South America,,2021,40
South America,,2022,40
South Korea,KOR,2000,75
South Korea,KOR,2001,50
South Korea,KOR,2002,0
South Korea,KOR,2003,0
South Korea,KOR,2004,0
South Korea,KOR,2005,33
South Korea,KOR,2006,33
South Korea,KOR,2007,33
South Korea,KOR,2008,50
South Korea,KOR,2009,50
South Korea,KOR,2010,50
South Korea,KOR,2011,83
South Korea,KOR,2012,90
South Korea,KOR,2013,91
South Korea,KOR,2014,82
South Korea,KOR,2015,84
South Korea,KOR,2016,84
South Korea,KOR,2017,84
South Korea,KOR,2018,85
South Korea,KOR,2019,85
South Korea,KOR,2020,86
South Korea,KOR,2021,86
South Korea,KOR,2022,84
South-eastern Asia,,2000,27
South-eastern Asia,,2001,27
South-eastern Asia,,2002,22
South-eastern Asia,,2003,21
South-eastern Asia,,2004,23
South-eastern Asia,,2005,24
South-eastern Asia,,2006,24
South-eastern Asia,,2007,15
South-eastern Asia,,2008,15
South-eastern Asia,,2009,15
South-eastern Asia,,2010,19
South-eastern Asia,,2011,19
South-eastern Asia,,2012,20
Southern Africa,,2000,65
Southern Africa,,2001,65
Southern Africa,,2002,67
Southern Africa,,2003,86
Southern Africa,,2004,90
Southern Africa,,2005,93
Southern Africa,,2006,93
Southern Africa,,2007,93
Southern Africa,,2008,96
Southern Africa,,2009,100
Southern Africa,,2010,100
Southern Africa,,2011,83
Southern Africa,,2012,85
Southern Africa,,2013,80
Southern Africa,,2014,67
Southern Africa,,2015,66
Southern Africa,,2016,64
Southern Africa,,2017,66
Southern Africa,,2018,66
Southern Africa,,2019,66
Southern Africa,,2020,66
Southern Africa,,2021,64
Southern Africa,,2022,69
Southern Asia,,2000,22
Southern Asia,,2001,13
Southern Asia,,2002,6
Southern Asia,,2003,10
Southern Asia,,2004,14
Southern Asia,,2005,14
Southern Asia,,2006,14
Southern Asia,,2007,13
Southern Asia,,2008,14
Southern Asia,,2009,16
Southern Asia,,2010,21
Southern Asia,,2011,24
Southern Asia,,2012,21
Southern Asia,,2013,14
Southern Europe,,2000,74
Southern Europe,,2001,74
Southern Europe,,2002,72
Southern Europe,,2003,74
Southern Europe,,2004,76
Southern Europe,,2005,77
Southern Europe,,2006,77
Southern Europe,,2007,78
Southern Europe,,2008,77
Southern Europe,,2009,78
Southern Europe,,2010,73
Southern Europe,,2011,74
Southern Europe,,2012,77
Southern Europe,,2013,77
Southern Europe,,2014,77
Southern Europe,,2015,76
Southern Europe,,2016,76
Southern Europe,,2017,75
Southern Europe,,2018,79
Southern Europe,,2019,78
Southern Europe,,2020,78
Southern Europe,,2021,78
Southern Europe,,2022,77
Spain,ESP,2000,76
Spain,ESP,2001,72
Spain,ESP,2002,73
Spain,ESP,2003,73
Spain,ESP,2004,73
Spain,ESP,2005,73
Spain,ESP,2006,72
Spain,ESP,2007,76
Spain,ESP,2008,72
Spain,ESP,2009,74
Spain,ESP,2010,69
Spain,ESP,2011,68
Spain,ESP,2012,68
Spain,ESP,2013,68
Spain,ESP,2014,67
Spain,ESP,2015,67
Spain,ESP,2016,66
Spain,ESP,2017,64
Spain,ESP,2018,63
Spain,ESP,2019,65
Spain,ESP,2020,66
Spain,ESP,2021,66
Spain,ESP,2022,66
Sri Lanka,LKA,2000,66
Sri Lanka,LKA,2001,60
Sri Lanka,LKA,2002,0
Sri Lanka,LKA,2003,0
Sri Lanka,LKA,2004,0
Sri Lanka,LKA,2005,0
Sri Lanka,LKA,2006,0
Sri Lanka,LKA,2007,0
Sri Lanka,LKA,2008,0
Sri Lanka,LKA,2009,0
Sri Lanka,LKA,2010,36
Sri Lanka,LKA,2011,36
Sri Lanka,LKA,2012,40
Sri Lanka,LKA,2013,40
Sri Lanka,LKA,2014,40
Sri Lanka,LKA,2015,40
Sri Lanka,LKA,2016,40
Sri Lanka,LKA,2017,40
Sri Lanka,LKA,2018,40
Sri Lanka,LKA,2019,40
Sub-Saharan Africa,,2000,35
Sub-Saharan Africa,,2001,37
Sudan,SDN,2000,0
Sudan,SDN,2001,0
Sudan,SDN,2002,0
Sudan,SDN,2003,0
Sudan,SDN,2010,0
Sudan,SDN,2011,0
Sudan,SDN,2012,0
Sudan,SDN,2013,0
Sudan,SDN,2014,0
Sudan,SDN,2015,0
Sudan,SDN,2016,0
Sudan,SDN,2017,0
Sudan,SDN,2018,15
Sudan,SDN,2019,15
Sudan,SDN,2020,15
Sudan,SDN,2021,15
Sudan,SDN,2022,15
Sweden,SWE,2000,70
Sweden,SWE,2001,70
Sweden,SWE,2002,74
Sweden,SWE,2003,75
Sweden,SWE,2004,90
Sweden,SWE,2005,90
Sweden,SWE,2006,90
Sweden,SWE,2007,90
Sweden,SWE,2008,90
Sweden,SWE,2009,97
Sweden,SWE,2010,97
Sweden,SWE,2011,97
Sweden,SWE,2012,95
Sweden,SWE,2013,95
Sweden,SWE,2014,95
Sweden,SWE,2015,95
Sweden,SWE,2016,93
Sweden,SWE,2017,93
Sweden,SWE,2018,95
Sweden,SWE,2019,95
Sweden,SWE,2020,95
Sweden,SWE,2021,95
Sweden,SWE,2022,95
Switzerland,CHE,2000,66
Switzerland,CHE,2001,68
Switzerland,CHE,2002,68
Switzerland,CHE,2003,68
Switzerland,CHE,2004,68
Switzerland,CHE,2005,68
Switzerland,CHE,2006,68
Switzerland,CHE,2007,65
Switzerland,CHE,2008,70
Switzerland,CHE,2009,65
Switzerland,CHE,2010,66
Switzerland,CHE,2011,66
Switzerland,CHE,2012,65
Switzerland,CHE,2013,65
Switzerland,CHE,2014,69
Switzerland,CHE,2015,69
Switzerland,CHE,2016,65
Switzerland,CHE,2017,69
Switzerland,CHE,2018,76
Switzerland,CHE,2019,72
Switzerland,CHE,2020,70
Switzerland,CHE,2021,69
Switzerland,CHE,2022,69
Syria,SYR,2000,25
Syria,SYR,2001,50
Syria,SYR,2002,50
Syria,SYR,2003,33
Syria,SYR,2004,33
Syria,SYR,2005,0
Syria,SYR,2006,0
Syria,SYR,2007,0
Syria,SYR,2008,0
Syria,SYR,2009,0
Syria,SYR,2010,0
Syria,SYR,2011,0
Syria,SYR,2012,0
Tajikistan,TJK,2003,0
Tajikistan,TJK,2004,0
Tajikistan,TJK,2005,0
Tajikistan,TJK,2006,0
Tajikistan,TJK,2007,0
Tajikistan,TJK,2008,0
Tajikistan,TJK,2009,0
Tajikistan,TJK,2010,0
Tajikistan,TJK,2011,0
Tajikistan,TJK,2012,0
Tanzania,TZA,2000,75
Tanzania,TZA,2001,88
Tanzania,TZA,2002,88
Tanzania,TZA,2003,88
Tanzania,TZA,2004,100
Tanzania,TZA,2005,100
Tanzania,TZA,2006,100
Tanzania,TZA,2007,100
Tanzania,TZA,2008,36
Tanzania,TZA,2009,36
Tanzania,TZA,2010,36
Tanzania,TZA,2011,24
Tanzania,TZA,2012,24
Tanzania,TZA,2013,7
Tanzania,TZA,2014,7
Tanzania,TZA,2015,7
Tanzania,TZA,2016,7
Tanzania,TZA,2017,7
Tanzania,TZA,2018,18
Tanzania,TZA,2019,18
Tanzania,TZA,2020,18
Tanzania,TZA,2021,18
Tanzania,TZA,2022,18
Thailand,THA,2000,20
Thailand,THA,2001,18
Thailand,THA,2002,18
Thailand,THA,2003,8
Thailand,THA,2004,16
Thailand,THA,2005,8
Thailand,THA,2006,8
Thailand,THA,2007,7
Thailand,THA,2008,6
Thailand,THA,2009,6
Thailand,THA,2010,6
Thailand,THA,2011,6
Thailand,THA,2012,6
Thailand,THA,2013,12
Thailand,THA,2014,12
Thailand,THA,2015,12
Thailand,THA,2016,12
Thailand,THA,2017,12
Thailand,THA,2018,12
Thailand,THA,2019,12
Thailand,THA,2020,12
Thailand,THA,2021,12
Thailand,THA,2022,12
Togo,TGO,2000,20
Togo,TGO,2001,20
Togo,TGO,2002,20
Togo,TGO,2003,25
Togo,TGO,2004,25
Togo,TGO,2005,25
Tonga,TON,2001,100
Tonga,TON,2002,100
Tonga,TON,2003,100
Tonga,TON,2004,100
Tonga,TON,2005,100
Tonga,TON,2006,100
Tonga,TON,2007,100
Tonga,TON,2008,100
Tonga,TON,2009,100
Tonga,TON,2010,100
Tunisia,TUN,2000,0
Tunisia,TUN,2001,50
Tunisia,TUN,2002,50
Tunisia,TUN,2003,50
Tunisia,TUN,2004,33
Tunisia,TUN,2005,33
Tunisia,TUN,2006,33
Tunisia,TUN,2007,33
Tunisia,TUN,2008,33
Tunisia,TUN,2009,25
Tunisia,TUN,2010,20
Tunisia,TUN,2011,20
Tunisia,TUN,2012,20
Tunisia,TUN,2013,20
Tunisia,TUN,2014,20
Tunisia,TUN,2015,20
Tunisia,TUN,2016,20
Tunisia,TUN,2017,16
Tunisia,TUN,2018,16
Tunisia,TUN,2019,28
Tunisia,TUN,2020,14
Tunisia,TUN,2021,14
Tunisia,TUN,2022,16
Turkey,TUR,2000,33
Turkey,TUR,2001,33
Turkey,TUR,2002,33
Turkey,TUR,2003,50
Turkey,TUR,2004,44
Turkey,TUR,2005,44
Turkey,TUR,2006,44
Turkey,TUR,2007,44
Turkey,TUR,2008,0
Turkey,TUR,2009,0
Turkey,TUR,2010,0
Turkey,TUR,2011,25
Turkey,TUR,2012,31
Turkey,TUR,2013,42
Turkey,TUR,2014,42
Turkey,TUR,2015,42
Turkey,TUR,2016,42
Turkey,TUR,2017,42
Turkey,TUR,2018,42
Turkey,TUR,2019,42
Turkey,TUR,2020,42
Turkey,TUR,2021,42
Turkey,TUR,2022,53
Turkmenistan,TKM,2004,0
Turkmenistan,TKM,2005,0
Turkmenistan,TKM,2006,0
Turkmenistan,TKM,2007,0
Turkmenistan,TKM,2008,0
Turkmenistan,TKM,2009,0
Turkmenistan,TKM,2010,0
Turkmenistan,TKM,2011,0
Turkmenistan,TKM,2012,0
Turkmenistan,TKM,2013,0
Tuvalu,TUV,2002,0
Tuvalu,TUV,2003,0
Tuvalu,TUV,2004,0
Tuvalu,TUV,2005,0
Tuvalu,TUV,2006,0
Tuvalu,TUV,2007,0
Tuvalu,TUV,2008,0
Tuvalu,TUV,2009,0
Tuvalu,TUV,2010,0
Tuvalu,TUV,2011,0
Uganda,UGA,2000,0
Uganda,UGA,2002,25
Uganda,UGA,2003,25
Uganda,UGA,2004,25
Uganda,UGA,2005,25
Uganda,UGA,2006,25
Uganda,UGA,2007,25
Uganda,UGA,2008,25
Uganda,UGA,2009,25
Uganda,UGA,2010,25
Uganda,UGA,2011,25
Ukraine,UKR,2000,85
Ukraine,UKR,2001,33
Ukraine,UKR,2002,35
Ukraine,UKR,2003,61
Ukraine,UKR,2004,59
Ukraine,UKR,2005,52
Ukraine,UKR,2006,50
Ukraine,UKR,2007,46
Ukraine,UKR,2008,52
Ukraine,UKR,2009,50
Ukraine,UKR,2010,53
Ukraine,UKR,2011,53
Ukraine,UKR,2012,56
Ukraine,UKR,2013,58
Ukraine,UKR,2014,62
Ukraine,UKR,2015,65
Ukraine,UKR,2016,64
Ukraine,UKR,2017,72
Ukraine,UKR,2018,75
Ukraine,UKR,2019,77
Ukraine,UKR,2020,78
Ukraine,UKR,2021,80
Ukraine,UKR,2022,84
United Kingdom,GBR,2000,87
United Kingdom,GBR,2001,87
United Kingdom,GBR,2002,87
United Kingdom,GBR,2003,88
United Kingdom,GBR,2004,88
United Kingdom,GBR,2005,88
United Kingdom,GBR,2006,89
United Kingdom,GBR,2007,90
United Kingdom,GBR,2008,90
United Kingdom,GBR,2009,91
United Kingdom,GBR,2010,91
United Kingdom,GBR,2011,91
United Kingdom,GBR,2012,87
United Kingdom,GBR,2013,87
United Kingdom,GBR,2014,88
United Kingdom,GBR,2015,87
United Kingdom,GBR,2016,88
United Kingdom,GBR,2017,88
United Kingdom,GBR,2018,88
United Kingdom,GBR,2019,88
United Kingdom,GBR,2020,88
United Kingdom,GBR,2021,88
United Kingdom,GBR,2022,89
United States,USA,2000,84
United States,USA,2001,81
United States,USA,2002,85
United States,USA,2003,86
United States,USA,2004,92
United States,USA,2005,92
United States,USA,2006,93
United States,USA,2007,93
United States,USA,2008,94
United States,USA,2009,94
United States,USA,2010,96
United States,USA,2011,96
United States,USA,2012,96
United States,USA,2013,94
United States,USA,2014,94
United States,USA,2015,92
United States,USA,2016,91
United States,USA,2017,90
United States,USA,2018,90
United States,USA,2019,90
United States,USA,2020,89
United States,USA,2021,88
United States,USA,2022,89
Uruguay,URY,2000,66
Uruguay,URY,2001,66
Uruguay,URY,2002,66
Uruguay,URY,2003,66
Uruguay,URY,2004,33
Uruguay,URY,2005,33
Uruguay,URY,2006,33
Uruguay,URY,2007,33
Uruguay,URY,2008,33
Uruguay,URY,2009,33
Uruguay,URY,2010,33
Uruguay,URY,2011,50
Uruguay,URY,2012,50
Uruguay,URY,2013,50
Uruguay,URY,2014,50
Uruguay,URY,2015,66
Uruguay,URY,2016,66
Uruguay,URY,2017,80
Uruguay,URY,2018,77
Uruguay,URY,2019,77
Uruguay,URY,2020,77
Uruguay,URY,2021,77
Uruguay,URY,2022,77
Uzbekistan,UZB,2003,0
Uzbekistan,UZB,2004,0
Uzbekistan,UZB,2005,0
Uzbekistan,UZB,2006,0
Uzbekistan,UZB,2007,0
Uzbekistan,UZB,2008,0
Uzbekistan,UZB,2009,0
Uzbekistan,UZB,2010,0
Uzbekistan,UZB,2011,0
Uzbekistan,UZB,2012,0
Vanuatu,VUT,2000,0
Vanuatu,VUT,2001,0
Vanuatu,VUT,2002,40
Vanuatu,VUT,2003,66
Vanuatu,VUT,2004,66
Vanuatu,VUT,2005,66
Vanuatu,VUT,2006,66
Vanuatu,VUT,2007,66
Vanuatu,VUT,2008,66
Vanuatu,VUT,2009,66
Vanuatu,VUT,2010,66
Vanuatu,VUT,2011,66
Vietnam,VNM,2000,36
Vietnam,VNM,2001,37
Vietnam,VNM,2002,30
Vietnam,VNM,2003,26
Vietnam,VNM,2004,26
Vietnam,VNM,2005,30
Vietnam,VNM,2006,30
Vietnam,VNM,2007,11
Vietnam,VNM,2008,11
Vietnam,VNM,2009,11
Vietnam,VNM,2010,21
Vietnam,VNM,2011,21
Vietnam,VNM,2012,21
Vietnam,VNM,2013,21
Vietnam,VNM,2014,21
Vietnam,VNM,2015,21
Vietnam,VNM,2016,21
Vietnam,VNM,2017,21
Vietnam,VNM,2018,21
Vietnam,VNM,2019,21
Vietnam,VNM,2020,20
Vietnam,VNM,2021,20
Vietnam,VNM,2022,20
Western Africa,,2000,16
Western Africa,,2001,15
Western Europe,,2000,73
Western Europe,,2001,77
Western Europe,,2002,77
Western Europe,,2003,77
Western Europe,,2004,78
Western Europe,,2005,83
Western Europe,,2006,83
Western Europe,,2007,83
Western Europe,,2008,84
Western Europe,,2009,84
Western Europe,,2010,84
Western Europe,,2011,86
Western Europe,,2012,87
Western Europe,,2013,90
Western Europe,,2014,89
Western Europe,,2015,89
Western Europe,,2016,90
Western Europe,,2017,90
Western Europe,,2018,90
Western Europe,,2019,89
Western Europe,,2020,88
Western Europe,,2021,88
Western Europe,,2022,88
World,OWID_WRL,2000,60
World,OWID_WRL,2001,62
World,OWID_WRL,2003,62
Yemen,YEM,2004,50
Yemen,YEM,2005,50
Yemen,YEM,2006,50
Yemen,YEM,2007,50
Yemen,YEM,2008,50
Yemen,YEM,2009,50
Yemen,YEM,2010,50
Yemen,YEM,2011,50
Yemen,YEM,2012,50
Yemen,YEM,2013,50
Yemen,YEM,2019,0
Yemen,YEM,2020,0
Yemen,YEM,2021,0
Yemen,YEM,2022,0
Zambia,ZMB,2000,0
Zambia,ZMB,2001,0
Zambia,ZMB,2002,0
Zambia,ZMB,2003,0
Zambia,ZMB,2004,0
Zambia,ZMB,2005,0
Zambia,ZMB,2006,0
Zambia,ZMB,2007,0
Zambia,ZMB,2008,0
Zimbabwe,ZWE,2000,50
Zimbabwe,ZWE,2001,50