Entity,Code,Year,"Prevalence of wasting, weight for height (% of children under 5)"
Afghanistan,AFG,1997,18.2
Afghanistan,AFG,2004,8.6
Afghanistan,AFG,2013,9.5
Afghanistan,AFG,2018,5.1
Albania,ALB,1997,8.1
Albania,ALB,2000,12.2
Albania,ALB,2005,7.3
Albania,ALB,2009,9.6
Albania,ALB,2017,1.6
Algeria,DZA,1987,4
Algeria,DZA,1992,7.1
Algeria,DZA,1995,9.6
Algeria,DZA,2000,3.1
Algeria,DZA,2002,9.6
Algeria,DZA,2006,4.1
Algeria,DZA,2012,4.1
Algeria,DZA,2019,2.7
Angola,AGO,1996,7.7
Angola,AGO,2007,8.2
Angola,AGO,2015,4.9
Argentina,ARG,1994,1.6
Argentina,ARG,1996,4.2
Argentina,ARG,2005,1.2
Argentina,ARG,2019,1.6
Armenia,ARM,1998,3.3
Armenia,ARM,2000,2.5
Armenia,ARM,2005,5.4
Armenia,ARM,2010,4.1
Armenia,ARM,2016,4.4
Australia,AUS,1995,0
Australia,AUS,2007,0
Azerbaijan,AZE,1996,3.8
Azerbaijan,AZE,2000,9
Azerbaijan,AZE,2001,3.2
Azerbaijan,AZE,2006,6.8
Azerbaijan,AZE,2011,6.6
Azerbaijan,AZE,2013,3.2
Bahrain,BHR,1989,6.8
Bahrain,BHR,1995,6.6
Bangladesh,BGD,1986,17.3
Bangladesh,BGD,1990,17.5
Bangladesh,BGD,1991,15.2
Bangladesh,BGD,1992,16.1
Bangladesh,BGD,1993,14
Bangladesh,BGD,1994,16.7
Bangladesh,BGD,1995,15.1
Bangladesh,BGD,1996,15.5
Bangladesh,BGD,1997,20.7
Bangladesh,BGD,1998,15
Bangladesh,BGD,1999,13.7
Bangladesh,BGD,2000,12.5
Bangladesh,BGD,2001,12.7
Bangladesh,BGD,2002,12.4
Bangladesh,BGD,2003,12.5
Bangladesh,BGD,2004,14.6
Bangladesh,BGD,2005,11.8
Bangladesh,BGD,2006,11.9
Bangladesh,BGD,2007,17.5
Bangladesh,BGD,2011,15.7
Bangladesh,BGD,2013,18.1
Bangladesh,BGD,2014,14.4
Bangladesh,BGD,2018,8.4
Bangladesh,BGD,2019,9.8
Barbados,BRB,2012,6.8
Belarus,BLR,2005,2.2
Belgium,BEL,2014,0.4
Belize,BLZ,2006,1.9
Belize,BLZ,2011,3.3
Belize,BLZ,2015,1.8
Benin,BEN,1996,12.3
Benin,BEN,2001,9
Benin,BEN,2008,5
Benin,BEN,2014,4.5
Benin,BEN,2018,5
Bhutan,BTN,1987,5.2
Bhutan,BTN,1999,2.5
Bhutan,BTN,2008,4.5
Bhutan,BTN,2010,5.9
Bolivia,BOL,1989,1.5
Bolivia,BOL,1994,3.6
Bolivia,BOL,1998,1.6
Bolivia,BOL,2003,1.7
Bolivia,BOL,2008,1.4
Bolivia,BOL,2012,1.5
Bolivia,BOL,2016,2
Bosnia and Herzegovina,BIH,2000,7.4
Bosnia and Herzegovina,BIH,2006,4
Bosnia and Herzegovina,BIH,2012,2.3
Botswana,BWA,1996,13.2
Botswana,BWA,2000,5.9
Botswana,BWA,2007,7.3
Brazil,BRA,1989,2.4
Brazil,BRA,1996,2.8
Brazil,BRA,2007,1.8
Brunei,BRN,2009,2.9
Bulgaria,BGR,2004,3.2
Bulgaria,BGR,2007,4.7
Bulgaria,BGR,2014,6.3
Burkina Faso,BFA,1993,15.4
Burkina Faso,BFA,1999,15.5
Burkina Faso,BFA,2009,11.3
Burkina Faso,BFA,2010,15.5
Burkina Faso,BFA,2011,10.4
Burkina Faso,BFA,2012,10.7
Burkina Faso,BFA,2013,8.1
Burkina Faso,BFA,2014,8.5
Burkina Faso,BFA,2015,10.2
Burkina Faso,BFA,2016,7.5
Burkina Faso,BFA,2017,8.6
Burkina Faso,BFA,2018,8.4
Burkina Faso,BFA,2019,8.1
Burundi,BDI,1987,6.7
Burundi,BDI,2000,8.1
Burundi,BDI,2005,9
Burundi,BDI,2010,6
Burundi,BDI,2016,5.1
Burundi,BDI,2018,4.8
Burundi,BDI,2019,4.8
Cambodia,KHM,1996,13.4
Cambodia,KHM,2000,17.1
Cambodia,KHM,2005,8.5
Cambodia,KHM,2008,9.1
Cambodia,KHM,2010,11
Cambodia,KHM,2014,9.7
Cameroon,CMR,1991,4.5
Cameroon,CMR,1998,6.2
Cameroon,CMR,2004,6.2
Cameroon,CMR,2006,7.6
Cameroon,CMR,2011,5.7
Cameroon,CMR,2014,5.2
Cameroon,CMR,2018,4.3
Cape Verde,CPV,1985,4.2
Cape Verde,CPV,1994,6.9
Central African Republic,CAF,1994,8.7
Central African Republic,CAF,2000,10.4
Central African Republic,CAF,2006,12.1
Central African Republic,CAF,2010,7.4
Central African Republic,CAF,2012,7.4
Central African Republic,CAF,2014,6.2
Central African Republic,CAF,2018,6.5
Central African Republic,CAF,2019,5.2
Chad,TCD,1997,16.5
Chad,TCD,2000,13.9
Chad,TCD,2004,16.2
Chad,TCD,2010,16.3
Chad,TCD,2015,13.3
Chad,TCD,2017,13.5
Chad,TCD,2018,13.5
Chad,TCD,2019,13.9
Chile,CHL,1986,0.7
Chile,CHL,1994,0.5
Chile,CHL,1995,0.5
Chile,CHL,1996,0.5
Chile,CHL,1998,0.6
Chile,CHL,1999,0.5
Chile,CHL,2001,0.5
Chile,CHL,2002,0.5
Chile,CHL,2003,0.5
Chile,CHL,2004,0.5
Chile,CHL,2006,0.5
Chile,CHL,2007,0.3
Chile,CHL,2008,0.3
Chile,CHL,2013,0.3
Chile,CHL,2014,0.3
China,CHN,1987,4.8
China,CHN,1990,4.2
China,CHN,1992,3.9
China,CHN,1995,5
China,CHN,1998,2.4
China,CHN,2000,2.5
China,CHN,2002,3
China,CHN,2005,2.9
China,CHN,2008,2.6
China,CHN,2009,2.6
China,CHN,2010,2.3
China,CHN,2013,1.9
China,CHN,2017,1.9
Colombia,COL,1986,1
Colombia,COL,1989,3.8
Colombia,COL,1995,1.7
Colombia,COL,2000,1
Colombia,COL,2005,1.6
Colombia,COL,2010,0.9
Colombia,COL,2016,1.6
Comoros,COM,1992,5.3
Comoros,COM,1996,10.7
Comoros,COM,2000,13.3
Comoros,COM,2012,11.2
Congo,COG,1987,6.6
Congo,COG,2005,8
Congo,COG,2011,6
Congo,COG,2014,8.2
Costa Rica,CRI,1996,2.4
Costa Rica,CRI,2008,1
Costa Rica,CRI,2018,1.8
Cote d'Ivoire,CIV,1986,8.5
Cote d'Ivoire,CIV,1994,8.3
Cote d'Ivoire,CIV,1998,6.9
Cote d'Ivoire,CIV,2007,14
Cote d'Ivoire,CIV,2012,7.6
Cote d'Ivoire,CIV,2016,6.1
Cuba,CUB,2000,2.4
Cuba,CUB,2019,2
Czechia,CZE,1991,2.8
Czechia,CZE,2001,4.6
Democratic Republic of Congo,COD,1995,11.4
Democratic Republic of Congo,COD,2001,15.9
Democratic Republic of Congo,COD,2007,10.4
Democratic Republic of Congo,COD,2010,8.5
Democratic Republic of Congo,COD,2013,8.1
Democratic Republic of Congo,COD,2017,6.4
Djibouti,DJI,1989,12.5
Djibouti,DJI,1996,14.9
Djibouti,DJI,2002,19.4
Djibouti,DJI,2012,21.5
Dominican Republic,DOM,1986,3.3
Dominican Republic,DOM,1991,2.1
Dominican Republic,DOM,1996,2
Dominican Republic,DOM,2000,1.5
Dominican Republic,DOM,2002,2.2
Dominican Republic,DOM,2006,1.7
Dominican Republic,DOM,2007,2.3
Dominican Republic,DOM,2013,2.4
East Asia & Pacific,,2020,3.72170186042786
Ecuador,ECU,1986,2.3
Ecuador,ECU,1999,2.7
Ecuador,ECU,2004,2
Ecuador,ECU,2006,2.1
Ecuador,ECU,2012,2.4
Ecuador,ECU,2014,1.6
Ecuador,ECU,2019,3.7
Egypt,EGY,1988,1.9
Egypt,EGY,1991,4.5
Egypt,EGY,1992,4
Egypt,EGY,1995,5.7
Egypt,EGY,1998,6.4
Egypt,EGY,2003,5.2
Egypt,EGY,2005,5.3
Egypt,EGY,2008,7.9
Egypt,EGY,2014,9.5
El Salvador,SLV,1988,2.2
El Salvador,SLV,1993,1.5
El Salvador,SLV,1998,1.5
El Salvador,SLV,2003,1.3
El Salvador,SLV,2008,1.6
El Salvador,SLV,2014,2.1
Equatorial Guinea,GNQ,1997,4
Equatorial Guinea,GNQ,2000,9.2
Equatorial Guinea,GNQ,2004,2.8
Equatorial Guinea,GNQ,2011,3.1
Eritrea,ERI,1993,11.8
Eritrea,ERI,1995,17
Eritrea,ERI,2002,15
Eritrea,ERI,2010,14.6
Estonia,EST,2014,1.5
Eswatini,SWZ,2000,1.7
Eswatini,SWZ,2006,2.9
Eswatini,SWZ,2008,1.1
Eswatini,SWZ,2010,0.8
Eswatini,SWZ,2014,2
Ethiopia,ETH,1992,9.2
Ethiopia,ETH,2000,12.4
Ethiopia,ETH,2005,12.4
Ethiopia,ETH,2011,9.8
Ethiopia,ETH,2014,8.8
Ethiopia,ETH,2016,10
Ethiopia,ETH,2019,7.2
Fiji,FJI,1993,9.8
Fiji,FJI,2004,6.3
Gabon,GAB,2000,4.2
Gabon,GAB,2012,3.4
Gambia,GMB,2000,9.1
Gambia,GMB,2006,7.4
Gambia,GMB,2010,9.5
Gambia,GMB,2012,9.5
Gambia,GMB,2013,11
Gambia,GMB,2018,6
Gambia,GMB,2020,5.1
Georgia,GEO,1999,3.1
Georgia,GEO,2005,3
Georgia,GEO,2009,1.3
Georgia,GEO,2018,0.6
Germany,DEU,2004,1
Germany,DEU,2016,0.3
Ghana,GHA,1988,7
Ghana,GHA,1993,10.9
Ghana,GHA,1997,8.2
Ghana,GHA,1998,9.9
Ghana,GHA,2003,8.4
Ghana,GHA,2006,6
Ghana,GHA,2008,8.7
Ghana,GHA,2011,6.2
Ghana,GHA,2014,4.7
Ghana,GHA,2017,6.8
Greece,GRC,2003,0.6
Guatemala,GTM,1987,1.9
Guatemala,GTM,1995,3.8
Guatemala,GTM,1999,2.9
Guatemala,GTM,2000,3.7
Guatemala,GTM,2002,1.9
Guatemala,GTM,2009,1
Guatemala,GTM,2015,0.8
Guinea,GIN,1994,14
Guinea,GIN,1999,9.7
Guinea,GIN,2005,11
Guinea,GIN,2007,7.2
Guinea,GIN,2012,10
Guinea,GIN,2016,8.1
Guinea,GIN,2018,9.2
Guinea-Bissau,GNB,2000,11.8
Guinea-Bissau,GNB,2010,5.9
Guinea-Bissau,GNB,2012,6.2
Guinea-Bissau,GNB,2014,6
Guinea-Bissau,GNB,2019,7.8
Guyana,GUY,1993,6.7
Guyana,GUY,1997,13.3
Guyana,GUY,2000,12.1
Guyana,GUY,2006,8.3
Guyana,GUY,2009,5.5
Guyana,GUY,2014,6.4
Haiti,HTI,1990,5.9
Haiti,HTI,1994,9.3
Haiti,HTI,2000,5.5
Haiti,HTI,2006,10.2
Haiti,HTI,2012,5.1
Haiti,HTI,2017,3.7
High income,,2020,0.36659175157547
Honduras,HND,1987,2.3
Honduras,HND,1991,2.4
Honduras,HND,1994,2.7
Honduras,HND,1996,1.6
Honduras,HND,2001,1.3
Honduras,HND,2006,1.4
Honduras,HND,2012,1.4
India,IND,1989,20.3
India,IND,1991,20
India,IND,1992,19.9
India,IND,1997,18.4
India,IND,1999,17.1
India,IND,2006,20
India,IND,2014,15.1
India,IND,2015,20.8
India,IND,2017,17.3
Indonesia,IDN,1996,14.9
Indonesia,IDN,2000,5.5
Indonesia,IDN,2001,5.4
Indonesia,IDN,2004,14.4
Indonesia,IDN,2007,14.8
Indonesia,IDN,2010,12.3
Indonesia,IDN,2013,13.5
Indonesia,IDN,2018,10.2
Iran,IRN,1995,8.1
Iran,IRN,1998,6.1
Iran,IRN,2004,4.8
Iran,IRN,2010,4
Iraq,IRQ,1991,4.4
Iraq,IRQ,2000,6.6
Iraq,IRQ,2003,5.6
Iraq,IRQ,2004,6.9
Iraq,IRQ,2006,5.8
Iraq,IRQ,2011,6.5
Iraq,IRQ,2018,3
Jamaica,JAM,1989,3.2
Jamaica,JAM,1991,5.5
Jamaica,JAM,1992,2.7
Jamaica,JAM,1994,3
Jamaica,JAM,1995,4.8
Jamaica,JAM,1996,2.5
Jamaica,JAM,1997,2.2
Jamaica,JAM,1998,2.6
Jamaica,JAM,1999,2.4
Jamaica,JAM,2000,3
Jamaica,JAM,2001,3.2
Jamaica,JAM,2002,2.4
Jamaica,JAM,2004,4.5
Jamaica,JAM,2006,3.7
Jamaica,JAM,2007,2.7
Jamaica,JAM,2008,2.5
Jamaica,JAM,2010,4.8
Jamaica,JAM,2012,3
Jamaica,JAM,2014,3.6
Jamaica,JAM,2016,3.3
Japan,JPN,2010,2.3
Jordan,JOR,1990,4
Jordan,JOR,1997,2.4
Jordan,JOR,2002,2.5
Jordan,JOR,2009,1.6
Jordan,JOR,2012,2.4
Kazakhstan,KAZ,1995,6.4
Kazakhstan,KAZ,1999,2.5
Kazakhstan,KAZ,2006,4.9
Kazakhstan,KAZ,2010,4.1
Kazakhstan,KAZ,2015,3.1
Kenya,KEN,1987,5.5
Kenya,KEN,1993,7.1
Kenya,KEN,1994,6.8
Kenya,KEN,1998,7.2
Kenya,KEN,2000,7.4
Kenya,KEN,2003,6.2
Kenya,KEN,2005,6.9
Kenya,KEN,2008,6.9
Kenya,KEN,2011,6.3
Kenya,KEN,2014,4.2
Kiribati,KIR,1985,12.6
Kiribati,KIR,2018,3.5
Kuwait,KWT,1996,1.7
Kuwait,KWT,2001,2.2
Kuwait,KWT,2002,2.2
Kuwait,KWT,2003,2.6
Kuwait,KWT,2004,3.4
Kuwait,KWT,2005,3.3
Kuwait,KWT,2006,2.8
Kuwait,KWT,2007,3.6
Kuwait,KWT,2008,2.2
Kuwait,KWT,2009,1.8
Kuwait,KWT,2010,2.4
Kuwait,KWT,2011,1.7
Kuwait,KWT,2012,2.4
Kuwait,KWT,2013,2.7
Kuwait,KWT,2014,2.4
Kuwait,KWT,2015,3.1
Kuwait,KWT,2016,2.4
Kuwait,KWT,2017,2.5
Kyrgyzstan,KGZ,1997,2.9
Kyrgyzstan,KGZ,2006,3.4
Kyrgyzstan,KGZ,2009,1.3
Kyrgyzstan,KGZ,2012,2.8
Kyrgyzstan,KGZ,2014,2.8
Kyrgyzstan,KGZ,2018,2
Laos,LAO,1993,11.8
Laos,LAO,1994,12.3
Laos,LAO,2000,17.5
Laos,LAO,2006,7.4
Laos,LAO,2011,5.9
Laos,LAO,2015,9.7
Laos,LAO,2017,9
Latin America & Caribbean,,2020,1.30661129951477
Lebanon,LBN,1996,3.6
Lebanon,LBN,2004,6.6
Lesotho,LSO,1992,3.2
Lesotho,LSO,1993,22.4
Lesotho,LSO,2004,5.6
Lesotho,LSO,2009,3.8
Lesotho,LSO,2014,2.8
Lesotho,LSO,2018,2.1
Liberia,LBR,2000,7.4
Liberia,LBR,2007,7.9
Liberia,LBR,2010,4
Liberia,LBR,2013,5.6
Liberia,LBR,2016,4.3
Liberia,LBR,2019,3.4
Libya,LBY,1995,3.6
Libya,LBY,2007,6.5
Libya,LBY,2014,10.2
Low & middle income,,2020,6.82425975799561
Low income,,2020,6.92044973373413
Lower middle income,,2020,9.8737678527832
Madagascar,MDG,1992,6.4
Madagascar,MDG,1993,16.4
Madagascar,MDG,1995,9
Madagascar,MDG,1997,8.9
Madagascar,MDG,2004,15.1
Madagascar,MDG,2012,7.5
Madagascar,MDG,2018,6.4
Malawi,MWI,1992,6.6
Malawi,MWI,1995,8.5
Malawi,MWI,1998,8.7
Malawi,MWI,2000,6.8
Malawi,MWI,2002,6.3
Malawi,MWI,2004,6.3
Malawi,MWI,2006,4.2
Malawi,MWI,2009,1.8
Malawi,MWI,2010,4
Malawi,MWI,2014,3.8
Malawi,MWI,2015,2.8
Malawi,MWI,2016,3.9
Malawi,MWI,2017,2.4
Malawi,MWI,2018,1.3
Malawi,MWI,2019,0.6
Malaysia,MYS,1999,15.3
Malaysia,MYS,2006,13.2
Malaysia,MYS,2015,8
Malaysia,MYS,2016,11.5
Malaysia,MYS,2019,9.7
Maldives,MDV,1994,16.1
Maldives,MDV,1995,18.9
Maldives,MDV,1997,19.9
Maldives,MDV,2001,13.4
Maldives,MDV,2009,10.6
Maldives,MDV,2017,9.1
Mali,MLI,1987,11.3
Mali,MLI,1996,22
Mali,MLI,2001,12.6
Mali,MLI,2006,15.4
Mali,MLI,2010,8.9
Mali,MLI,2011,10.4
Mali,MLI,2014,13.1
Mali,MLI,2015,13.5
Mali,MLI,2016,10.6
Mali,MLI,2017,10.5
Mali,MLI,2018,9
Mali,MLI,2019,9.3
Marshall Islands,MHL,2017,3.5
Mauritania,MRT,1988,19.1
Mauritania,MRT,1996,8.7
Mauritania,MRT,2000,15.3
Mauritania,MRT,2007,13.6
Mauritania,MRT,2008,8.1
Mauritania,MRT,2011,13.9
Mauritania,MRT,2012,11.7
Mauritania,MRT,2015,14.8
Mauritania,MRT,2018,11.5
Mauritius,MUS,1985,18.3
Mauritius,MUS,1995,15.7
Mexico,MEX,1988,6.1
Mexico,MEX,1989,6.1
Mexico,MEX,1996,8.5
Mexico,MEX,1998,2
Mexico,MEX,2006,2
Mexico,MEX,2012,1.6
Mexico,MEX,2015,1
Mexico,MEX,2016,2
Mexico,MEX,2019,1.4
Middle East & North Africa,,2020,6.31471157073975
Middle income,,2020,6.80415153503418
Moldova,MDA,2005,5.8
Moldova,MDA,2012,1.9
Mongolia,MNG,1992,2.4
Mongolia,MNG,1999,4.3
Mongolia,MNG,2000,7.1
Mongolia,MNG,2004,0.6
Mongolia,MNG,2005,2.7
Mongolia,MNG,2010,1.6
Mongolia,MNG,2013,1
Mongolia,MNG,2016,1.2
Mongolia,MNG,2018,0.9
Montenegro,MNE,2005,4.2
Montenegro,MNE,2013,2.8
Montenegro,MNE,2018,2.2
Morocco,MAR,1987,3.9
Morocco,MAR,1992,2.6
Morocco,MAR,1997,4.7
Morocco,MAR,2003,10.8
Morocco,MAR,2011,2.3
Morocco,MAR,2017,2.6
Mozambique,MOZ,1995,9.6
Mozambique,MOZ,1997,9.8
Mozambique,MOZ,2001,8.1
Mozambique,MOZ,2003,5.4
Mozambique,MOZ,2008,4.2
Mozambique,MOZ,2011,6.1
Mozambique,MOZ,2015,4.4
Myanmar,MMR,1991,12.7
Myanmar,MMR,1994,9.2
Myanmar,MMR,1997,9.6
Myanmar,MMR,2000,10.7
Myanmar,MMR,2003,11.7
Myanmar,MMR,2009,7.9
Myanmar,MMR,2016,6.6
Myanmar,MMR,2018,6.7
Namibia,NAM,1992,9.6
Namibia,NAM,2000,10
Namibia,NAM,2007,7.6
Namibia,NAM,2013,7.1
Nauru,NRU,2007,1
Nepal,NPL,1995,6
Nepal,NPL,1996,12.6
Nepal,NPL,1998,7.9
Nepal,NPL,2001,11.3
Nepal,NPL,2006,12.7
Nepal,NPL,2011,11.2
Nepal,NPL,2014,11.3
Nepal,NPL,2016,9.6
Nepal,NPL,2019,12
Netherlands,NLD,1996,1.2
Netherlands,NLD,2009,1
Nicaragua,NIC,1993,2.5
Nicaragua,NIC,1998,3.4
Nicaragua,NIC,2001,2.3
Nicaragua,NIC,2004,0.3
Nicaragua,NIC,2007,1.5
Nicaragua,NIC,2012,2.2
Niger,NER,1985,25.3
Niger,NER,1992,18.8
Niger,NER,1998,19.8
Niger,NER,2000,16.2
Niger,NER,2006,11.6
Niger,NER,2007,12.5
Niger,NER,2008,13.8
Niger,NER,2009,12.5
Niger,NER,2010,15.8
Niger,NER,2011,12.6
Niger,NER,2012,13.4
Niger,NER,2013,12.4
Niger,NER,2014,14.2
Niger,NER,2015,13.6
Niger,NER,2016,10.4
Niger,NER,2018,14.1
Niger,NER,2019,9.8
Nigeria,NGA,1990,11.7
Nigeria,NGA,1993,20.6
Nigeria,NGA,2003,11.2
Nigeria,NGA,2011,10.2
Nigeria,NGA,2014,7.9
Nigeria,NGA,2015,7.3
Nigeria,NGA,2016,10.8
Nigeria,NGA,2018,6.8
Nigeria,NGA,2020,6.5
North America,,2020,0.199237987399101
North Korea,PRK,1998,20.8
North Korea,PRK,2000,12.2
North Korea,PRK,2002,8.7
North Korea,PRK,2004,8.5
North Korea,PRK,2009,5.2
North Korea,PRK,2012,4
North Korea,PRK,2017,2.5
North Macedonia,MKD,1999,1.7
North Macedonia,MKD,2005,3.4
North Macedonia,MKD,2011,1.8
North Macedonia,MKD,2019,3.4
Oman,OMN,1991,7.8
Oman,OMN,1994,7.2
Oman,OMN,1999,7.8
Oman,OMN,2009,7.1
Oman,OMN,2014,7.5
Oman,OMN,2017,9.3
Pakistan,PAK,1986,24
Pakistan,PAK,1991,12.5
Pakistan,PAK,1992,17.2
Pakistan,PAK,2001,14.1
Pakistan,PAK,2011,14.9
Pakistan,PAK,2013,10.5
Pakistan,PAK,2018,7.1
Palestine,PSE,1996,3
Palestine,PSE,2000,2
Palestine,PSE,2004,3.2
Palestine,PSE,2006,1.8
Palestine,PSE,2010,3.3
Palestine,PSE,2014,1.2
Palestine,PSE,2020,1.3
Panama,PAN,1997,1.3
Panama,PAN,2003,1.6
Panama,PAN,2008,1.2
Papua New Guinea,PNG,1983,5.5
Papua New Guinea,PNG,2005,4.4
Papua New Guinea,PNG,2010,14.1
Paraguay,PRY,1990,0.6
Paraguay,PRY,1998,1.6
Paraguay,PRY,2005,1.1
Paraguay,PRY,2012,2.6
Paraguay,PRY,2016,1
Peru,PER,1991,1.9
Peru,PER,1996,1.6
Peru,PER,2000,1.1
Peru,PER,2005,1
Peru,PER,2007,0.8
Peru,PER,2009,0.6
Peru,PER,2010,0.7
Peru,PER,2011,0.4
Peru,PER,2012,0.6
Peru,PER,2013,0.4
Peru,PER,2014,0.6
Peru,PER,2015,0.6
Peru,PER,2016,0.6
Peru,PER,2017,0.5
Peru,PER,2018,0.5
Peru,PER,2019,0.4
Philippines,PHL,1987,5.7
Philippines,PHL,1990,6.9
Philippines,PHL,1992,8.8
Philippines,PHL,1993,9.1
Philippines,PHL,1998,8
Philippines,PHL,2003,6
Philippines,PHL,2008,6.6
Philippines,PHL,2011,7
Philippines,PHL,2013,7.6
Philippines,PHL,2015,6.8
Philippines,PHL,2018,5.6
Poland,POL,2011,0.7
Portugal,PRT,2016,0.6
Qatar,QAT,1995,2.1
Romania,ROU,1991,3.3
Romania,ROU,1999,3.6
Romania,ROU,2000,4.3
Romania,ROU,2001,3.9
Romania,ROU,2002,3.5
Rwanda,RWA,1992,5
Rwanda,RWA,1996,11
Rwanda,RWA,2000,8.7
Rwanda,RWA,2005,4.9
Rwanda,RWA,2009,5.1
Rwanda,RWA,2010,2.9
Rwanda,RWA,2012,2.4
Rwanda,RWA,2015,2
Rwanda,RWA,2018,2
Rwanda,RWA,2020,1.1
Saint Lucia,LCA,2012,3.7
Samoa,WSM,1999,1.3
Samoa,WSM,2014,3.9
Samoa,WSM,2019,3.1
Sao Tome and Principe,STP,1986,6
Sao Tome and Principe,STP,2014,4
Sao Tome and Principe,STP,2019,4.1
Saudi Arabia,SAU,1994,2.9
Saudi Arabia,SAU,2004,11.8
Senegal,SEN,1986,5.1
Senegal,SEN,1991,9
Senegal,SEN,1993,9.4
Senegal,SEN,1996,8.2
Senegal,SEN,2000,10
Senegal,SEN,2005,8.7
Senegal,SEN,2011,9.8
Senegal,SEN,2012,8.7
Senegal,SEN,2013,9
Senegal,SEN,2014,5.9
Senegal,SEN,2015,7.8
Senegal,SEN,2016,7.1
Senegal,SEN,2017,9
Senegal,SEN,2018,7.8
Senegal,SEN,2019,8.1
Serbia,SRB,2005,4.5
Serbia,SRB,2010,3.5
Serbia,SRB,2014,3.9
Serbia,SRB,2019,2.6
Seychelles,SYC,1988,2.7
Seychelles,SYC,2012,4.3
Sierra Leone,SLE,1989,8.4
Sierra Leone,SLE,1990,10.2
Sierra Leone,SLE,2000,11.6
Sierra Leone,SLE,2005,10.2
Sierra Leone,SLE,2010,7.5
Sierra Leone,SLE,2014,4.6
Sierra Leone,SLE,2017,5.1
Sierra Leone,SLE,2019,5.4
Singapore,SGP,2000,3.6
Solomon Islands,SLB,1989,7.4
Solomon Islands,SLB,2007,4.3
Solomon Islands,SLB,2015,8.5
Somalia,SOM,1999,19.3
Somalia,SOM,2006,13.3
Somalia,SOM,2009,14.3
South Africa,ZAF,1994,3.3
South Africa,ZAF,1999,4.5
South Africa,ZAF,2008,4.8
South Africa,ZAF,2015,3.5
South Africa,ZAF,2016,2.5
South Africa,ZAF,2017,3.4
South Asia,,2020,14.6734409332275
South Korea,KOR,2003,0.9
South Korea,KOR,2009,1.2
South Sudan,SSD,2006,24.6
South Sudan,SSD,2010,22.7
Sri Lanka,LKA,1987,14.9
Sri Lanka,LKA,1993,15
Sri Lanka,LKA,1995,15.3
Sri Lanka,LKA,2000,15.9
Sri Lanka,LKA,2007,15.2
Sri Lanka,LKA,2009,11.8
Sri Lanka,LKA,2012,21.3
Sri Lanka,LKA,2016,15.1
Sub-Saharan Africa,,2020,6.15531063079834
Sudan,SDN,2006,14.5
Sudan,SDN,2010,15.4
Sudan,SDN,2014,16.3
Suriname,SUR,2000,7
Suriname,SUR,2006,4.9
Suriname,SUR,2010,5
Suriname,SUR,2018,5.5
Syria,SYR,1993,10
Syria,SYR,1995,10.4
Syria,SYR,2000,4.9
Syria,SYR,2001,10.2
Syria,SYR,2006,10.3
Syria,SYR,2010,11.5
Tajikistan,TJK,1999,11.4
Tajikistan,TJK,2000,9.4
Tajikistan,TJK,2001,19.4
Tajikistan,TJK,2002,6.1
Tajikistan,TJK,2003,5.9
Tajikistan,TJK,2005,8.7
Tajikistan,TJK,2007,6.9
Tajikistan,TJK,2009,4.3
Tajikistan,TJK,2012,9.9
Tajikistan,TJK,2016,3.5
Tajikistan,TJK,2017,5.6
Tanzania,TZA,1991,7.8
Tanzania,TZA,1996,8.5
Tanzania,TZA,1999,5.6
Tanzania,TZA,2004,3.5
Tanzania,TZA,2009,2.9
Tanzania,TZA,2010,4.9
Tanzania,TZA,2011,6.2
Tanzania,TZA,2013,4.4
Tanzania,TZA,2014,3.8
Tanzania,TZA,2015,4.5
Tanzania,TZA,2018,3.5
Thailand,THA,1987,5.7
Thailand,THA,1993,7.3
Thailand,THA,1995,6.7
Thailand,THA,2006,4.7
Thailand,THA,2012,6.7
Thailand,THA,2016,5.4
Thailand,THA,2019,7.7
Timor,TLS,2002,13.7
Timor,TLS,2003,14.3
Timor,TLS,2007,21.3
Timor,TLS,2009,18.9
Timor,TLS,2013,9.9
Togo,TGO,1988,5.9
Togo,TGO,1998,12.4
Togo,TGO,2008,6
Togo,TGO,2009,6.1
Togo,TGO,2010,4.7
Togo,TGO,2012,5.5
Togo,TGO,2014,6.6
Togo,TGO,2017,5.7
Tonga,TON,1986,1.3
Tonga,TON,2012,5.2
Tonga,TON,2019,1.1
Trinidad and Tobago,TTO,1987,4.8
Trinidad and Tobago,TTO,2000,5.2
Trinidad and Tobago,TTO,2011,6.4
Tunisia,TUN,1988,3.1
Tunisia,TUN,1997,7.2
Tunisia,TUN,2000,2.9
Tunisia,TUN,2006,3.4
Tunisia,TUN,2012,2.8
Tunisia,TUN,2018,2.1
Turkey,TUR,1993,3.9
Turkey,TUR,1998,3
Turkey,TUR,2004,1.1
Turkey,TUR,2008,1
Turkey,TUR,2013,1.9
Turkey,TUR,2018,1.7
Turkmenistan,TKM,2000,7.1
Turkmenistan,TKM,2006,7.2
Turkmenistan,TKM,2015,4.2
Turkmenistan,TKM,2019,4.1
Tuvalu,TUV,2007,3.3
Uganda,UGA,1988,3.1
Uganda,UGA,1995,5.9
Uganda,UGA,2000,5
Uganda,UGA,2006,6.2
Uganda,UGA,2009,4.4
Uganda,UGA,2011,4.6
Uganda,UGA,2012,4.2
Uganda,UGA,2014,3.8
Uganda,UGA,2016,3.5
Ukraine,UKR,2000,8.2
United States,USA,1991,0.5
United States,USA,2000,0.5
United States,USA,2002,0.3
United States,USA,2004,0.7
United States,USA,2006,0.9
United States,USA,2008,0.6
United States,USA,2010,0.1
United States,USA,2012,0.3
United States,USA,2014,0.3
United States,USA,2016,0.4
United States,USA,2018,0.1
Upper middle income,,2020,2.1311206817627
Uruguay,URY,1999,2.3
Uruguay,URY,2002,2.4
Uruguay,URY,2003,2.8
Uruguay,URY,2004,3
Uruguay,URY,2007,2.5
Uruguay,URY,2011,1.3
Uruguay,URY,2013,1
Uruguay,URY,2016,0.7
Uruguay,URY,2018,1.4
Uzbekistan,UZB,1996,10.7
Uzbekistan,UZB,2002,9
Uzbekistan,UZB,2006,4.4
Uzbekistan,UZB,2017,1.8
Vanuatu,VUT,1996,6.8
Vanuatu,VUT,2008,5.9
Vanuatu,VUT,2013,4.7
Venezuela,VEN,1987,2.2
Venezuela,VEN,1990,5.7
Venezuela,VEN,1991,4.5
Venezuela,VEN,1992,4.3
Venezuela,VEN,1993,4
Venezuela,VEN,1994,3.8
Venezuela,VEN,1995,3.8
Venezuela,VEN,1996,3.8
Venezuela,VEN,1997,3.8
Venezuela,VEN,1998,4.4
Venezuela,VEN,1999,4
Venezuela,VEN,2000,3.9
Venezuela,VEN,2001,4.4
Venezuela,VEN,2002,4.8
Venezuela,VEN,2003,5.2
Venezuela,VEN,2004,5.2
Venezuela,VEN,2005,4.8
Venezuela,VEN,2006,4.8
Venezuela,VEN,2007,5
Venezuela,VEN,2008,4.5
Venezuela,VEN,2009,4.1
Vietnam,VNM,1988,11.1
Vietnam,VNM,1993,6.7
Vietnam,VNM,1994,13.5
Vietnam,VNM,1998,11.9
Vietnam,VNM,1999,11
Vietnam,VNM,2000,6.1
Vietnam,VNM,2002,8.9
Vietnam,VNM,2003,10.9
Vietnam,VNM,2004,11.3
Vietnam,VNM,2005,10.7
Vietnam,VNM,2006,9.9
Vietnam,VNM,2007,10.1
Vietnam,VNM,2008,9.7
Vietnam,VNM,2009,7.1
Vietnam,VNM,2010,4.1
Vietnam,VNM,2011,6.6
Vietnam,VNM,2012,6.7
Vietnam,VNM,2013,6.6
Vietnam,VNM,2014,6.8
Vietnam,VNM,2015,6.4
Vietnam,VNM,2017,5.8
World,OWID_WRL,2020,6.69022798538208
Yemen,YEM,1991,14.1
Yemen,YEM,1996,17.4
Yemen,YEM,1997,16.5
Yemen,YEM,2003,15.3
Yemen,YEM,2005,13.8
Yemen,YEM,2011,13.3
Yemen,YEM,2013,16.4
Zambia,ZMB,1992,6.3
Zambia,ZMB,1996,5.3
Zambia,ZMB,1999,5
Zambia,ZMB,2002,6.2
Zambia,ZMB,2007,5.6
Zambia,ZMB,2013,6.2
Zambia,ZMB,2018,4.2
Zimbabwe,ZWE,1988,1.7
Zimbabwe,ZWE,1994,5.3
Zimbabwe,ZWE,1999,8.3
Zimbabwe,ZWE,2005,7.2
Zimbabwe,ZWE,2009,2.4
Zimbabwe,ZWE,2010,3.2
Zimbabwe,ZWE,2014,3.2
Zimbabwe,ZWE,2015,3.3
Zimbabwe,ZWE,2019,2.9