Entity,Code,Year,2.b.1 - Agricultural export subsidies (millions of current United States dollars) - AG_PRD_XSUBDY
Africa,,1995,40663420
Africa,,1996,43496650
Africa,,1997,24293730
Africa,,1998,9962780
Africa,,1999,10926860
Africa,,2000,9482850
Africa,,2001,3813350
Africa,,2002,3278310
Africa,,2003,9635080
Africa,,2004,7277890
Africa,,2005,10126310
Africa,,2006,8498580
Africa,,2007,15747970
Africa,,2008,13285530
Africa,,2009,9955020
Africa,,2010,7653230
Africa,,2011,16463740.000000002
Africa,,2012,12720680
Africa,,2013,7975090
Africa,,2014,18245340
Africa,,2015,8275290
Africa,,2016,19506950
Africa,,2017,19382470
Africa,,2018,25348580
Africa,,2019,5686610
Americas,,1995,81079960
Americas,,1996,164748350
Americas,,1997,191612690
Americas,,1998,190305830
Americas,,1999,97633030
Americas,,2000,48963280
Americas,,2001,74039240
Americas,,2002,51217730
Americas,,2003,74669160
Americas,,2004,75259980
Americas,,2005,97719420
Americas,,2006,110155170
Americas,,2007,104955220
Americas,,2008,115580860
Americas,,2009,94773740
Americas,,2010,101291420
Americas,,2011,100246030
Americas,,2012,101229580
Americas,,2013,81717110
Americas,,2014,73408680
Americas,,2015,63427680
Americas,,2016,42008300
Americas,,2017,30282590
Americas,,2018,25295220
Americas,,2019,8843130
Asia,,1995,52009410
Asia,,1996,45909370
Asia,,1997,60587610
Asia,,1998,41487650
Asia,,1999,50327330
Asia,,2000,48311150
Asia,,2001,48456690
Asia,,2002,45959070
Asia,,2003,49622330
Asia,,2004,53461950
Asia,,2005,69936320
Asia,,2006,52128720
Asia,,2007,74404630
Asia,,2008,104686050
Asia,,2009,146666850
Asia,,2010,54911140
Asia,,2011,77666000
Asia,,2012,68913080
Asia,,2013,58693010
Asia,,2014,31816390
Asia,,2015,30236020
Asia,,2016,32224179.999999996
Asia,,2017,36434990
Asia,,2018,22711440
Asia,,2019,29154350
Australia,AUS,1995,0
Australia,AUS,1996,0
Australia,AUS,1997,0
Australia,AUS,1998,1260490
Australia,AUS,1999,2410770
Australia,AUS,2000,0
Australia,AUS,2001,0
Australia,AUS,2002,0
Australia,AUS,2003,0
Australia,AUS,2004,0
Australia,AUS,2005,0
Australia,AUS,2006,0
Australia,AUS,2007,0
Australia,AUS,2008,0
Australia,AUS,2009,0
Australia,AUS,2010,0
Australia,AUS,2011,0
Australia,AUS,2012,0
Australia,AUS,2013,0
Australia,AUS,2014,0
Australia,AUS,2015,0
Australia and New Zealand,,1995,10500
Australia and New Zealand,,1996,0
Australia and New Zealand,,1997,0
Australia and New Zealand,,1998,1260490
Australia and New Zealand,,1999,2410770
Australia and New Zealand,,2000,0
Australia and New Zealand,,2001,0
Australia and New Zealand,,2002,0
Australia and New Zealand,,2003,0
Australia and New Zealand,,2004,0
Australia and New Zealand,,2005,0
Australia and New Zealand,,2006,0
Australia and New Zealand,,2007,0
Australia and New Zealand,,2008,0
Australia and New Zealand,,2009,0
Australia and New Zealand,,2010,0
Australia and New Zealand,,2011,0
Australia and New Zealand,,2012,0
Australia and New Zealand,,2013,0
Australia and New Zealand,,2014,0
Australia and New Zealand,,2015,0
Barbados,BRB,1995,0
Barbados,BRB,1996,0
Barbados,BRB,1997,0
Barbados,BRB,1998,0
Barbados,BRB,1999,0
Barbados,BRB,2000,0
Barbados,BRB,2001,0
Barbados,BRB,2002,2550
Barbados,BRB,2003,5360
Barbados,BRB,2004,5010
Barbados,BRB,2005,2140
Barbados,BRB,2006,1260
Barbados,BRB,2015,0
Barbados,BRB,2016,0
Brazil,BRA,1995,0
Brazil,BRA,1996,0
Brazil,BRA,1997,0
Brazil,BRA,1998,0
Brazil,BRA,1999,0
Brazil,BRA,2000,0
Brazil,BRA,2001,0
Brazil,BRA,2002,0
Brazil,BRA,2003,0
Brazil,BRA,2004,0
Brazil,BRA,2005,0
Brazil,BRA,2006,0
Brazil,BRA,2007,0
Brazil,BRA,2008,0
Brazil,BRA,2009,0
Brazil,BRA,2010,0
Brazil,BRA,2011,0
Brazil,BRA,2012,0
Brazil,BRA,2013,0
Brazil,BRA,2014,0
Brazil,BRA,2015,0
Brazil,BRA,2016,0
Brazil,BRA,2017,0
Brazil,BRA,2018,0
Brazil,BRA,2019,0
Bulgaria,BGR,1995,0
Bulgaria,BGR,1996,0
Bulgaria,BGR,1997,0
Bulgaria,BGR,1998,0
Bulgaria,BGR,1999,0
Bulgaria,BGR,2000,0
Bulgaria,BGR,2001,0
Bulgaria,BGR,2002,0
Bulgaria,BGR,2003,0
Bulgaria,BGR,2004,1493780
Bulgaria,BGR,2005,3457910
Bulgaria,BGR,2006,3625100
Canada,CAN,1995,37479940
Canada,CAN,1996,4264130
Canada,CAN,1997,0
Canada,CAN,1998,0
Canada,CAN,1999,0
Canada,CAN,2000,0
Canada,CAN,2001,0
Canada,CAN,2002,0
Canada,CAN,2003,61613000
Canada,CAN,2004,72154970
Canada,CAN,2005,83417280
Canada,CAN,2006,88253910
Canada,CAN,2007,83655220
Canada,CAN,2008,84367030
Canada,CAN,2009,78942310
Canada,CAN,2010,85621420
Canada,CAN,2011,89216030
Canada,CAN,2012,100509580
Canada,CAN,2013,81717110
Canada,CAN,2014,73408680
Canada,CAN,2015,63427680
Canada,CAN,2016,42008300
Canada,CAN,2017,7682590
Canada,CAN,2018,7695220
Canada,CAN,2019,8843130
Caribbean,,1995,0
Caribbean,,1996,0
Caribbean,,1997,0
Caribbean,,1998,0
Caribbean,,1999,0
Caribbean,,2000,0
Caribbean,,2001,0
Caribbean,,2002,2550
Caribbean,,2003,5360
Caribbean,,2004,5010
Caribbean,,2005,2140
Caribbean,,2006,1260
Caribbean,,2015,0
Caribbean,,2016,0
Central America,,1995,0
Central America,,1996,0
Central America,,1997,54220220
Central America,,1998,17981630
Central America,,1999,17469480
Central America,,2000,33651770
Central America,,2001,19423970
Central America,,2002,19689190
Central America,,2003,10366260
Central America,,2004,3100000
Central America,,2005,14300000
Central America,,2006,21900000
Central America,,2007,21300000
Central America,,2008,12320000
Central America,,2009,13460000
Central America,,2010,15670000
Central America,,2011,11030000
Central America,,2012,720000
Central America,,2013,0
Central America,,2014,0
Central America,,2015,0
Central America,,2016,0
Central America,,2017,22600000
Central America,,2018,17600000
Central America,,2019,0
Central and Southern Asia,,1995,2070500
Central and Southern Asia,,1996,3800000
Central and Southern Asia,,1997,6350180
Central and Southern Asia,,1998,5400000
Central and Southern Asia,,1999,5100000
Central and Southern Asia,,2000,1500000
Central and Southern Asia,,2001,1440000
Central and Southern Asia,,2002,961000
Central and Southern Asia,,2003,9520000
Central and Southern Asia,,2004,18789000
Central and Southern Asia,,2005,30610000
Central and Southern Asia,,2006,10770000
Central and Southern Asia,,2007,32299999.999999996
Central and Southern Asia,,2008,64010000.00000001
Central and Southern Asia,,2009,101990000
Central and Southern Asia,,2010,8400000
Central and Southern Asia,,2011,23930000
Central and Southern Asia,,2012,17670000
Central and Southern Asia,,2013,12050000
Central and Southern Asia,,2014,0
Central and Southern Asia,,2015,0
Central and Southern Asia,,2016,0
Central and Southern Asia,,2017,0
Colombia,COL,1995,14786200
Colombia,COL,1996,18956690
Colombia,COL,1997,22800180
Colombia,COL,1998,20115000
Colombia,COL,1999,0
Colombia,COL,2000,0
Colombia,COL,2001,0
Colombia,COL,2002,0
Colombia,COL,2003,0
Colombia,COL,2004,0
Colombia,COL,2005,0
Colombia,COL,2006,0
Colombia,COL,2007,0
Colombia,COL,2008,0
Colombia,COL,2009,0
Colombia,COL,2010,0
Colombia,COL,2011,0
Colombia,COL,2012,0
Colombia,COL,2013,0
Colombia,COL,2014,0
Colombia,COL,2015,0
Colombia,COL,2016,0
Colombia,COL,2017,0
Colombia,COL,2018,0
Cyprus,CYP,1995,3421600
Cyprus,CYP,1996,3040890
Cyprus,CYP,1997,1877810
Cyprus,CYP,1998,3458690
Cyprus,CYP,1999,3204360
Cyprus,CYP,2000,2590420
Cyprus,CYP,2001,3689900
Cyprus,CYP,2002,4181710
Cyprus,CYP,2003,2690920
Cyprus,CYP,2004,962650
Czechia,CZE,1995,40089420
Czechia,CZE,1996,39244920
Czechia,CZE,1997,40191280
Czechia,CZE,1998,41773580
Czechia,CZE,1999,34556430
Czechia,CZE,2000,24340120
Czechia,CZE,2001,32094640
Czechia,CZE,2002,74416930
Czechia,CZE,2003,99126520
Czechia,CZE,2004,51230070
"Developed regions (Europe, Cyprus, Israel, Northern America, Japan, Australia & New Zealand)",,1995,4479404370
"Developed regions (Europe, Cyprus, Israel, Northern America, Japan, Australia & New Zealand)",,1996,5126907190
"Developed regions (Europe, Cyprus, Israel, Northern America, Japan, Australia & New Zealand)",,1997,4463529200
"Developed regions (Europe, Cyprus, Israel, Northern America, Japan, Australia & New Zealand)",,1998,5373513680
"Developed regions (Europe, Cyprus, Israel, Northern America, Japan, Australia & New Zealand)",,1999,6617671820
"Developed regions (Europe, Cyprus, Israel, Northern America, Japan, Australia & New Zealand)",,2000,2887614820
"Developed regions (Europe, Cyprus, Israel, Northern America, Japan, Australia & New Zealand)",,2001,2601513870
"Developed regions (Europe, Cyprus, Israel, Northern America, Japan, Australia & New Zealand)",,2002,3276312130
"Developed regions (Europe, Cyprus, Israel, Northern America, Japan, Australia & New Zealand)",,2003,3782681490
"Developed regions (Europe, Cyprus, Israel, Northern America, Japan, Australia & New Zealand)",,2004,3645234020
"Developed regions (Europe, Cyprus, Israel, Northern America, Japan, Australia & New Zealand)",,2005,2640889980
"Developed regions (Europe, Cyprus, Israel, Northern America, Japan, Australia & New Zealand)",,2006,2088635640
"Developed regions (Europe, Cyprus, Israel, Northern America, Japan, Australia & New Zealand)",,2007,1373276900
"Developed regions (Europe, Cyprus, Israel, Northern America, Japan, Australia & New Zealand)",,2008,896462360
"Developed regions (Europe, Cyprus, Israel, Northern America, Japan, Australia & New Zealand)",,2009,755994100
"Developed regions (Europe, Cyprus, Israel, Northern America, Japan, Australia & New Zealand)",,2010,436424280
"Developed regions (Europe, Cyprus, Israel, Northern America, Japan, Australia & New Zealand)",,2011,404568720
"Developed regions (Europe, Cyprus, Israel, Northern America, Japan, Australia & New Zealand)",,2012,285515160
"Developed regions (Europe, Cyprus, Israel, Northern America, Japan, Australia & New Zealand)",,2013,203341770
"Developed regions (Europe, Cyprus, Israel, Northern America, Japan, Australia & New Zealand)",,2014,182448700
"Developed regions (Europe, Cyprus, Israel, Northern America, Japan, Australia & New Zealand)",,2015,180360300
"Developed regions (Europe, Cyprus, Israel, Northern America, Japan, Australia & New Zealand)",,2016,158485710
"Developed regions (Europe, Cyprus, Israel, Northern America, Japan, Australia & New Zealand)",,2017,120784220
"Developed regions (Europe, Cyprus, Israel, Northern America, Japan, Australia & New Zealand)",,2018,120083150
"Developed regions (Europe, Cyprus, Israel, Northern America, Japan, Australia & New Zealand)",,2019,23581760
Developing regions,,1995,107254430
Developing regions,,1996,112710350
Developing regions,,1997,156485440
Developing regions,,1998,90609640
Developing regions,,1999,74110310
Developing regions,,2000,88855360
Developing regions,,2001,63121110
Developing regions,,2002,58812410
Developing regions,,2003,63145100
Developing regions,,2004,62284190
Developing regions,,2005,93663560
Developing regions,,2006,82358960
Developing regions,,2007,111452600
Developing regions,,2008,130102489.99999999
Developing regions,,2009,168717110
Developing regions,,2010,76617680
Developing regions,,2011,103182750
Developing regions,,2012,81556210
Developing regions,,2013,65609100
Developing regions,,2014,48246480
Developing regions,,2015,37378160
Developing regions,,2016,51150390
Developing regions,,2017,77013700
Developing regions,,2018,65418009.99999999
Developing regions,,2019,34840960
Eastern Africa,,2007,99630
Eastern Africa,,2013,325730
Eastern Africa,,2014,489850
Eastern Africa,,2015,1141010
Eastern Africa,,2016,703390
Eastern Africa,,2017,145010
Eastern Africa,,2018,147360
Eastern Africa,,2019,56390
Eastern Asia,,1995,1426210
Eastern Asia,,1996,2983390
Eastern Asia,,1997,3258740
Eastern Asia,,1998,2568790
Eastern Asia,,1999,12617590
Eastern Asia,,2000,16888340
Eastern Asia,,2001,20139510
Eastern Asia,,2002,21261490
Eastern Asia,,2003,20644270
Eastern Asia,,2004,22351850
Eastern Asia,,2005,28219440
Eastern Asia,,2006,30477890
Eastern Asia,,2007,31207720
Eastern Asia,,2008,29672060
Eastern Asia,,2009,31121520
Eastern Asia,,2010,34072600
Eastern Asia,,2011,32004199.999999996
Eastern Asia,,2012,32810440
Eastern Asia,,2013,28359970
Eastern Asia,,2014,30001140
Eastern Asia,,2015,29102870
Eastern Asia,,2016,31643440
Eastern Asia,,2017,35031230
Eastern Asia,,2018,22469430
Eastern Asia,,2019,29154350
Eastern Asia (excluding Japan),,1995,1426210
Eastern Asia (excluding Japan),,1996,2983390
Eastern Asia (excluding Japan),,1997,3258740
Eastern Asia (excluding Japan),,1998,2568790
Eastern Asia (excluding Japan),,1999,12617590
Eastern Asia (excluding Japan),,2000,16888340
Eastern Asia (excluding Japan),,2001,20139510
Eastern Asia (excluding Japan),,2002,21261490
Eastern Asia (excluding Japan),,2003,20644270
Eastern Asia (excluding Japan),,2004,22351850
Eastern Asia (excluding Japan),,2005,28219440
Eastern Asia (excluding Japan),,2006,30477890
Eastern Asia (excluding Japan),,2007,31207720
Eastern Asia (excluding Japan),,2008,29672060
Eastern Asia (excluding Japan),,2009,31121520
Eastern Asia (excluding Japan),,2010,34072600
Eastern Asia (excluding Japan),,2011,32004199.999999996
Eastern Asia (excluding Japan),,2012,32810440
Eastern Asia (excluding Japan),,2013,28359970
Eastern Asia (excluding Japan),,2014,30001140
Eastern Asia (excluding Japan),,2015,29102870
Eastern Asia (excluding Japan),,2016,31643440
Eastern Asia (excluding Japan),,2017,35031230
Eastern Asia (excluding Japan),,2018,22469430
Eastern Asia (excluding Japan),,2019,29154350
Eastern Europe,,1995,107040550
Eastern Europe,,1996,93244030
Eastern Europe,,1997,84458360
Eastern Europe,,1998,94350790
Eastern Europe,,1999,131083430
Eastern Europe,,2000,90780530
Eastern Europe,,2001,71946340
Eastern Europe,,2002,117337480
Eastern Europe,,2003,171193170
Eastern Europe,,2004,99946240
Eastern Europe,,2005,3478500
Eastern Europe,,2006,3678500
Eastern and South-Eastern Asia,,1995,16626210
Eastern and South-Eastern Asia,,1996,9183390
Eastern and South-Eastern Asia,,1997,7758740
Eastern and South-Eastern Asia,,1998,2568790
Eastern and South-Eastern Asia,,1999,12617590
Eastern and South-Eastern Asia,,2000,16888340
Eastern and South-Eastern Asia,,2001,20139510
Eastern and South-Eastern Asia,,2002,21261490
Eastern and South-Eastern Asia,,2003,20644270
Eastern and South-Eastern Asia,,2004,22351850
Eastern and South-Eastern Asia,,2005,28219440
Eastern and South-Eastern Asia,,2006,30477890
Eastern and South-Eastern Asia,,2007,31207720
Eastern and South-Eastern Asia,,2008,29672060
Eastern and South-Eastern Asia,,2009,31121520
Eastern and South-Eastern Asia,,2010,34072600
Eastern and South-Eastern Asia,,2011,32004199.999999996
Eastern and South-Eastern Asia,,2012,32810440
Eastern and South-Eastern Asia,,2013,28359970
Eastern and South-Eastern Asia,,2014,30001140
Eastern and South-Eastern Asia,,2015,29102870
Eastern and South-Eastern Asia,,2016,31643440
Eastern and South-Eastern Asia,,2017,35031230
Eastern and South-Eastern Asia,,2018,22469430
Eastern and South-Eastern Asia,,2019,29154350
Europe,,1995,4412895510
Europe,,1996,4985463180
Europe,,1997,4343520600
Europe,,1998,5221106560
Europe,,1999,6530484140
Europe,,2000,2869712890
Europe,,2001,2538325700
Europe,,2002,3234669440
Europe,,2003,3711900020
Europe,,2004,3571518400
Europe,,2005,2556771500
Europe,,2006,2000212130
Europe,,2007,1289621680
Europe,,2008,793012400
Europe,,2009,673315590
Europe,,2010,349186170
Europe,,2011,313375690
Europe,,2012,184208020
Europe,,2013,120565660
Europe,,2014,107224770
Europe,,2015,115799470
Europe,,2016,115896670
Europe,,2017,111697880
Europe,,2018,112145930
Europe,,2019,14738640
Europe and Northern America,,1995,4475953450
Europe and Northern America,,1996,5111190310
Europe and Northern America,,1997,4455747790
Europe and Northern America,,1998,5367814500
Europe and Northern America,,1999,6610647690
Europe and Northern America,,2000,2885024400
Europe and Northern America,,2001,2592940970
Europe and Northern America,,2002,3266195430
Europe and Northern America,,2003,3776197570
Europe and Northern America,,2004,3643673370
Europe and Northern America,,2005,2640188780
Europe and Northern America,,2006,2088466039.9999998
Europe and Northern America,,2007,1373276900
Europe and Northern America,,2008,896273260
Europe and Northern America,,2009,754629340
Europe and Northern America,,2010,434807590
Europe and Northern America,,2011,402591720
Europe and Northern America,,2012,284717610
Europe and Northern America,,2013,202282770
Europe and Northern America,,2014,180633450
Europe and Northern America,,2015,179227150
Europe and Northern America,,2016,157904970
Europe and Northern America,,2017,119380460
Europe and Northern America,,2018,119841140
Europe and Northern America,,2019,23581760
European Union,,1995,3775857180
European Union,,1996,4445262790
European Union,,1997,3861497960
European Union,,1998,4757502470
European Union,,1999,5980755240
European Union,,2000,2545787620
European Union,,2001,2302529730
European Union,,2002,2948750730
European Union,,2003,3342534760
European Union,,2004,3269200920
European Union,,2005,2388325130
European Union,,2006,1834054840
European Union,,2007,1163230740
European Union,,2008,660343780
European Union,,2009,522891539.99999994
European Union,,2010,230184970
European Union,,2011,186972990
European Union,,2012,75871110
European Union,,2013,47810
European Union,,2014,0
European Union,,2015,0
European Union,,2016,0
European Union,,2017,0
European Union,,2018,0
European Union,,2019,0
Hungary,HUN,1995,58537930
Hungary,HUN,1996,30080450
Hungary,HUN,1997,22947370
Hungary,HUN,1998,23950370
Hungary,HUN,1999,22066590
Hungary,HUN,2000,13845810
Hungary,HUN,2001,11661840
Hungary,HUN,2002,12711010
Hungary,HUN,2003,19183560
Hungary,HUN,2004,14436790
Iceland,ISL,1995,55650
Iceland,ISL,1996,7520
Iceland,ISL,1997,1410
Iceland,ISL,1998,0
Iceland,ISL,1999,0
Iceland,ISL,2000,0
Iceland,ISL,2001,0
Iceland,ISL,2002,0
Iceland,ISL,2003,0
Iceland,ISL,2004,0
Iceland,ISL,2005,0
Iceland,ISL,2006,0
Iceland,ISL,2007,0
Iceland,ISL,2008,0
Iceland,ISL,2009,0
Iceland,ISL,2010,0
Iceland,ISL,2011,0
Iceland,ISL,2012,0
Iceland,ISL,2013,0
Iceland,ISL,2014,0
Iceland,ISL,2015,0
India,IND,1995,2070500
India,IND,1996,2100000
India,IND,1997,3900000
India,IND,1998,2500000
India,IND,1999,2400000
India,IND,2000,1100000
India,IND,2001,1440000
India,IND,2002,961000
India,IND,2003,9320000
India,IND,2004,12989000
India,IND,2005,12410000
India,IND,2006,10770000
India,IND,2007,28600000
India,IND,2008,64010000.00000001
India,IND,2009,101990000
India,IND,2010,8400000
India,IND,2011,23930000
India,IND,2012,17670000
India,IND,2013,12050000
Indonesia,IDN,1995,0
Indonesia,IDN,1996,0
Indonesia,IDN,1997,0
Indonesia,IDN,1998,0
Indonesia,IDN,1999,0
Indonesia,IDN,2000,0
Indonesia,IDN,2001,0
Indonesia,IDN,2002,0
Indonesia,IDN,2003,0
Indonesia,IDN,2004,0
Indonesia,IDN,2005,0
Indonesia,IDN,2006,0
Indonesia,IDN,2007,0
Indonesia,IDN,2008,0
Indonesia,IDN,2009,0
Indonesia,IDN,2010,0
Indonesia,IDN,2011,0
Indonesia,IDN,2012,0
Indonesia,IDN,2013,0
Indonesia,IDN,2014,0
Indonesia,IDN,2015,0
Indonesia,IDN,2016,0
Indonesia,IDN,2017,0
Indonesia,IDN,2018,0
Israel,ISR,1995,18820
Israel,ISR,1996,12676000
Israel,ISR,1997,5903600
Israel,ISR,1998,980000
Israel,ISR,1999,1409000
Israel,ISR,2000,0
Israel,ISR,2001,4883000
Israel,ISR,2002,5935000
Israel,ISR,2003,3793000
Israel,ISR,2004,598000
Israel,ISR,2005,701200
Israel,ISR,2006,169600
Israel,ISR,2007,0
Israel,ISR,2008,189100
Israel,ISR,2009,1364760
Israel,ISR,2010,1616690
Israel,ISR,2011,1977000
Israel,ISR,2012,797550
Israel,ISR,2013,1059000
Israel,ISR,2014,1815250
Israel,ISR,2015,1133150
Israel,ISR,2016,580740
Israel,ISR,2017,1403760
Israel,ISR,2018,242010
Israel,ISR,2019,0
Latin America and the Caribbean,,1995,18022020
Latin America and the Caribbean,,1996,39021220
Latin America and the Caribbean,,1997,79385500
Latin America and the Caribbean,,1998,43597900
Latin America and the Caribbean,,1999,17469480
Latin America and the Caribbean,,2000,33651770
Latin America and the Caribbean,,2001,19423970
Latin America and the Caribbean,,2002,19691740
Latin America and the Caribbean,,2003,10371620
Latin America and the Caribbean,,2004,3105010
Latin America and the Caribbean,,2005,14302140
Latin America and the Caribbean,,2006,21901260
Latin America and the Caribbean,,2007,21300000
Latin America and the Caribbean,,2008,12320000
Latin America and the Caribbean,,2009,13460000
Latin America and the Caribbean,,2010,15670000
Latin America and the Caribbean,,2011,11030000
Latin America and the Caribbean,,2012,720000
Latin America and the Caribbean,,2013,0
Latin America and the Caribbean,,2014,0
Latin America and the Caribbean,,2015,0
Latin America and the Caribbean,,2016,0
Latin America and the Caribbean,,2017,22600000
Latin America and the Caribbean,,2018,17600000
Latin America and the Caribbean,,2019,0
Mauritius,MUS,2007,99630
Mauritius,MUS,2013,325730
Mauritius,MUS,2014,489850
Mauritius,MUS,2015,1141010
Mauritius,MUS,2016,703390
Mauritius,MUS,2017,145010
Mauritius,MUS,2018,147360
Mauritius,MUS,2019,56390
Mexico,MEX,1995,0
Mexico,MEX,1996,0
Mexico,MEX,1997,46600000
Mexico,MEX,1998,7000000
Mexico,MEX,1999,4400000
Mexico,MEX,2000,17900000
Mexico,MEX,2001,5900000
Mexico,MEX,2002,9500000
Mexico,MEX,2003,800000
Mexico,MEX,2004,3100000
Mexico,MEX,2005,14300000
Mexico,MEX,2006,21900000
Mexico,MEX,2007,21300000
Mexico,MEX,2008,12320000
Mexico,MEX,2009,13460000
Mexico,MEX,2010,15670000
Mexico,MEX,2011,11030000
Mexico,MEX,2012,720000
Mexico,MEX,2013,0
Mexico,MEX,2014,0
Mexico,MEX,2015,0
Mexico,MEX,2016,0
Mexico,MEX,2017,22600000
Mexico,MEX,2018,17600000
Mexico,MEX,2019,0
Morocco,MAR,1995,585460
Morocco,MAR,1996,0
Morocco,MAR,1997,750600
Morocco,MAR,1998,527570
Morocco,MAR,1999,404310
Morocco,MAR,2000,202810
Morocco,MAR,2001,123240
Morocco,MAR,2002,3989.9999999999995
Morocco,MAR,2003,3965060
Morocco,MAR,2004,3586710
Morocco,MAR,2005,4017930
Morocco,MAR,2006,5866810
Morocco,MAR,2007,7363840
Morocco,MAR,2008,9107460
Morocco,MAR,2009,6323130
Morocco,MAR,2010,4356490
Morocco,MAR,2011,14210080
Morocco,MAR,2012,9873790
Morocco,MAR,2013,3944220
Morocco,MAR,2014,14635880
Morocco,MAR,2015,7134280
Morocco,MAR,2016,15633710
Morocco,MAR,2017,14960980
Morocco,MAR,2018,19412590
New Zealand,NZL,1995,10500
New Zealand,NZL,1996,0
New Zealand,NZL,1997,0
New Zealand,NZL,1998,0
New Zealand,NZL,1999,0
New Zealand,NZL,2000,0
Northern Africa,,1995,586200
Northern Africa,,1996,1849170
Northern Africa,,1997,6141280
Northern Africa,,1998,6576970
Northern Africa,,1999,6036460
Northern Africa,,2000,6313120
Northern Africa,,2001,3813350
Northern Africa,,2002,3278310
Northern Africa,,2003,9635080
Northern Africa,,2004,7277890
Northern Africa,,2005,10126310
Northern Africa,,2006,8498580
Northern Africa,,2007,15648350
Northern Africa,,2008,13285530
Northern Africa,,2009,9955020
Northern Africa,,2010,7653230
Northern Africa,,2011,16463740.000000002
Northern Africa,,2012,12720680
Northern Africa,,2013,7649350
Northern Africa,,2014,17755490
Northern Africa,,2015,7134280
Northern Africa,,2016,18803550
Northern Africa,,2017,19237460
Northern Africa,,2018,25201220
Northern Africa,,2019,5630220
Northern Africa (exc. Sudan),,1995,586200
Northern Africa (exc. Sudan),,1996,1849170
Northern Africa (exc. Sudan),,1997,6141280
Northern Africa (exc. Sudan),,1998,6576970
Northern Africa (exc. Sudan),,1999,6036460
Northern Africa (exc. Sudan),,2000,6313120
Northern Africa (exc. Sudan),,2001,3813350
Northern Africa (exc. Sudan),,2002,3278310
Northern Africa (exc. Sudan),,2003,9635080
Northern Africa (exc. Sudan),,2004,7277890
Northern Africa (exc. Sudan),,2005,10126310
Northern Africa (exc. Sudan),,2006,8498580
Northern Africa (exc. Sudan),,2007,15648350
Northern Africa (exc. Sudan),,2008,13285530
Northern Africa (exc. Sudan),,2009,9955020
Northern Africa (exc. Sudan),,2010,7653230
Northern Africa (exc. Sudan),,2011,16463740.000000002
Northern Africa (exc. Sudan),,2012,12720680
Northern Africa (exc. Sudan),,2013,7649350
Northern Africa (exc. Sudan),,2014,17755490
Northern Africa (exc. Sudan),,2015,7134280
Northern Africa (exc. Sudan),,2016,18803550
Northern Africa (exc. Sudan),,2017,19237460
Northern Africa (exc. Sudan),,2018,25201220
Northern Africa (exc. Sudan),,2019,5630220
Northern Africa and Western Asia,,1995,33898900
Northern Africa and Western Asia,,1996,34775150
Northern Africa and Western Asia,,1997,52619970
Northern Africa and Western Asia,,1998,40095830
Northern Africa and Western Asia,,1999,38646200
Northern Africa and Western Asia,,2000,36235930
Northern Africa and Western Asia,,2001,30690520
Northern Africa and Western Asia,,2002,27014890
Northern Africa and Western Asia,,2003,29093140
Northern Africa and Western Asia,,2004,19598990
Northern Africa and Western Asia,,2005,21233180
Northern Africa and Western Asia,,2006,19379410
Northern Africa and Western Asia,,2007,26545250
Northern Africa and Western Asia,,2008,24289520
Northern Africa and Western Asia,,2009,23510350
Northern Africa and Western Asia,,2010,20091780
Northern Africa and Western Asia,,2011,38195550
Northern Africa and Western Asia,,2012,31153330
Northern Africa and Western Asia,,2013,25932390
Northern Africa and Western Asia,,2014,19570740
Northern Africa and Western Asia,,2015,8267429.999999999
Northern Africa and Western Asia,,2016,19384290
Northern Africa and Western Asia,,2017,20641220
Northern Africa and Western Asia,,2018,25443230
Northern Africa and Western Asia,,2019,5630220
Northern America,,1995,63057940
Northern America,,1996,125727130
Northern America,,1997,112227190
Northern America,,1998,146707930
Northern America,,1999,80163550
Northern America,,2000,15311510
Northern America,,2001,54615270
Northern America,,2002,31525990
Northern America,,2003,64297540
Northern America,,2004,72154970
Northern America,,2005,83417280
Northern America,,2006,88253910
Northern America,,2007,83655220
Northern America,,2008,103260860
Northern America,,2009,81313740
Northern America,,2010,85621420
Northern America,,2011,89216030
Northern America,,2012,100509580
Northern America,,2013,81717110
Northern America,,2014,73408680
Northern America,,2015,63427680
Northern America,,2016,42008300
Northern America,,2017,7682590
Northern America,,2018,7695220
Northern America,,2019,8843130
Northern Europe,,1995,83305370
Northern Europe,,1996,78350930
Northern Europe,,1997,102314290
Northern Europe,,1998,77215700
Northern Europe,,1999,128462359.99999999
Northern Europe,,2000,44672470
Northern Europe,,2001,32207639.999999996
Northern Europe,,2002,32741390.000000004
Northern Europe,,2003,45125740
Northern Europe,,2004,54859690
Northern Europe,,2005,51377570
Northern Europe,,2006,53326400
Northern Europe,,2007,40858690
Northern Europe,,2008,36471630
Northern Europe,,2009,39565330
Northern Europe,,2010,45399150
Northern Europe,,2011,40377490
Northern Europe,,2012,39776540
Northern Europe,,2013,44919150
Northern Europe,,2014,30720410
Northern Europe,,2015,16356649.999999998
Northern Europe,,2016,19821430
Northern Europe,,2017,15631040
Northern Europe,,2018,15406370
Northern Europe,,2019,14738640
Norway,NOR,1995,83249720
Norway,NOR,1996,78343410
Norway,NOR,1997,102312880
Norway,NOR,1998,77215700
Norway,NOR,1999,128462359.99999999
Norway,NOR,2000,44672470
Norway,NOR,2001,32207639.999999996
Norway,NOR,2002,32741390.000000004
Norway,NOR,2003,45125740
Norway,NOR,2004,54859690
Norway,NOR,2005,51377570
Norway,NOR,2006,53326400
Norway,NOR,2007,40858690
Norway,NOR,2008,36471630
Norway,NOR,2009,39565330
Norway,NOR,2010,45399150
Norway,NOR,2011,40377490
Norway,NOR,2012,39776540
Norway,NOR,2013,44919150
Norway,NOR,2014,30720410
Norway,NOR,2015,16356649.999999998
Norway,NOR,2016,19821430
Norway,NOR,2017,15631040
Norway,NOR,2018,15406370
Norway,NOR,2019,14738640
Oceania,,1995,10500
Oceania,,1996,0
Oceania,,1997,0
Oceania,,1998,1260490
Oceania,,1999,2410770
Oceania,,2000,0
Oceania,,2001,0
Oceania,,2002,0
Oceania,,2003,0
Oceania,,2004,0
Oceania,,2005,0
Oceania,,2006,0
Oceania,,2007,0
Oceania,,2008,0
Oceania,,2009,0
Oceania,,2010,0
Oceania,,2011,0
Oceania,,2012,0
Oceania,,2013,0
Oceania,,2014,0
Oceania,,2015,0
Pakistan,PAK,1996,1700000
Pakistan,PAK,1997,2300000
Pakistan,PAK,1998,2900000
Pakistan,PAK,1999,2700000
Pakistan,PAK,2000,400000
Pakistan,PAK,2001,0
Pakistan,PAK,2002,0
Pakistan,PAK,2003,200000
Pakistan,PAK,2004,5800000
Pakistan,PAK,2005,18200000
Pakistan,PAK,2006,0
Pakistan,PAK,2007,3700000
Pakistan,PAK,2008,0
Pakistan,PAK,2009,0
Pakistan,PAK,2010,0
Pakistan,PAK,2011,0
Pakistan,PAK,2012,0
Pakistan,PAK,2013,0
Panama,PAN,1995,0
Panama,PAN,1996,0
Panama,PAN,1997,7620220
Panama,PAN,1998,10981630
Panama,PAN,1999,13069480
Panama,PAN,2000,15751770
Panama,PAN,2001,13523970
Panama,PAN,2002,10189190
Panama,PAN,2003,9566260
Poland,POL,1995,87000
Poland,POL,1996,15766320
Poland,POL,1997,8784080
Poland,POL,1998,13827780
Poland,POL,1999,55528980
Poland,POL,2000,36418000
Poland,POL,2001,21586590
Poland,POL,2002,18128370
Poland,POL,2003,37314570
Poland,POL,2004,28913770
Romania,ROU,1995,0
Romania,ROU,1996,0
Romania,ROU,1997,0
Romania,ROU,1998,2523780
Romania,ROU,1999,7063290
Romania,ROU,2000,4563740
Romania,ROU,2001,0
Romania,ROU,2002,0
Romania,ROU,2003,0
Romania,ROU,2004,18380
Romania,ROU,2005,20590
Romania,ROU,2006,53400
Slovakia,SVK,1995,8326210
Slovakia,SVK,1996,8152350
Slovakia,SVK,1997,12535640
Slovakia,SVK,1998,12275280
Slovakia,SVK,1999,11868140
Slovakia,SVK,2000,11612860
Slovakia,SVK,2001,6603270
Slovakia,SVK,2002,12081170
Slovakia,SVK,2003,15568520
Slovakia,SVK,2004,3853440
Small Island Developing States (SIDS),,1995,0
Small Island Developing States (SIDS),,1996,0
Small Island Developing States (SIDS),,1997,0
Small Island Developing States (SIDS),,1998,0
Small Island Developing States (SIDS),,1999,0
Small Island Developing States (SIDS),,2000,0
Small Island Developing States (SIDS),,2001,0
Small Island Developing States (SIDS),,2002,2550
Small Island Developing States (SIDS),,2003,5360
Small Island Developing States (SIDS),,2004,5010
Small Island Developing States (SIDS),,2005,2140
Small Island Developing States (SIDS),,2006,1260
Small Island Developing States (SIDS),,2007,99630
Small Island Developing States (SIDS),,2013,325730
Small Island Developing States (SIDS),,2014,489850
Small Island Developing States (SIDS),,2015,1141010
Small Island Developing States (SIDS),,2016,703390
Small Island Developing States (SIDS),,2017,145010
Small Island Developing States (SIDS),,2018,147360
Small Island Developing States (SIDS),,2019,56390
South Africa,ZAF,1995,40077220
South Africa,ZAF,1996,41647480
South Africa,ZAF,1997,18152450
South Africa,ZAF,1998,3385810
South Africa,ZAF,1999,4890400
South Africa,ZAF,2000,3169730
South Africa,ZAF,2001,0
South Africa,ZAF,2002,0
South Africa,ZAF,2003,0
South Africa,ZAF,2004,0
South Africa,ZAF,2005,0
South Africa,ZAF,2006,0
South Africa,ZAF,2007,0
South Africa,ZAF,2008,0
South Africa,ZAF,2009,0
South Africa,ZAF,2010,0
South Africa,ZAF,2011,0
South Africa,ZAF,2012,0
South Africa,ZAF,2013,0
South Africa,ZAF,2014,0
South Africa,ZAF,2015,0
South Africa,ZAF,2016,0
South America,,1995,18022020
South America,,1996,39021220
South America,,1997,25165280
South America,,1998,25616270
South America,,1999,0
South America,,2000,0
South America,,2001,0
South America,,2002,0
South America,,2003,0
South America,,2004,0
South America,,2005,0
South America,,2006,0
South America,,2007,0
South America,,2008,0
South America,,2009,0
South America,,2010,0
South America,,2011,0
South America,,2012,0
South America,,2013,0
South America,,2014,0
South America,,2015,0
South America,,2016,0
South America,,2017,0
South America,,2018,0
South America,,2019,0
South Korea,KOR,1995,1426210
South Korea,KOR,1996,2983390
South Korea,KOR,1997,3258740
South Korea,KOR,1998,2568790
South Korea,KOR,1999,12617590
South Korea,KOR,2000,16888340
South Korea,KOR,2001,20139510
South Korea,KOR,2002,21261490
South Korea,KOR,2003,20644270
South Korea,KOR,2004,22351850
South Korea,KOR,2005,28219440
South Korea,KOR,2006,30477890
South Korea,KOR,2007,31207720
South Korea,KOR,2008,29672060
South Korea,KOR,2009,31121520
South Korea,KOR,2010,34072600
South Korea,KOR,2011,32004199.999999996
South Korea,KOR,2012,32810440
South Korea,KOR,2013,28359970
South Korea,KOR,2014,30001140
South Korea,KOR,2015,29102870
South Korea,KOR,2016,31643440
South Korea,KOR,2017,35031230
South Korea,KOR,2018,22469430
South Korea,KOR,2019,29154350
South-eastern Asia,,1995,15200000
South-eastern Asia,,1996,6200000
South-eastern Asia,,1997,4500000
South-eastern Asia,,1998,0
South-eastern Asia,,1999,0
South-eastern Asia,,2000,0
South-eastern Asia,,2001,0
South-eastern Asia,,2002,0
South-eastern Asia,,2003,0
South-eastern Asia,,2004,0
South-eastern Asia,,2005,0
South-eastern Asia,,2006,0
South-eastern Asia,,2007,0
South-eastern Asia,,2008,0
South-eastern Asia,,2009,0
South-eastern Asia,,2010,0
South-eastern Asia,,2011,0
South-eastern Asia,,2012,0
South-eastern Asia,,2013,0
South-eastern Asia,,2014,0
South-eastern Asia,,2015,0
South-eastern Asia,,2016,0
South-eastern Asia,,2017,0
South-eastern Asia,,2018,0
South-eastern Asia,,2019,0
Southern Africa,,1995,40077220
Southern Africa,,1996,41647480
Southern Africa,,1997,18152450
Southern Africa,,1998,3385810
Southern Africa,,1999,4890400
Southern Africa,,2000,3169730
Southern Africa,,2001,0
Southern Africa,,2002,0
Southern Africa,,2003,0
Southern Africa,,2004,0
Southern Africa,,2005,0
Southern Africa,,2006,0
Southern Africa,,2007,0
Southern Africa,,2008,0
Southern Africa,,2009,0
Southern Africa,,2010,0
Southern Africa,,2011,0
Southern Africa,,2012,0
Southern Africa,,2013,0
Southern Africa,,2014,0
Southern Africa,,2015,0
Southern Africa,,2016,0
Southern Asia,,1995,2070500
Southern Asia,,1996,3800000
Southern Asia,,1997,6350180
Southern Asia,,1998,5400000
Southern Asia,,1999,5100000
Southern Asia,,2000,1500000
Southern Asia,,2001,1440000
Southern Asia,,2002,961000
Southern Asia,,2003,9520000
Southern Asia,,2004,18789000
Southern Asia,,2005,30610000
Southern Asia,,2006,10770000
Southern Asia,,2007,32299999.999999996
Southern Asia,,2008,64010000.00000001
Southern Asia,,2009,101990000
Southern Asia,,2010,8400000
Southern Asia,,2011,23930000
Southern Asia,,2012,17670000
Southern Asia,,2013,12050000
Southern Asia,,2014,0
Southern Asia,,2015,0
Southern Asia,,2016,0
Southern Asia,,2017,0
Sri Lanka,LKA,1995,0
Sri Lanka,LKA,1996,0
Sri Lanka,LKA,1997,150180
Sri Lanka,LKA,1998,0
Sri Lanka,LKA,1999,0
Sri Lanka,LKA,2000,0
Sri Lanka,LKA,2001,0
Sri Lanka,LKA,2002,0
Sri Lanka,LKA,2003,0
Sri Lanka,LKA,2004,0
Sri Lanka,LKA,2005,0
Sri Lanka,LKA,2006,0
Sri Lanka,LKA,2007,0
Sri Lanka,LKA,2008,0
Sri Lanka,LKA,2009,0
Sri Lanka,LKA,2010,0
Sri Lanka,LKA,2011,0
Sri Lanka,LKA,2012,0
Sri Lanka,LKA,2013,0
Sri Lanka,LKA,2014,0
Sri Lanka,LKA,2015,0
Sri Lanka,LKA,2016,0
Sri Lanka,LKA,2017,0
Sub-Saharan Africa,,1995,40077220
Sub-Saharan Africa,,1996,41647480
Sub-Saharan Africa,,1997,18152450
Sub-Saharan Africa,,1998,3385810
Sub-Saharan Africa,,1999,4890400
Sub-Saharan Africa,,2000,3169730
Sub-Saharan Africa,,2001,0
Sub-Saharan Africa,,2002,0
Sub-Saharan Africa,,2003,0
Sub-Saharan Africa,,2004,0
Sub-Saharan Africa,,2005,0
Sub-Saharan Africa,,2006,0
Sub-Saharan Africa,,2007,99630
Sub-Saharan Africa,,2008,0
Sub-Saharan Africa,,2009,0
Sub-Saharan Africa,,2010,0
Sub-Saharan Africa,,2011,0
Sub-Saharan Africa,,2012,0
Sub-Saharan Africa,,2013,325730
Sub-Saharan Africa,,2014,489850
Sub-Saharan Africa,,2015,1141010
Sub-Saharan Africa,,2016,703390
Sub-Saharan Africa,,2017,145010
Sub-Saharan Africa,,2018,147360
Sub-Saharan Africa,,2019,56390
Sub-Saharan Africa (inc. Sudan),,1995,40077220
Sub-Saharan Africa (inc. Sudan),,1996,41647480
Sub-Saharan Africa (inc. Sudan),,1997,18152450
Sub-Saharan Africa (inc. Sudan),,1998,3385810
Sub-Saharan Africa (inc. Sudan),,1999,4890400
Sub-Saharan Africa (inc. Sudan),,2000,3169730
Sub-Saharan Africa (inc. Sudan),,2001,0
Sub-Saharan Africa (inc. Sudan),,2002,0
Sub-Saharan Africa (inc. Sudan),,2003,0
Sub-Saharan Africa (inc. Sudan),,2004,0
Sub-Saharan Africa (inc. Sudan),,2005,0
Sub-Saharan Africa (inc. Sudan),,2006,0
Sub-Saharan Africa (inc. Sudan),,2007,99630
Sub-Saharan Africa (inc. Sudan),,2008,0
Sub-Saharan Africa (inc. Sudan),,2009,0
Sub-Saharan Africa (inc. Sudan),,2010,0
Sub-Saharan Africa (inc. Sudan),,2011,0
Sub-Saharan Africa (inc. Sudan),,2012,0
Sub-Saharan Africa (inc. Sudan),,2013,325730
Sub-Saharan Africa (inc. Sudan),,2014,489850
Sub-Saharan Africa (inc. Sudan),,2015,1141010
Sub-Saharan Africa (inc. Sudan),,2016,703390
Sub-Saharan Africa (inc. Sudan),,2017,145010
Sub-Saharan Africa (inc. Sudan),,2018,147360
Sub-Saharan Africa (inc. Sudan),,2019,56390
Switzerland,CHE,1995,446692410
Switzerland,CHE,1996,368605430
Switzerland,CHE,1997,295249990
Switzerland,CHE,1998,292037600
Switzerland,CHE,1999,290183100
Switzerland,CHE,2000,188472280
Switzerland,CHE,2001,131641990
Switzerland,CHE,2002,135839840
Switzerland,CHE,2003,153046350
Switzerland,CHE,2004,147511550
Switzerland,CHE,2005,113590310
Switzerland,CHE,2006,109152390
Switzerland,CHE,2007,85532260
Switzerland,CHE,2008,96196990
Switzerland,CHE,2009,110858720
Switzerland,CHE,2010,73602060
Switzerland,CHE,2011,86025210
Switzerland,CHE,2012,68560380
Switzerland,CHE,2013,75598710
Switzerland,CHE,2014,76504370
Switzerland,CHE,2015,99442830
Switzerland,CHE,2016,96075240
Switzerland,CHE,2017,96066830
Switzerland,CHE,2018,96739560
Switzerland,CHE,2019,0
Thailand,THA,1995,15200000
Thailand,THA,1996,6200000
Thailand,THA,1997,4500000
Thailand,THA,1998,0
Thailand,THA,1999,0
Thailand,THA,2000,0
Thailand,THA,2001,0
Thailand,THA,2002,0
Thailand,THA,2003,0
Thailand,THA,2004,0
Thailand,THA,2005,0
Thailand,THA,2006,0
Thailand,THA,2007,0
Thailand,THA,2008,0
Thailand,THA,2009,0
Thailand,THA,2010,0
Thailand,THA,2011,0
Thailand,THA,2012,0
Thailand,THA,2013,0
Thailand,THA,2014,0
Thailand,THA,2015,0
Thailand,THA,2016,0
Thailand,THA,2017,0
Thailand,THA,2018,0
Thailand,THA,2019,0
Tunisia,TUN,1995,740
Tunisia,TUN,1996,1849170
Tunisia,TUN,1997,5390680
Tunisia,TUN,1998,6049400
Tunisia,TUN,1999,5632150
Tunisia,TUN,2000,6110310
Tunisia,TUN,2001,3690100
Tunisia,TUN,2002,3274310
Tunisia,TUN,2003,5670020
Tunisia,TUN,2004,3691180
Tunisia,TUN,2005,6108370
Tunisia,TUN,2006,2631770
Tunisia,TUN,2007,8284509.999999999
Tunisia,TUN,2008,4178079.9999999995
Tunisia,TUN,2009,3631890
Tunisia,TUN,2010,3296740
Tunisia,TUN,2011,2253660
Tunisia,TUN,2012,2846900
Tunisia,TUN,2013,3705130
Tunisia,TUN,2014,3119610
Tunisia,TUN,2016,3169840
Tunisia,TUN,2017,4276480
Tunisia,TUN,2018,5788620
Tunisia,TUN,2019,5630220
Turkey,TUR,1995,29872280
Turkey,TUR,1996,17209090
Turkey,TUR,1997,38697290
Turkey,TUR,1998,29080170
Turkey,TUR,1999,27996380
Turkey,TUR,2000,27332390
Turkey,TUR,2001,18304280
Turkey,TUR,2002,13619880
Turkey,TUR,2003,12974140
Turkey,TUR,2004,10760450
Turkey,TUR,2005,10405680
Turkey,TUR,2006,10711230
Turkey,TUR,2007,10896910
Turkey,TUR,2008,10814890
Turkey,TUR,2009,12190570
Turkey,TUR,2010,10821850
Turkey,TUR,2011,19754810
Turkey,TUR,2012,17635100
Turkey,TUR,2013,17224040
United States,USA,1995,25578000
United States,USA,1996,121463000
United States,USA,1997,112227190
United States,USA,1998,146707930
United States,USA,1999,80163550
United States,USA,2000,15311510
United States,USA,2001,54615270
United States,USA,2002,31525990
United States,USA,2003,2684540
United States,USA,2004,0
United States,USA,2005,0
United States,USA,2006,0
United States,USA,2007,0
United States,USA,2008,18893820
United States,USA,2009,2371430
United States,USA,2010,0
United States,USA,2011,0
United States,USA,2012,0
United States,USA,2013,0
United States,USA,2014,0
United States,USA,2015,0
Uruguay,URY,1995,0
Uruguay,URY,1996,0
Uruguay,URY,1997,0
Uruguay,URY,1998,0
Uruguay,URY,1999,0
Uruguay,URY,2000,0
Uruguay,URY,2001,0
Uruguay,URY,2002,0
Uruguay,URY,2003,0
Uruguay,URY,2004,0
Uruguay,URY,2005,0
Uruguay,URY,2006,0
Uruguay,URY,2007,0
Uruguay,URY,2008,0
Uruguay,URY,2009,0
Uruguay,URY,2010,0
Uruguay,URY,2011,0
Uruguay,URY,2012,0
Uruguay,URY,2013,0
Uruguay,URY,2014,0
Uruguay,URY,2015,0
Uruguay,URY,2016,0
Uruguay,URY,2017,0
Uruguay,URY,2018,0
Venezuela,VEN,1995,3235820
Venezuela,VEN,1996,20064530
Venezuela,VEN,1997,2365100
Venezuela,VEN,1998,5501270
Western Asia,,1995,33312700
Western Asia,,1996,32925970
Western Asia,,1997,46478690
Western Asia,,1998,33518859.999999996
Western Asia,,1999,32609740.000000004
Western Asia,,2000,29922810
Western Asia,,2001,26877180
Western Asia,,2002,23736580
Western Asia,,2003,19458060
Western Asia,,2004,12321100
Western Asia,,2005,11106880
Western Asia,,2006,10880830
Western Asia,,2007,10896910
Western Asia,,2008,11003990
Western Asia,,2009,13555330
Western Asia,,2010,12438540
Western Asia,,2011,21731810
Western Asia,,2012,18432650
Western Asia,,2013,18283040
Western Asia,,2014,1815250
Western Asia,,2015,1133150
Western Asia,,2016,580740
Western Asia,,2017,1403760
Western Asia,,2018,242010
Western Asia,,2019,0
"Western Asia (exc. Armenia, Azerbaijan, Cyprus, Israel and Georgia)",,1995,29872280
"Western Asia (exc. Armenia, Azerbaijan, Cyprus, Israel and Georgia)",,1996,17209090
"Western Asia (exc. Armenia, Azerbaijan, Cyprus, Israel and Georgia)",,1997,38697290
"Western Asia (exc. Armenia, Azerbaijan, Cyprus, Israel and Georgia)",,1998,29080170
"Western Asia (exc. Armenia, Azerbaijan, Cyprus, Israel and Georgia)",,1999,27996380
"Western Asia (exc. Armenia, Azerbaijan, Cyprus, Israel and Georgia)",,2000,27332390
"Western Asia (exc. Armenia, Azerbaijan, Cyprus, Israel and Georgia)",,2001,18304280
"Western Asia (exc. Armenia, Azerbaijan, Cyprus, Israel and Georgia)",,2002,13619880
"Western Asia (exc. Armenia, Azerbaijan, Cyprus, Israel and Georgia)",,2003,12974140
"Western Asia (exc. Armenia, Azerbaijan, Cyprus, Israel and Georgia)",,2004,10760450
"Western Asia (exc. Armenia, Azerbaijan, Cyprus, Israel and Georgia)",,2005,10405680
"Western Asia (exc. Armenia, Azerbaijan, Cyprus, Israel and Georgia)",,2006,10711230
"Western Asia (exc. Armenia, Azerbaijan, Cyprus, Israel and Georgia)",,2007,10896910
"Western Asia (exc. Armenia, Azerbaijan, Cyprus, Israel and Georgia)",,2008,10814890
"Western Asia (exc. Armenia, Azerbaijan, Cyprus, Israel and Georgia)",,2009,12190570
"Western Asia (exc. Armenia, Azerbaijan, Cyprus, Israel and Georgia)",,2010,10821850
"Western Asia (exc. Armenia, Azerbaijan, Cyprus, Israel and Georgia)",,2011,19754810
"Western Asia (exc. Armenia, Azerbaijan, Cyprus, Israel and Georgia)",,2012,17635100
"Western Asia (exc. Armenia, Azerbaijan, Cyprus, Israel and Georgia)",,2013,17224040
Western Europe,,1995,4222549589.9999995
Western Europe,,1996,4813868220
Western Europe,,1997,4156747950
Western Europe,,1998,5049540070
Western Europe,,1999,6270938350
Western Europe,,2000,2734259900
Western Europe,,2001,2434171720
Western Europe,,2002,3084590570
Western Europe,,2003,3495581110
Western Europe,,2004,3416712470
Western Europe,,2005,2501915430
Western Europe,,2006,1943207230
Western Europe,,2007,1248763000
Western Europe,,2008,756540770
Western Europe,,2009,633750260
Western Europe,,2010,303787030
Western Europe,,2011,272998190
Western Europe,,2012,144431490
Western Europe,,2013,75646510
Western Europe,,2014,76504370
Western Europe,,2015,99442830
Western Europe,,2016,96075240
Western Europe,,2017,96066830
Western Europe,,2018,96739560
Western Europe,,2019,0
World,OWID_WRL,1995,4586658800
World,OWID_WRL,1996,5239617540
World,OWID_WRL,1997,4620014630
World,OWID_WRL,1998,5464123320
World,OWID_WRL,1999,6691782140
World,OWID_WRL,2000,2976470180
World,OWID_WRL,2001,2664634980
World,OWID_WRL,2002,3335124540
World,OWID_WRL,2003,3845826590
World,OWID_WRL,2004,3707518210
World,OWID_WRL,2005,2734553540
World,OWID_WRL,2006,2170994590
World,OWID_WRL,2007,1484729500
World,OWID_WRL,2008,1026564850
World,OWID_WRL,2009,924711200
World,OWID_WRL,2010,513041960
World,OWID_WRL,2011,507751470
World,OWID_WRL,2012,367071370
World,OWID_WRL,2013,268950870
World,OWID_WRL,2014,230695180
World,OWID_WRL,2015,217738460
World,OWID_WRL,2016,209636100
World,OWID_WRL,2017,197797920
World,OWID_WRL,2018,185501160
World,OWID_WRL,2019,58422720