Entity,Code,Year,Suite of Food Security Indicators: Domestic food price volatility (index) - Value (FAO (2017))
Africa,,2000,5.7
Africa,,2001,5.2
Africa,,2002,4.1
Africa,,2003,3.6
Africa,,2004,6.4
Africa,,2005,6.9
Africa,,2006,6.5
Africa,,2007,6.2
Africa,,2008,8.4
Africa,,2009,10.3
Africa,,2010,4.4
Africa,,2011,5.6
Africa,,2012,5.9
Africa,,2013,6.3
Africa,,2014,9.2
Albania,ALB,2000,10.8
Albania,ALB,2001,8.4
Albania,ALB,2002,12
Albania,ALB,2003,17.3
Albania,ALB,2004,12.6
Albania,ALB,2005,17.8
Albania,ALB,2006,15.7
Albania,ALB,2007,15.2
Albania,ALB,2008,10.8
Albania,ALB,2009,10.4
Albania,ALB,2010,10.2
Albania,ALB,2011,12.6
Albania,ALB,2012,8.5
Albania,ALB,2013,10.4
Albania,ALB,2014,10.3
Algeria,DZA,2000,13.9
Algeria,DZA,2001,10.3
Algeria,DZA,2002,12.4
Algeria,DZA,2003,9.5
Algeria,DZA,2004,10.4
Algeria,DZA,2005,12.3
Algeria,DZA,2006,12.9
Algeria,DZA,2007,11.7
Algeria,DZA,2008,11.5
Algeria,DZA,2009,13.1
Algeria,DZA,2010,8.6
Algeria,DZA,2011,7.7
Algeria,DZA,2012,14.4
Algeria,DZA,2013,9.5
Algeria,DZA,2014,5.5
Angola,AGO,2000,89.8
Angola,AGO,2001,35.3
Angola,AGO,2002,29.9
Angola,AGO,2003,9.9
Angola,AGO,2004,9.7
Angola,AGO,2005,7
Angola,AGO,2006,5.3
Angola,AGO,2007,4.7
Angola,AGO,2008,5.6
Angola,AGO,2009,6.2
Angola,AGO,2010,3.9
Angola,AGO,2011,6.6
Angola,AGO,2012,3.2
Angola,AGO,2013,13.7
Antigua and Barbuda,ATG,2000,10.6
Antigua and Barbuda,ATG,2001,6.7
Antigua and Barbuda,ATG,2002,5.4
Armenia,ARM,2000,8.5
Armenia,ARM,2001,13
Armenia,ARM,2002,12.7
Armenia,ARM,2003,15.9
Armenia,ARM,2004,12.3
Armenia,ARM,2005,11.5
Armenia,ARM,2006,14.1
Armenia,ARM,2007,15.9
Armenia,ARM,2008,15
Armenia,ARM,2009,12.3
Armenia,ARM,2010,10.3
Armenia,ARM,2011,13.6
Armenia,ARM,2012,14.3
Armenia,ARM,2013,10.6
Armenia,ARM,2014,11.9
Aruba,ABW,2000,2.3
Aruba,ABW,2001,3.6
Aruba,ABW,2002,5.8
Aruba,ABW,2003,5.7
Aruba,ABW,2004,5.3
Aruba,ABW,2005,6.9
Aruba,ABW,2006,8
Aruba,ABW,2007,8.5
Aruba,ABW,2008,8.4
Aruba,ABW,2009,15.2
Aruba,ABW,2010,4.9
Aruba,ABW,2011,9.9
Aruba,ABW,2012,5.8
Aruba,ABW,2013,7.2
Asia,,2000,5.3
Asia,,2001,4
Asia,,2002,5.4
Asia,,2003,4.6
Asia,,2004,4.3
Asia,,2005,9.1
Asia,,2006,6.9
Asia,,2007,18
Asia,,2008,5.6
Asia,,2009,7.3
Asia,,2010,3.9
Asia,,2011,3.5
Asia,,2012,4.7
Asia,,2013,7
Asia,,2014,9.3
Austria,AUT,2000,3.6
Austria,AUT,2001,6.8
Austria,AUT,2002,5.5
Austria,AUT,2003,6.4
Austria,AUT,2004,5.6
Austria,AUT,2005,4.6
Austria,AUT,2006,5.5
Austria,AUT,2007,7.5
Austria,AUT,2008,6.5
Austria,AUT,2009,6.5
Austria,AUT,2010,6.8
Austria,AUT,2011,5.1
Austria,AUT,2012,6.5
Austria,AUT,2013,5.1
Austria,AUT,2014,5.9
Bahamas,BHS,2001,5.9
Bahamas,BHS,2002,6.1
Bahamas,BHS,2003,5.6
Bahamas,BHS,2004,3.9
Bahamas,BHS,2005,4.7
Bahamas,BHS,2006,5.9
Bahamas,BHS,2007,5.3
Bahamas,BHS,2008,6.2
Bahamas,BHS,2009,6.8
Bahamas,BHS,2010,2.6
Bahamas,BHS,2011,4.2
Bahamas,BHS,2012,6.2
Bahamas,BHS,2013,5.6
Bahamas,BHS,2014,5.4
Bahrain,BHR,2000,13.8
Bahrain,BHR,2001,9.1
Bahrain,BHR,2002,17
Bahrain,BHR,2003,10.1
Bahrain,BHR,2004,29.2
Bahrain,BHR,2005,8.1
Bahrain,BHR,2006,6.8
Bahrain,BHR,2007,7.8
Bahrain,BHR,2008,17.6
Bahrain,BHR,2009,20.6
Bahrain,BHR,2010,15.1
Bahrain,BHR,2011,23.1
Bahrain,BHR,2012,25.5
Bahrain,BHR,2013,16.1
Bahrain,BHR,2014,18.5
Bangladesh,BGD,2000,3.3
Bangladesh,BGD,2001,4.1
Bangladesh,BGD,2002,4.8
Bangladesh,BGD,2003,3.2
Bangladesh,BGD,2004,4.7
Bangladesh,BGD,2005,6.9
Bangladesh,BGD,2006,8.7
Bangladesh,BGD,2007,5.7
Bangladesh,BGD,2008,9.9
Bangladesh,BGD,2009,9
Bangladesh,BGD,2010,4.5
Bangladesh,BGD,2011,3.2
Bangladesh,BGD,2012,5.3
Bangladesh,BGD,2013,16.4
Bangladesh,BGD,2014,4.5
Barbados,BRB,2000,8.2
Barbados,BRB,2001,8.9
Barbados,BRB,2002,4.8
Barbados,BRB,2003,5
Barbados,BRB,2004,3.2
Barbados,BRB,2005,5.1
Barbados,BRB,2006,6.7
Barbados,BRB,2007,5.1
Barbados,BRB,2008,10.7
Barbados,BRB,2009,6.7
Barbados,BRB,2010,4.8
Barbados,BRB,2011,8.7
Barbados,BRB,2012,7.7
Barbados,BRB,2013,5.6
Barbados,BRB,2014,5.4
Belarus,BLR,2000,9.8
Belarus,BLR,2001,7.1
Belarus,BLR,2002,5.8
Belarus,BLR,2003,6.8
Belarus,BLR,2004,4.8
Belarus,BLR,2005,4.7
Belarus,BLR,2006,5.5
Belarus,BLR,2007,8.4
Belarus,BLR,2008,9
Belarus,BLR,2009,6.2
Belarus,BLR,2010,5.4
Belarus,BLR,2011,6
Belgium,BEL,2000,6.6
Belgium,BEL,2001,7.2
Belgium,BEL,2002,6.2
Belgium,BEL,2003,6.5
Belgium,BEL,2004,8.4
Belgium,BEL,2005,6.9
Belgium,BEL,2006,6.2
Belgium,BEL,2007,6.9
Belgium,BEL,2008,5.3
Belgium,BEL,2009,7
Belgium,BEL,2010,3.5
Belgium,BEL,2011,2.5
Belgium,BEL,2012,4.5
Belgium,BEL,2013,5.8
Belgium,BEL,2014,6
Belize,BLZ,2011,27.8
Belize,BLZ,2012,27.9
Benin,BEN,2000,14.6
Benin,BEN,2001,16.6
Benin,BEN,2002,20.4
Benin,BEN,2003,18.1
Benin,BEN,2004,9.7
Benin,BEN,2005,11.9
Benin,BEN,2006,26.8
Benin,BEN,2007,17.6
Benin,BEN,2008,24.8
Benin,BEN,2009,20.2
Benin,BEN,2010,19.2
Benin,BEN,2011,16.4
Benin,BEN,2012,25.4
Benin,BEN,2013,14
Benin,BEN,2014,21.8
Bermuda,BMU,2000,8.1
Bermuda,BMU,2001,4.3
Bermuda,BMU,2002,3.9
Bermuda,BMU,2003,5.1
Bermuda,BMU,2004,5.4
Bermuda,BMU,2005,4.4
Bermuda,BMU,2006,5.5
Bermuda,BMU,2007,6.7
Bermuda,BMU,2008,8.1
Bermuda,BMU,2009,8.9
Bermuda,BMU,2010,8.6
Bermuda,BMU,2011,11
Bermuda,BMU,2012,9.9
Bermuda,BMU,2013,7.8
Bermuda,BMU,2014,7.6
Bhutan,BTN,2013,6.8
Bhutan,BTN,2014,6.4
Bolivia,BOL,2000,14.6
Bolivia,BOL,2001,11.3
Bolivia,BOL,2002,4.4
Bolivia,BOL,2003,3.9
Bolivia,BOL,2004,6.3
Bolivia,BOL,2005,7
Bolivia,BOL,2006,7
Bolivia,BOL,2007,4.6
Bolivia,BOL,2008,78.4
Bolivia,BOL,2009,11
Bolivia,BOL,2010,6.2
Bolivia,BOL,2011,6.6
Bolivia,BOL,2012,5.8
Bolivia,BOL,2013,9.1
Bolivia,BOL,2014,12.2
Bosnia and Herzegovina,BIH,2005,9.4
Bosnia and Herzegovina,BIH,2006,13
Bosnia and Herzegovina,BIH,2007,10.2
Bosnia and Herzegovina,BIH,2008,7.7
Bosnia and Herzegovina,BIH,2009,10.2
Bosnia and Herzegovina,BIH,2010,6
Bosnia and Herzegovina,BIH,2011,8.3
Bosnia and Herzegovina,BIH,2012,6.3
Botswana,BWA,2000,5.5
Botswana,BWA,2001,4.3
Botswana,BWA,2002,3.8
Botswana,BWA,2003,5.4
Botswana,BWA,2004,6.4
Botswana,BWA,2005,7.5
Botswana,BWA,2006,8.6
Botswana,BWA,2007,8.8
Botswana,BWA,2008,10.2
Botswana,BWA,2009,11.7
Botswana,BWA,2010,4.9
Botswana,BWA,2011,5.8
Botswana,BWA,2012,5.1
Botswana,BWA,2013,5.6
Botswana,BWA,2014,3.6
Brazil,BRA,2000,6
Brazil,BRA,2001,8.4
Brazil,BRA,2002,6.2
Brazil,BRA,2003,7.9
Brazil,BRA,2004,4.8
Brazil,BRA,2005,4.8
Brazil,BRA,2006,4.1
Brazil,BRA,2007,5.3
Brazil,BRA,2008,7.2
Brazil,BRA,2009,8.1
Brazil,BRA,2010,6.7
Brazil,BRA,2011,6.1
Brazil,BRA,2012,3.6
Brazil,BRA,2013,6.2
Brazil,BRA,2014,4.4
Brunei,BRN,2000,5.6
Brunei,BRN,2001,5.8
Brunei,BRN,2002,8.4
Brunei,BRN,2003,7.1
Brunei,BRN,2004,6.7
Brunei,BRN,2005,6.7
Brunei,BRN,2006,8.4
Brunei,BRN,2007,4.9
Brunei,BRN,2008,5.3
Brunei,BRN,2009,9.8
Brunei,BRN,2010,2.6
Brunei,BRN,2011,3.2
Brunei,BRN,2012,5.5
Brunei,BRN,2013,12
Brunei,BRN,2014,4.7
Bulgaria,BGR,2000,12.6
Bulgaria,BGR,2001,7.1
Bulgaria,BGR,2002,13.5
Bulgaria,BGR,2003,14.5
Bulgaria,BGR,2004,14
Bulgaria,BGR,2005,13.4
Bulgaria,BGR,2006,12.7
Bulgaria,BGR,2007,11.9
Bulgaria,BGR,2008,10.2
Bulgaria,BGR,2009,8.2
Bulgaria,BGR,2010,8.3
Bulgaria,BGR,2011,9.2
Bulgaria,BGR,2012,8.7
Bulgaria,BGR,2013,9.1
Bulgaria,BGR,2014,5.9
Burkina Faso,BFA,2000,19.3
Burkina Faso,BFA,2001,23.5
Burkina Faso,BFA,2002,21.2
Burkina Faso,BFA,2003,27.8
Burkina Faso,BFA,2004,27.8
Burkina Faso,BFA,2005,24.4
Burkina Faso,BFA,2006,28.7
Burkina Faso,BFA,2007,20
Burkina Faso,BFA,2008,36.2
Burkina Faso,BFA,2009,24.4
Burkina Faso,BFA,2010,13.4
Burkina Faso,BFA,2011,8
Burkina Faso,BFA,2012,12.5
Burkina Faso,BFA,2013,14.6
Burkina Faso,BFA,2014,11.8
Burundi,BDI,2000,51.9
Burundi,BDI,2001,23.4
Burundi,BDI,2002,14.8
Burundi,BDI,2003,20.9
Burundi,BDI,2004,30.3
Burundi,BDI,2005,25.2
Burundi,BDI,2006,17.8
Burundi,BDI,2007,17.4
Burundi,BDI,2008,16.4
Burundi,BDI,2009,65.3
Burundi,BDI,2010,21.1
Burundi,BDI,2011,40.2
Burundi,BDI,2012,18.7
Burundi,BDI,2013,11.1
Burundi,BDI,2014,8.3
Cabo Verde,,2005,9.8
Cabo Verde,,2006,13.3
Cabo Verde,,2007,8.3
Cabo Verde,,2008,8.2
Cabo Verde,,2009,12
Cabo Verde,,2010,4.9
Cabo Verde,,2011,5.8
Cabo Verde,,2012,7.4
Cabo Verde,,2013,7.5
Cabo Verde,,2014,5.4
Cambodia,KHM,2000,17.5
Cambodia,KHM,2001,16.2
Cambodia,KHM,2002,11.5
Cambodia,KHM,2003,4.2
Cambodia,KHM,2004,8.3
Cambodia,KHM,2005,10.7
Cambodia,KHM,2006,8.3
Cambodia,KHM,2007,8.8
Cambodia,KHM,2008,24
Cambodia,KHM,2009,16.7
Cambodia,KHM,2010,4.8
Cambodia,KHM,2011,6.5
Cambodia,KHM,2012,4.5
Cambodia,KHM,2013,5.5
Cambodia,KHM,2014,4.7
Cameroon,CMR,2000,8.3
Cameroon,CMR,2001,7.5
Cameroon,CMR,2002,5.9
Cameroon,CMR,2003,7.6
Cameroon,CMR,2004,6.2
Cameroon,CMR,2005,6.3
Cameroon,CMR,2006,8.9
Cameroon,CMR,2007,10.3
Cameroon,CMR,2008,6.1
Cameroon,CMR,2009,7.8
Cameroon,CMR,2010,17.3
Cameroon,CMR,2011,5.8
Cameroon,CMR,2012,4.9
Cameroon,CMR,2013,5.6
Cameroon,CMR,2014,10
Canada,CAN,2000,5.3
Canada,CAN,2001,5.1
Canada,CAN,2002,5.9
Canada,CAN,2003,6.4
Canada,CAN,2004,4.7
Canada,CAN,2005,4.3
Canada,CAN,2006,3.8
Canada,CAN,2007,4.9
Canada,CAN,2008,4.8
Canada,CAN,2009,5
Canada,CAN,2010,4.7
Canada,CAN,2011,5.4
Canada,CAN,2012,5.2
Canada,CAN,2013,5.9
Canada,CAN,2014,7.1
Caribbean,,2000,4.4
Caribbean,,2001,9.8
Caribbean,,2002,4
Caribbean,,2003,7
Caribbean,,2004,11.5
Caribbean,,2005,8.7
Caribbean,,2006,7.3
Caribbean,,2007,6.1
Caribbean,,2008,7.3
Caribbean,,2009,8.2
Caribbean,,2010,6
Caribbean,,2011,5.4
Caribbean,,2012,7.1
Caribbean,,2013,7.1
Caribbean,,2014,8
Central America,,2000,4.7
Central America,,2001,6.1
Central America,,2002,6.6
Central America,,2003,4.4
Central America,,2004,4.4
Central America,,2005,7.6
Central America,,2006,7.2
Central America,,2007,9.7
Central America,,2008,6.8
Central America,,2009,7.3
Central America,,2010,5.4
Central America,,2011,4.9
Central America,,2012,4.3
Central America,,2013,6.9
Central America,,2014,6.6
Chad,TCD,2000,15.4
Chad,TCD,2001,29.2
Chad,TCD,2002,19.2
Chad,TCD,2003,12.2
Chad,TCD,2004,16.1
Chad,TCD,2005,15.9
Chad,TCD,2006,22.5
Chad,TCD,2007,22.3
Chad,TCD,2008,19.7
Chad,TCD,2009,24.4
Chad,TCD,2010,14
Chad,TCD,2011,11.7
Chile,CHL,2000,4
Chile,CHL,2001,5.3
Chile,CHL,2002,4.7
Chile,CHL,2003,5.1
Chile,CHL,2004,4.6
Chile,CHL,2005,5.5
Chile,CHL,2006,5.7
Chile,CHL,2007,6.9
Chile,CHL,2008,11.6
Chile,CHL,2009,8.2
Chile,CHL,2010,7.7
Chile,CHL,2011,6.4
Chile,CHL,2012,8.7
Chile,CHL,2013,8.4
Chile,CHL,2014,7.4
China,CHN,2000,10.8
China,CHN,2001,9.1
China,CHN,2002,10
China,CHN,2003,12.9
China,CHN,2004,8.9
China,CHN,2005,13.7
China,CHN,2006,11
China,CHN,2007,9
China,CHN,2008,12.9
China,CHN,2009,11.5
China,CHN,2010,9.4
China,CHN,2011,8.4
China,CHN,2012,9.5
China,CHN,2013,11.9
China,CHN,2014,8.1
Colombia,COL,2000,8.8
Colombia,COL,2001,7.5
Colombia,COL,2002,4.5
Colombia,COL,2003,6.4
Colombia,COL,2004,5.7
Colombia,COL,2005,6.2
Colombia,COL,2006,8.2
Colombia,COL,2007,9.3
Colombia,COL,2008,10.2
Colombia,COL,2009,8.4
Colombia,COL,2010,4
Colombia,COL,2011,4.1
Colombia,COL,2012,3
Colombia,COL,2013,4.1
Colombia,COL,2014,4.5
Congo,COG,2000,18.5
Congo,COG,2001,15.8
Congo,COG,2002,19.3
Congo,COG,2003,17
Congo,COG,2004,22.5
Congo,COG,2005,21.9
Congo,COG,2006,23.6
Congo,COG,2007,17.5
Congo,COG,2008,15.9
Congo,COG,2009,14.9
Congo,COG,2010,19.5
Congo,COG,2011,24.1
Congo,COG,2012,11.4
Congo,COG,2013,11.4
Congo,COG,2014,18.8
Costa Rica,CRI,2000,5.6
Costa Rica,CRI,2001,4.8
Costa Rica,CRI,2002,6.3
Costa Rica,CRI,2003,3.2
Costa Rica,CRI,2004,5.3
Costa Rica,CRI,2005,6
Costa Rica,CRI,2006,5.4
Costa Rica,CRI,2007,189.9
Costa Rica,CRI,2008,10.6
Costa Rica,CRI,2009,6.9
Costa Rica,CRI,2010,5.5
Costa Rica,CRI,2011,7.6
Costa Rica,CRI,2012,8.6
Costa Rica,CRI,2013,6.9
Costa Rica,CRI,2014,7.6
Cote d'Ivoire,CIV,2000,20.3
Cote d'Ivoire,CIV,2001,14.8
Cote d'Ivoire,CIV,2002,11.2
Cote d'Ivoire,CIV,2003,8.6
Cote d'Ivoire,CIV,2004,10.4
Cote d'Ivoire,CIV,2005,11.5
Cote d'Ivoire,CIV,2006,11.4
Cote d'Ivoire,CIV,2007,13
Cote d'Ivoire,CIV,2008,15.1
Cote d'Ivoire,CIV,2009,15.7
Cote d'Ivoire,CIV,2010,13.5
Cote d'Ivoire,CIV,2011,32
Cote d'Ivoire,CIV,2012,9.7
Cote d'Ivoire,CIV,2013,5.9
Cote d'Ivoire,CIV,2014,8.8
Croatia,HRV,2000,12.4
Croatia,HRV,2001,10.3
Croatia,HRV,2002,9.3
Croatia,HRV,2003,7.9
Croatia,HRV,2004,11.1
Croatia,HRV,2005,12.3
Croatia,HRV,2006,9.5
Croatia,HRV,2007,8.3
Croatia,HRV,2008,8.3
Croatia,HRV,2009,8.3
Croatia,HRV,2010,3
Croatia,HRV,2011,7.4
Croatia,HRV,2012,8
Croatia,HRV,2013,8.8
Croatia,HRV,2014,2.7
Cyprus,CYP,2000,17.1
Cyprus,CYP,2001,13.4
Cyprus,CYP,2002,16.4
Cyprus,CYP,2003,18.2
Cyprus,CYP,2004,13.4
Cyprus,CYP,2005,11.6
Cyprus,CYP,2006,14.3
Cyprus,CYP,2007,14.7
Cyprus,CYP,2008,18.7
Cyprus,CYP,2009,24.6
Cyprus,CYP,2010,18.6
Cyprus,CYP,2011,22.6
Cyprus,CYP,2012,15.9
Cyprus,CYP,2013,13.3
Cyprus,CYP,2014,12.7
Czechia,CZE,2000,6.6
Czechia,CZE,2001,5.6
Czechia,CZE,2002,11.6
Czechia,CZE,2003,14.4
Czechia,CZE,2004,6.8
Czechia,CZE,2005,5.9
Czechia,CZE,2006,8.4
Czechia,CZE,2007,6
Czechia,CZE,2008,8.3
Czechia,CZE,2009,6.4
Czechia,CZE,2010,28.3
Czechia,CZE,2011,9.8
Czechia,CZE,2012,11.7
Czechia,CZE,2013,12.6
Czechia,CZE,2014,10.7
Denmark,DNK,2000,5.6
Denmark,DNK,2001,7.1
Denmark,DNK,2002,5.4
Denmark,DNK,2003,4.8
Denmark,DNK,2004,5.8
Denmark,DNK,2005,6.8
Denmark,DNK,2006,6.2
Denmark,DNK,2007,8.4
Denmark,DNK,2008,8.8
Denmark,DNK,2009,7.7
Denmark,DNK,2010,6.5
Denmark,DNK,2011,6
Denmark,DNK,2012,5.4
Denmark,DNK,2013,5.5
Denmark,DNK,2014,6
Developed countries,,2000,2.2
Developed countries,,2001,5.4
Developed countries,,2002,4.3
Developed countries,,2003,5.4
Developed countries,,2004,5.1
Developed countries,,2005,4
Developed countries,,2006,8.4
Developed countries,,2007,5
Developed countries,,2008,8.1
Developed countries,,2009,5.2
Developed countries,,2010,3.8
Developed countries,,2011,5.1
Developed countries,,2012,4
Developed countries,,2013,4.8
Developed countries,,2014,3.9
Developing countries,,2000,4.8
Developing countries,,2001,3.7
Developing countries,,2002,4
Developing countries,,2003,3.7
Developing countries,,2004,4.3
Developing countries,,2005,7.7
Developing countries,,2006,6.2
Developing countries,,2007,14.1
Developing countries,,2008,5.1
Developing countries,,2009,7.4
Developing countries,,2010,3.2
Developing countries,,2011,2.9
Developing countries,,2012,4.4
Developing countries,,2013,6.3
Developing countries,,2014,7.2
Dominican Republic,DOM,2000,8
Dominican Republic,DOM,2001,5.8
Dominican Republic,DOM,2002,4.9
Dominican Republic,DOM,2003,9.6
Dominican Republic,DOM,2004,18.7
Dominican Republic,DOM,2005,7
Dominican Republic,DOM,2006,4.1
Dominican Republic,DOM,2007,5.7
Dominican Republic,DOM,2008,10.6
Dominican Republic,DOM,2009,6.9
Dominican Republic,DOM,2010,5.5
Dominican Republic,DOM,2011,8.3
Dominican Republic,DOM,2012,5.6
Dominican Republic,DOM,2013,4.5
Dominican Republic,DOM,2014,5.2
East Asia,,2000,9.2
East Asia,,2001,7.9
East Asia,,2002,9.5
East Asia,,2003,12.3
East Asia,,2004,8.7
East Asia,,2005,13.8
East Asia,,2006,11.7
East Asia,,2007,8.9
East Asia,,2008,12.1
East Asia,,2009,11.9
East Asia,,2010,9.3
East Asia,,2011,8.6
East Asia,,2012,9.8
East Asia,,2013,11.9
East Asia,,2014,8
East Asia (exc China),,2000,8.7
East Asia (exc China),,2001,8.5
East Asia (exc China),,2002,9.2
East Asia (exc China),,2003,10.6
East Asia (exc China),,2004,9.2
East Asia (exc China),,2005,51.3
East Asia (exc China),,2006,17.2
East Asia (exc China),,2007,13.7
East Asia (exc China),,2008,9.4
East Asia (exc China),,2009,13.4
East Asia (exc China),,2010,13.2
East Asia (exc China),,2011,17
East Asia (exc China),,2012,12.6
East Asia (exc China),,2013,14.2
East Asia (exc China),,2014,9.1
Eastern Africa,,2000,6.1
Eastern Africa,,2001,6.6
Eastern Africa,,2002,8.2
Eastern Africa,,2003,5.1
Eastern Africa,,2004,7.6
Eastern Africa,,2005,4.9
Eastern Africa,,2006,7.7
Eastern Africa,,2007,8.2
Eastern Africa,,2008,9.8
Eastern Africa,,2009,12.2
Eastern Africa,,2010,3.9
Eastern Africa,,2011,5.3
Eastern Africa,,2012,6.3
Eastern Africa,,2013,7.4
Eastern Africa,,2014,18.2
Ecuador,ECU,2000,22.2
Ecuador,ECU,2001,14.6
Ecuador,ECU,2002,7.5
Ecuador,ECU,2003,7.6
Ecuador,ECU,2004,10.3
Ecuador,ECU,2005,99.6
Ecuador,ECU,2006,7.7
Ecuador,ECU,2007,5.6
Ecuador,ECU,2008,10.3
Ecuador,ECU,2009,10.5
Ecuador,ECU,2010,4.4
Ecuador,ECU,2011,5.2
Ecuador,ECU,2012,8.9
Ecuador,ECU,2013,5.8
Ecuador,ECU,2014,5.7
Egypt,EGY,2000,3.7
Egypt,EGY,2001,4.7
Egypt,EGY,2002,3.2
Egypt,EGY,2003,4.1
Egypt,EGY,2004,19.4
Egypt,EGY,2005,9.6
Egypt,EGY,2006,9.2
Egypt,EGY,2007,9.5
Egypt,EGY,2008,14.3
Egypt,EGY,2009,14.1
Egypt,EGY,2010,11.7
Egypt,EGY,2011,14.3
Egypt,EGY,2012,10.5
Egypt,EGY,2013,10.2
Egypt,EGY,2014,9.8
El Salvador,SLV,2000,14.3
El Salvador,SLV,2001,8.2
El Salvador,SLV,2002,13.6
El Salvador,SLV,2003,8.4
El Salvador,SLV,2004,6.9
El Salvador,SLV,2005,7.1
El Salvador,SLV,2006,14.2
El Salvador,SLV,2007,11.9
El Salvador,SLV,2008,12.9
El Salvador,SLV,2009,8.7
El Salvador,SLV,2010,87.6
El Salvador,SLV,2011,7.6
El Salvador,SLV,2012,5.2
El Salvador,SLV,2013,5.1
El Salvador,SLV,2014,3
Estonia,EST,2000,3.4
Estonia,EST,2001,4.3
Estonia,EST,2002,7.3
Estonia,EST,2003,5.4
Estonia,EST,2004,7.1
Estonia,EST,2005,6.4
Estonia,EST,2006,6.3
Estonia,EST,2007,8.2
Estonia,EST,2008,11.3
Estonia,EST,2009,9.7
Estonia,EST,2010,8
Estonia,EST,2011,9.3
Estonia,EST,2012,6.1
Estonia,EST,2013,9.2
Estonia,EST,2014,7.4
Ethiopia,ETH,2000,8.8
Ethiopia,ETH,2001,11.1
Ethiopia,ETH,2002,8.3
Ethiopia,ETH,2003,6.9
Ethiopia,ETH,2004,13.1
Ethiopia,ETH,2005,8.7
Ethiopia,ETH,2006,7.3
Ethiopia,ETH,2007,6.9
Ethiopia,ETH,2008,15.3
Ethiopia,ETH,2009,17.8
Ethiopia,ETH,2010,4
Ethiopia,ETH,2011,12.2
Ethiopia,ETH,2012,11.4
Ethiopia,ETH,2013,10.8
Ethiopia,ETH,2014,9
Fiji,FJI,2000,13.6
Fiji,FJI,2001,13.9
Fiji,FJI,2002,7.1
Fiji,FJI,2003,13
Fiji,FJI,2004,12.5
Fiji,FJI,2005,7.3
Fiji,FJI,2006,9.5
Fiji,FJI,2007,13
Fiji,FJI,2008,12.9
Fiji,FJI,2009,17.8
Fiji,FJI,2010,10.8
Fiji,FJI,2011,16.3
Fiji,FJI,2012,9.7
Fiji,FJI,2013,8.2
Fiji,FJI,2014,8.3
Finland,FIN,2000,4.5
Finland,FIN,2001,7.2
Finland,FIN,2002,10.1
Finland,FIN,2003,8.3
Finland,FIN,2004,8.9
Finland,FIN,2005,8.4
Finland,FIN,2006,6.4
Finland,FIN,2007,8.7
Finland,FIN,2008,12.9
Finland,FIN,2009,11.7
Finland,FIN,2010,14.2
Finland,FIN,2011,6.7
Finland,FIN,2012,6.8
Finland,FIN,2013,7.7
Finland,FIN,2014,6.2
France,FRA,2000,4.6
France,FRA,2001,6
France,FRA,2002,4.2
France,FRA,2003,5.3
France,FRA,2004,8.8
France,FRA,2005,6.3
France,FRA,2006,4.9
France,FRA,2007,5.8
France,FRA,2008,6.9
France,FRA,2009,7.9
France,FRA,2010,5.5
France,FRA,2011,4.6
France,FRA,2012,4.8
France,FRA,2013,6.2
France,FRA,2014,4.8
Gabon,GAB,2000,5.9
Gabon,GAB,2001,7.8
Gabon,GAB,2002,9
Gabon,GAB,2003,10.6
Gabon,GAB,2004,5.6
Gabon,GAB,2005,6.4
Gabon,GAB,2006,13.3
Gabon,GAB,2007,15.1
Gabon,GAB,2008,8.6
Gabon,GAB,2009,11.7
Gabon,GAB,2010,11.7
Gabon,GAB,2011,15.3
Gabon,GAB,2012,13.9
Gabon,GAB,2013,22.3
Gabon,GAB,2014,21
Gambia,GMB,2000,3.7
Gambia,GMB,2001,3.5
Gambia,GMB,2002,5.2
Gambia,GMB,2003,6.3
Gambia,GMB,2004,5.4
Gambia,GMB,2005,4.1
Gambia,GMB,2006,6
Gambia,GMB,2007,9
Gambia,GMB,2008,5.4
Gambia,GMB,2009,7
Gambia,GMB,2010,2.9
Gambia,GMB,2011,2.6
Gambia,GMB,2012,3.4
Gambia,GMB,2013,4.3
Gambia,GMB,2014,2.7
Germany,DEU,2000,5.6
Germany,DEU,2001,7.9
Germany,DEU,2002,7.2
Germany,DEU,2003,7.1
Germany,DEU,2004,7.6
Germany,DEU,2005,6.1
Germany,DEU,2006,7.5
Germany,DEU,2007,6.9
Germany,DEU,2008,9.8
Germany,DEU,2009,8.4
Germany,DEU,2010,7.6
Germany,DEU,2011,5.1
Germany,DEU,2012,6.6
Germany,DEU,2013,6.5
Germany,DEU,2014,5.6
Ghana,GHA,2000,9.8
Ghana,GHA,2001,8.4
Ghana,GHA,2002,12.4
Ghana,GHA,2003,16.8
Ghana,GHA,2004,11
Ghana,GHA,2005,6.6
Ghana,GHA,2006,10.3
Ghana,GHA,2007,15.7
Ghana,GHA,2008,12.4
Ghana,GHA,2009,14.1
Ghana,GHA,2010,7.6
Ghana,GHA,2011,7.4
Ghana,GHA,2012,11.3
Ghana,GHA,2013,12.9
Ghana,GHA,2014,18.3
Greece,GRC,2000,10.2
Greece,GRC,2001,11.9
Greece,GRC,2002,15.1
Greece,GRC,2003,12.5
Greece,GRC,2004,16.9
Greece,GRC,2005,15.7
Greece,GRC,2006,15.2
Greece,GRC,2007,8.3
Greece,GRC,2008,9.6
Greece,GRC,2009,11.4
Greece,GRC,2010,11.6
Greece,GRC,2011,14.3
Greece,GRC,2012,13.3
Greece,GRC,2013,14
Greece,GRC,2014,11.2
Grenada,GRD,2000,10.2
Grenada,GRD,2001,5.1
Grenada,GRD,2002,5.6
Grenada,GRD,2003,4.2
Grenada,GRD,2004,4.6
Guatemala,GTM,2000,8
Guatemala,GTM,2001,4
Guatemala,GTM,2002,4.7
Guatemala,GTM,2003,3.4
Guatemala,GTM,2004,4
Guatemala,GTM,2005,4.9
Guatemala,GTM,2006,8.1
Guatemala,GTM,2007,6.5
Guatemala,GTM,2008,7.5
Guatemala,GTM,2009,6.4
Guatemala,GTM,2010,5.3
Guatemala,GTM,2011,8.3
Guatemala,GTM,2012,5.6
Guatemala,GTM,2013,5.7
Guatemala,GTM,2014,5.5
Guinea,GIN,2000,13.2
Guinea,GIN,2001,17.7
Guinea,GIN,2002,16.9
Guinea,GIN,2003,15
Guinea,GIN,2004,17.6
Guinea,GIN,2005,14.4
Guinea,GIN,2006,10.6
Guinea,GIN,2007,10.5
Guinea,GIN,2008,11.3
Guinea,GIN,2009,14.5
Guinea,GIN,2010,5.6
Guinea,GIN,2011,8.2
Guinea,GIN,2012,5.1
Guinea,GIN,2013,7.3
Haiti,HTI,2000,9.2
Haiti,HTI,2001,8
Haiti,HTI,2002,4.6
Haiti,HTI,2003,9.7
Haiti,HTI,2004,14.9
Haiti,HTI,2005,12.2
Haiti,HTI,2006,31
Haiti,HTI,2007,5.6
Haiti,HTI,2008,10.2
Haiti,HTI,2009,11.2
Haiti,HTI,2010,5
Haiti,HTI,2011,4.9
Haiti,HTI,2012,4.6
Haiti,HTI,2013,5.9
Haiti,HTI,2014,3.4
Honduras,HND,2000,21.6
Honduras,HND,2001,3.9
Honduras,HND,2002,5.4
Honduras,HND,2003,4.1
Honduras,HND,2004,2.7
Honduras,HND,2005,5.9
Honduras,HND,2006,7.1
Honduras,HND,2007,7.7
Honduras,HND,2008,12
Honduras,HND,2009,6
Honduras,HND,2010,5.1
Honduras,HND,2011,8.8
Honduras,HND,2012,5.1
Honduras,HND,2013,3.7
Honduras,HND,2014,4.8
Hungary,HUN,2000,6.9
Hungary,HUN,2001,7.6
Hungary,HUN,2002,7.1
Hungary,HUN,2003,6.8
Hungary,HUN,2004,6.6
Hungary,HUN,2005,5.7
Hungary,HUN,2006,8.2
Hungary,HUN,2007,8
Hungary,HUN,2008,8.6
Hungary,HUN,2009,16.4
Hungary,HUN,2010,8.3
Hungary,HUN,2011,8.1
Hungary,HUN,2012,6.9
Hungary,HUN,2013,7
Hungary,HUN,2014,5.8
Iceland,ISL,2000,6.1
Iceland,ISL,2001,9.9
Iceland,ISL,2002,8.3
Iceland,ISL,2003,8
Iceland,ISL,2004,7.6
Iceland,ISL,2005,14.7
Iceland,ISL,2006,13.3
Iceland,ISL,2007,19.6
Iceland,ISL,2008,10.1
Iceland,ISL,2009,6.2
Iceland,ISL,2010,8.2
Iceland,ISL,2011,8
Iceland,ISL,2012,6.3
Iceland,ISL,2013,4.6
Iceland,ISL,2014,5.4
India,IND,2000,3.9
India,IND,2001,4.6
India,IND,2002,5.8
India,IND,2003,5.5
India,IND,2004,5.7
India,IND,2005,6.2
India,IND,2006,7.6
India,IND,2007,4.7
India,IND,2008,6.8
India,IND,2009,7.7
India,IND,2010,3.5
India,IND,2011,3
India,IND,2012,5
India,IND,2013,6.4
India,IND,2014,8.4
Indonesia,IDN,2000,12.5
Indonesia,IDN,2001,13.4
Indonesia,IDN,2002,14.9
Indonesia,IDN,2003,11
Indonesia,IDN,2004,9.4
Indonesia,IDN,2005,17.2
Indonesia,IDN,2006,12
Indonesia,IDN,2007,7.5
Indonesia,IDN,2008,24.7
Indonesia,IDN,2009,11.6
Indonesia,IDN,2010,9.7
Indonesia,IDN,2011,10.9
Indonesia,IDN,2012,5.7
Indonesia,IDN,2013,12.9
Indonesia,IDN,2014,10.7
Iran,IRN,2000,15.9
Iran,IRN,2001,14.9
Iran,IRN,2002,15.2
Iran,IRN,2003,13.9
Iran,IRN,2004,9.7
Iran,IRN,2005,23.7
Iran,IRN,2006,13.9
Iran,IRN,2007,210.4
Iran,IRN,2008,16.8
Iran,IRN,2009,18.9
Iran,IRN,2010,12.1
Iran,IRN,2011,11.4
Iran,IRN,2012,14.1
Iran,IRN,2013,19.9
Iran,IRN,2014,13
Iraq,IRQ,2006,83.7
Iraq,IRQ,2007,54.9
Iraq,IRQ,2008,43.8
Iraq,IRQ,2009,35.2
Iraq,IRQ,2010,23.4
Iraq,IRQ,2011,15.9
Iraq,IRQ,2012,24.5
Iraq,IRQ,2013,22.7
Iraq,IRQ,2014,16.4
Ireland,IRL,2000,3.8
Ireland,IRL,2001,5
Ireland,IRL,2002,3.8
Ireland,IRL,2003,5.3
Ireland,IRL,2004,5.7
Ireland,IRL,2005,3.9
Ireland,IRL,2006,6.3
Ireland,IRL,2007,5.8
Ireland,IRL,2008,6.3
Ireland,IRL,2009,8.8
Ireland,IRL,2010,4.6
Ireland,IRL,2011,3.7
Ireland,IRL,2012,3.3
Ireland,IRL,2013,4.2
Ireland,IRL,2014,3.3
Israel,ISR,2000,10.5
Israel,ISR,2001,7.8
Israel,ISR,2002,8.4
Israel,ISR,2003,9.5
Israel,ISR,2004,7.3
Israel,ISR,2005,10.4
Israel,ISR,2006,10.6
Israel,ISR,2007,7.3
Israel,ISR,2008,11.6
Israel,ISR,2009,11
Israel,ISR,2010,5.7
Israel,ISR,2011,7.7
Israel,ISR,2012,9.3
Israel,ISR,2013,10.2
Israel,ISR,2014,5.9
Italy,ITA,2000,4.5
Italy,ITA,2001,3.3
Italy,ITA,2002,3.7
Italy,ITA,2003,2.7
Italy,ITA,2004,4.5
Italy,ITA,2005,4.6
Italy,ITA,2006,5.1
Italy,ITA,2007,4.3
Italy,ITA,2008,4.8
Italy,ITA,2009,6.3
Italy,ITA,2010,2.5
Italy,ITA,2011,4.3
Italy,ITA,2012,6.7
Italy,ITA,2013,6.5
Italy,ITA,2014,5
Jamaica,JAM,2000,5.1
Jamaica,JAM,2001,5.3
Jamaica,JAM,2002,7.4
Jamaica,JAM,2003,6.7
Jamaica,JAM,2004,5.1
Jamaica,JAM,2005,6.7
Jamaica,JAM,2006,6.6
Jamaica,JAM,2007,5.6
Jamaica,JAM,2008,10.9
Jamaica,JAM,2009,6.7
Jamaica,JAM,2010,6.3
Jamaica,JAM,2011,6.5
Jamaica,JAM,2012,5.1
Jamaica,JAM,2013,6
Jamaica,JAM,2014,7
Japan,JPN,2000,5.3
Japan,JPN,2001,6.7
Japan,JPN,2002,6.1
Japan,JPN,2003,5.5
Japan,JPN,2004,8.2
Japan,JPN,2005,7.8
Japan,JPN,2006,9.6
Japan,JPN,2007,6.1
Japan,JPN,2008,5.1
Japan,JPN,2009,7.1
Japan,JPN,2010,5.9
Japan,JPN,2011,5
Japan,JPN,2012,5.6
Japan,JPN,2013,6.1
Japan,JPN,2014,5.6
Jordan,JOR,2000,8.9
Jordan,JOR,2001,10.7
Jordan,JOR,2002,8.1
Jordan,JOR,2003,8.8
Jordan,JOR,2004,11
Jordan,JOR,2005,10.9
Jordan,JOR,2006,9.9
Jordan,JOR,2007,7.9
Jordan,JOR,2008,10.9
Jordan,JOR,2009,8.9
Jordan,JOR,2010,9
Jordan,JOR,2011,9.1
Jordan,JOR,2012,8.8
Jordan,JOR,2013,13
Jordan,JOR,2014,6.1
Kenya,KEN,2000,9.8
Kenya,KEN,2001,5.8
Kenya,KEN,2002,8.2
Kenya,KEN,2003,15.2
Kenya,KEN,2004,13.6
Kenya,KEN,2005,13.6
Kenya,KEN,2006,22.5
Kenya,KEN,2007,13.8
Kenya,KEN,2008,34.7
Kenya,KEN,2009,45.9
Kenya,KEN,2010,10.4
Kenya,KEN,2011,7.7
Kenya,KEN,2012,7.1
Kenya,KEN,2013,6.5
Kenya,KEN,2014,6
Kuwait,KWT,2000,6
Kuwait,KWT,2001,13.2
Kuwait,KWT,2002,10
Kuwait,KWT,2003,11.1
Kuwait,KWT,2004,6
Kuwait,KWT,2005,11.1
Kuwait,KWT,2006,10.6
Kuwait,KWT,2007,9.5
Kuwait,KWT,2008,8.7
Kuwait,KWT,2009,8.5
Kuwait,KWT,2010,7.5
Kuwait,KWT,2011,8.1
Kuwait,KWT,2012,10.5
Kuwait,KWT,2013,9.6
Kuwait,KWT,2014,3.7
Land Locked Developing Countries,,2000,5.5
Land Locked Developing Countries,,2001,6.9
Land Locked Developing Countries,,2002,6
Land Locked Developing Countries,,2003,4.6
Land Locked Developing Countries,,2004,5.4
Land Locked Developing Countries,,2005,7.3
Land Locked Developing Countries,,2006,8.6
Land Locked Developing Countries,,2007,4.9
Land Locked Developing Countries,,2008,11.6
Land Locked Developing Countries,,2009,9.9
Land Locked Developing Countries,,2010,3.5
Land Locked Developing Countries,,2011,5.5
Land Locked Developing Countries,,2012,10.2
Land Locked Developing Countries,,2013,9.3
Laos,LAO,2000,12.2
Laos,LAO,2001,11.3
Laos,LAO,2002,11.7
Laos,LAO,2003,9.7
Laos,LAO,2004,14.9
Laos,LAO,2005,8.5
Laos,LAO,2006,12.1
Laos,LAO,2007,5.1
Laos,LAO,2008,9.3
Laos,LAO,2009,8.6
Laos,LAO,2010,6.2
Laos,LAO,2011,9.7
Laos,LAO,2012,6.3
Laos,LAO,2013,3.6
Latin America,,2000,3.6
Latin America,,2001,4.7
Latin America,,2002,3.7
Latin America,,2003,3.8
Latin America,,2004,3.7
Latin America,,2005,5.6
Latin America,,2006,5
Latin America,,2007,5.5
Latin America,,2008,6.6
Latin America,,2009,6.3
Latin America,,2010,5.4
Latin America,,2011,3.5
Latin America,,2012,2.9
Latin America,,2013,5.2
Latin America,,2014,6
Latin America and the Caribbean,,2000,3.5
Latin America and the Caribbean,,2001,4.5
Latin America and the Caribbean,,2002,3.6
Latin America and the Caribbean,,2003,3.6
Latin America and the Caribbean,,2004,3.6
Latin America and the Caribbean,,2005,5.3
Latin America and the Caribbean,,2006,4.9
Latin America and the Caribbean,,2007,5.4
Latin America and the Caribbean,,2008,6.5
Latin America and the Caribbean,,2009,6
Latin America and the Caribbean,,2010,5.3
Latin America and the Caribbean,,2011,3.3
Latin America and the Caribbean,,2012,2.9
Latin America and the Caribbean,,2013,5.1
Latin America and the Caribbean,,2014,5.9
Latvia,LVA,2000,6.9
Latvia,LVA,2001,7.8
Latvia,LVA,2002,8.4
Latvia,LVA,2003,8.2
Latvia,LVA,2004,10
Latvia,LVA,2005,10.1
Latvia,LVA,2006,9
Latvia,LVA,2007,9.8
Latvia,LVA,2008,11.7
Latvia,LVA,2009,11
Latvia,LVA,2010,7.3
Latvia,LVA,2011,8.1
Latvia,LVA,2012,6.7
Latvia,LVA,2013,7.5
Latvia,LVA,2014,7.9
Least developed countries,,2000,7.4
Least developed countries,,2001,4.7
Least developed countries,,2002,4.8
Least developed countries,,2003,3
Least developed countries,,2004,5.7
Least developed countries,,2005,5.8
Least developed countries,,2006,9.2
Least developed countries,,2007,4.6
Least developed countries,,2008,9.2
Least developed countries,,2009,8
Least developed countries,,2010,3.5
Least developed countries,,2011,3.1
Least developed countries,,2012,4.6
Least developed countries,,2013,8.9
Least developed countries,,2014,7.3
Lesotho,LSO,2002,15.5
Lesotho,LSO,2003,12.2
Lesotho,LSO,2004,6.2
Lesotho,LSO,2005,4.4
Lesotho,LSO,2006,11
Lesotho,LSO,2007,8.8
Lesotho,LSO,2008,5
Lesotho,LSO,2009,6.8
Lesotho,LSO,2010,76
Lesotho,LSO,2011,1.6
Lesotho,LSO,2012,4.4
Lesotho,LSO,2013,5.1
Lesotho,LSO,2014,6.4
Lithuania,LTU,2000,6
Lithuania,LTU,2001,6.1
Lithuania,LTU,2002,6.3
Lithuania,LTU,2003,5.1
Lithuania,LTU,2004,5
Lithuania,LTU,2005,6.4
Lithuania,LTU,2006,5.3
Lithuania,LTU,2007,7.2
Lithuania,LTU,2008,7.2
Lithuania,LTU,2009,6
Lithuania,LTU,2010,3.1
Lithuania,LTU,2011,6.7
Lithuania,LTU,2012,5.4
Lithuania,LTU,2013,5.6
Lithuania,LTU,2014,5.5
Low Income Food Deficit Countries,,2000,3.4
Low Income Food Deficit Countries,,2001,4.3
Low Income Food Deficit Countries,,2002,5
Low Income Food Deficit Countries,,2003,3.4
Low Income Food Deficit Countries,,2004,5.2
Low Income Food Deficit Countries,,2005,6.3
Low Income Food Deficit Countries,,2006,7.3
Low Income Food Deficit Countries,,2007,6.7
Low Income Food Deficit Countries,,2008,7.1
Low Income Food Deficit Countries,,2009,7.3
Low Income Food Deficit Countries,,2010,3
Low Income Food Deficit Countries,,2011,7
Low Income Food Deficit Countries,,2012,4
Low Income Food Deficit Countries,,2013,5
Low Income Food Deficit Countries,,2014,10
Low income economies,,2000,4.6
Low income economies,,2001,4.2
Low income economies,,2002,3.7
Low income economies,,2003,2.9
Low income economies,,2004,4.8
Low income economies,,2005,5.9
Low income economies,,2006,7.9
Low income economies,,2007,4.7
Low income economies,,2008,7.9
Low income economies,,2009,8.8
Low income economies,,2010,2.9
Low income economies,,2011,3.4
Low income economies,,2012,4.8
Low income economies,,2013,8.2
Low income economies,,2014,2.6
Lower-middle-income economies,,2000,4.4
Lower-middle-income economies,,2001,3.8
Lower-middle-income economies,,2002,4
Lower-middle-income economies,,2003,2.9
Lower-middle-income economies,,2004,3.8
Lower-middle-income economies,,2005,6.8
Lower-middle-income economies,,2006,6.4
Lower-middle-income economies,,2007,5.4
Lower-middle-income economies,,2008,8.2
Lower-middle-income economies,,2009,7.6
Lower-middle-income economies,,2010,4
Lower-middle-income economies,,2011,4.3
Lower-middle-income economies,,2012,3.9
Lower-middle-income economies,,2013,6
Lower-middle-income economies,,2014,8.5
Luxembourg,LUX,2000,6.8
Luxembourg,LUX,2001,8.6
Luxembourg,LUX,2002,5.8
Luxembourg,LUX,2003,6.8
Luxembourg,LUX,2004,8.3
Luxembourg,LUX,2005,6.3
Luxembourg,LUX,2006,9.2
Luxembourg,LUX,2007,7.9
Luxembourg,LUX,2008,7.7
Luxembourg,LUX,2009,8.9
Luxembourg,LUX,2010,6.2
Luxembourg,LUX,2011,7.6
Luxembourg,LUX,2012,7.6
Luxembourg,LUX,2013,7.3
Luxembourg,LUX,2014,8.9
Madagascar,MDG,2000,7.6
Madagascar,MDG,2001,11.7
Madagascar,MDG,2002,13.9
Madagascar,MDG,2003,5.4
Madagascar,MDG,2004,8.9
Madagascar,MDG,2005,12.7
Madagascar,MDG,2006,9.3
Madagascar,MDG,2007,8.8
Madagascar,MDG,2008,5.2
Madagascar,MDG,2009,9.4
Madagascar,MDG,2010,29.4
Madagascar,MDG,2011,6.8
Madagascar,MDG,2012,5.1
Madagascar,MDG,2013,5
Madagascar,MDG,2014,3.5
Malawi,MWI,2000,18.1
Malawi,MWI,2001,23.5
Malawi,MWI,2002,18.3
Malawi,MWI,2003,19.2
Malawi,MWI,2004,18.7
Malawi,MWI,2005,19.2
Malawi,MWI,2006,18.7
Malawi,MWI,2007,20.3
Malawi,MWI,2008,20.8
Malawi,MWI,2009,22.1
Malawi,MWI,2010,21.7
Malawi,MWI,2011,23.4
Malawi,MWI,2012,25
Malawi,MWI,2013,23.6
Malaysia,MYS,2000,3.8
Malaysia,MYS,2001,3.6
Malaysia,MYS,2002,4.9
Malaysia,MYS,2003,2.7
Malaysia,MYS,2004,3.1
Malaysia,MYS,2005,4.6
Malaysia,MYS,2006,7.1
Malaysia,MYS,2007,4
Malaysia,MYS,2008,7.5
Malaysia,MYS,2009,4.6
Malaysia,MYS,2010,1.8
Malaysia,MYS,2011,2.8
Malaysia,MYS,2012,2.8
Malaysia,MYS,2013,4.8
Malaysia,MYS,2014,4.3
Maldives,MDV,2000,57.6
Maldives,MDV,2001,45.2
Maldives,MDV,2002,26.5
Maldives,MDV,2003,32.4
Maldives,MDV,2004,43.4
Maldives,MDV,2005,42.6
Maldives,MDV,2006,18.3
Maldives,MDV,2007,23.4
Maldives,MDV,2008,30.8
Maldives,MDV,2009,32.9
Maldives,MDV,2010,20.8
Maldives,MDV,2011,26.5
Maldives,MDV,2012,28.9
Maldives,MDV,2013,14.2
Mali,MLI,2000,10.2
Mali,MLI,2001,10.8
Mali,MLI,2002,8.7
Mali,MLI,2003,11.1
Mali,MLI,2004,13.6
Mali,MLI,2005,16.2
Mali,MLI,2006,18.8
Mali,MLI,2007,13.2
Mali,MLI,2008,12.8
Mali,MLI,2009,16
Mali,MLI,2010,14.2
Mali,MLI,2011,9
Mali,MLI,2012,7.7
Mali,MLI,2013,6.7
Mali,MLI,2014,9.4
Malta,MLT,2000,15
Malta,MLT,2001,13.3
Malta,MLT,2002,12.5
Malta,MLT,2003,13.4
Malta,MLT,2004,11.4
Malta,MLT,2005,11.4
Malta,MLT,2006,12.8
Malta,MLT,2007,9.9
Malta,MLT,2008,9.4
Malta,MLT,2009,13.8
Malta,MLT,2010,9
Malta,MLT,2011,10.5
Malta,MLT,2012,13.1
Malta,MLT,2013,9.5
Malta,MLT,2014,8.6
Mauritania,MRT,2000,6.4
Mauritania,MRT,2001,4.1
Mauritania,MRT,2002,4.8
Mauritania,MRT,2003,4
Mauritania,MRT,2004,8.4
Mauritania,MRT,2005,6.9
Mauritania,MRT,2006,7.8
Mauritania,MRT,2007,5
Mauritania,MRT,2008,6.6
Mauritania,MRT,2009,7.7
Mauritania,MRT,2010,3.9
Mauritania,MRT,2011,3.7
Mauritania,MRT,2012,4.1
Mauritania,MRT,2013,5.5
Mauritania,MRT,2014,3.1
Mauritius,MUS,2000,7.4
Mauritius,MUS,2001,6.5
Mauritius,MUS,2002,7.4
Mauritius,MUS,2003,4.7
Mauritius,MUS,2004,8.9
Mauritius,MUS,2005,5.6
Mauritius,MUS,2006,8.6
Mauritius,MUS,2007,8.8
Mauritius,MUS,2008,7.8
Mauritius,MUS,2009,7.2
Mauritius,MUS,2010,5.7
Mauritius,MUS,2011,5.8
Mauritius,MUS,2012,5.4
Mauritius,MUS,2013,7.2
Mauritius,MUS,2014,11.7
Mexico,MEX,2000,4.4
Mexico,MEX,2001,7.3
Mexico,MEX,2002,8
Mexico,MEX,2003,5.2
Mexico,MEX,2004,5.3
Mexico,MEX,2005,9.2
Mexico,MEX,2006,9
Mexico,MEX,2007,6.9
Mexico,MEX,2008,7
Mexico,MEX,2009,8.2
Mexico,MEX,2010,5.7
Mexico,MEX,2011,6.1
Mexico,MEX,2012,5.3
Mexico,MEX,2013,8
Mexico,MEX,2014,4.7
Middle Africa,,2000,30.3
Middle Africa,,2001,9.9
Middle Africa,,2002,11.2
Middle Africa,,2003,6.1
Middle Africa,,2004,9.1
Middle Africa,,2005,5.6
Middle Africa,,2006,7.4
Middle Africa,,2007,5.5
Middle Africa,,2008,5.4
Middle Africa,,2009,7.1
Middle Africa,,2010,5.8
Middle Africa,,2011,5.4
Middle Africa,,2012,4.4
Middle Africa,,2013,8.9
Moldova,MDA,2000,11.2
Moldova,MDA,2001,8.1
Moldova,MDA,2002,11.3
Moldova,MDA,2003,8.8
Moldova,MDA,2004,4.4
Moldova,MDA,2005,124.8
Moldova,MDA,2006,12.8
Moldova,MDA,2007,11.2
Moldova,MDA,2008,12.4
Moldova,MDA,2009,10.7
Moldova,MDA,2010,10.3
Moldova,MDA,2011,7.8
Moldova,MDA,2012,7.1
Moldova,MDA,2013,5.7
Mongolia,MNG,2000,47.6
Mongolia,MNG,2001,35.1
Mongolia,MNG,2002,19.5
Mongolia,MNG,2003,23.4
Mongolia,MNG,2004,22
Mongolia,MNG,2005,20.3
Mongolia,MNG,2006,36.3
Mongolia,MNG,2007,18.4
Mongolia,MNG,2008,26
Mongolia,MNG,2009,24.3
Mongolia,MNG,2010,22.3
Mongolia,MNG,2011,18.7
Mongolia,MNG,2012,16.7
Montenegro,MNE,2005,4.5
Montenegro,MNE,2006,6
Montenegro,MNE,2007,6.9
Montenegro,MNE,2008,9.3
Montenegro,MNE,2009,7.4
Montenegro,MNE,2010,2.8
Montenegro,MNE,2011,9.1
Morocco,MAR,2000,11.1
Morocco,MAR,2001,9
Morocco,MAR,2002,10.1
Morocco,MAR,2003,7.3
Morocco,MAR,2004,9.1
Morocco,MAR,2005,8.8
Morocco,MAR,2006,12.4
Morocco,MAR,2007,8.7
Morocco,MAR,2008,9.2
Morocco,MAR,2009,11.8
Morocco,MAR,2010,11.8
Morocco,MAR,2011,9.5
Morocco,MAR,2012,7.7
Morocco,MAR,2013,6.4
Morocco,MAR,2014,4.9
Mozambique,MOZ,2000,5.3
Mozambique,MOZ,2001,4.6
Mozambique,MOZ,2002,6.6
Mozambique,MOZ,2003,3.8
Mozambique,MOZ,2004,6.9
Mozambique,MOZ,2005,7.3
Mozambique,MOZ,2006,9.9
Mozambique,MOZ,2007,8
Mozambique,MOZ,2008,8.6
Mozambique,MOZ,2009,8.8
Mozambique,MOZ,2010,4.7
Mozambique,MOZ,2011,7.1
Mozambique,MOZ,2012,6.7
Myanmar,MMR,2000,5.2
Myanmar,MMR,2001,9
Myanmar,MMR,2002,6.4
Myanmar,MMR,2003,9.2
Myanmar,MMR,2004,5.2
Myanmar,MMR,2005,6.3
Myanmar,MMR,2006,7.5
Myanmar,MMR,2007,11.6
Myanmar,MMR,2008,29.2
Myanmar,MMR,2009,7.7
Myanmar,MMR,2010,3.9
Myanmar,MMR,2011,3.1
Myanmar,MMR,2012,6.1
Myanmar,MMR,2013,8.1
Namibia,NAM,2000,7.3
Namibia,NAM,2001,8.3
Namibia,NAM,2002,6.1
Namibia,NAM,2003,5.6
Namibia,NAM,2004,7.1
Namibia,NAM,2005,7.3
Namibia,NAM,2006,7.5
Namibia,NAM,2007,7.1
Namibia,NAM,2008,6.2
Namibia,NAM,2009,7.9
Namibia,NAM,2010,5.2
Namibia,NAM,2011,6
Namibia,NAM,2012,5.8
Namibia,NAM,2013,7.2
Nepal,NPL,2000,10
Nepal,NPL,2001,10
Nepal,NPL,2002,10.9
Nepal,NPL,2003,9.1
Nepal,NPL,2004,9.4
Nepal,NPL,2005,11
Nepal,NPL,2006,13.2
Nepal,NPL,2007,8
Nepal,NPL,2008,11.8
Nepal,NPL,2009,11.4
Nepal,NPL,2010,9.8
Nepal,NPL,2011,8.6
Nepal,NPL,2012,11.9
Nepal,NPL,2013,8.6
Nepal,NPL,2014,10.2
Netherlands,NLD,2000,4.8
Netherlands,NLD,2001,6.2
Netherlands,NLD,2002,30.4
Netherlands,NLD,2003,6.2
Netherlands,NLD,2004,7
Netherlands,NLD,2005,7.3
Netherlands,NLD,2006,6.8
Netherlands,NLD,2007,6.7
Netherlands,NLD,2008,7.2
Netherlands,NLD,2009,6.9
Netherlands,NLD,2010,6.7
Netherlands,NLD,2011,7.4
Netherlands,NLD,2012,8.9
Netherlands,NLD,2013,8.8
Netherlands,NLD,2014,5.6
Nicaragua,NIC,2000,7.7
Nicaragua,NIC,2001,10.5
Nicaragua,NIC,2002,4.2
Nicaragua,NIC,2003,3.7
Nicaragua,NIC,2004,4.6
Nicaragua,NIC,2005,4.2
Nicaragua,NIC,2006,4.7
Nicaragua,NIC,2007,6.6
Nicaragua,NIC,2008,9.6
Nicaragua,NIC,2009,4.2
Nicaragua,NIC,2010,9.1
Nicaragua,NIC,2011,10
Nicaragua,NIC,2012,7.6
Nicaragua,NIC,2013,6.4
Nicaragua,NIC,2014,6.4
Niger,NER,2000,16.5
Niger,NER,2001,12
Niger,NER,2002,13.9
Niger,NER,2003,16.6
Niger,NER,2004,10.5
Niger,NER,2005,18.8
Niger,NER,2006,46.3
Niger,NER,2007,11.2
Niger,NER,2008,15.6
Niger,NER,2009,16.7
Niger,NER,2010,22.9
Niger,NER,2011,15.9
Niger,NER,2012,11.9
Niger,NER,2013,11.1
Niger,NER,2014,9.4
Nigeria,NGA,2000,11.5
Nigeria,NGA,2001,17.8
Nigeria,NGA,2002,14.2
Nigeria,NGA,2003,13
Nigeria,NGA,2004,19
Nigeria,NGA,2005,19.7
Nigeria,NGA,2006,14.3
Nigeria,NGA,2007,16.6
Nigeria,NGA,2008,14.5
Nigeria,NGA,2009,8.1
Nigeria,NGA,2010,6
Nigeria,NGA,2011,12.1
Nigeria,NGA,2012,9.7
Nigeria,NGA,2013,4
North Africa (exc Sudan),,2000,5.9
North Africa (exc Sudan),,2001,4.9
North Africa (exc Sudan),,2002,4.7
North Africa (exc Sudan),,2003,4.4
North Africa (exc Sudan),,2004,11.4
North Africa (exc Sudan),,2005,7.6
North Africa (exc Sudan),,2006,7.9
North Africa (exc Sudan),,2007,7.6
North Africa (exc Sudan),,2008,10.3
North Africa (exc Sudan),,2009,10.9
North Africa (exc Sudan),,2010,9.4
North Africa (exc Sudan),,2011,10
North Africa (exc Sudan),,2012,9.9
North Africa (exc Sudan),,2013,7.9
North Africa (exc Sudan),,2014,8.8
North Macedonia,MKD,2000,10.2
North Macedonia,MKD,2001,10.7
North Macedonia,MKD,2002,8
North Macedonia,MKD,2003,5.7
North Macedonia,MKD,2004,6
North Macedonia,MKD,2005,10.4
North Macedonia,MKD,2006,9
North Macedonia,MKD,2007,8.7
North Macedonia,MKD,2008,11.1
North Macedonia,MKD,2009,12.1
North Macedonia,MKD,2010,9.7
North Macedonia,MKD,2011,7.9
North Macedonia,MKD,2012,7.2
North Macedonia,MKD,2013,7.9
Norway,NOR,2000,7
Norway,NOR,2001,15.2
Norway,NOR,2002,11.1
Norway,NOR,2003,9.4
Norway,NOR,2004,6.6
Norway,NOR,2005,6.8
Norway,NOR,2006,7.7
Norway,NOR,2007,7.5
Norway,NOR,2008,10.9
Norway,NOR,2009,11.3
Norway,NOR,2010,8.1
Norway,NOR,2011,12.3
Norway,NOR,2012,10.9
Norway,NOR,2013,12.1
Norway,NOR,2014,11.3
Oceania,,2000,13.6
Oceania,,2001,13.9
Oceania,,2002,7.1
Oceania,,2003,13
Oceania,,2004,12.5
Oceania,,2005,7.3
Oceania,,2006,9.5
Oceania,,2007,13
Oceania,,2008,12.9
Oceania,,2009,17.8
Oceania,,2010,10.8
Oceania,,2011,16.3
Oceania,,2012,9.7
Oceania,,2013,8.2
Oceania,,2014,8.3
Oman,OMN,2002,4.7
Oman,OMN,2003,8.1
Oman,OMN,2004,6.6
Oman,OMN,2005,5.9
Oman,OMN,2006,7.1
Oman,OMN,2007,7.3
Oman,OMN,2008,6.6
Oman,OMN,2009,10.8
Oman,OMN,2010,6.6
Oman,OMN,2011,6.8
Oman,OMN,2012,7.8
Oman,OMN,2013,8.1
Oman,OMN,2014,9.2
Pakistan,PAK,2000,8.5
Pakistan,PAK,2001,7.9
Pakistan,PAK,2002,9.5
Pakistan,PAK,2003,8.9
Pakistan,PAK,2004,6.9
Pakistan,PAK,2005,13.8
Pakistan,PAK,2006,8.8
Pakistan,PAK,2007,9.5
Pakistan,PAK,2008,11.5
Pakistan,PAK,2009,12
Pakistan,PAK,2010,9.3
Pakistan,PAK,2011,16
Pakistan,PAK,2012,9.3
Pakistan,PAK,2013,6.8
Pakistan,PAK,2014,13.2
Panama,PAN,2002,4.2
Panama,PAN,2003,3.6
Panama,PAN,2004,4.3
Panama,PAN,2005,5
Panama,PAN,2006,4.1
Panama,PAN,2007,5.4
Panama,PAN,2008,5.7
Panama,PAN,2009,5.6
Panama,PAN,2010,3
Panama,PAN,2011,3.2
Panama,PAN,2012,4.2
Panama,PAN,2013,3.2
Panama,PAN,2014,2.1
Paraguay,PRY,2000,8.1
Paraguay,PRY,2001,10.4
Paraguay,PRY,2002,9.4
Paraguay,PRY,2003,13.9
Paraguay,PRY,2004,9.3
Paraguay,PRY,2005,12.6
Paraguay,PRY,2006,13.3
Paraguay,PRY,2007,19.8
Paraguay,PRY,2008,17.8
Paraguay,PRY,2009,15.7
Paraguay,PRY,2010,14.7
Paraguay,PRY,2011,16.7
Paraguay,PRY,2012,10
Paraguay,PRY,2013,11.2
Peru,PER,2000,4
Peru,PER,2001,3.8
Peru,PER,2002,4.8
Peru,PER,2003,4.9
Peru,PER,2004,5.7
Peru,PER,2005,4.9
Peru,PER,2006,7.1
Peru,PER,2007,4.3
Peru,PER,2008,6.4
Peru,PER,2009,7.7
Peru,PER,2010,3.1
Peru,PER,2011,5.2
Peru,PER,2012,5.3
Peru,PER,2013,5.1
Peru,PER,2014,3.4
Philippines,PHL,2000,3.3
Philippines,PHL,2001,4.3
Philippines,PHL,2002,3.8
Philippines,PHL,2003,3.4
Philippines,PHL,2004,5.2
Philippines,PHL,2005,4.5
Philippines,PHL,2006,6.7
Philippines,PHL,2007,4.5
Philippines,PHL,2008,6.5
Philippines,PHL,2009,7.3
Philippines,PHL,2010,3.1
Philippines,PHL,2011,57
Philippines,PHL,2012,3.1
Philippines,PHL,2013,4.8
Philippines,PHL,2014,2.6
Poland,POL,2000,5.4
Poland,POL,2001,6.6
Poland,POL,2002,7.7
Poland,POL,2003,6
Poland,POL,2004,9.6
Poland,POL,2005,6.4
Poland,POL,2006,7.5
Poland,POL,2007,7.2
Poland,POL,2008,7.7
Poland,POL,2009,9.5
Poland,POL,2010,3.8
Poland,POL,2011,7.4
Poland,POL,2012,7.1
Poland,POL,2013,6.7
Poland,POL,2014,7
Portugal,PRT,2000,8.2
Portugal,PRT,2001,6.5
Portugal,PRT,2002,5.6
Portugal,PRT,2003,8.3
Portugal,PRT,2004,8.2
Portugal,PRT,2005,6.7
Portugal,PRT,2006,7.5
Portugal,PRT,2007,7.8
Portugal,PRT,2008,7.1
Portugal,PRT,2009,7.9
Portugal,PRT,2010,5.8
Portugal,PRT,2011,5
Portugal,PRT,2012,5.7
Portugal,PRT,2013,9.2
Portugal,PRT,2014,9
Qatar,QAT,2002,14.7
Qatar,QAT,2003,14.9
Qatar,QAT,2004,11
Qatar,QAT,2005,18.4
Qatar,QAT,2006,21
Qatar,QAT,2007,16.5
Qatar,QAT,2008,14.5
Qatar,QAT,2009,12
Qatar,QAT,2010,8.3
Qatar,QAT,2011,7.2
Qatar,QAT,2012,8.9
Qatar,QAT,2013,9.2
Qatar,QAT,2014,6.3
Romania,ROU,2000,12.6
Romania,ROU,2001,7.2
Romania,ROU,2002,7.8
Romania,ROU,2003,7.2
Romania,ROU,2004,5.9
Romania,ROU,2005,6.4
Romania,ROU,2006,7.4
Romania,ROU,2007,5.6
Romania,ROU,2008,5.9
Romania,ROU,2009,6.2
Romania,ROU,2010,4.4
Romania,ROU,2011,6.8
Romania,ROU,2012,7.3
Romania,ROU,2013,7.3
Romania,ROU,2014,4.3
Russia,RUS,2000,6.3
Russia,RUS,2001,6.6
Russia,RUS,2002,6.6
Russia,RUS,2003,5.5
Russia,RUS,2004,4.7
Russia,RUS,2005,7.5
Russia,RUS,2006,8.6
Russia,RUS,2007,9.2
Russia,RUS,2008,10.1
Russia,RUS,2009,7.9
Russia,RUS,2010,3.9
Russia,RUS,2011,5.2
Russia,RUS,2012,5.1
Russia,RUS,2013,5.5
Russia,RUS,2014,5.2
Rwanda,RWA,2000,15.3
Rwanda,RWA,2001,27.3
Rwanda,RWA,2002,11.9
Rwanda,RWA,2003,10.6
Rwanda,RWA,2004,8.6
Rwanda,RWA,2005,22.1
Rwanda,RWA,2006,19.1
Rwanda,RWA,2007,12
Rwanda,RWA,2008,13.7
Rwanda,RWA,2009,13
Rwanda,RWA,2010,14.7
Rwanda,RWA,2011,14.8
Rwanda,RWA,2012,11.8
Rwanda,RWA,2013,10.5
Saint Kitts and Nevis,KNA,2000,8
Saint Kitts and Nevis,KNA,2001,8.3
Saint Lucia,LCA,2000,12.3
Saint Lucia,LCA,2001,9.9
Saint Lucia,LCA,2002,15
Saint Lucia,LCA,2003,7.4
Saint Lucia,LCA,2004,8.9
Saint Lucia,LCA,2005,10.2
Saint Lucia,LCA,2006,55.1
Saint Lucia,LCA,2007,11.7
Saint Lucia,LCA,2008,13.8
Saint Lucia,LCA,2009,10
Saint Lucia,LCA,2010,10.9
Saint Lucia,LCA,2011,6.1
Saint Lucia,LCA,2012,8.7
Saint Lucia,LCA,2013,9.7
Saint Lucia,LCA,2014,12.3
Saint Vincent and the Grenadines,VCT,2000,7.9
Saint Vincent and the Grenadines,VCT,2001,5.4
Saint Vincent and the Grenadines,VCT,2002,7
Saint Vincent and the Grenadines,VCT,2003,6.4
Saint Vincent and the Grenadines,VCT,2004,5.7
Saint Vincent and the Grenadines,VCT,2005,5.3
Saint Vincent and the Grenadines,VCT,2006,7.1
Saint Vincent and the Grenadines,VCT,2007,8.1
Saint Vincent and the Grenadines,VCT,2008,8.3
Saint Vincent and the Grenadines,VCT,2009,8.3
Saint Vincent and the Grenadines,VCT,2010,3.9
Saint Vincent and the Grenadines,VCT,2011,20.3
Saint Vincent and the Grenadines,VCT,2012,4.5
Saint Vincent and the Grenadines,VCT,2013,8.2
Saint Vincent and the Grenadines,VCT,2014,4.8
Sao Tome and Principe,STP,2001,11
Sao Tome and Principe,STP,2002,8.4
Sao Tome and Principe,STP,2003,4.5
Sao Tome and Principe,STP,2004,9.8
Sao Tome and Principe,STP,2005,15.8
Sao Tome and Principe,STP,2006,17.7
Sao Tome and Principe,STP,2007,7.6
Sao Tome and Principe,STP,2008,9
Sao Tome and Principe,STP,2009,7.3
Sao Tome and Principe,STP,2010,5
Sao Tome and Principe,STP,2011,50.5
Saudi Arabia,SAU,2000,5.6
Saudi Arabia,SAU,2001,6
Saudi Arabia,SAU,2002,6.5
Saudi Arabia,SAU,2003,10.8
Saudi Arabia,SAU,2004,11.3
Saudi Arabia,SAU,2005,4.9
Saudi Arabia,SAU,2006,5.8
Saudi Arabia,SAU,2007,8.5
Saudi Arabia,SAU,2008,7.9
Saudi Arabia,SAU,2009,8.4
Saudi Arabia,SAU,2010,6.1
Saudi Arabia,SAU,2011,6.3
Saudi Arabia,SAU,2012,6.7
Saudi Arabia,SAU,2013,16.1
Saudi Arabia,SAU,2014,3.8
Senegal,SEN,2000,14.9
Senegal,SEN,2001,11.7
Senegal,SEN,2002,10.8
Senegal,SEN,2003,10.1
Senegal,SEN,2004,11.8
Senegal,SEN,2005,9.8
Senegal,SEN,2006,16.4
Senegal,SEN,2007,13.3
Senegal,SEN,2008,10
Senegal,SEN,2009,13.7
Senegal,SEN,2010,9.9
Senegal,SEN,2011,4.5
Senegal,SEN,2012,6.6
Senegal,SEN,2013,7
Senegal,SEN,2014,8.7
Serbia,SRB,2000,23.7
Serbia,SRB,2001,21.6
Serbia,SRB,2002,16.7
Serbia,SRB,2003,14.5
Serbia,SRB,2004,14.4
Serbia,SRB,2005,12.4
Serbia,SRB,2006,10.8
Serbia,SRB,2007,11.8
Serbia,SRB,2008,13.7
Serbia,SRB,2009,13.4
Serbia,SRB,2010,8.3
Serbia,SRB,2011,11.4
Serbia,SRB,2012,8.5
Seychelles,SYC,2000,9.8
Seychelles,SYC,2001,11.7
Seychelles,SYC,2002,15.5
Seychelles,SYC,2003,9.3
Seychelles,SYC,2004,11.8
Seychelles,SYC,2005,8.7
Seychelles,SYC,2006,10.9
Seychelles,SYC,2007,7.6
Seychelles,SYC,2008,22.6
Seychelles,SYC,2009,14.9
Seychelles,SYC,2010,9
Seychelles,SYC,2011,5
Seychelles,SYC,2012,6.6
Seychelles,SYC,2013,7.2
Sierra Leone,SLE,2000,13.7
Sierra Leone,SLE,2001,84.5
Sierra Leone,SLE,2002,14.9
Sierra Leone,SLE,2003,8.4
Sierra Leone,SLE,2004,16.7
Sierra Leone,SLE,2005,21.4
Sierra Leone,SLE,2006,14.2
Sierra Leone,SLE,2007,12.6
Sierra Leone,SLE,2008,9.7
Sierra Leone,SLE,2009,10.6
Sierra Leone,SLE,2010,10.9
Sierra Leone,SLE,2011,9
Sierra Leone,SLE,2012,5.5
Sierra Leone,SLE,2013,4.4
Sierra Leone,SLE,2014,3.3
Singapore,SGP,2000,5.2
Singapore,SGP,2001,8.2
Singapore,SGP,2002,5.2
Singapore,SGP,2003,4.6
Singapore,SGP,2004,7
Singapore,SGP,2005,6
Singapore,SGP,2006,7.9
Singapore,SGP,2007,6.5
Singapore,SGP,2008,8.3
Singapore,SGP,2009,9.7
Singapore,SGP,2010,5.7
Singapore,SGP,2011,6.1
Singapore,SGP,2012,2.7
Singapore,SGP,2013,5.8
Singapore,SGP,2014,4
Slovakia,SVK,2000,7.4
Slovakia,SVK,2001,9.6
Slovakia,SVK,2002,7
Slovakia,SVK,2003,6.6
Slovakia,SVK,2004,5
Slovakia,SVK,2005,4.9
Slovakia,SVK,2006,8.3
Slovakia,SVK,2007,7.4
Slovakia,SVK,2008,9.7
Slovakia,SVK,2009,10.5
Slovakia,SVK,2010,8.4
Slovakia,SVK,2011,6.9
Slovakia,SVK,2012,8
Slovakia,SVK,2013,7.3
Slovakia,SVK,2014,9.2
Slovenia,SVN,2000,4.2
Slovenia,SVN,2001,6
Slovenia,SVN,2002,6.7
Slovenia,SVN,2003,8.2
Slovenia,SVN,2004,8.5
Slovenia,SVN,2005,10
Slovenia,SVN,2006,6.6
Slovenia,SVN,2007,7.9
Slovenia,SVN,2008,10.8
Slovenia,SVN,2009,10.8
Slovenia,SVN,2010,7.2
Slovenia,SVN,2011,12.4
Slovenia,SVN,2012,9.3
Slovenia,SVN,2013,10.9
Slovenia,SVN,2014,9.4
Small island developing States,,2000,7.1
Small island developing States,,2001,3.5
Small island developing States,,2002,3.7
Small island developing States,,2003,6.4
Small island developing States,,2004,13
Small island developing States,,2005,3.5
Small island developing States,,2006,5.9
Small island developing States,,2007,12.4
Small island developing States,,2008,7.1
Small island developing States,,2009,5.4
Small island developing States,,2010,12.2
Small island developing States,,2011,6.6
Small island developing States,,2012,3.5
Small island developing States,,2013,6.1
Small island developing States,,2014,15.8
South Africa,ZAF,2000,7.1
South Africa,ZAF,2001,6
South Africa,ZAF,2002,6.5
South Africa,ZAF,2003,4.7
South Africa,ZAF,2004,6.6
South Africa,ZAF,2005,5.8
South Africa,ZAF,2006,5.2
South Africa,ZAF,2007,2.5
South Africa,ZAF,2008,14.3
South Africa,ZAF,2009,60
South Africa,ZAF,2010,5.5
South Africa,ZAF,2011,6.3
South Africa,ZAF,2012,6
South Africa,ZAF,2013,7.3
South Africa,ZAF,2014,6.2
South America,,2000,4.2
South America,,2001,6
South America,,2002,4.2
South America,,2003,5.3
South America,,2004,4.7
South America,,2005,5.4
South America,,2006,4.9
South America,,2007,4
South America,,2008,7.1
South America,,2009,6.6
South America,,2010,6.1
South America,,2011,3.5
South America,,2012,3.4
South America,,2013,5.1
South America,,2014,8.7
South Asia (exc India),,2000,10.6
South Asia (exc India),,2001,8.9
South Asia (exc India),,2002,8.9
South Asia (exc India),,2003,8.1
South Asia (exc India),,2004,5.2
South Asia (exc India),,2005,15.2
South Asia (exc India),,2006,8.4
South Asia (exc India),,2007,95.2
South Asia (exc India),,2008,9.1
South Asia (exc India),,2009,11
South Asia (exc India),,2010,5.9
South Asia (exc India),,2011,7.5
South Asia (exc India),,2012,5.6
South Asia (exc India),,2013,7
South Asia (exc India),,2014,20.9
South Korea,KOR,2000,9
South Korea,KOR,2001,8.6
South Korea,KOR,2002,9.3
South Korea,KOR,2003,10.8
South Korea,KOR,2004,9.4
South Korea,KOR,2005,52.5
South Korea,KOR,2006,17.3
South Korea,KOR,2007,14
South Korea,KOR,2008,9.8
South Korea,KOR,2009,13.5
South Korea,KOR,2010,13.5
South Korea,KOR,2011,17.4
South Korea,KOR,2012,12.8
South Korea,KOR,2013,14.2
South Korea,KOR,2014,9.1
South-Eastern Asia,,2000,6.3
South-Eastern Asia,,2001,6.5
South-Eastern Asia,,2002,7.6
South-Eastern Asia,,2003,4.8
South-Eastern Asia,,2004,5.1
South-Eastern Asia,,2005,9.3
South-Eastern Asia,,2006,7
South-Eastern Asia,,2007,4
South-Eastern Asia,,2008,13.6
South-Eastern Asia,,2009,8.2
South-Eastern Asia,,2010,6.3
South-Eastern Asia,,2011,10.7
South-Eastern Asia,,2012,3.2
South-Eastern Asia,,2013,8.1
South-Eastern Asia,,2014,11.7
Southern Africa,,2000,7.1
Southern Africa,,2001,7.5
Southern Africa,,2002,5.9
Southern Africa,,2003,4.4
Southern Africa,,2004,6
Southern Africa,,2005,5.5
Southern Africa,,2006,5.1
Southern Africa,,2007,2.5
Southern Africa,,2008,12.9
Southern Africa,,2009,54.6
Southern Africa,,2010,4.9
Southern Africa,,2011,5.7
Southern Africa,,2012,5.4
Southern Africa,,2013,6.6
Southern Africa,,2014,5.3
Southern Asia,,2000,6.7
Southern Asia,,2001,5.1
Southern Asia,,2002,5.9
Southern Asia,,2003,4.8
Southern Asia,,2004,4.2
Southern Asia,,2005,9.2
Southern Asia,,2006,6.8
Southern Asia,,2007,41.4
Southern Asia,,2008,6.7
Southern Asia,,2009,8.6
Southern Asia,,2010,3.5
Southern Asia,,2011,3.2
Southern Asia,,2012,4.8
Southern Asia,,2013,5.4
Southern Asia,,2014,13.7
Spain,ESP,2000,4.6
Spain,ESP,2001,14.8
Spain,ESP,2002,4.3
Spain,ESP,2003,7.1
Spain,ESP,2004,7.9
Spain,ESP,2005,6.2
Spain,ESP,2006,6.5
Spain,ESP,2007,6.1
Spain,ESP,2008,5.2
Spain,ESP,2009,8
Spain,ESP,2010,5.5
Spain,ESP,2011,4.5
Spain,ESP,2012,6.2
Spain,ESP,2013,7.2
Spain,ESP,2014,8.4
Sri Lanka,LKA,2000,5.9
Sri Lanka,LKA,2001,7.5
Sri Lanka,LKA,2002,8.3
Sri Lanka,LKA,2003,7.8
Sri Lanka,LKA,2004,5.8
Sri Lanka,LKA,2005,5.4
Sri Lanka,LKA,2006,8.1
Sri Lanka,LKA,2007,66.3
Sri Lanka,LKA,2008,12.3
Sri Lanka,LKA,2009,11.2
Sri Lanka,LKA,2010,6.8
Sri Lanka,LKA,2011,7.9
Sri Lanka,LKA,2012,9
Sri Lanka,LKA,2013,9.1
Sri Lanka,LKA,2014,8.3
Sub-Saharan Africa,,2000,7.7
Sub-Saharan Africa,,2001,7.7
Sub-Saharan Africa,,2002,6.1
Sub-Saharan Africa,,2003,5.6
Sub-Saharan Africa,,2004,9.2
Sub-Saharan Africa,,2005,9
Sub-Saharan Africa,,2006,7.1
Sub-Saharan Africa,,2007,6.7
Sub-Saharan Africa,,2008,8.5
Sub-Saharan Africa,,2009,14.1
Sub-Saharan Africa,,2010,3.4
Sub-Saharan Africa,,2011,4.8
Sub-Saharan Africa,,2012,4.3
Sub-Saharan Africa,,2013,6.2
Suriname,SUR,2001,20.5
Suriname,SUR,2002,18.6
Suriname,SUR,2003,18.6
Suriname,SUR,2004,16.8
Suriname,SUR,2005,8.5
Suriname,SUR,2006,15.7
Suriname,SUR,2007,21
Suriname,SUR,2008,15.1
Suriname,SUR,2009,13.3
Suriname,SUR,2010,13.9
Suriname,SUR,2011,15.2
Suriname,SUR,2012,9.4
Suriname,SUR,2013,9.7
Sweden,SWE,2000,4.3
Sweden,SWE,2001,4.2
Sweden,SWE,2002,6.8
Sweden,SWE,2003,6.3
Sweden,SWE,2004,6.5
Sweden,SWE,2005,7.9
Sweden,SWE,2006,8.3
Sweden,SWE,2007,7.9
Sweden,SWE,2008,8.6
Sweden,SWE,2009,8.4
Sweden,SWE,2010,7.4
Sweden,SWE,2011,4.4
Sweden,SWE,2012,6.7
Sweden,SWE,2013,6.3
Sweden,SWE,2014,6.7
Switzerland,CHE,2000,6.2
Switzerland,CHE,2001,6.7
Switzerland,CHE,2002,5.7
Switzerland,CHE,2003,5.8
Switzerland,CHE,2004,7.3
Switzerland,CHE,2005,7.4
Switzerland,CHE,2006,7.7
Switzerland,CHE,2007,8
Switzerland,CHE,2008,5.8
Switzerland,CHE,2009,9.5
Switzerland,CHE,2010,7.4
Switzerland,CHE,2011,6.6
Switzerland,CHE,2012,6.6
Switzerland,CHE,2013,6.9
Switzerland,CHE,2014,6.6
Tanzania,TZA,2000,7.1
Tanzania,TZA,2001,7.5
Tanzania,TZA,2002,7.6
Tanzania,TZA,2003,7.1
Tanzania,TZA,2004,21.3
Tanzania,TZA,2005,5
Tanzania,TZA,2006,10.1
Tanzania,TZA,2007,11
Tanzania,TZA,2008,8.1
Tanzania,TZA,2009,8.5
Tanzania,TZA,2010,12
Tanzania,TZA,2011,4.9
Tanzania,TZA,2012,4.9
Tanzania,TZA,2013,7
Tanzania,TZA,2014,4.8
Thailand,THA,2000,3.7
Thailand,THA,2001,4.2
Thailand,THA,2002,3.7
Thailand,THA,2003,4.6
Thailand,THA,2004,7.6
Thailand,THA,2005,6
Thailand,THA,2006,10.2
Thailand,THA,2007,5.9
Thailand,THA,2008,9.2
Thailand,THA,2009,9.1
Thailand,THA,2010,4.4
Thailand,THA,2011,6.3
Thailand,THA,2012,6.5
Thailand,THA,2013,5.2
Thailand,THA,2014,2.8
Togo,TGO,2000,26.1
Togo,TGO,2001,26.4
Togo,TGO,2002,26.1
Togo,TGO,2003,23.4
Togo,TGO,2004,19.4
Togo,TGO,2005,25
Togo,TGO,2006,27.4
Togo,TGO,2007,29.5
Togo,TGO,2008,33.7
Togo,TGO,2009,29.9
Togo,TGO,2010,29.8
Togo,TGO,2011,20.7
Togo,TGO,2012,16.9
Togo,TGO,2013,10.9
Togo,TGO,2014,15.5
Trinidad and Tobago,TTO,2000,12.8
Trinidad and Tobago,TTO,2001,14.3
Trinidad and Tobago,TTO,2002,8
Trinidad and Tobago,TTO,2003,9.2
Trinidad and Tobago,TTO,2004,10
Trinidad and Tobago,TTO,2005,14.3
Trinidad and Tobago,TTO,2006,10.6
Trinidad and Tobago,TTO,2007,11.7
Trinidad and Tobago,TTO,2008,13.6
Trinidad and Tobago,TTO,2009,13.6
Trinidad and Tobago,TTO,2010,20.8
Trinidad and Tobago,TTO,2011,14.1
Trinidad and Tobago,TTO,2012,14.8
Trinidad and Tobago,TTO,2013,16.5
Tunisia,TUN,2000,4.2
Tunisia,TUN,2001,2.9
Tunisia,TUN,2002,4
Tunisia,TUN,2003,5.3
Tunisia,TUN,2004,5.5
Tunisia,TUN,2005,7
Tunisia,TUN,2006,7.3
Tunisia,TUN,2007,6.9
Tunisia,TUN,2008,5.8
Tunisia,TUN,2009,9.5
Tunisia,TUN,2010,4.1
Tunisia,TUN,2011,3.8
Tunisia,TUN,2012,7.2
Tunisia,TUN,2013,7.3
Tunisia,TUN,2014,4.7
Turkey,TUR,2000,19.8
Turkey,TUR,2001,15.4
Turkey,TUR,2002,25.2
Turkey,TUR,2003,19.1
Turkey,TUR,2004,15.1
Turkey,TUR,2005,33.5
Turkey,TUR,2006,13.9
Turkey,TUR,2007,14.4
Turkey,TUR,2008,14.4
Turkey,TUR,2009,13
Turkey,TUR,2010,19
Turkey,TUR,2011,23
Turkey,TUR,2012,16
Turkey,TUR,2013,14.8
Turkey,TUR,2014,12.9
Uganda,UGA,2000,19
Uganda,UGA,2001,17.4
Uganda,UGA,2002,12.2
Uganda,UGA,2003,16.5
Uganda,UGA,2004,15.2
Uganda,UGA,2005,19.8
Uganda,UGA,2006,25
Uganda,UGA,2007,26.8
Uganda,UGA,2008,16.5
Uganda,UGA,2009,15.4
Uganda,UGA,2010,18.7
Uganda,UGA,2011,25.7
Uganda,UGA,2012,22.5
Uganda,UGA,2013,18.2
Uganda,UGA,2014,21.8
Ukraine,UKR,2000,8.7
Ukraine,UKR,2001,6.4
Ukraine,UKR,2002,7.2
Ukraine,UKR,2003,5.7
Ukraine,UKR,2004,4.8
Ukraine,UKR,2005,4.7
Ukraine,UKR,2006,8.5
Ukraine,UKR,2007,8.1
Ukraine,UKR,2008,11.3
Ukraine,UKR,2009,10.5
Ukraine,UKR,2010,7.8
Ukraine,UKR,2011,6.4
Ukraine,UKR,2012,5.1
Ukraine,UKR,2013,4.5
Ukraine,UKR,2014,3.9
United Kingdom,GBR,2000,7.4
United Kingdom,GBR,2001,8.8
United Kingdom,GBR,2002,4.7
United Kingdom,GBR,2003,4.5
United Kingdom,GBR,2004,4.4
United Kingdom,GBR,2005,6.6
United Kingdom,GBR,2006,5.1
United Kingdom,GBR,2007,6
United Kingdom,GBR,2008,7.8
United Kingdom,GBR,2009,8.6
United Kingdom,GBR,2010,5.8
United Kingdom,GBR,2011,7.1
United Kingdom,GBR,2012,5.7
United Kingdom,GBR,2013,4.2
United Kingdom,GBR,2014,5
United States,USA,2000,0
United States,USA,2001,0
United States,USA,2002,0
United States,USA,2003,0
United States,USA,2004,0
United States,USA,2005,0
United States,USA,2006,0
United States,USA,2007,0
United States,USA,2008,0
United States,USA,2009,0
United States,USA,2010,0
United States,USA,2011,0
United States,USA,2012,0
United States,USA,2013,0
United States,USA,2014,0
Uruguay,URY,2000,5.1
Uruguay,URY,2001,8.8
Uruguay,URY,2002,8.3
Uruguay,URY,2003,11.1
Uruguay,URY,2004,9.1
Uruguay,URY,2005,6.2
Uruguay,URY,2006,7.7
Uruguay,URY,2007,7.9
Uruguay,URY,2008,10.2
Uruguay,URY,2009,15.1
Uruguay,URY,2010,10.6
Uruguay,URY,2011,5.3
Uruguay,URY,2012,8.9
Uruguay,URY,2013,6.5
Uruguay,URY,2014,6.4
Venezuela,VEN,2000,6.6
Venezuela,VEN,2001,8.6
Venezuela,VEN,2002,10.7
Venezuela,VEN,2003,19.3
Venezuela,VEN,2004,10.7
Venezuela,VEN,2005,11.7
Venezuela,VEN,2006,19.3
Venezuela,VEN,2007,17.2
Venezuela,VEN,2008,14.1
Venezuela,VEN,2009,10.4
Venezuela,VEN,2010,20.9
Venezuela,VEN,2011,6.8
Venezuela,VEN,2012,6.1
Venezuela,VEN,2013,12.3
Venezuela,VEN,2014,12.8
West Asia,,2000,10.2
West Asia,,2001,8.8
West Asia,,2002,13.5
West Asia,,2003,10.7
West Asia,,2004,17.8
West Asia,,2005,15.9
West Asia,,2006,28.6
West Asia,,2007,13
West Asia,,2008,19.6
West Asia,,2009,17.8
West Asia,,2010,10.1
West Asia,,2011,11.1
West Asia,,2012,10.6
West Asia,,2013,15.5
West Asia,,2014,13.8
Western Africa,,2000,9.1
Western Africa,,2001,13
Western Africa,,2002,11.2
Western Africa,,2003,8.9
Western Africa,,2004,14.3
Western Africa,,2005,14.6
Western Africa,,2006,11.4
Western Africa,,2007,13
Western Africa,,2008,12.3
Western Africa,,2009,8.5
Western Africa,,2010,5.2
Western Africa,,2011,10.1
Western Africa,,2012,8.2
Western Africa,,2013,3.8
World,OWID_WRL,2000,3.6
World,OWID_WRL,2001,6.2
World,OWID_WRL,2002,5.4
World,OWID_WRL,2003,7.1
World,OWID_WRL,2004,7.8
World,OWID_WRL,2005,6.3
World,OWID_WRL,2006,9.8
World,OWID_WRL,2007,5.6
World,OWID_WRL,2008,6.8
World,OWID_WRL,2009,9.9
World,OWID_WRL,2010,6.5
World,OWID_WRL,2011,5.7
World,OWID_WRL,2012,6.9
World,OWID_WRL,2013,7.8
World,OWID_WRL,2014,6.4
Yemen,YEM,2004,17.1
Yemen,YEM,2005,19.5
Yemen,YEM,2006,35
Yemen,YEM,2007,22.2
Yemen,YEM,2008,33.2
Yemen,YEM,2009,9.7
Yemen,YEM,2010,13.9
Yemen,YEM,2011,12
Yemen,YEM,2012,15.3
Yemen,YEM,2013,11
Zambia,ZMB,2000,9.2
Zambia,ZMB,2001,14.2
Zambia,ZMB,2002,40
Zambia,ZMB,2003,9.7
Zambia,ZMB,2004,6.1
Zambia,ZMB,2005,4.2
Zambia,ZMB,2006,7.1
Zambia,ZMB,2007,8.4
Zambia,ZMB,2008,9.7
Zambia,ZMB,2009,8.7
Zambia,ZMB,2010,5.2
Zambia,ZMB,2011,5.7
Zambia,ZMB,2012,13.7
Zambia,ZMB,2013,3.2