Entity,Code,Year,2.2.2 - Proportion of children moderately or severely overweight (%) - SN_STA_OVWGT
Afghanistan,AFG,2004,4.6
Afghanistan,AFG,2013,5.3
Afghanistan,AFG,2018,4.1
Africa,,2000,6.2
Africa,,2001,6.4
Africa,,2002,6.5
Africa,,2003,6.5
Africa,,2004,6.5
Africa,,2005,6.3
Africa,,2006,6
Africa,,2007,5.7
Africa,,2008,5.5
Africa,,2009,5.3
Africa,,2010,5.1
Africa,,2011,5.1
Africa,,2012,5
Africa,,2013,5
Africa,,2014,5
Africa,,2015,5
Africa,,2016,5.1
Africa,,2017,5.1
Africa,,2018,5.2
Africa,,2019,5.2
Africa,,2020,5.3
Albania,ALB,2000,30.1
Albania,ALB,2005,24.8
Albania,ALB,2009,23.2
Albania,ALB,2017,16.4
Algeria,DZA,2000,14.7
Algeria,DZA,2002,15.1
Algeria,DZA,2006,12.9
Algeria,DZA,2012,12.4
Algeria,DZA,2019,12.8
Angola,AGO,2015,3.4
Argentina,ARG,2005,9.9
Argentina,ARG,2019,13.6
Armenia,ARM,2000,15.7
Armenia,ARM,2005,11.4
Armenia,ARM,2010,16.5
Armenia,ARM,2016,13.7
Asia,,2000,4.5
Asia,,2001,4.6
Asia,,2002,4.6
Asia,,2003,4.6
Asia,,2004,4.7
Asia,,2005,4.7
Asia,,2006,4.7
Asia,,2007,4.7
Asia,,2008,4.8
Asia,,2009,4.8
Asia,,2010,4.9
Asia,,2011,4.9
Asia,,2012,4.9
Asia,,2013,5
Asia,,2014,5
Asia,,2015,5
Asia,,2016,5
Asia,,2017,5.1
Asia,,2018,5.1
Asia,,2019,5.1
Asia,,2020,5.2
Australia,AUS,2007,7.7
Australia,AUS,2014,17.9
Australia,AUS,2017,22
Australia and New Zealand,,2000,7.7
Australia and New Zealand,,2001,8
Australia and New Zealand,,2002,8.3
Australia and New Zealand,,2003,8.7
Australia and New Zealand,,2004,9.1
Australia and New Zealand,,2005,9.5
Australia and New Zealand,,2006,9.9
Australia and New Zealand,,2007,10.3
Australia and New Zealand,,2008,10.8
Australia and New Zealand,,2009,11.3
Australia and New Zealand,,2010,11.8
Australia and New Zealand,,2011,12.4
Australia and New Zealand,,2012,12.9
Australia and New Zealand,,2013,13.5
Australia and New Zealand,,2014,14.1
Australia and New Zealand,,2015,14.7
Australia and New Zealand,,2016,15.2
Australia and New Zealand,,2017,15.7
Australia and New Zealand,,2018,16.2
Australia and New Zealand,,2019,16.6
Australia and New Zealand,,2020,16.9
Azerbaijan,AZE,2000,6.2
Azerbaijan,AZE,2001,4.4
Azerbaijan,AZE,2006,13.9
Azerbaijan,AZE,2011,10.4
Azerbaijan,AZE,2013,14.1
Bangladesh,BGD,2000,0.9
Bangladesh,BGD,2001,0.9
Bangladesh,BGD,2002,1
Bangladesh,BGD,2003,1
Bangladesh,BGD,2004,0.9
Bangladesh,BGD,2005,1
Bangladesh,BGD,2006,0.8
Bangladesh,BGD,2007,1.1
Bangladesh,BGD,2011,1.9
Bangladesh,BGD,2013,2.6
Bangladesh,BGD,2014,1.6
Bangladesh,BGD,2018,2.2
Bangladesh,BGD,2019,2.4
Barbados,BRB,2012,12.2
Belarus,BLR,2005,9.7
Belgium,BEL,2014,3.9
Belize,BLZ,2006,13.6
Belize,BLZ,2011,7.9
Belize,BLZ,2015,7.3
Benin,BEN,2001,3.1
Benin,BEN,2008,1.5
Benin,BEN,2014,1.7
Benin,BEN,2018,1.9
Bhutan,BTN,2008,5.4
Bhutan,BTN,2010,7.6
Bolivia,BOL,2003,9.2
Bolivia,BOL,2008,8.7
Bolivia,BOL,2012,7.4
Bolivia,BOL,2016,10.1
Bosnia and Herzegovina,BIH,2000,16.3
Bosnia and Herzegovina,BIH,2006,25.7
Bosnia and Herzegovina,BIH,2012,17.4
Botswana,BWA,2000,10.1
Botswana,BWA,2007,10
Brazil,BRA,2007,6.4
Brunei,BRN,2009,8.3
Bulgaria,BGR,2004,13.6
Bulgaria,BGR,2007,6.9
Bulgaria,BGR,2014,6.9
Burkina Faso,BFA,2010,2.8
Burkina Faso,BFA,2011,0.7
Burkina Faso,BFA,2012,0.6
Burkina Faso,BFA,2013,0.8
Burkina Faso,BFA,2014,1.1
Burkina Faso,BFA,2015,0.9
Burkina Faso,BFA,2016,1.2
Burkina Faso,BFA,2017,1.7
Burkina Faso,BFA,2018,1
Burkina Faso,BFA,2019,1.6
Burundi,BDI,2000,1.5
Burundi,BDI,2010,2.9
Burundi,BDI,2016,1.4
Burundi,BDI,2018,1.8
Burundi,BDI,2019,2.8
Cambodia,KHM,2000,4
Cambodia,KHM,2005,1.6
Cambodia,KHM,2008,2
Cambodia,KHM,2010,1.9
Cambodia,KHM,2014,2.2
Cameroon,CMR,2004,8.7
Cameroon,CMR,2006,10.5
Cameroon,CMR,2011,6.5
Cameroon,CMR,2014,6.7
Cameroon,CMR,2018,11
Canada,CAN,2004,10.4
Caribbean,,2000,5.8
Caribbean,,2001,5.8
Caribbean,,2002,5.9
Caribbean,,2003,6
Caribbean,,2004,6.1
Caribbean,,2005,6.1
Caribbean,,2006,6.2
Caribbean,,2007,6.2
Caribbean,,2008,6.3
Caribbean,,2009,6.3
Caribbean,,2010,6.3
Caribbean,,2011,6.4
Caribbean,,2012,6.4
Caribbean,,2013,6.5
Caribbean,,2014,6.5
Caribbean,,2015,6.5
Caribbean,,2016,6.6
Caribbean,,2017,6.6
Caribbean,,2018,6.6
Caribbean,,2019,6.6
Caribbean,,2020,6.6
Central African Republic,CAF,2000,10.8
Central African Republic,CAF,2006,8.6
Central African Republic,CAF,2010,1.8
Central African Republic,CAF,2012,2
Central African Republic,CAF,2014,2.1
Central African Republic,CAF,2018,1
Central African Republic,CAF,2019,1.5
Central America,,2000,6.7
Central America,,2001,6.8
Central America,,2002,6.8
Central America,,2003,6.8
Central America,,2004,6.8
Central America,,2005,6.8
Central America,,2006,6.8
Central America,,2007,6.8
Central America,,2008,6.8
Central America,,2009,6.7
Central America,,2010,6.7
Central America,,2011,6.6
Central America,,2012,6.6
Central America,,2013,6.5
Central America,,2014,6.5
Central America,,2015,6.4
Central America,,2016,6.4
Central America,,2017,6.4
Central America,,2018,6.3
Central America,,2019,6.3
Central America,,2020,6.3
Central Asia,,2000,9.6
Central Asia,,2001,10
Central Asia,,2002,10.3
Central Asia,,2003,10.6
Central Asia,,2004,10.7
Central Asia,,2005,10.8
Central Asia,,2006,10.7
Central Asia,,2007,10.5
Central Asia,,2008,10.2
Central Asia,,2009,9.9
Central Asia,,2010,9.5
Central Asia,,2011,9
Central Asia,,2012,8.5
Central Asia,,2013,7.9
Central Asia,,2014,7.4
Central Asia,,2015,6.9
Central Asia,,2016,6.5
Central Asia,,2017,6.2
Central Asia,,2018,6
Central Asia,,2019,5.8
Central Asia,,2020,5.6
Central and Southern Asia,,2000,3.5
Central and Southern Asia,,2001,3.6
Central and Southern Asia,,2002,3.6
Central and Southern Asia,,2003,3.6
Central and Southern Asia,,2004,3.5
Central and Southern Asia,,2005,3.5
Central and Southern Asia,,2006,3.5
Central and Southern Asia,,2007,3.4
Central and Southern Asia,,2008,3.4
Central and Southern Asia,,2009,3.3
Central and Southern Asia,,2010,3.3
Central and Southern Asia,,2011,3.2
Central and Southern Asia,,2012,3.1
Central and Southern Asia,,2013,3.1
Central and Southern Asia,,2014,3
Central and Southern Asia,,2015,2.9
Central and Southern Asia,,2016,2.9
Central and Southern Asia,,2017,2.8
Central and Southern Asia,,2018,2.8
Central and Southern Asia,,2019,2.7
Central and Southern Asia,,2020,2.7
Chad,TCD,2000,2.7
Chad,TCD,2004,4.2
Chad,TCD,2010,2.8
Chad,TCD,2015,2.8
Chad,TCD,2017,2
Chad,TCD,2019,2.3
Chile,CHL,2001,12.9
Chile,CHL,2002,12
Chile,CHL,2003,12.1
Chile,CHL,2004,12.1
Chile,CHL,2006,11.7
Chile,CHL,2007,9.8
Chile,CHL,2008,9.5
Chile,CHL,2013,10.1
Chile,CHL,2014,9.3
China,CHN,2000,3.4
China,CHN,2002,9.2
China,CHN,2005,5.9
China,CHN,2008,5.8
China,CHN,2009,5.7
China,CHN,2010,6.6
China,CHN,2013,9.1
China,CHN,2017,8.5
Colombia,COL,2000,5.3
Colombia,COL,2005,4.2
Colombia,COL,2010,4.8
Colombia,COL,2016,5.7
Comoros,COM,2000,21.5
Comoros,COM,2012,10.6
Congo,COG,2005,8.5
Congo,COG,2011,3.5
Congo,COG,2014,5.9
Costa Rica,CRI,2008,8.1
Costa Rica,CRI,2018,7.5
Cote d'Ivoire,CIV,2007,4.9
Cote d'Ivoire,CIV,2012,3.2
Cote d'Ivoire,CIV,2016,1.5
Cuba,CUB,2019,10.3
Czechia,CZE,2001,4.4
Democratic Republic of Congo,COD,2001,6.7
Democratic Republic of Congo,COD,2007,7
Democratic Republic of Congo,COD,2010,4.9
Democratic Republic of Congo,COD,2013,4.4
Democratic Republic of Congo,COD,2017,3.8
Djibouti,DJI,2002,8.4
Djibouti,DJI,2012,8.1
Dominican Republic,DOM,2000,6.9
Dominican Republic,DOM,2002,8.6
Dominican Republic,DOM,2006,6.2
Dominican Republic,DOM,2007,8.3
Dominican Republic,DOM,2013,7.6
Eastern Africa,,2000,5.3
Eastern Africa,,2001,5.5
Eastern Africa,,2002,5.7
Eastern Africa,,2003,5.7
Eastern Africa,,2004,5.6
Eastern Africa,,2005,5.5
Eastern Africa,,2006,5.2
Eastern Africa,,2007,5
Eastern Africa,,2008,4.7
Eastern Africa,,2009,4.5
Eastern Africa,,2010,4.3
Eastern Africa,,2011,4.1
Eastern Africa,,2012,4
Eastern Africa,,2013,3.9
Eastern Africa,,2014,3.8
Eastern Africa,,2015,3.8
Eastern Africa,,2016,3.8
Eastern Africa,,2017,3.8
Eastern Africa,,2018,3.9
Eastern Africa,,2019,3.9
Eastern Africa,,2020,4
Eastern Asia,,2000,6
Eastern Asia,,2001,6.1
Eastern Asia,,2002,6.1
Eastern Asia,,2003,6.1
Eastern Asia,,2004,6.2
Eastern Asia,,2005,6.2
Eastern Asia,,2006,6.3
Eastern Asia,,2007,6.4
Eastern Asia,,2008,6.5
Eastern Asia,,2009,6.5
Eastern Asia,,2010,6.6
Eastern Asia,,2011,6.8
Eastern Asia,,2012,6.8
Eastern Asia,,2013,6.9
Eastern Asia,,2014,7
Eastern Asia,,2015,7.1
Eastern Asia,,2016,7.1
Eastern Asia,,2017,7.3
Eastern Asia,,2018,7.5
Eastern Asia,,2019,7.7
Eastern Asia,,2020,7.9
Eastern Europe,,2000,11.9
Eastern Europe,,2001,12.6
Eastern Europe,,2002,13.3
Eastern Europe,,2003,13.8
Eastern Europe,,2004,14.4
Eastern Europe,,2005,14.8
Eastern Europe,,2006,14.9
Eastern Europe,,2007,15
Eastern Europe,,2008,15
Eastern Europe,,2009,14.8
Eastern Europe,,2010,14.5
Eastern Europe,,2011,14.1
Eastern Europe,,2012,13.5
Eastern Europe,,2013,13
Eastern Europe,,2014,12.3
Eastern Europe,,2015,11.7
Eastern Europe,,2016,11.2
Eastern Europe,,2017,10.7
Eastern Europe,,2018,10.4
Eastern Europe,,2019,10.1
Eastern Europe,,2020,9.9
Eastern and South-Eastern Asia,,2000,5.2
Eastern and South-Eastern Asia,,2001,5.3
Eastern and South-Eastern Asia,,2002,5.4
Eastern and South-Eastern Asia,,2003,5.4
Eastern and South-Eastern Asia,,2004,5.5
Eastern and South-Eastern Asia,,2005,5.5
Eastern and South-Eastern Asia,,2006,5.6
Eastern and South-Eastern Asia,,2007,5.7
Eastern and South-Eastern Asia,,2008,5.9
Eastern and South-Eastern Asia,,2009,6
Eastern and South-Eastern Asia,,2010,6.2
Eastern and South-Eastern Asia,,2011,6.3
Eastern and South-Eastern Asia,,2012,6.5
Eastern and South-Eastern Asia,,2013,6.6
Eastern and South-Eastern Asia,,2014,6.8
Eastern and South-Eastern Asia,,2015,6.9
Eastern and South-Eastern Asia,,2016,7
Eastern and South-Eastern Asia,,2017,7.2
Eastern and South-Eastern Asia,,2018,7.4
Eastern and South-Eastern Asia,,2019,7.6
Eastern and South-Eastern Asia,,2020,7.7
Ecuador,ECU,2004,5.3
Ecuador,ECU,2006,5.2
Ecuador,ECU,2012,7.5
Ecuador,ECU,2014,8
Ecuador,ECU,2019,11.7
Egypt,EGY,2003,9.2
Egypt,EGY,2005,14.1
Egypt,EGY,2008,20.4
Egypt,EGY,2014,15.7
El Salvador,SLV,2003,5.8
El Salvador,SLV,2008,5.7
El Salvador,SLV,2014,6.4
Equatorial Guinea,GNQ,2000,14
Equatorial Guinea,GNQ,2004,8.3
Equatorial Guinea,GNQ,2011,9.7
Eritrea,ERI,2002,1.6
Eritrea,ERI,2010,2.1
Estonia,EST,2014,5
Eswatini,SWZ,2000,14.9
Eswatini,SWZ,2006,11.1
Eswatini,SWZ,2010,10.7
Eswatini,SWZ,2014,9
Ethiopia,ETH,2000,2
Ethiopia,ETH,2005,5.1
Ethiopia,ETH,2011,1.8
Ethiopia,ETH,2014,2.9
Ethiopia,ETH,2016,2.9
Ethiopia,ETH,2019,2.1
Europe,,2000,8.1
Europe,,2001,8.5
Europe,,2002,8.8
Europe,,2003,9
Europe,,2004,9.3
Europe,,2005,9.5
Europe,,2006,9.7
Europe,,2007,9.8
Europe,,2008,9.9
Europe,,2009,9.9
Europe,,2010,9.9
Europe,,2011,9.8
Europe,,2012,9.6
Europe,,2013,9.4
Europe,,2014,9.2
Europe,,2015,9
Europe,,2016,8.8
Europe,,2017,8.6
Europe,,2018,8.5
Europe,,2019,8.4
Europe,,2020,8.3
Europe and Northern America,,2000,7.8
Europe and Northern America,,2001,8.1
Europe and Northern America,,2002,8.3
Europe and Northern America,,2003,8.6
Europe and Northern America,,2004,8.8
Europe and Northern America,,2005,8.9
Europe and Northern America,,2006,9.1
Europe and Northern America,,2007,9.2
Europe and Northern America,,2008,9.3
Europe and Northern America,,2009,9.4
Europe and Northern America,,2010,9.4
Europe and Northern America,,2011,9.4
Europe and Northern America,,2012,9.3
Europe and Northern America,,2013,9.2
Europe and Northern America,,2014,9.1
Europe and Northern America,,2015,9
Europe and Northern America,,2016,8.9
Europe and Northern America,,2017,8.8
Europe and Northern America,,2018,8.7
Europe and Northern America,,2019,8.6
Europe and Northern America,,2020,8.6
Fiji,FJI,2004,5.1
Gabon,GAB,2000,5.5
Gabon,GAB,2012,7.7
Gambia,GMB,2000,3
Gambia,GMB,2006,2.7
Gambia,GMB,2010,1.9
Gambia,GMB,2012,1.1
Gambia,GMB,2013,3.2
Gambia,GMB,2018,2.5
Gambia,GMB,2020,2.1
Georgia,GEO,2005,20.8
Georgia,GEO,2009,19.8
Georgia,GEO,2018,6
Germany,DEU,2004,3.5
Germany,DEU,2016,3.2
Ghana,GHA,2003,4.5
Ghana,GHA,2006,2.6
Ghana,GHA,2008,5.7
Ghana,GHA,2011,2.6
Ghana,GHA,2014,2.6
Ghana,GHA,2017,1.4
Greece,GRC,2003,13.6
Guatemala,GTM,2000,7.3
Guatemala,GTM,2002,5.2
Guatemala,GTM,2009,4.9
Guatemala,GTM,2015,4.9
Guinea,GIN,2005,5.2
Guinea,GIN,2007,6.4
Guinea,GIN,2012,3.8
Guinea,GIN,2016,4
Guinea,GIN,2018,5.6
Guinea-Bissau,GNB,2000,5
Guinea-Bissau,GNB,2010,2.8
Guinea-Bissau,GNB,2012,1.9
Guinea-Bissau,GNB,2014,2.3
Guinea-Bissau,GNB,2019,2.2
Guyana,GUY,2000,5.5
Guyana,GUY,2006,6.8
Guyana,GUY,2009,6.7
Guyana,GUY,2014,5.3
Haiti,HTI,2000,3.1
Haiti,HTI,2006,3.9
Haiti,HTI,2012,3.6
Haiti,HTI,2017,3.4
Honduras,HND,2001,3
Honduras,HND,2006,5.8
Honduras,HND,2012,5.2
India,IND,2006,1.9
India,IND,2015,2.4
India,IND,2017,1.6
Indonesia,IDN,2000,1.5
Indonesia,IDN,2001,1.5
Indonesia,IDN,2004,5.1
Indonesia,IDN,2007,11.2
Indonesia,IDN,2010,12.3
Indonesia,IDN,2013,11.5
Indonesia,IDN,2018,8
Iraq,IRQ,2000,5.5
Iraq,IRQ,2006,15
Iraq,IRQ,2011,11.4
Iraq,IRQ,2018,6.1
Jamaica,JAM,2000,7.3
Jamaica,JAM,2001,5.8
Jamaica,JAM,2002,8.5
Jamaica,JAM,2004,7.5
Jamaica,JAM,2006,6.1
Jamaica,JAM,2007,8.7
Jamaica,JAM,2008,7.8
Jamaica,JAM,2010,4.1
Jamaica,JAM,2012,7.8
Jamaica,JAM,2014,8.3
Jamaica,JAM,2016,6.8
Japan,JPN,2010,1.5
Jordan,JOR,2002,4.5
Jordan,JOR,2009,6.6
Jordan,JOR,2012,4.7
Kazakhstan,KAZ,2006,16.9
Kazakhstan,KAZ,2010,13.3
Kazakhstan,KAZ,2015,9.3
Kenya,KEN,2000,8.1
Kenya,KEN,2003,5.8
Kenya,KEN,2005,7.9
Kenya,KEN,2008,5
Kenya,KEN,2014,4.1
Kiribati,KIR,2018,2.1
Kuwait,KWT,2001,11
Kuwait,KWT,2002,6.6
Kuwait,KWT,2003,6.8
Kuwait,KWT,2004,7.1
Kuwait,KWT,2005,7.5
Kuwait,KWT,2006,8.7
Kuwait,KWT,2007,8.5
Kuwait,KWT,2008,9.3
Kuwait,KWT,2009,9
Kuwait,KWT,2010,7.8
Kuwait,KWT,2011,8.3
Kuwait,KWT,2012,9.5
Kuwait,KWT,2013,7.8
Kuwait,KWT,2014,8.7
Kuwait,KWT,2015,6
Kuwait,KWT,2016,6.8
Kuwait,KWT,2017,5.5
Kyrgyzstan,KGZ,2006,10.7
Kyrgyzstan,KGZ,2009,4.4
Kyrgyzstan,KGZ,2012,8.9
Kyrgyzstan,KGZ,2014,7
Kyrgyzstan,KGZ,2018,6.9
Landlocked developing countries (LLDCs),,2000,5.2
Landlocked developing countries (LLDCs),,2001,5.3
Landlocked developing countries (LLDCs),,2002,5.4
Landlocked developing countries (LLDCs),,2003,5.5
Landlocked developing countries (LLDCs),,2004,5.5
Landlocked developing countries (LLDCs),,2005,5.4
Landlocked developing countries (LLDCs),,2006,5.2
Landlocked developing countries (LLDCs),,2007,5
Landlocked developing countries (LLDCs),,2008,4.9
Landlocked developing countries (LLDCs),,2009,4.7
Landlocked developing countries (LLDCs),,2010,4.5
Landlocked developing countries (LLDCs),,2011,4.4
Landlocked developing countries (LLDCs),,2012,4.3
Landlocked developing countries (LLDCs),,2013,4.1
Landlocked developing countries (LLDCs),,2014,4
Landlocked developing countries (LLDCs),,2015,4
Landlocked developing countries (LLDCs),,2016,3.9
Landlocked developing countries (LLDCs),,2017,3.9
Landlocked developing countries (LLDCs),,2018,3.9
Landlocked developing countries (LLDCs),,2019,3.9
Landlocked developing countries (LLDCs),,2020,3.9
Laos,LAO,2000,2.7
Laos,LAO,2006,1.3
Laos,LAO,2011,2
Laos,LAO,2015,2.5
Laos,LAO,2017,3.5
Latin America and the Caribbean,,2000,6.8
Latin America and the Caribbean,,2001,6.9
Latin America and the Caribbean,,2002,6.9
Latin America and the Caribbean,,2003,7
Latin America and the Caribbean,,2004,7
Latin America and the Caribbean,,2005,7.1
Latin America and the Caribbean,,2006,7.1
Latin America and the Caribbean,,2007,7.2
Latin America and the Caribbean,,2008,7.2
Latin America and the Caribbean,,2009,7.2
Latin America and the Caribbean,,2010,7.2
Latin America and the Caribbean,,2011,7.3
Latin America and the Caribbean,,2012,7.3
Latin America and the Caribbean,,2013,7.3
Latin America and the Caribbean,,2014,7.3
Latin America and the Caribbean,,2015,7.4
Latin America and the Caribbean,,2016,7.4
Latin America and the Caribbean,,2017,7.4
Latin America and the Caribbean,,2018,7.4
Latin America and the Caribbean,,2019,7.5
Latin America and the Caribbean,,2020,7.5
Least developed countries (LDCs),,2000,3.9
Least developed countries (LDCs),,2001,4
Least developed countries (LDCs),,2002,4.1
Least developed countries (LDCs),,2003,4.2
Least developed countries (LDCs),,2004,4.1
Least developed countries (LDCs),,2005,4
Least developed countries (LDCs),,2006,3.9
Least developed countries (LDCs),,2007,3.7
Least developed countries (LDCs),,2008,3.6
Least developed countries (LDCs),,2009,3.4
Least developed countries (LDCs),,2010,3.3
Least developed countries (LDCs),,2011,3.2
Least developed countries (LDCs),,2012,3.2
Least developed countries (LDCs),,2013,3.1
Least developed countries (LDCs),,2014,3.1
Least developed countries (LDCs),,2015,3.1
Least developed countries (LDCs),,2016,3.1
Least developed countries (LDCs),,2017,3.2
Least developed countries (LDCs),,2018,3.2
Least developed countries (LDCs),,2019,3.3
Least developed countries (LDCs),,2020,3.4
Lebanon,LBN,2004,16.7
Lesotho,LSO,2004,6.7
Lesotho,LSO,2009,7.3
Lesotho,LSO,2014,7.5
Lesotho,LSO,2018,6.6
Liberia,LBR,2000,4.6
Liberia,LBR,2007,4.2
Liberia,LBR,2010,2.7
Liberia,LBR,2013,3.2
Liberia,LBR,2016,2.7
Liberia,LBR,2019,4.4
Libya,LBY,2007,22.4
Libya,LBY,2014,29.6
Madagascar,MDG,2004,6.2
Madagascar,MDG,2012,1.1
Madagascar,MDG,2018,1.4
Malawi,MWI,2000,8.8
Malawi,MWI,2002,10
Malawi,MWI,2004,10.2
Malawi,MWI,2006,11.3
Malawi,MWI,2009,4.9
Malawi,MWI,2010,9
Malawi,MWI,2014,5.1
Malawi,MWI,2015,4.6
Malawi,MWI,2016,1.5
Malawi,MWI,2017,1.6
Malawi,MWI,2018,2.5
Malawi,MWI,2019,3.8
Malaysia,MYS,2006,5.8
Malaysia,MYS,2015,7.1
Malaysia,MYS,2016,6
Malaysia,MYS,2019,5.2
Maldives,MDV,2001,3.9
Maldives,MDV,2009,6.2
Maldives,MDV,2017,4.9
Mali,MLI,2001,3.1
Mali,MLI,2006,4.6
Mali,MLI,2010,1
Mali,MLI,2011,0.8
Mali,MLI,2014,1.2
Mali,MLI,2015,1.9
Mali,MLI,2016,0.5
Mali,MLI,2017,1.6
Mali,MLI,2018,2
Mali,MLI,2019,0.7
Marshall Islands,MHL,2017,4.1
Mauritania,MRT,2000,3.8
Mauritania,MRT,2007,2.3
Mauritania,MRT,2008,1
Mauritania,MRT,2011,3.2
Mauritania,MRT,2012,1.2
Mauritania,MRT,2015,1.3
Mauritania,MRT,2018,1.5
Melanesia,OWID_MNS,2000,5.2
Melanesia,OWID_MNS,2001,5.4
Melanesia,OWID_MNS,2002,5.6
Melanesia,OWID_MNS,2003,5.8
Melanesia,OWID_MNS,2004,5.9
Melanesia,OWID_MNS,2005,6.1
Melanesia,OWID_MNS,2006,6.3
Melanesia,OWID_MNS,2007,6.5
Melanesia,OWID_MNS,2008,6.7
Melanesia,OWID_MNS,2009,6.9
Melanesia,OWID_MNS,2010,7.1
Melanesia,OWID_MNS,2011,7.3
Melanesia,OWID_MNS,2012,7.4
Melanesia,OWID_MNS,2013,7.6
Melanesia,OWID_MNS,2014,7.7
Melanesia,OWID_MNS,2015,7.8
Melanesia,OWID_MNS,2016,7.9
Melanesia,OWID_MNS,2017,8
Melanesia,OWID_MNS,2018,8.1
Melanesia,OWID_MNS,2019,8.1
Melanesia,OWID_MNS,2020,8.2
Mexico,MEX,2006,7.5
Mexico,MEX,2012,9
Mexico,MEX,2015,5.2
Mexico,MEX,2016,5.3
Mexico,MEX,2019,6.3
Micronesia (country),FSM,2000,4.2
Micronesia (country),FSM,2001,4.3
Micronesia (country),FSM,2002,4.4
Micronesia (country),FSM,2003,4.4
Micronesia (country),FSM,2004,4.5
Micronesia (country),FSM,2005,4.5
Micronesia (country),FSM,2006,4.5
Micronesia (country),FSM,2007,4.5
Micronesia (country),FSM,2008,4.5
Micronesia (country),FSM,2009,4.5
Micronesia (country),FSM,2010,4.5
Micronesia (country),FSM,2011,4.5
Micronesia (country),FSM,2012,4.5
Micronesia (country),FSM,2013,4.6
Micronesia (country),FSM,2014,4.6
Micronesia (country),FSM,2015,4.6
Micronesia (country),FSM,2016,4.7
Micronesia (country),FSM,2017,4.7
Micronesia (country),FSM,2018,4.7
Micronesia (country),FSM,2019,4.8
Micronesia (country),FSM,2020,4.8
Middle Africa,,2000,5.9
Middle Africa,,2001,6.2
Middle Africa,,2002,6.4
Middle Africa,,2003,6.5
Middle Africa,,2004,6.5
Middle Africa,,2005,6.2
Middle Africa,,2006,5.9
Middle Africa,,2007,5.6
Middle Africa,,2008,5.2
Middle Africa,,2009,5
Middle Africa,,2010,4.7
Middle Africa,,2011,4.6
Middle Africa,,2012,4.4
Middle Africa,,2013,4.4
Middle Africa,,2014,4.3
Middle Africa,,2015,4.3
Middle Africa,,2016,4.4
Middle Africa,,2017,4.4
Middle Africa,,2018,4.5
Middle Africa,,2019,4.7
Middle Africa,,2020,4.8
Moldova,MDA,2005,8.9
Moldova,MDA,2012,4.9
Mongolia,MNG,2000,12.7
Mongolia,MNG,2004,6.1
Mongolia,MNG,2005,14.2
Mongolia,MNG,2010,10.9
Mongolia,MNG,2013,10.5
Mongolia,MNG,2016,11.7
Mongolia,MNG,2018,10.5
Montenegro,MNE,2005,15.7
Montenegro,MNE,2013,22.3
Montenegro,MNE,2018,7.3
Morocco,MAR,2003,13.4
Morocco,MAR,2011,10.8
Morocco,MAR,2017,10.9
Mozambique,MOZ,2001,8.8
Mozambique,MOZ,2003,6.3
Mozambique,MOZ,2008,3.6
Mozambique,MOZ,2011,7.8
Mozambique,MOZ,2015,7
Myanmar,MMR,2000,2.4
Myanmar,MMR,2003,6.9
Myanmar,MMR,2009,2.6
Myanmar,MMR,2016,1.5
Myanmar,MMR,2018,0.8
Namibia,NAM,2000,3.3
Namibia,NAM,2007,4.7
Namibia,NAM,2013,4
Nauru,NRU,2007,2.8
Nepal,NPL,2001,0.7
Nepal,NPL,2006,0.6
Nepal,NPL,2011,1.5
Nepal,NPL,2014,2.1
Nepal,NPL,2016,1.2
Nepal,NPL,2019,2.6
Netherlands,NLD,2009,3.8
Nicaragua,NIC,2001,7.2
Nicaragua,NIC,2004,5.2
Nicaragua,NIC,2007,6.2
Nicaragua,NIC,2012,8.3
Niger,NER,2000,1.7
Niger,NER,2006,0.9
Niger,NER,2007,0.3
Niger,NER,2008,0.1
Niger,NER,2009,0.2
Niger,NER,2010,0.1
Niger,NER,2011,0.1
Niger,NER,2012,0.8
Niger,NER,2013,0.4
Niger,NER,2014,0.5
Niger,NER,2015,0.6
Niger,NER,2016,1.1
Niger,NER,2018,1
Niger,NER,2019,1.4
Nigeria,NGA,2003,6.3
Nigeria,NGA,2011,3
Nigeria,NGA,2014,1.8
Nigeria,NGA,2015,1.6
Nigeria,NGA,2016,1.5
Nigeria,NGA,2018,2.1
Nigeria,NGA,2020,1.6
North Korea,PRK,2002,0.9
North Korea,PRK,2009,0
North Korea,PRK,2017,2.3
North Macedonia,MKD,2005,16.2
North Macedonia,MKD,2011,12.4
North Macedonia,MKD,2019,11.2
Northern Africa,,2000,10.9
Northern Africa,,2001,11
Northern Africa,,2002,11.1
Northern Africa,,2003,11.2
Northern Africa,,2004,11.3
Northern Africa,,2005,11.3
Northern Africa,,2006,11.4
Northern Africa,,2007,11.4
Northern Africa,,2008,11.5
Northern Africa,,2009,11.6
Northern Africa,,2010,11.7
Northern Africa,,2011,11.9
Northern Africa,,2012,12
Northern Africa,,2013,12.2
Northern Africa,,2014,12.4
Northern Africa,,2015,12.5
Northern Africa,,2016,12.7
Northern Africa,,2017,12.8
Northern Africa,,2018,12.9
Northern Africa,,2019,13
Northern Africa,,2020,13
Northern Africa and Western Asia,,2000,9.2
Northern Africa and Western Asia,,2001,9.4
Northern Africa and Western Asia,,2002,9.6
Northern Africa and Western Asia,,2003,9.7
Northern Africa and Western Asia,,2004,9.8
Northern Africa and Western Asia,,2005,10
Northern Africa and Western Asia,,2006,10.1
Northern Africa and Western Asia,,2007,10.2
Northern Africa and Western Asia,,2008,10.3
Northern Africa and Western Asia,,2009,10.3
Northern Africa and Western Asia,,2010,10.4
Northern Africa and Western Asia,,2011,10.4
Northern Africa and Western Asia,,2012,10.5
Northern Africa and Western Asia,,2013,10.5
Northern Africa and Western Asia,,2014,10.5
Northern Africa and Western Asia,,2015,10.6
Northern Africa and Western Asia,,2016,10.6
Northern Africa and Western Asia,,2017,10.6
Northern Africa and Western Asia,,2018,10.7
Northern Africa and Western Asia,,2019,10.7
Northern Africa and Western Asia,,2020,10.8
Northern America,,2000,7.3
Northern America,,2001,7.5
Northern America,,2002,7.6
Northern America,,2003,7.7
Northern America,,2004,7.9
Northern America,,2005,7.9
Northern America,,2006,8
Northern America,,2007,8.1
Northern America,,2008,8.3
Northern America,,2009,8.4
Northern America,,2010,8.6
Northern America,,2011,8.7
Northern America,,2012,8.8
Northern America,,2013,8.9
Northern America,,2014,8.9
Northern America,,2015,9
Northern America,,2016,9
Northern America,,2017,9.1
Northern America,,2018,9.1
Northern America,,2019,9.1
Northern America,,2020,9.1
Northern Europe,,2000,6.2
Northern Europe,,2001,6.3
Northern Europe,,2002,6.4
Northern Europe,,2003,6.5
Northern Europe,,2004,6.7
Northern Europe,,2005,6.8
Northern Europe,,2006,6.9
Northern Europe,,2007,7
Northern Europe,,2008,7.1
Northern Europe,,2009,7.2
Northern Europe,,2010,7.3
Northern Europe,,2011,7.4
Northern Europe,,2012,7.5
Northern Europe,,2013,7.7
Northern Europe,,2014,7.7
Northern Europe,,2015,7.8
Northern Europe,,2016,7.9
Northern Europe,,2017,8
Northern Europe,,2018,8.1
Northern Europe,,2019,8.2
Northern Europe,,2020,8.3
Oceania (exc. Australia and New Zealand),,2000,5.2
Oceania (exc. Australia and New Zealand),,2001,5.4
Oceania (exc. Australia and New Zealand),,2002,5.6
Oceania (exc. Australia and New Zealand),,2003,5.8
Oceania (exc. Australia and New Zealand),,2004,5.9
Oceania (exc. Australia and New Zealand),,2005,6.1
Oceania (exc. Australia and New Zealand),,2006,6.3
Oceania (exc. Australia and New Zealand),,2007,6.5
Oceania (exc. Australia and New Zealand),,2008,6.7
Oceania (exc. Australia and New Zealand),,2009,6.9
Oceania (exc. Australia and New Zealand),,2010,7
Oceania (exc. Australia and New Zealand),,2011,7.2
Oceania (exc. Australia and New Zealand),,2012,7.3
Oceania (exc. Australia and New Zealand),,2013,7.5
Oceania (exc. Australia and New Zealand),,2014,7.6
Oceania (exc. Australia and New Zealand),,2015,7.7
Oceania (exc. Australia and New Zealand),,2016,7.8
Oceania (exc. Australia and New Zealand),,2017,7.9
Oceania (exc. Australia and New Zealand),,2018,8
Oceania (exc. Australia and New Zealand),,2019,8
Oceania (exc. Australia and New Zealand),,2020,8
Oman,OMN,2009,1.7
Oman,OMN,2014,4.4
Oman,OMN,2017,4.2
Pakistan,PAK,2001,4.8
Pakistan,PAK,2011,6.6
Pakistan,PAK,2013,4.8
Pakistan,PAK,2018,2.5
Palestine,PSE,2000,8.3
Palestine,PSE,2004,8.8
Palestine,PSE,2006,11.4
Palestine,PSE,2010,5.3
Palestine,PSE,2014,8.2
Palestine,PSE,2020,8.6
Panama,PAN,2003,11.1
Panama,PAN,2008,9.7
Papua New Guinea,PNG,2005,3.4
Papua New Guinea,PNG,2010,13.7
Paraguay,PRY,2005,7.1
Paraguay,PRY,2012,11.3
Paraguay,PRY,2016,12.4
Peru,PER,2000,11.8
Peru,PER,2005,9.1
Peru,PER,2007,10
Peru,PER,2009,10.3
Peru,PER,2010,8
Peru,PER,2011,8.8
Peru,PER,2012,7.2
Peru,PER,2013,8.5
Peru,PER,2014,8.8
Peru,PER,2015,8.2
Peru,PER,2016,7.7
Peru,PER,2017,8
Peru,PER,2018,8.6
Peru,PER,2019,8.1
Philippines,PHL,2003,2.4
Philippines,PHL,2008,2.8
Philippines,PHL,2011,3.7
Philippines,PHL,2013,4.5
Philippines,PHL,2015,3.3
Philippines,PHL,2018,4
Poland,POL,2011,5
Polynesia,OWID_PYA,2000,6.9
Polynesia,OWID_PYA,2001,7.1
Polynesia,OWID_PYA,2002,7.2
Polynesia,OWID_PYA,2003,7.4
Polynesia,OWID_PYA,2004,7.6
Polynesia,OWID_PYA,2005,7.7
Polynesia,OWID_PYA,2006,7.9
Polynesia,OWID_PYA,2007,8
Polynesia,OWID_PYA,2008,8.1
Polynesia,OWID_PYA,2009,8.2
Polynesia,OWID_PYA,2010,8.2
Polynesia,OWID_PYA,2011,8.3
Polynesia,OWID_PYA,2012,8.3
Polynesia,OWID_PYA,2013,8.3
Polynesia,OWID_PYA,2014,8.3
Polynesia,OWID_PYA,2015,8.3
Polynesia,OWID_PYA,2016,8.3
Polynesia,OWID_PYA,2017,8.3
Polynesia,OWID_PYA,2018,8.4
Polynesia,OWID_PYA,2019,8.4
Polynesia,OWID_PYA,2020,8.4
Portugal,PRT,2016,7.1
Romania,ROU,2000,8.9
Romania,ROU,2001,9.1
Romania,ROU,2002,8.3
Rwanda,RWA,2000,7.1
Rwanda,RWA,2005,6.7
Rwanda,RWA,2010,6.9
Rwanda,RWA,2012,6
Rwanda,RWA,2015,5.6
Rwanda,RWA,2018,2.4
Rwanda,RWA,2020,5.6
Saint Lucia,LCA,2012,6.3
Samoa,WSM,2014,5.3
Samoa,WSM,2019,8.7
Sao Tome and Principe,STP,2014,2.4
Sao Tome and Principe,STP,2019,4.5
Saudi Arabia,SAU,2004,6.1
Senegal,SEN,2000,3.2
Senegal,SEN,2005,2.5
Senegal,SEN,2011,2.7
Senegal,SEN,2012,0.7
Senegal,SEN,2013,1.4
Senegal,SEN,2014,1.3
Senegal,SEN,2015,1
Senegal,SEN,2016,0.9
Senegal,SEN,2017,0.9
Senegal,SEN,2018,1.5
Senegal,SEN,2019,2.3
Serbia,SRB,2005,19.3
Serbia,SRB,2010,15.6
Serbia,SRB,2014,13.9
Serbia,SRB,2019,10.9
Seychelles,SYC,2012,10.2
Sierra Leone,SLE,2000,4.8
Sierra Leone,SLE,2005,5.9
Sierra Leone,SLE,2010,1.4
Sierra Leone,SLE,2014,2.1
Sierra Leone,SLE,2017,2
Sierra Leone,SLE,2019,4.5
Singapore,SGP,2000,2.6
Small Island Developing States (SIDS),,2000,5.5
Small Island Developing States (SIDS),,2001,5.7
Small Island Developing States (SIDS),,2002,5.8
Small Island Developing States (SIDS),,2003,5.9
Small Island Developing States (SIDS),,2004,6
Small Island Developing States (SIDS),,2005,6
Small Island Developing States (SIDS),,2006,6.1
Small Island Developing States (SIDS),,2007,6.1
Small Island Developing States (SIDS),,2008,6.2
Small Island Developing States (SIDS),,2009,6.2
Small Island Developing States (SIDS),,2010,6.2
Small Island Developing States (SIDS),,2011,6.3
Small Island Developing States (SIDS),,2012,6.3
Small Island Developing States (SIDS),,2013,6.4
Small Island Developing States (SIDS),,2014,6.4
Small Island Developing States (SIDS),,2015,6.5
Small Island Developing States (SIDS),,2016,6.5
Small Island Developing States (SIDS),,2017,6.5
Small Island Developing States (SIDS),,2018,6.6
Small Island Developing States (SIDS),,2019,6.6
Small Island Developing States (SIDS),,2020,6.6
Solomon Islands,SLB,2007,2.5
Solomon Islands,SLB,2015,4.5
Somalia,SOM,2006,4.7
Somalia,SOM,2009,3
South Africa,ZAF,2008,13.2
South Africa,ZAF,2015,13.6
South Africa,ZAF,2016,13.3
South Africa,ZAF,2017,11.6
South America,,2000,7
South America,,2001,7
South America,,2002,7.1
South America,,2003,7.2
South America,,2004,7.2
South America,,2005,7.3
South America,,2006,7.4
South America,,2007,7.4
South America,,2008,7.5
South America,,2009,7.5
South America,,2010,7.6
South America,,2011,7.7
South America,,2012,7.7
South America,,2013,7.8
South America,,2014,7.8
South America,,2015,7.9
South America,,2016,8
South America,,2017,8
South America,,2018,8.1
South America,,2019,8.1
South America,,2020,8.2
South Korea,KOR,2003,6.2
South Korea,KOR,2009,7.3
South Sudan,SSD,2006,10.9
South Sudan,SSD,2010,6
South-eastern Asia,,2000,3.7
South-eastern Asia,,2001,3.8
South-eastern Asia,,2002,3.9
South-eastern Asia,,2003,4.1
South-eastern Asia,,2004,4.2
South-eastern Asia,,2005,4.3
South-eastern Asia,,2006,4.5
South-eastern Asia,,2007,4.7
South-eastern Asia,,2008,4.9
South-eastern Asia,,2009,5.1
South-eastern Asia,,2010,5.3
South-eastern Asia,,2011,5.6
South-eastern Asia,,2012,5.8
South-eastern Asia,,2013,6.1
South-eastern Asia,,2014,6.3
South-eastern Asia,,2015,6.6
South-eastern Asia,,2016,6.8
South-eastern Asia,,2017,7
South-eastern Asia,,2018,7.2
South-eastern Asia,,2019,7.4
South-eastern Asia,,2020,7.5
Southern Africa,,2000,10.6
Southern Africa,,2001,10.7
Southern Africa,,2002,10.9
Southern Africa,,2003,11.1
Southern Africa,,2004,11.2
Southern Africa,,2005,11.4
Southern Africa,,2006,11.5
Southern Africa,,2007,11.6
Southern Africa,,2008,11.8
Southern Africa,,2009,11.8
Southern Africa,,2010,11.9
Southern Africa,,2011,12
Southern Africa,,2012,12.1
Southern Africa,,2013,12.1
Southern Africa,,2014,12.1
Southern Africa,,2015,12.1
Southern Africa,,2016,12.2
Southern Africa,,2017,12.2
Southern Africa,,2018,12.2
Southern Africa,,2019,12.2
Southern Africa,,2020,12.1
Southern Asia,,2000,3.3
Southern Asia,,2001,3.4
Southern Asia,,2002,3.4
Southern Asia,,2003,3.3
Southern Asia,,2004,3.3
Southern Asia,,2005,3.3
Southern Asia,,2006,3.2
Southern Asia,,2007,3.2
Southern Asia,,2008,3.1
Southern Asia,,2009,3.1
Southern Asia,,2010,3
Southern Asia,,2011,3
Southern Asia,,2012,2.9
Southern Asia,,2013,2.9
Southern Asia,,2014,2.8
Southern Asia,,2015,2.8
Southern Asia,,2016,2.7
Southern Asia,,2017,2.6
Southern Asia,,2018,2.6
Southern Asia,,2019,2.6
Southern Asia,,2020,2.5
Southern Europe,,2000,7.2
Southern Europe,,2001,7.4
Southern Europe,,2002,7.6
Southern Europe,,2003,7.8
Southern Europe,,2004,7.9
Southern Europe,,2005,8
Southern Europe,,2006,8
Southern Europe,,2007,8.1
Southern Europe,,2008,8.1
Southern Europe,,2009,8.1
Southern Europe,,2010,8.1
Southern Europe,,2011,8.1
Southern Europe,,2012,8.1
Southern Europe,,2013,8.1
Southern Europe,,2014,8.1
Southern Europe,,2015,8
Southern Europe,,2016,8
Southern Europe,,2017,8
Southern Europe,,2018,8
Southern Europe,,2019,8
Southern Europe,,2020,8
Sri Lanka,LKA,2000,1.2
Sri Lanka,LKA,2007,1.7
Sri Lanka,LKA,2009,0.8
Sri Lanka,LKA,2012,0.6
Sri Lanka,LKA,2016,2
Sub-Saharan Africa,,2000,5.3
Sub-Saharan Africa,,2001,5.5
Sub-Saharan Africa,,2002,5.7
Sub-Saharan Africa,,2003,5.7
Sub-Saharan Africa,,2004,5.6
Sub-Saharan Africa,,2005,5.4
Sub-Saharan Africa,,2006,5.1
Sub-Saharan Africa,,2007,4.8
Sub-Saharan Africa,,2008,4.5
Sub-Saharan Africa,,2009,4.2
Sub-Saharan Africa,,2010,4
Sub-Saharan Africa,,2011,3.9
Sub-Saharan Africa,,2012,3.8
Sub-Saharan Africa,,2013,3.7
Sub-Saharan Africa,,2014,3.7
Sub-Saharan Africa,,2015,3.7
Sub-Saharan Africa,,2016,3.7
Sub-Saharan Africa,,2017,3.7
Sub-Saharan Africa,,2018,3.8
Sub-Saharan Africa,,2019,3.9
Sub-Saharan Africa,,2020,4
Sudan,SDN,2006,4.2
Sudan,SDN,2010,1.5
Sudan,SDN,2014,3
Suriname,SUR,2000,2.9
Suriname,SUR,2006,4
Suriname,SUR,2010,4
Suriname,SUR,2018,3.5
Syria,SYR,2001,19.7
Syria,SYR,2006,18.7
Syria,SYR,2010,17.9
Tajikistan,TJK,2005,6.8
Tajikistan,TJK,2007,12
Tajikistan,TJK,2009,4.2
Tajikistan,TJK,2012,6.7
Tajikistan,TJK,2016,3.7
Tajikistan,TJK,2017,3.3
Tanzania,TZA,2004,4.9
Tanzania,TZA,2009,4.7
Tanzania,TZA,2010,5.4
Tanzania,TZA,2011,5.1
Tanzania,TZA,2013,5.1
Tanzania,TZA,2014,3.5
Tanzania,TZA,2015,3.7
Tanzania,TZA,2018,2.8
Thailand,THA,2006,8
Thailand,THA,2012,10.9
Thailand,THA,2016,8.2
Thailand,THA,2019,9.2
Timor,TLS,2002,5.7
Timor,TLS,2007,1.5
Timor,TLS,2009,5.8
Timor,TLS,2013,1.6
Togo,TGO,2009,1.1
Togo,TGO,2010,0.7
Togo,TGO,2012,1.7
Togo,TGO,2014,2
Togo,TGO,2017,1.5
Tonga,TON,2012,17.3
Tonga,TON,2019,11.2
Trinidad and Tobago,TTO,2000,5
Trinidad and Tobago,TTO,2011,11.4
Tunisia,TUN,2006,8.8
Tunisia,TUN,2012,14.3
Tunisia,TUN,2018,17.2
Turkey,TUR,2004,8.8
Turkey,TUR,2008,9.8
Turkey,TUR,2013,11.1
Turkey,TUR,2018,8.1
Turkmenistan,TKM,2006,4.5
Turkmenistan,TKM,2015,5.9
Turkmenistan,TKM,2019,3.1
Tuvalu,TUV,2007,6.3
Uganda,UGA,2000,4.9
Uganda,UGA,2006,4.9
Uganda,UGA,2009,3.2
Uganda,UGA,2011,3.8
Uganda,UGA,2012,5.8
Uganda,UGA,2014,3.6
Uganda,UGA,2016,3.7
Ukraine,UKR,2000,26.5
United States,USA,2000,8.3
United States,USA,2002,7.6
United States,USA,2004,9.4
United States,USA,2006,8
United States,USA,2008,7.4
United States,USA,2010,9
United States,USA,2012,6.4
United States,USA,2014,8.2
United States,USA,2016,9.4
United States,USA,2018,9.4
Uruguay,URY,2002,10
Uruguay,URY,2003,11.5
Uruguay,URY,2004,9.4
Uruguay,URY,2007,7.9
Uruguay,URY,2011,7.2
Uruguay,URY,2013,10.1
Uruguay,URY,2016,10.4
Uruguay,URY,2018,11.4
Uzbekistan,UZB,2002,11
Uzbekistan,UZB,2006,12.2
Uzbekistan,UZB,2017,4.6
Vanuatu,VUT,2008,4.7
Vanuatu,VUT,2013,4.9
Venezuela,VEN,2000,5.3
Venezuela,VEN,2001,5.4
Venezuela,VEN,2002,5.4
Venezuela,VEN,2003,5.3
Venezuela,VEN,2004,5.2
Venezuela,VEN,2005,5.5
Venezuela,VEN,2006,6.1
Venezuela,VEN,2007,6.1
Venezuela,VEN,2008,6.3
Venezuela,VEN,2009,6.4
Vietnam,VNM,2000,2.6
Vietnam,VNM,2002,2.6
Vietnam,VNM,2003,2.2
Vietnam,VNM,2004,2.7
Vietnam,VNM,2005,2.6
Vietnam,VNM,2006,3.1
Vietnam,VNM,2007,2.9
Vietnam,VNM,2008,3
Vietnam,VNM,2009,5.6
Vietnam,VNM,2010,4.5
Vietnam,VNM,2012,4.8
Vietnam,VNM,2013,4.6
Vietnam,VNM,2014,3.5
Vietnam,VNM,2015,5.3
Vietnam,VNM,2017,5.9
Western Africa,,2000,4.4
Western Africa,,2001,4.6
Western Africa,,2002,4.7
Western Africa,,2003,4.7
Western Africa,,2004,4.6
Western Africa,,2005,4.2
Western Africa,,2006,3.8
Western Africa,,2007,3.4
Western Africa,,2008,3
Western Africa,,2009,2.7
Western Africa,,2010,2.5
Western Africa,,2011,2.4
Western Africa,,2012,2.3
Western Africa,,2013,2.2
Western Africa,,2014,2.2
Western Africa,,2015,2.2
Western Africa,,2016,2.3
Western Africa,,2017,2.4
Western Africa,,2018,2.5
Western Africa,,2019,2.6
Western Africa,,2020,2.7
Western Asia,,2000,7.7
Western Asia,,2001,8
Western Asia,,2002,8.2
Western Asia,,2003,8.4
Western Asia,,2004,8.6
Western Asia,,2005,8.8
Western Asia,,2006,8.9
Western Asia,,2007,9
Western Asia,,2008,9.1
Western Asia,,2009,9.2
Western Asia,,2010,9.1
Western Asia,,2011,9.1
Western Asia,,2012,9
Western Asia,,2013,8.8
Western Asia,,2014,8.7
Western Asia,,2015,8.5
Western Asia,,2016,8.4
Western Asia,,2017,8.4
Western Asia,,2018,8.3
Western Asia,,2019,8.3
Western Asia,,2020,8.3
Western Europe,,2000,4.5
Western Europe,,2001,4.5
Western Europe,,2002,4.6
Western Europe,,2003,4.6
Western Europe,,2004,4.7
Western Europe,,2005,4.8
Western Europe,,2006,4.9
Western Europe,,2007,4.9
Western Europe,,2008,5
Western Europe,,2009,5.1
Western Europe,,2010,5.2
Western Europe,,2011,5.3
Western Europe,,2012,5.4
Western Europe,,2013,5.5
Western Europe,,2014,5.6
Western Europe,,2015,5.7
Western Europe,,2016,5.7
Western Europe,,2017,5.8
Western Europe,,2018,5.8
Western Europe,,2019,5.9
Western Europe,,2020,6
World,OWID_WRL,2000,5.4
World,OWID_WRL,2001,5.5
World,OWID_WRL,2002,5.6
World,OWID_WRL,2003,5.7
World,OWID_WRL,2004,5.7
World,OWID_WRL,2005,5.7
World,OWID_WRL,2006,5.7
World,OWID_WRL,2007,5.6
World,OWID_WRL,2008,5.6
World,OWID_WRL,2009,5.6
World,OWID_WRL,2010,5.6
World,OWID_WRL,2011,5.6
World,OWID_WRL,2012,5.6
World,OWID_WRL,2013,5.6
World,OWID_WRL,2014,5.6
World,OWID_WRL,2015,5.6
World,OWID_WRL,2016,5.6
World,OWID_WRL,2017,5.6
World,OWID_WRL,2018,5.7
World,OWID_WRL,2019,5.7
World,OWID_WRL,2020,5.7
Yemen,YEM,2003,4.9
Yemen,YEM,2005,6.3
Yemen,YEM,2011,1.5
Yemen,YEM,2013,2.5
Zambia,ZMB,2002,5.9
Zambia,ZMB,2007,8.4
Zambia,ZMB,2013,6.2
Zambia,ZMB,2018,5.2
Zimbabwe,ZWE,2005,8.8
Zimbabwe,ZWE,2009,3.5
Zimbabwe,ZWE,2010,5.8
Zimbabwe,ZWE,2014,3.6
Zimbabwe,ZWE,2015,5.6
Zimbabwe,ZWE,2019,2.5