Entity,Code,Year,2.5.1 - Plant genetic resources accessions stored ex situ (number) - ER_GRF_PLNTSTOR
Afghanistan,AFG,1995,0
Afghanistan,AFG,2000,0
Afghanistan,AFG,2005,0
Afghanistan,AFG,2010,757
Afghanistan,AFG,2012,811
Afghanistan,AFG,2014,943
Afghanistan,AFG,2016,953
Afghanistan,AFG,2017,953
Afghanistan,AFG,2018,953
Afghanistan,AFG,2019,953
Afghanistan,AFG,2020,953
Africa,,1995,135499
Africa,,2000,151120
Africa,,2005,210084
Africa,,2010,279396
Africa,,2012,293478
Africa,,2014,306311
Africa,,2016,322232
Africa,,2017,326916
Africa,,2018,331556
Africa,,2019,336061
Africa,,2020,341575
Albania,ALB,1995,0
Albania,ALB,2000,716
Albania,ALB,2005,2624
Albania,ALB,2010,3198
Albania,ALB,2012,3580
Albania,ALB,2014,3886
Albania,ALB,2016,4409
Albania,ALB,2017,4409
Albania,ALB,2018,4417
Albania,ALB,2019,4432
Albania,ALB,2020,4432
Americas,,1995,742985
Americas,,2000,821154
Americas,,2005,883025
Americas,,2010,1021506
Americas,,2012,1072040
Americas,,2014,1097842
Americas,,2016,1118141
Americas,,2017,1127538
Americas,,2018,1140629
Americas,,2019,1143890
Americas,,2020,1146395
Argentina,ARG,1995,936
Argentina,ARG,2000,1039
Argentina,ARG,2005,1900
Argentina,ARG,2010,4243
Argentina,ARG,2012,4840
Argentina,ARG,2014,5608
Argentina,ARG,2016,5743
Argentina,ARG,2017,5816
Argentina,ARG,2018,5981
Argentina,ARG,2019,5975
Argentina,ARG,2020,5975
Armenia,ARM,1995,2158
Armenia,ARM,2000,2546
Armenia,ARM,2005,4688
Armenia,ARM,2010,6544
Armenia,ARM,2012,6702
Armenia,ARM,2014,6711
Armenia,ARM,2016,6789
Armenia,ARM,2017,6918
Armenia,ARM,2018,6918
Armenia,ARM,2019,6918
Armenia,ARM,2020,4297
Asia,,1995,490539
Asia,,2000,619775
Asia,,2005,783597
Asia,,2010,857011
Asia,,2012,885168
Asia,,2014,907650
Asia,,2016,938866
Asia,,2017,944323
Asia,,2018,980510
Asia,,2019,996878
Asia,,2020,998543
Australia,AUS,1995,147501
Australia,AUS,2000,170550
Australia,AUS,2005,202075
Australia,AUS,2010,211286
Australia,AUS,2012,215776
Australia,AUS,2014,218003
Australia,AUS,2016,221788
Australia,AUS,2017,222805
Australia,AUS,2018,223158
Australia,AUS,2019,248905
Australia,AUS,2020,249056
Australia and New Zealand,,1995,166896
Australia and New Zealand,,2000,196154
Australia and New Zealand,,2005,229272
Australia and New Zealand,,2010,241551
Australia and New Zealand,,2012,247753
Australia and New Zealand,,2014,252243
Australia and New Zealand,,2016,257932
Australia and New Zealand,,2017,258949
Australia and New Zealand,,2018,259302
Australia and New Zealand,,2019,285049
Australia and New Zealand,,2020,285200
Austria,AUT,1995,5874
Austria,AUT,2000,7116
Austria,AUT,2005,9982
Austria,AUT,2010,11557
Austria,AUT,2012,11669
Austria,AUT,2014,11722
Austria,AUT,2016,11964
Austria,AUT,2017,11964
Austria,AUT,2018,11964
Austria,AUT,2019,11964
Austria,AUT,2020,11964
Azerbaijan,AZE,1995,6075
Azerbaijan,AZE,2000,6649
Azerbaijan,AZE,2005,9133
Azerbaijan,AZE,2010,11392
Azerbaijan,AZE,2012,11827
Azerbaijan,AZE,2014,11839
Azerbaijan,AZE,2016,12712
Azerbaijan,AZE,2017,12712
Azerbaijan,AZE,2018,12712
Azerbaijan,AZE,2019,13610
Azerbaijan,AZE,2020,13237
Bangladesh,BGD,1995,14868
Bangladesh,BGD,2000,17968
Bangladesh,BGD,2005,20591
Bangladesh,BGD,2010,23423
Bangladesh,BGD,2012,26682
Bangladesh,BGD,2014,31043
Bangladesh,BGD,2016,32941
Bangladesh,BGD,2017,33081
Bangladesh,BGD,2018,33083
Bangladesh,BGD,2019,34467
Bangladesh,BGD,2020,34467
Belarus,BLR,1995,1144
Belarus,BLR,2000,2153
Belarus,BLR,2005,3521
Belarus,BLR,2010,9558
Belarus,BLR,2012,14671
Belarus,BLR,2014,20147
Belarus,BLR,2016,23971
Belarus,BLR,2017,26161
Belarus,BLR,2018,27061
Belarus,BLR,2019,27645
Belarus,BLR,2020,27494
Belgium,BEL,1995,8554
Belgium,BEL,2000,8964
Belgium,BEL,2005,9237
Belgium,BEL,2010,9304
Belgium,BEL,2012,9304
Belgium,BEL,2014,9304
Belgium,BEL,2016,9304
Belgium,BEL,2017,9304
Belgium,BEL,2018,9304
Belgium,BEL,2019,9309
Belgium,BEL,2020,9309
Benin,BEN,1995,134
Benin,BEN,2000,134
Benin,BEN,2005,134
Benin,BEN,2010,134
Benin,BEN,2012,134
Benin,BEN,2014,250
Benin,BEN,2016,250
Benin,BEN,2017,250
Benin,BEN,2018,483
Benin,BEN,2019,483
Benin,BEN,2020,483
Bhutan,BTN,1995,0
Bhutan,BTN,2000,29
Bhutan,BTN,2005,433
Bhutan,BTN,2010,777
Bhutan,BTN,2012,798
Bhutan,BTN,2014,977
Bhutan,BTN,2016,1162
Bhutan,BTN,2017,1162
Bhutan,BTN,2018,1162
Bhutan,BTN,2019,1162
Bhutan,BTN,2020,1162
Bolivia,BOL,1995,10666
Bolivia,BOL,2000,10917
Bolivia,BOL,2005,11280
Bolivia,BOL,2010,11418
Bolivia,BOL,2012,11505
Bolivia,BOL,2014,11506
Bolivia,BOL,2016,11506
Bolivia,BOL,2017,11506
Bolivia,BOL,2018,11506
Bolivia,BOL,2019,11506
Bolivia,BOL,2020,11506
Bosnia and Herzegovina,BIH,1995,328
Bosnia and Herzegovina,BIH,2000,328
Bosnia and Herzegovina,BIH,2005,331
Bosnia and Herzegovina,BIH,2010,483
Bosnia and Herzegovina,BIH,2012,725
Bosnia and Herzegovina,BIH,2014,734
Bosnia and Herzegovina,BIH,2016,880
Bosnia and Herzegovina,BIH,2017,881
Bosnia and Herzegovina,BIH,2018,478
Bosnia and Herzegovina,BIH,2019,965
Bosnia and Herzegovina,BIH,2020,971
Botswana,BWA,1995,2420
Botswana,BWA,2000,2423
Botswana,BWA,2005,2652
Botswana,BWA,2010,2925
Botswana,BWA,2012,2992
Botswana,BWA,2014,2992
Botswana,BWA,2016,2992
Botswana,BWA,2017,2992
Botswana,BWA,2018,2992
Botswana,BWA,2019,2992
Botswana,BWA,2020,3044
Brazil,BRA,1995,109379
Brazil,BRA,2000,123489
Brazil,BRA,2005,139264
Brazil,BRA,2010,175986
Brazil,BRA,2012,185193
Brazil,BRA,2014,190127
Brazil,BRA,2016,200332
Brazil,BRA,2017,204317
Brazil,BRA,2018,205270
Brazil,BRA,2019,202713
Brazil,BRA,2020,203239
Bulgaria,BGR,1995,62131
Bulgaria,BGR,2000,62131
Bulgaria,BGR,2005,62131
Bulgaria,BGR,2010,65875
Bulgaria,BGR,2012,65878
Bulgaria,BGR,2014,66126
Bulgaria,BGR,2016,67012
Bulgaria,BGR,2017,67510
Bulgaria,BGR,2018,69336
Bulgaria,BGR,2019,69336
Bulgaria,BGR,2020,69413
Canada,CAN,1995,102075
Canada,CAN,2000,106510
Canada,CAN,2005,108299
Canada,CAN,2010,109244
Canada,CAN,2012,110363
Canada,CAN,2014,110363
Canada,CAN,2016,110363
Canada,CAN,2017,110363
Canada,CAN,2018,111157
Canada,CAN,2019,111157
Canada,CAN,2020,111157
Caribbean,,1995,11918
Caribbean,,2000,13667
Caribbean,,2005,15430
Caribbean,,2010,17180
Caribbean,,2012,18500
Caribbean,,2014,19034
Caribbean,,2016,19639
Caribbean,,2017,19747
Caribbean,,2018,20028
Caribbean,,2019,20050
Caribbean,,2020,20335
Caucasus and Central Asia,,1995,70343
Caucasus and Central Asia,,2000,72868
Caucasus and Central Asia,,2005,81268
Caucasus and Central Asia,,2010,87109
Caucasus and Central Asia,,2012,88635
Caucasus and Central Asia,,2014,91214
Caucasus and Central Asia,,2016,94709
Caucasus and Central Asia,,2017,94970
Caucasus and Central Asia,,2018,95403
Caucasus and Central Asia,,2019,96492
Caucasus and Central Asia,,2020,93556
Central America,,1995,43095
Central America,,2000,46301
Central America,,2005,53635
Central America,,2010,72529
Central America,,2012,82886
Central America,,2014,86507
Central America,,2016,90763
Central America,,2017,91814
Central America,,2018,93300
Central America,,2019,94383
Central America,,2020,94845
Central Asia,,1995,61799
Central Asia,,2000,63275
Central Asia,,2005,67007
Central Asia,,2010,68733
Central Asia,,2012,69666
Central Asia,,2014,72224
Central Asia,,2016,74768
Central Asia,,2017,74900
Central Asia,,2018,75333
Central Asia,,2019,75524
Central Asia,,2020,75582
Central and Southern Asia,,1995,289796
Central and Southern Asia,,2000,351299
Central and Southern Asia,,2005,460124
Central and Southern Asia,,2010,502561
Central and Southern Asia,,2012,518733
Central and Southern Asia,,2014,530875
Central and Southern Asia,,2016,551592
Central and Southern Asia,,2017,554670
Central and Southern Asia,,2018,562011
Central and Southern Asia,,2019,569224
Central and Southern Asia,,2020,574594
Chile,CHL,1995,11594
Chile,CHL,2000,13509
Chile,CHL,2005,15569
Chile,CHL,2010,15846
Chile,CHL,2012,27145
Chile,CHL,2014,33488
Chile,CHL,2016,33888
Chile,CHL,2017,33888
Chile,CHL,2018,34036
Chile,CHL,2019,30169
Chile,CHL,2020,30169
Colombia,COL,1995,11944
Colombia,COL,2000,15149
Colombia,COL,2005,17642
Colombia,COL,2010,18330
Colombia,COL,2012,18812
Colombia,COL,2014,19192
Colombia,COL,2016,19251
Colombia,COL,2017,19252
Colombia,COL,2018,19253
Colombia,COL,2019,19253
Colombia,COL,2020,19250
Costa Rica,CRI,1995,1004
Costa Rica,CRI,2000,1004
Costa Rica,CRI,2005,1004
Costa Rica,CRI,2010,1266
Costa Rica,CRI,2012,1287
Costa Rica,CRI,2014,1523
Costa Rica,CRI,2016,2850
Costa Rica,CRI,2017,2940
Costa Rica,CRI,2018,3001
Costa Rica,CRI,2019,3050
Costa Rica,CRI,2020,3057
Croatia,HRV,1995,2279
Croatia,HRV,2000,2290
Croatia,HRV,2005,2404
Croatia,HRV,2010,3044
Croatia,HRV,2012,3077
Croatia,HRV,2014,3237
Croatia,HRV,2016,3427
Croatia,HRV,2017,3427
Croatia,HRV,2018,3533
Croatia,HRV,2019,4065
Croatia,HRV,2020,4065
Cuba,CUB,1995,11533
Cuba,CUB,2000,13213
Cuba,CUB,2005,14953
Cuba,CUB,2010,16649
Cuba,CUB,2012,17945
Cuba,CUB,2014,18420
Cuba,CUB,2016,19018
Cuba,CUB,2017,19123
Cuba,CUB,2018,19390
Cuba,CUB,2019,19410
Cuba,CUB,2020,19695
Cyprus,CYP,1995,708
Cyprus,CYP,2000,763
Cyprus,CYP,2005,789
Cyprus,CYP,2010,840
Cyprus,CYP,2012,1410
Cyprus,CYP,2014,1760
Cyprus,CYP,2016,2386
Cyprus,CYP,2017,2486
Cyprus,CYP,2018,2525
Cyprus,CYP,2019,2535
Cyprus,CYP,2020,2541
Czechia,CZE,1995,39092
Czechia,CZE,2000,44839
Czechia,CZE,2005,48292
Czechia,CZE,2010,51706
Czechia,CZE,2012,53043
Czechia,CZE,2014,54712
Czechia,CZE,2016,57096
Czechia,CZE,2017,56581
Czechia,CZE,2018,56734
Czechia,CZE,2019,56295
Czechia,CZE,2020,56314
Denmark,DNK,1995,1474
Denmark,DNK,2000,1474
Denmark,DNK,2005,1474
Denmark,DNK,2010,1474
Denmark,DNK,2012,1474
Denmark,DNK,2014,1474
Denmark,DNK,2016,1474
Denmark,DNK,2017,1474
Denmark,DNK,2018,1043
Denmark,DNK,2019,1043
Denmark,DNK,2020,1043
"Developed regions (Europe, Cyprus, Israel, Northern America, Japan, Australia & New Zealand)",,1995,1787409
"Developed regions (Europe, Cyprus, Israel, Northern America, Japan, Australia & New Zealand)",,2000,2025266
"Developed regions (Europe, Cyprus, Israel, Northern America, Japan, Australia & New Zealand)",,2005,2547638
"Developed regions (Europe, Cyprus, Israel, Northern America, Japan, Australia & New Zealand)",,2010,2944772
"Developed regions (Europe, Cyprus, Israel, Northern America, Japan, Australia & New Zealand)",,2012,3057683
"Developed regions (Europe, Cyprus, Israel, Northern America, Japan, Australia & New Zealand)",,2014,3136318
"Developed regions (Europe, Cyprus, Israel, Northern America, Japan, Australia & New Zealand)",,2016,3191743
"Developed regions (Europe, Cyprus, Israel, Northern America, Japan, Australia & New Zealand)",,2017,3217784
"Developed regions (Europe, Cyprus, Israel, Northern America, Japan, Australia & New Zealand)",,2018,3249908
"Developed regions (Europe, Cyprus, Israel, Northern America, Japan, Australia & New Zealand)",,2019,3295764
"Developed regions (Europe, Cyprus, Israel, Northern America, Japan, Australia & New Zealand)",,2020,3298328
Developing regions,,1995,710235
Developing regions,,2000,839868
Developing regions,,2005,1078344
Developing regions,,2010,1276540
Developing regions,,2012,1349086
Developing regions,,2014,1396585
Developing regions,,2016,1455489
Developing regions,,2017,1470445
Developing regions,,2018,1514451
Developing regions,,2019,1532830
Developing regions,,2020,1540569
Eastern Africa,,1995,113752
Eastern Africa,,2000,124515
Eastern Africa,,2005,142272
Eastern Africa,,2010,155990
Eastern Africa,,2012,158582
Eastern Africa,,2014,160885
Eastern Africa,,2016,163907
Eastern Africa,,2017,163967
Eastern Africa,,2018,165009
Eastern Africa,,2019,166449
Eastern Africa,,2020,167016
Eastern Asia,,1995,129734
Eastern Asia,,2000,180725
Eastern Asia,,2005,202158
Eastern Asia,,2010,215792
Eastern Asia,,2012,221887
Eastern Asia,,2014,228294
Eastern Asia,,2016,234053
Eastern Asia,,2017,235320
Eastern Asia,,2018,237061
Eastern Asia,,2019,243900
Eastern Asia,,2020,243946
Eastern Asia (excluding Japan),,1995,8596
Eastern Asia (excluding Japan),,2000,10137
Eastern Asia (excluding Japan),,2005,10540
Eastern Asia (excluding Japan),,2010,12073
Eastern Asia (excluding Japan),,2012,13063
Eastern Asia (excluding Japan),,2014,13977
Eastern Asia (excluding Japan),,2016,13992
Eastern Asia (excluding Japan),,2017,13992
Eastern Asia (excluding Japan),,2018,13992
Eastern Asia (excluding Japan),,2019,19547
Eastern Asia (excluding Japan),,2020,19593
Eastern Europe,,1995,506652
Eastern Europe,,2000,552930
Eastern Europe,,2005,584224
Eastern Europe,,2010,615687
Eastern Europe,,2012,628040
Eastern Europe,,2014,636735
Eastern Europe,,2016,648298
Eastern Europe,,2017,645426
Eastern Europe,,2018,648827
Eastern Europe,,2019,651350
Eastern Europe,,2020,650234
Eastern and South-Eastern Asia,,1995,154743
Eastern and South-Eastern Asia,,2000,210697
Eastern and South-Eastern Asia,,2005,257638
Eastern and South-Eastern Asia,,2010,282565
Eastern and South-Eastern Asia,,2012,290043
Eastern and South-Eastern Asia,,2014,297334
Eastern and South-Eastern Asia,,2016,305960
Eastern and South-Eastern Asia,,2017,307647
Eastern and South-Eastern Asia,,2018,309938
Eastern and South-Eastern Asia,,2019,317051
Eastern and South-Eastern Asia,,2020,315733
Ecuador,ECU,1995,20253
Ecuador,ECU,2000,22248
Ecuador,ECU,2005,23617
Ecuador,ECU,2010,25613
Ecuador,ECU,2012,27140
Ecuador,ECU,2014,27771
Ecuador,ECU,2016,27794
Ecuador,ECU,2017,28102
Ecuador,ECU,2018,28275
Ecuador,ECU,2019,29037
Ecuador,ECU,2020,29149
Egypt,EGY,1995,380
Egypt,EGY,2000,380
Egypt,EGY,2005,8978
Egypt,EGY,2010,13976
Egypt,EGY,2012,14257
Egypt,EGY,2014,14285
Egypt,EGY,2016,14496
Egypt,EGY,2017,14466
Egypt,EGY,2018,14466
Egypt,EGY,2019,14610
Egypt,EGY,2020,14610
El Salvador,SLV,1995,237
El Salvador,SLV,2000,237
El Salvador,SLV,2005,237
El Salvador,SLV,2010,681
El Salvador,SLV,2012,705
El Salvador,SLV,2014,705
El Salvador,SLV,2016,812
El Salvador,SLV,2017,824
El Salvador,SLV,2018,1223
El Salvador,SLV,2019,1316
El Salvador,SLV,2020,1316
Eritrea,ERI,1995,2441
Eritrea,ERI,2000,3998
Eritrea,ERI,2005,3998
Eritrea,ERI,2010,4001
Eritrea,ERI,2012,4001
Eritrea,ERI,2014,4001
Eritrea,ERI,2016,4604
Eritrea,ERI,2017,4604
Eritrea,ERI,2018,4604
Eritrea,ERI,2019,4604
Eritrea,ERI,2020,4676
Estonia,EST,1995,1909
Estonia,EST,2000,1911
Estonia,EST,2005,2323
Estonia,EST,2010,2542
Estonia,EST,2012,2737
Estonia,EST,2014,2768
Estonia,EST,2016,2948
Estonia,EST,2017,3085
Estonia,EST,2018,3180
Estonia,EST,2019,3240
Estonia,EST,2020,3241
Eswatini,SWZ,1995,177
Eswatini,SWZ,2000,577
Eswatini,SWZ,2005,694
Eswatini,SWZ,2010,737
Eswatini,SWZ,2012,740
Eswatini,SWZ,2014,742
Eswatini,SWZ,2016,746
Eswatini,SWZ,2017,746
Eswatini,SWZ,2018,746
Eswatini,SWZ,2019,746
Eswatini,SWZ,2020,746
Ethiopia,ETH,1995,52024
Ethiopia,ETH,2000,56078
Ethiopia,ETH,2005,67207
Ethiopia,ETH,2010,70695
Ethiopia,ETH,2012,70975
Ethiopia,ETH,2014,71553
Ethiopia,ETH,2016,72510
Ethiopia,ETH,2017,72510
Ethiopia,ETH,2018,72510
Ethiopia,ETH,2019,73164
Ethiopia,ETH,2020,73164
Europe,,1995,960657
Europe,,2000,1075584
Europe,,2005,1517757
Europe,,2010,1818988
Europe,,2012,1904933
Europe,,2014,1965327
Europe,,2016,2006390
Europe,,2017,2026774
Europe,,2018,2048632
Europe,,2019,2062991
Europe,,2020,2063114
Europe and Northern America,,1995,1472203
Europe and Northern America,,2000,1631297
Europe and Northern America,,2005,2099495
Europe and Northern America,,2010,2472198
Europe and Northern America,,2012,2573232
Europe and Northern America,,2014,2641534
Europe and Northern America,,2016,2684900
Europe and Northern America,,2017,2708268
Europe and Northern America,,2018,2738259
Europe and Northern America,,2019,2757074
Europe and Northern America,,2020,2758995
Finland,FIN,1995,932
Finland,FIN,2000,939
Finland,FIN,2005,990
Finland,FIN,2010,1050
Finland,FIN,2012,1076
Finland,FIN,2014,1083
Finland,FIN,2016,655
Finland,FIN,2017,656
Finland,FIN,2018,703
Finland,FIN,2019,694
Finland,FIN,2020,713
France,FRA,1995,31866
France,FRA,2000,32940
France,FRA,2005,33543
France,FRA,2010,34333
France,FRA,2012,34543
France,FRA,2014,34858
France,FRA,2016,34859
France,FRA,2017,34859
France,FRA,2018,34859
France,FRA,2019,36870
France,FRA,2020,36253
Georgia,GEO,1995,311
Georgia,GEO,2000,398
Georgia,GEO,2005,440
Georgia,GEO,2010,440
Georgia,GEO,2012,440
Georgia,GEO,2014,440
Georgia,GEO,2016,440
Georgia,GEO,2017,440
Georgia,GEO,2018,440
Georgia,GEO,2019,440
Georgia,GEO,2020,440
Germany,DEU,1995,107186
Germany,DEU,2000,116352
Germany,DEU,2005,165479
Germany,DEU,2010,170839
Germany,DEU,2012,174946
Germany,DEU,2014,176270
Germany,DEU,2016,176410
Germany,DEU,2017,178575
Germany,DEU,2018,179948
Germany,DEU,2019,181841
Germany,DEU,2020,181889
Ghana,GHA,1995,6
Ghana,GHA,2000,6
Ghana,GHA,2005,6
Ghana,GHA,2010,6
Ghana,GHA,2012,6
Ghana,GHA,2014,11
Ghana,GHA,2016,372
Ghana,GHA,2017,418
Ghana,GHA,2018,418
Ghana,GHA,2019,418
Ghana,GHA,2020,418
Greece,GRC,1995,6184
Greece,GRC,2000,6272
Greece,GRC,2005,6272
Greece,GRC,2010,6272
Greece,GRC,2012,6272
Greece,GRC,2014,6272
Greece,GRC,2016,6272
Greece,GRC,2017,6272
Greece,GRC,2018,6272
Greece,GRC,2019,7136
Greece,GRC,2020,7136
Guatemala,GTM,1995,946
Guatemala,GTM,2000,946
Guatemala,GTM,2005,946
Guatemala,GTM,2010,946
Guatemala,GTM,2012,946
Guatemala,GTM,2014,946
Guatemala,GTM,2016,946
Guatemala,GTM,2017,946
Guatemala,GTM,2018,946
Guatemala,GTM,2019,946
Guatemala,GTM,2020,946
Guinea,GIN,1995,33
Guinea,GIN,2000,57
Guinea,GIN,2005,71
Guinea,GIN,2010,80
Guinea,GIN,2012,83
Guinea,GIN,2014,87
Guinea,GIN,2016,91
Guinea,GIN,2017,92
Guinea,GIN,2018,96
Guinea,GIN,2019,96
Guinea,GIN,2020,96
Guyana,GUY,1995,200
Guyana,GUY,2000,609
Guyana,GUY,2005,651
Guyana,GUY,2010,837
Guyana,GUY,2012,1023
Guyana,GUY,2014,1210
Guyana,GUY,2016,1210
Guyana,GUY,2017,1210
Guyana,GUY,2018,1295
Guyana,GUY,2019,1294
Guyana,GUY,2020,1294
Honduras,HND,1995,32
Honduras,HND,2000,32
Honduras,HND,2005,32
Honduras,HND,2010,47
Honduras,HND,2012,50
Honduras,HND,2014,51
Honduras,HND,2016,51
Honduras,HND,2017,51
Honduras,HND,2018,51
Honduras,HND,2019,64
Honduras,HND,2020,64
Hungary,HUN,1995,37885
Hungary,HUN,2000,41435
Hungary,HUN,2005,46389
Hungary,HUN,2010,46750
Hungary,HUN,2012,46750
Hungary,HUN,2014,46750
Hungary,HUN,2016,46750
Hungary,HUN,2017,49367
Hungary,HUN,2018,49367
Hungary,HUN,2019,49393
Hungary,HUN,2020,49393
India,IND,1995,191449
India,IND,2000,241668
India,IND,2005,338637
India,IND,2010,369412
India,IND,2012,378841
India,IND,2014,382216
India,IND,2016,395003
India,IND,2017,396965
India,IND,2018,401727
India,IND,2019,405923
India,IND,2020,410565
Indonesia,IDN,1995,4800
Indonesia,IDN,2000,4849
Indonesia,IDN,2005,4900
Indonesia,IDN,2010,4900
Indonesia,IDN,2012,4900
Indonesia,IDN,2014,4901
Indonesia,IDN,2016,4902
Indonesia,IDN,2017,4902
Indonesia,IDN,2018,4902
Indonesia,IDN,2019,4902
Indonesia,IDN,2020,4902
International Centers (FAO),,1995,615726
International Centers (FAO),,2000,681280
International Centers (FAO),,2005,727309
International Centers (FAO),,2010,753948
International Centers (FAO),,2012,775314
International Centers (FAO),,2014,781948
International Centers (FAO),,2016,792721
International Centers (FAO),,2017,800512
International Centers (FAO),,2018,856125
International Centers (FAO),,2019,861604
International Centers (FAO),,2020,861929
Ireland,IRL,1995,978
Ireland,IRL,2000,1044
Ireland,IRL,2005,1077
Ireland,IRL,2010,1350
Ireland,IRL,2012,1421
Ireland,IRL,2014,1421
Ireland,IRL,2016,1421
Ireland,IRL,2017,1421
Ireland,IRL,2018,1421
Ireland,IRL,2019,1421
Ireland,IRL,2020,1620
Israel,ISR,1995,26464
Israel,ISR,2000,26464
Israel,ISR,2005,26464
Israel,ISR,2010,26464
Israel,ISR,2012,26464
Israel,ISR,2014,26464
Israel,ISR,2016,26464
Israel,ISR,2017,26753
Israel,ISR,2018,26753
Israel,ISR,2019,26753
Israel,ISR,2020,27239
Italy,ITA,1995,42302
Italy,ITA,2000,44367
Italy,ITA,2005,47384
Italy,ITA,2010,49827
Italy,ITA,2012,50282
Italy,ITA,2014,50719
Italy,ITA,2016,51016
Italy,ITA,2017,51215
Italy,ITA,2018,51215
Italy,ITA,2019,51879
Italy,ITA,2020,53757
Japan,JPN,1995,121138
Japan,JPN,2000,170588
Japan,JPN,2005,191618
Japan,JPN,2010,203719
Japan,JPN,2012,208824
Japan,JPN,2014,214317
Japan,JPN,2016,220061
Japan,JPN,2017,221328
Japan,JPN,2018,223069
Japan,JPN,2019,224353
Japan,JPN,2020,224353
Jordan,JOR,1995,43
Jordan,JOR,2000,1257
Jordan,JOR,2005,3084
Jordan,JOR,2010,3701
Jordan,JOR,2012,3981
Jordan,JOR,2014,3981
Jordan,JOR,2016,3985
Jordan,JOR,2017,3985
Jordan,JOR,2018,4829
Jordan,JOR,2019,4748
Jordan,JOR,2020,4748
Kenya,KEN,1995,43722
Kenya,KEN,2000,44790
Kenya,KEN,2005,47726
Kenya,KEN,2010,49396
Kenya,KEN,2012,49505
Kenya,KEN,2014,50068
Kenya,KEN,2016,50323
Kenya,KEN,2017,50323
Kenya,KEN,2018,51023
Kenya,KEN,2019,51405
Kenya,KEN,2020,51405
Kyrgyzstan,KGZ,1995,1031
Kyrgyzstan,KGZ,2000,1031
Kyrgyzstan,KGZ,2005,1059
Kyrgyzstan,KGZ,2010,1136
Kyrgyzstan,KGZ,2012,1591
Kyrgyzstan,KGZ,2014,1785
Kyrgyzstan,KGZ,2016,2260
Kyrgyzstan,KGZ,2017,2345
Kyrgyzstan,KGZ,2018,2525
Kyrgyzstan,KGZ,2019,2638
Kyrgyzstan,KGZ,2020,2638
Landlocked developing countries (LLDCs),,1995,158428
Landlocked developing countries (LLDCs),,2000,171694
Landlocked developing countries (LLDCs),,2005,199647
Landlocked developing countries (LLDCs),,2010,221889
Landlocked developing countries (LLDCs),,2012,228841
Landlocked developing countries (LLDCs),,2014,235298
Landlocked developing countries (LLDCs),,2016,241951
Landlocked developing countries (LLDCs),,2017,242857
Landlocked developing countries (LLDCs),,2018,245324
Landlocked developing countries (LLDCs),,2019,253454
Landlocked developing countries (LLDCs),,2020,251315
Latin America and the Caribbean,,1995,231439
Latin America and the Caribbean,,2000,265441
Latin America and the Caribbean,,2005,301287
Latin America and the Caribbean,,2010,368296
Latin America and the Caribbean,,2012,403741
Latin America and the Caribbean,,2014,421635
Latin America and the Caribbean,,2016,439631
Latin America and the Caribbean,,2017,446044
Latin America and the Caribbean,,2018,451002
Latin America and the Caribbean,,2019,449807
Latin America and the Caribbean,,2020,450514
Latvia,LVA,1995,704
Latvia,LVA,2000,941
Latvia,LVA,2005,1585
Latvia,LVA,2010,1966
Latvia,LVA,2012,2061
Latvia,LVA,2014,2112
Latvia,LVA,2016,2051
Latvia,LVA,2017,2054
Latvia,LVA,2018,2082
Latvia,LVA,2019,2135
Latvia,LVA,2020,2135
Least developed countries (LDCs),,1995,97257
Least developed countries (LDCs),,2000,114959
Least developed countries (LDCs),,2005,142112
Least developed countries (LDCs),,2010,161109
Least developed countries (LDCs),,2012,168736
Least developed countries (LDCs),,2014,178559
Least developed countries (LDCs),,2016,186202
Least developed countries (LDCs),,2017,187325
Least developed countries (LDCs),,2018,190235
Least developed countries (LDCs),,2019,193870
Least developed countries (LDCs),,2020,195752
Lebanon,LBN,1995,1
Lebanon,LBN,2000,1
Lebanon,LBN,2005,5
Lebanon,LBN,2010,8
Lebanon,LBN,2012,16
Lebanon,LBN,2014,1547
Lebanon,LBN,2016,1785
Lebanon,LBN,2017,1959
Lebanon,LBN,2018,1959
Lebanon,LBN,2019,2114
Lebanon,LBN,2020,2229
Lesotho,LSO,1995,23
Lesotho,LSO,2000,479
Lesotho,LSO,2005,1575
Lesotho,LSO,2010,3183
Lesotho,LSO,2012,3183
Lesotho,LSO,2014,3183
Lesotho,LSO,2016,3367
Lesotho,LSO,2017,3582
Lesotho,LSO,2018,3582
Lesotho,LSO,2019,3582
Lesotho,LSO,2020,3582
Libya,LBY,1995,0
Libya,LBY,2000,0
Libya,LBY,2005,531
Libya,LBY,2010,1387
Libya,LBY,2012,1431
Libya,LBY,2014,1553
Libya,LBY,2016,1778
Libya,LBY,2017,1778
Libya,LBY,2018,2345
Libya,LBY,2019,2345
Libya,LBY,2020,2345
Lithuania,LTU,1995,1
Lithuania,LTU,2000,1039
Lithuania,LTU,2005,1681
Lithuania,LTU,2010,1681
Lithuania,LTU,2012,1681
Lithuania,LTU,2014,1681
Lithuania,LTU,2016,1681
Lithuania,LTU,2017,924
Lithuania,LTU,2018,924
Lithuania,LTU,2019,2246
Lithuania,LTU,2020,2246
Madagascar,MDG,1995,8626
Madagascar,MDG,2000,8794
Madagascar,MDG,2005,8798
Madagascar,MDG,2010,8801
Madagascar,MDG,2012,8801
Madagascar,MDG,2014,8801
Madagascar,MDG,2016,8801
Madagascar,MDG,2017,8801
Madagascar,MDG,2018,8801
Madagascar,MDG,2019,7858
Madagascar,MDG,2020,7825
Malawi,MWI,1995,1437
Malawi,MWI,2000,2019
Malawi,MWI,2005,2165
Malawi,MWI,2010,2760
Malawi,MWI,2012,2793
Malawi,MWI,2014,3001
Malawi,MWI,2016,3253
Malawi,MWI,2017,3253
Malawi,MWI,2018,3253
Malawi,MWI,2019,3253
Malawi,MWI,2020,3253
Malaysia,MYS,1995,12421
Malaysia,MYS,2000,12426
Malaysia,MYS,2005,12604
Malaysia,MYS,2010,12653
Malaysia,MYS,2012,12763
Malaysia,MYS,2014,12826
Malaysia,MYS,2016,13036
Malaysia,MYS,2017,13036
Malaysia,MYS,2018,13036
Malaysia,MYS,2019,13036
Malaysia,MYS,2020,13036
Mali,MLI,1995,0
Mali,MLI,2000,0
Mali,MLI,2005,218
Mali,MLI,2010,218
Mali,MLI,2012,838
Mali,MLI,2014,838
Mali,MLI,2016,838
Mali,MLI,2017,838
Mali,MLI,2018,2090
Mali,MLI,2019,2355
Mali,MLI,2020,2347
Malta,MLT,1995,0
Malta,MLT,2000,0
Malta,MLT,2005,8
Malta,MLT,2010,9
Malta,MLT,2012,11
Malta,MLT,2014,11
Malta,MLT,2016,13
Malta,MLT,2017,13
Malta,MLT,2018,13
Malta,MLT,2019,16
Malta,MLT,2020,16
Mauritania,MRT,1995,0
Mauritania,MRT,2000,0
Mauritania,MRT,2005,0
Mauritania,MRT,2010,1
Mauritania,MRT,2012,1
Mauritania,MRT,2014,1
Mauritania,MRT,2016,2
Mauritania,MRT,2017,48
Mauritania,MRT,2018,64
Mauritania,MRT,2019,64
Mauritania,MRT,2020,64
Melanesia,OWID_MNS,1995,1043
Melanesia,OWID_MNS,2000,1194
Melanesia,OWID_MNS,2005,1327
Melanesia,OWID_MNS,2010,1376
Melanesia,OWID_MNS,2012,1432
Melanesia,OWID_MNS,2014,1459
Melanesia,OWID_MNS,2016,1508
Melanesia,OWID_MNS,2017,1566
Melanesia,OWID_MNS,2018,1567
Melanesia,OWID_MNS,2019,1567
Melanesia,OWID_MNS,2020,1912
Mexico,MEX,1995,30875
Mexico,MEX,2000,33713
Mexico,MEX,2005,40764
Mexico,MEX,2010,58369
Mexico,MEX,2012,68379
Mexico,MEX,2014,71640
Mexico,MEX,2016,74180
Mexico,MEX,2017,74730
Mexico,MEX,2018,75690
Mexico,MEX,2019,76554
Mexico,MEX,2020,76970
Moldova,MDA,1995,5741
Moldova,MDA,2000,6022
Moldova,MDA,2005,6415
Moldova,MDA,2010,6415
Moldova,MDA,2012,6415
Moldova,MDA,2014,6415
Moldova,MDA,2016,6415
Moldova,MDA,2017,6415
Moldova,MDA,2018,6415
Moldova,MDA,2019,6012
Moldova,MDA,2020,6012
Mongolia,MNG,1995,8596
Mongolia,MNG,2000,10137
Mongolia,MNG,2005,10540
Mongolia,MNG,2010,12073
Mongolia,MNG,2012,13063
Mongolia,MNG,2014,13977
Mongolia,MNG,2016,13992
Mongolia,MNG,2017,13992
Mongolia,MNG,2018,13992
Mongolia,MNG,2019,19547
Mongolia,MNG,2020,19593
Montenegro,MNE,1995,23
Montenegro,MNE,2000,23
Montenegro,MNE,2005,143
Montenegro,MNE,2010,340
Montenegro,MNE,2012,356
Montenegro,MNE,2014,356
Montenegro,MNE,2016,356
Montenegro,MNE,2017,376
Montenegro,MNE,2018,388
Montenegro,MNE,2019,388
Montenegro,MNE,2020,388
Morocco,MAR,1995,0
Morocco,MAR,2000,0
Morocco,MAR,2005,16948
Morocco,MAR,2010,47317
Morocco,MAR,2012,56750
Morocco,MAR,2014,63071
Morocco,MAR,2016,65830
Morocco,MAR,2017,67902
Morocco,MAR,2018,68020
Morocco,MAR,2019,69628
Morocco,MAR,2020,69628
Myanmar,MMR,1995,3214
Myanmar,MMR,2000,7187
Myanmar,MMR,2005,8746
Myanmar,MMR,2010,10718
Myanmar,MMR,2012,11393
Myanmar,MMR,2014,11774
Myanmar,MMR,2016,11902
Myanmar,MMR,2017,12050
Myanmar,MMR,2018,12050
Myanmar,MMR,2019,12050
Myanmar,MMR,2020,12050
Namibia,NAM,1995,1040
Namibia,NAM,2000,1269
Namibia,NAM,2005,1775
Namibia,NAM,2010,1775
Namibia,NAM,2012,1906
Namibia,NAM,2014,1935
Namibia,NAM,2016,1967
Namibia,NAM,2017,1967
Namibia,NAM,2018,2110
Namibia,NAM,2019,2153
Namibia,NAM,2020,2153
Nepal,NPL,1995,1781
Nepal,NPL,2000,2532
Nepal,NPL,2005,2532
Nepal,NPL,2010,2776
Nepal,NPL,2012,4155
Nepal,NPL,2014,4667
Nepal,NPL,2016,5383
Nepal,NPL,2017,5753
Nepal,NPL,2018,6073
Nepal,NPL,2019,6470
Nepal,NPL,2020,6470
Netherlands,NLD,1995,19711
Netherlands,NLD,2000,24706
Netherlands,NLD,2005,25213
Netherlands,NLD,2010,25596
Netherlands,NLD,2012,25693
Netherlands,NLD,2014,25736
Netherlands,NLD,2016,25869
Netherlands,NLD,2017,25926
Netherlands,NLD,2018,26097
Netherlands,NLD,2019,26184
Netherlands,NLD,2020,23192
New Zealand,NZL,1995,19395
New Zealand,NZL,2000,25604
New Zealand,NZL,2005,27197
New Zealand,NZL,2010,30265
New Zealand,NZL,2012,31977
New Zealand,NZL,2014,34240
New Zealand,NZL,2016,36144
New Zealand,NZL,2017,36144
New Zealand,NZL,2018,36144
New Zealand,NZL,2019,36144
New Zealand,NZL,2020,36144
Nicaragua,NIC,1995,0
Nicaragua,NIC,2000,0
Nicaragua,NIC,2005,0
Nicaragua,NIC,2010,0
Nicaragua,NIC,2012,103
Nicaragua,NIC,2014,129
Nicaragua,NIC,2016,373
Nicaragua,NIC,2017,512
Nicaragua,NIC,2018,578
Nicaragua,NIC,2019,679
Nicaragua,NIC,2020,696
Niger,NER,1995,41
Niger,NER,2000,41
Niger,NER,2005,3260
Niger,NER,2010,3260
Niger,NER,2012,3326
Niger,NER,2014,3957
Niger,NER,2016,3957
Niger,NER,2017,3957
Niger,NER,2018,4088
Niger,NER,2019,4088
Niger,NER,2020,4795
Nigeria,NGA,1995,3266
Nigeria,NGA,2000,3269
Nigeria,NGA,2005,3320
Nigeria,NGA,2010,4278
Nigeria,NGA,2012,4724
Nigeria,NGA,2014,4732
Nigeria,NGA,2016,4960
Nigeria,NGA,2017,5295
Nigeria,NGA,2018,5541
Nigeria,NGA,2019,5817
Nigeria,NGA,2020,7692
North Macedonia,MKD,1995,1351
North Macedonia,MKD,2000,1655
North Macedonia,MKD,2005,1843
North Macedonia,MKD,2010,2158
North Macedonia,MKD,2012,2158
North Macedonia,MKD,2014,2158
North Macedonia,MKD,2016,2158
North Macedonia,MKD,2017,2158
North Macedonia,MKD,2018,2158
North Macedonia,MKD,2019,2158
North Macedonia,MKD,2020,2158
Northern Africa,,1995,6620
Northern Africa,,2000,7797
Northern Africa,,2005,36991
Northern Africa,,2010,87957
Northern Africa,,2012,97983
Northern Africa,,2014,106948
Northern Africa,,2016,118821
Northern Africa,,2017,122624
Northern Africa,,2018,124133
Northern Africa,,2019,126540
Northern Africa,,2020,128236
Northern Africa (exc. Sudan),,1995,380
Northern Africa (exc. Sudan),,2000,380
Northern Africa (exc. Sudan),,2005,26457
Northern Africa (exc. Sudan),,2010,75187
Northern Africa (exc. Sudan),,2012,85207
Northern Africa (exc. Sudan),,2014,92901
Northern Africa (exc. Sudan),,2016,102988
Northern Africa (exc. Sudan),,2017,106588
Northern Africa (exc. Sudan),,2018,107487
Northern Africa (exc. Sudan),,2019,109363
Northern Africa (exc. Sudan),,2020,111068
Northern Africa and Western Asia,,1995,52620
Northern Africa and Western Asia,,2000,65576
Northern Africa and Western Asia,,2005,102826
Northern Africa and Western Asia,,2010,159842
Northern Africa and Western Asia,,2012,174375
Northern Africa and Western Asia,,2014,186389
Northern Africa and Western Asia,,2016,200135
Northern Africa and Western Asia,,2017,204630
Northern Africa and Western Asia,,2018,232694
Northern Africa and Western Asia,,2019,237143
Northern Africa and Western Asia,,2020,236452
Northern America,,1995,511546
Northern America,,2000,555713
Northern America,,2005,581738
Northern America,,2010,653210
Northern America,,2012,668299
Northern America,,2014,676207
Northern America,,2016,678510
Northern America,,2017,681494
Northern America,,2018,689627
Northern America,,2019,694083
Northern America,,2020,695881
Northern Europe,,1995,102883
Northern Europe,,2000,144944
Northern Europe,,2005,486128
Northern Europe,,2010,726603
Northern Europe,,2012,789311
Northern Europe,,2014,830073
Northern Europe,,2016,849459
Northern Europe,,2017,867463
Northern Europe,,2018,886848
Northern Europe,,2019,892092
Northern Europe,,2020,893066
Norway,NOR,1995,491
Norway,NOR,2000,605
Norway,NOR,2005,748
Norway,NOR,2010,952
Norway,NOR,2012,982
Norway,NOR,2014,1203
Norway,NOR,2016,1392
Norway,NOR,2017,1501
Norway,NOR,2018,1690
Norway,NOR,2019,1957
Norway,NOR,2020,2059
Oceania,,1995,167964
Oceania,,2000,197501
Oceania,,2005,231519
Oceania,,2010,244411
Oceania,,2012,251150
Oceania,,2014,255773
Oceania,,2016,261603
Oceania,,2017,262678
Oceania,,2018,263032
Oceania,,2019,288774
Oceania,,2020,289270
Oceania (exc. Australia and New Zealand),,1995,1068
Oceania (exc. Australia and New Zealand),,2000,1347
Oceania (exc. Australia and New Zealand),,2005,2247
Oceania (exc. Australia and New Zealand),,2010,2860
Oceania (exc. Australia and New Zealand),,2012,3397
Oceania (exc. Australia and New Zealand),,2014,3530
Oceania (exc. Australia and New Zealand),,2016,3671
Oceania (exc. Australia and New Zealand),,2017,3729
Oceania (exc. Australia and New Zealand),,2018,3730
Oceania (exc. Australia and New Zealand),,2019,3725
Oceania (exc. Australia and New Zealand),,2020,4070
Pakistan,PAK,1995,14306
Pakistan,PAK,2000,19392
Pakistan,PAK,2005,23549
Pakistan,PAK,2010,28214
Pakistan,PAK,2012,29191
Pakistan,PAK,2014,29996
Pakistan,PAK,2016,31066
Pakistan,PAK,2017,31066
Pakistan,PAK,2018,31958
Pakistan,PAK,2019,33003
Pakistan,PAK,2020,33003
Panama,PAN,1995,134
Panama,PAN,2000,263
Panama,PAN,2005,290
Panama,PAN,2010,566
Panama,PAN,2012,729
Panama,PAN,2014,813
Panama,PAN,2016,824
Panama,PAN,2017,824
Panama,PAN,2018,824
Panama,PAN,2019,824
Panama,PAN,2020,824
Papua New Guinea,PNG,1995,1043
Papua New Guinea,PNG,2000,1194
Papua New Guinea,PNG,2005,1327
Papua New Guinea,PNG,2010,1376
Papua New Guinea,PNG,2012,1432
Papua New Guinea,PNG,2014,1459
Papua New Guinea,PNG,2016,1508
Papua New Guinea,PNG,2017,1566
Papua New Guinea,PNG,2018,1567
Papua New Guinea,PNG,2019,1567
Papua New Guinea,PNG,2020,1912
Peru,PER,1995,9439
Peru,PER,2000,10805
Peru,PER,2005,11610
Peru,PER,2010,12330
Peru,PER,2012,12333
Peru,PER,2014,12529
Peru,PER,2016,12592
Peru,PER,2017,12592
Peru,PER,2018,13207
Peru,PER,2019,16216
Peru,PER,2020,16216
Philippines,PHL,1995,4513
Philippines,PHL,2000,5449
Philippines,PHL,2005,6400
Philippines,PHL,2010,7659
Philippines,PHL,2012,7869
Philippines,PHL,2014,8152
Philippines,PHL,2016,10180
Philippines,PHL,2017,10452
Philippines,PHL,2018,11002
Philippines,PHL,2019,11276
Philippines,PHL,2020,9912
Poland,POL,1995,62727
Poland,POL,2000,70712
Poland,POL,2005,76099
Poland,POL,2010,81348
Poland,POL,2012,83336
Poland,POL,2014,84586
Poland,POL,2016,85641
Poland,POL,2017,85790
Poland,POL,2018,85855
Poland,POL,2019,85876
Poland,POL,2020,86468
Portugal,PRT,1995,27315
Portugal,PRT,2000,30442
Portugal,PRT,2005,34454
Portugal,PRT,2010,39130
Portugal,PRT,2012,41781
Portugal,PRT,2014,49044
Portugal,PRT,2016,57417
Portugal,PRT,2017,57895
Portugal,PRT,2018,58438
Portugal,PRT,2019,60377
Portugal,PRT,2020,62221
Regional Centres (FAO),,1995,35244
Regional Centres (FAO),,2000,47664
Regional Centres (FAO),,2005,53536
Regional Centres (FAO),,2010,59927
Regional Centres (FAO),,2012,65505
Regional Centres (FAO),,2014,69583
Regional Centres (FAO),,2016,63624
Regional Centres (FAO),,2017,63883
Regional Centres (FAO),,2018,71165
Regional Centres (FAO),,2019,71807
Regional Centres (FAO),,2020,72252
Romania,ROU,1995,34429
Romania,ROU,2000,42803
Romania,ROU,2005,43966
Romania,ROU,2010,45325
Romania,ROU,2012,46180
Romania,ROU,2014,46229
Romania,ROU,2016,49616
Romania,ROU,2017,41805
Romania,ROU,2018,42262
Romania,ROU,2019,44897
Romania,ROU,2020,43233
Russia,RUS,1995,199981
Russia,RUS,2000,200235
Russia,RUS,2005,200451
Russia,RUS,2010,200614
Russia,RUS,2012,200717
Russia,RUS,2014,200717
Russia,RUS,2016,200717
Russia,RUS,2017,200717
Russia,RUS,2018,200717
Russia,RUS,2019,200717
Russia,RUS,2020,200717
Senegal,SEN,1995,958
Senegal,SEN,2000,958
Senegal,SEN,2005,1299
Senegal,SEN,2010,1330
Senegal,SEN,2012,1330
Senegal,SEN,2014,1890
Senegal,SEN,2016,1890
Senegal,SEN,2017,1890
Senegal,SEN,2018,1890
Senegal,SEN,2019,1890
Senegal,SEN,2020,1890
Serbia,SRB,1995,5509
Serbia,SRB,2000,5518
Serbia,SRB,2005,5519
Serbia,SRB,2010,5546
Serbia,SRB,2012,5551
Serbia,SRB,2014,5558
Serbia,SRB,2016,5561
Serbia,SRB,2017,5563
Serbia,SRB,2018,5563
Serbia,SRB,2019,5588
Serbia,SRB,2020,5588
Slovakia,SVK,1995,10042
Slovakia,SVK,2000,13950
Slovakia,SVK,2005,16686
Slovakia,SVK,2010,17021
Slovakia,SVK,2012,17025
Slovakia,SVK,2014,17028
Slovakia,SVK,2016,17055
Slovakia,SVK,2017,17055
Slovakia,SVK,2018,17055
Slovakia,SVK,2019,17154
Slovakia,SVK,2020,17165
Slovenia,SVN,1995,1619
Slovenia,SVN,2000,1776
Slovenia,SVN,2005,1776
Slovenia,SVN,2010,1776
Slovenia,SVN,2012,1776
Slovenia,SVN,2014,1776
Slovenia,SVN,2016,1776
Slovenia,SVN,2017,1776
Slovenia,SVN,2018,1776
Slovenia,SVN,2019,1776
Slovenia,SVN,2020,1776
Small Island Developing States (SIDS),,1995,13186
Small Island Developing States (SIDS),,2000,15623
Small Island Developing States (SIDS),,2005,18328
Small Island Developing States (SIDS),,2010,20956
Small Island Developing States (SIDS),,2012,23003
Small Island Developing States (SIDS),,2014,23857
Small Island Developing States (SIDS),,2016,24603
Small Island Developing States (SIDS),,2017,24769
Small Island Developing States (SIDS),,2018,25136
Small Island Developing States (SIDS),,2019,25152
Small Island Developing States (SIDS),,2020,25782
South Africa,ZAF,1995,1166
South Africa,ZAF,2000,1791
South Africa,ZAF,2005,5530
South Africa,ZAF,2010,6045
South Africa,ZAF,2012,6106
South Africa,ZAF,2014,6314
South Africa,ZAF,2016,6526
South Africa,ZAF,2017,6704
South Africa,ZAF,2018,6768
South Africa,ZAF,2019,6842
South Africa,ZAF,2020,6842
South America,,1995,176426
South America,,2000,205473
South America,,2005,232222
South America,,2010,278587
South America,,2012,302355
South America,,2014,316094
South America,,2016,329229
South America,,2017,334483
South America,,2018,337674
South America,,2019,335374
South America,,2020,335334
South-eastern Asia,,1995,25009
South-eastern Asia,,2000,29972
South-eastern Asia,,2005,55480
South-eastern Asia,,2010,66773
South-eastern Asia,,2012,68156
South-eastern Asia,,2014,69040
South-eastern Asia,,2016,71907
South-eastern Asia,,2017,72327
South-eastern Asia,,2018,72877
South-eastern Asia,,2019,73151
South-eastern Asia,,2020,71787
Southern Africa,,1995,4826
Southern Africa,,2000,6539
Southern Africa,,2005,12226
Southern Africa,,2010,14665
Southern Africa,,2012,14927
Southern Africa,,2014,15166
Southern Africa,,2016,15598
Southern Africa,,2017,15991
Southern Africa,,2018,16198
Southern Africa,,2019,16315
Southern Africa,,2020,16367
Southern Asia,,1995,227997
Southern Asia,,2000,288024
Southern Asia,,2005,393117
Southern Asia,,2010,433828
Southern Asia,,2012,449067
Southern Asia,,2014,458651
Southern Asia,,2016,476824
Southern Asia,,2017,479770
Southern Asia,,2018,486678
Southern Asia,,2019,493700
Southern Asia,,2020,499012
Southern Europe,,1995,153661
Southern Europe,,2000,162852
Southern Europe,,2005,174738
Southern Europe,,2010,187102
Southern Europe,,2012,191743
Southern Europe,,2014,200721
Southern Europe,,2016,210285
Southern Europe,,2017,213308
Southern Europe,,2018,210832
Southern Europe,,2019,213428
Southern Europe,,2020,217170
Spain,ESP,1995,66751
Spain,ESP,2000,69465
Spain,ESP,2005,71980
Spain,ESP,2010,75319
Spain,ESP,2012,76174
Spain,ESP,2014,76970
Spain,ESP,2016,77000
Spain,ESP,2017,79323
Spain,ESP,2018,76581
Spain,ESP,2019,74648
Spain,ESP,2020,74662
Sri Lanka,LKA,1995,5593
Sri Lanka,LKA,2000,6435
Sri Lanka,LKA,2005,7375
Sri Lanka,LKA,2010,8469
Sri Lanka,LKA,2012,8589
Sri Lanka,LKA,2014,8809
Sri Lanka,LKA,2016,10316
Sri Lanka,LKA,2017,10790
Sri Lanka,LKA,2018,11722
Sri Lanka,LKA,2019,11722
Sri Lanka,LKA,2020,12392
Sub-Saharan Africa,,1995,128879
Sub-Saharan Africa,,2000,143323
Sub-Saharan Africa,,2005,173093
Sub-Saharan Africa,,2010,191439
Sub-Saharan Africa,,2012,195495
Sub-Saharan Africa,,2014,199363
Sub-Saharan Africa,,2016,203411
Sub-Saharan Africa,,2017,204292
Sub-Saharan Africa,,2018,207423
Sub-Saharan Africa,,2019,209521
Sub-Saharan Africa,,2020,213339
Sub-Saharan Africa (inc. Sudan),,1995,135119
Sub-Saharan Africa (inc. Sudan),,2000,150740
Sub-Saharan Africa (inc. Sudan),,2005,183627
Sub-Saharan Africa (inc. Sudan),,2010,204209
Sub-Saharan Africa (inc. Sudan),,2012,208271
Sub-Saharan Africa (inc. Sudan),,2014,213410
Sub-Saharan Africa (inc. Sudan),,2016,219244
Sub-Saharan Africa (inc. Sudan),,2017,220328
Sub-Saharan Africa (inc. Sudan),,2018,224069
Sub-Saharan Africa (inc. Sudan),,2019,226698
Sub-Saharan Africa (inc. Sudan),,2020,230507
Sudan,SDN,1995,6240
Sudan,SDN,2000,7417
Sudan,SDN,2005,10534
Sudan,SDN,2010,12770
Sudan,SDN,2012,12776
Sudan,SDN,2014,14047
Sudan,SDN,2016,15833
Sudan,SDN,2017,16036
Sudan,SDN,2018,16646
Sudan,SDN,2019,17177
Sudan,SDN,2020,17168
Suriname,SUR,1995,0
Suriname,SUR,2000,0
Suriname,SUR,2005,0
Suriname,SUR,2010,79
Suriname,SUR,2012,83
Suriname,SUR,2014,83
Suriname,SUR,2016,83
Suriname,SUR,2017,83
Suriname,SUR,2018,83
Suriname,SUR,2019,83
Suriname,SUR,2020,83
Sweden,SWE,1995,247
Sweden,SWE,2000,247
Sweden,SWE,2005,250
Sweden,SWE,2010,276
Sweden,SWE,2012,307
Sweden,SWE,2014,308
Sweden,SWE,2016,312
Sweden,SWE,2017,312
Sweden,SWE,2018,448
Sweden,SWE,2019,448
Sweden,SWE,2020,448
Switzerland,CHE,1995,24270
Switzerland,CHE,2000,24780
Switzerland,CHE,2005,29213
Switzerland,CHE,2010,37967
Switzerland,CHE,2012,39684
Switzerland,CHE,2014,39908
Switzerland,CHE,2016,39942
Switzerland,CHE,2017,39949
Switzerland,CHE,2018,39953
Switzerland,CHE,2019,39953
Switzerland,CHE,2020,40037
Tajikistan,TJK,1995,0
Tajikistan,TJK,2000,646
Tajikistan,TJK,2005,2177
Tajikistan,TJK,2010,3464
Tajikistan,TJK,2012,3919
Tajikistan,TJK,2014,4239
Tajikistan,TJK,2016,4461
Tajikistan,TJK,2017,4505
Tajikistan,TJK,2018,4663
Tajikistan,TJK,2019,4737
Tajikistan,TJK,2020,4775
Tanzania,TZA,1995,1363
Tanzania,TZA,2000,2521
Tanzania,TZA,2005,4373
Tanzania,TZA,2010,5269
Tanzania,TZA,2012,5613
Tanzania,TZA,2014,5846
Tanzania,TZA,2016,5966
Tanzania,TZA,2017,5966
Tanzania,TZA,2018,5977
Tanzania,TZA,2019,6751
Tanzania,TZA,2020,7279
Thailand,THA,1995,61
Thailand,THA,2000,61
Thailand,THA,2005,22830
Thailand,THA,2010,30843
Thailand,THA,2012,31231
Thailand,THA,2014,31387
Thailand,THA,2016,31887
Thailand,THA,2017,31887
Thailand,THA,2018,31887
Thailand,THA,2019,31887
Thailand,THA,2020,31887
Togo,TGO,1995,218
Togo,TGO,2000,218
Togo,TGO,2005,218
Togo,TGO,2010,218
Togo,TGO,2012,218
Togo,TGO,2014,220
Togo,TGO,2016,220
Togo,TGO,2017,220
Togo,TGO,2018,220
Togo,TGO,2019,220
Togo,TGO,2020,845
Trinidad and Tobago,TTO,1995,385
Trinidad and Tobago,TTO,2000,454
Trinidad and Tobago,TTO,2005,477
Trinidad and Tobago,TTO,2010,531
Trinidad and Tobago,TTO,2012,555
Trinidad and Tobago,TTO,2014,614
Trinidad and Tobago,TTO,2016,621
Trinidad and Tobago,TTO,2017,624
Trinidad and Tobago,TTO,2018,638
Trinidad and Tobago,TTO,2019,640
Trinidad and Tobago,TTO,2020,640
Tunisia,TUN,1995,0
Tunisia,TUN,2000,0
Tunisia,TUN,2005,0
Tunisia,TUN,2010,12507
Tunisia,TUN,2012,12769
Tunisia,TUN,2014,13992
Tunisia,TUN,2016,20884
Tunisia,TUN,2017,22442
Tunisia,TUN,2018,22656
Tunisia,TUN,2019,22780
Tunisia,TUN,2020,24485
Turkey,TUR,1995,10240
Turkey,TUR,2000,11486
Turkey,TUR,2005,12792
Turkey,TUR,2010,13026
Turkey,TUR,2012,13026
Turkey,TUR,2014,14129
Turkey,TUR,2016,14129
Turkey,TUR,2017,14129
Turkey,TUR,2018,38585
Turkey,TUR,2019,38961
Turkey,TUR,2020,38961
Uganda,UGA,1995,6
Uganda,UGA,2000,6
Uganda,UGA,2005,42
Uganda,UGA,2010,3456
Uganda,UGA,2012,3767
Uganda,UGA,2014,4228
Uganda,UGA,2016,5027
Uganda,UGA,2017,5027
Uganda,UGA,2018,5027
Uganda,UGA,2019,5600
Uganda,UGA,2020,5600
Ukraine,UKR,1995,53480
Ukraine,UKR,2000,68650
Ukraine,UKR,2005,80274
Ukraine,UKR,2010,91075
Ukraine,UKR,2012,94025
Ukraine,UKR,2014,94025
Ukraine,UKR,2016,94025
Ukraine,UKR,2017,94025
Ukraine,UKR,2018,94025
Ukraine,UKR,2019,94025
Ukraine,UKR,2020,94025
United Kingdom,GBR,1995,76440
United Kingdom,GBR,2000,115140
United Kingdom,GBR,2005,452255
United Kingdom,GBR,2010,688252
United Kingdom,GBR,2012,748571
United Kingdom,GBR,2014,785107
United Kingdom,GBR,2016,810741
United Kingdom,GBR,2017,829253
United Kingdom,GBR,2018,842508
United Kingdom,GBR,2019,846059
United Kingdom,GBR,2020,846289
United States,USA,1995,409471
United States,USA,2000,449203
United States,USA,2005,473439
United States,USA,2010,543966
United States,USA,2012,557936
United States,USA,2014,565844
United States,USA,2016,568147
United States,USA,2017,571131
United States,USA,2018,578470
United States,USA,2019,582926
United States,USA,2020,584724
Uruguay,URY,1995,2015
Uruguay,URY,2000,7708
Uruguay,URY,2005,10689
Uruguay,URY,2010,13905
Uruguay,URY,2012,14281
Uruguay,URY,2014,14580
Uruguay,URY,2016,16830
Uruguay,URY,2017,17717
Uruguay,URY,2018,18768
Uruguay,URY,2019,19128
Uruguay,URY,2020,18453
Uzbekistan,UZB,1995,60768
Uzbekistan,UZB,2000,61598
Uzbekistan,UZB,2005,63771
Uzbekistan,UZB,2010,64133
Uzbekistan,UZB,2012,64156
Uzbekistan,UZB,2014,66200
Uzbekistan,UZB,2016,68047
Uzbekistan,UZB,2017,68050
Uzbekistan,UZB,2018,68145
Uzbekistan,UZB,2019,68149
Uzbekistan,UZB,2020,68169
Western Africa,,1995,4656
Western Africa,,2000,4683
Western Africa,,2005,8526
Western Africa,,2010,9525
Western Africa,,2012,10660
Western Africa,,2014,11986
Western Africa,,2016,12580
Western Africa,,2017,13008
Western Africa,,2018,14890
Western Africa,,2019,15431
Western Africa,,2020,18630
Western Asia,,1995,46000
Western Asia,,2000,57779
Western Asia,,2005,65835
Western Asia,,2010,71885
Western Asia,,2012,76392
Western Asia,,2014,79441
Western Asia,,2016,81314
Western Asia,,2017,82006
Western Asia,,2018,108561
Western Asia,,2019,110603
Western Asia,,2020,108216
"Western Asia (exc. Armenia, Azerbaijan, Cyprus, Israel and Georgia)",,1995,10284
"Western Asia (exc. Armenia, Azerbaijan, Cyprus, Israel and Georgia)",,2000,20959
"Western Asia (exc. Armenia, Azerbaijan, Cyprus, Israel and Georgia)",,2005,24321
"Western Asia (exc. Armenia, Azerbaijan, Cyprus, Israel and Georgia)",,2010,26205
"Western Asia (exc. Armenia, Azerbaijan, Cyprus, Israel and Georgia)",,2012,29549
"Western Asia (exc. Armenia, Azerbaijan, Cyprus, Israel and Georgia)",,2014,32227
"Western Asia (exc. Armenia, Azerbaijan, Cyprus, Israel and Georgia)",,2016,32523
"Western Asia (exc. Armenia, Azerbaijan, Cyprus, Israel and Georgia)",,2017,32697
"Western Asia (exc. Armenia, Azerbaijan, Cyprus, Israel and Georgia)",,2018,59213
"Western Asia (exc. Armenia, Azerbaijan, Cyprus, Israel and Georgia)",,2019,60347
"Western Asia (exc. Armenia, Azerbaijan, Cyprus, Israel and Georgia)",,2020,60462
Western Europe,,1995,197461
Western Europe,,2000,214858
Western Europe,,2005,272667
Western Europe,,2010,289596
Western Europe,,2012,295839
Western Europe,,2014,297798
Western Europe,,2016,298348
Western Europe,,2017,300577
Western Europe,,2018,302125
Western Europe,,2019,306121
Western Europe,,2020,302644
World,OWID_WRL,1995,3113370
World,OWID_WRL,2000,3546414
World,OWID_WRL,2005,4353291
World,OWID_WRL,2010,4975260
World,OWID_WRL,2012,5182083
World,OWID_WRL,2014,5314851
World,OWID_WRL,2016,5439953
World,OWID_WRL,2017,5488741
World,OWID_WRL,2018,5620484
World,OWID_WRL,2019,5690198
World,OWID_WRL,2020,5700826
Zambia,ZMB,1995,3850
Zambia,ZMB,2000,4523
Zambia,ZMB,2005,5918
Zambia,ZMB,2010,6482
Zambia,ZMB,2012,7058
Zambia,ZMB,2014,7252
Zambia,ZMB,2016,7252
Zambia,ZMB,2017,7252
Zambia,ZMB,2018,7583
Zambia,ZMB,2019,7583
Zambia,ZMB,2020,7583
Zimbabwe,ZWE,1995,283
Zimbabwe,ZWE,2000,1786
Zimbabwe,ZWE,2005,2045
Zimbabwe,ZWE,2010,5130
Zimbabwe,ZWE,2012,6069
Zimbabwe,ZWE,2014,6135
Zimbabwe,ZWE,2016,6171
Zimbabwe,ZWE,2017,6231
Zimbabwe,ZWE,2018,6231
Zimbabwe,ZWE,2019,6231
Zimbabwe,ZWE,2020,6231