Entity,Code,Year,"Credit to Agriculture: Credit to Agriculture, Forestry and Fishing - Agriculture orientation index (FAO (2017))"
Afghanistan,AFG,2008,0.00469
Afghanistan,AFG,2010,0.0317
Afghanistan,AFG,2011,0.0278
Albania,ALB,2007,0.07788
Albania,ALB,2008,0.07562
Albania,ALB,2009,0.07421
Albania,ALB,2010,0.08237
Albania,ALB,2011,0.0933
Albania,ALB,2012,0.08703
Albania,ALB,2013,0.09069
Albania,ALB,2014,0.08761
Albania,ALB,2015,0.10077
Angola,AGO,2009,0.27165
Angola,AGO,2010,0.3306
Angola,AGO,2011,0.29663
Angola,AGO,2012,0.48218
Angola,AGO,2013,0.45661
Angola,AGO,2014,0.53469
Angola,AGO,2015,0.73192
Anguilla,AIA,2000,0.32806
Anguilla,AIA,2001,0.38672
Anguilla,AIA,2002,0.32101
Anguilla,AIA,2003,0.3405
Anguilla,AIA,2004,0.22016
Anguilla,AIA,2005,0.117
Anguilla,AIA,2006,0.10891
Anguilla,AIA,2007,0.13513
Anguilla,AIA,2008,0.0777
Anguilla,AIA,2009,0.04959
Anguilla,AIA,2010,0.05992
Anguilla,AIA,2011,0.04953
Anguilla,AIA,2012,0.07525
Anguilla,AIA,2013,0.08884
Anguilla,AIA,2014,0.08664
Anguilla,AIA,2015,0.06956
Antigua and Barbuda,ATG,2000,0.38432
Antigua and Barbuda,ATG,2001,0.34045
Antigua and Barbuda,ATG,2002,0.29677
Antigua and Barbuda,ATG,2003,0.21523
Antigua and Barbuda,ATG,2004,0.27022
Antigua and Barbuda,ATG,2005,0.18821
Antigua and Barbuda,ATG,2006,0.16874
Antigua and Barbuda,ATG,2007,0.16472
Antigua and Barbuda,ATG,2008,0.14993
Antigua and Barbuda,ATG,2009,0.14838
Antigua and Barbuda,ATG,2010,0.11396
Antigua and Barbuda,ATG,2011,0.10416
Antigua and Barbuda,ATG,2012,0.10348
Antigua and Barbuda,ATG,2013,0.0908
Antigua and Barbuda,ATG,2014,0.03435
Antigua and Barbuda,ATG,2015,0.03016
Argentina,ARG,1992,2.08288
Argentina,ARG,1993,2.49459
Argentina,ARG,1994,1.98576
Argentina,ARG,1995,1.83058
Argentina,ARG,1996,1.55247
Argentina,ARG,1997,1.65319
Argentina,ARG,1998,1.67659
Argentina,ARG,1999,1.7002
Argentina,ARG,2000,1.97907
Argentina,ARG,2001,1.82573
Argentina,ARG,2002,0.56349
Argentina,ARG,2003,0.60534
Argentina,ARG,2004,0.79515
Argentina,ARG,2005,1.10009
Argentina,ARG,2006,1.33769
Argentina,ARG,2007,1.36873
Argentina,ARG,2008,1.42329
Argentina,ARG,2009,1.99365
Argentina,ARG,2010,1.46706
Argentina,ARG,2011,1.56423
Argentina,ARG,2012,1.77397
Argentina,ARG,2013,1.65546
Argentina,ARG,2014,1.40497
Argentina,ARG,2015,1.7965
Armenia,ARM,2000,0.7431
Armenia,ARM,2001,0.66475
Armenia,ARM,2002,0.59274
Armenia,ARM,2003,0.62209
Armenia,ARM,2004,0.31005
Armenia,ARM,2005,0.35282
Armenia,ARM,2006,0.35505
Armenia,ARM,2007,0.31756
Armenia,ARM,2008,0.38639
Armenia,ARM,2009,0.39901
Armenia,ARM,2010,0.37067
Armenia,ARM,2011,0.32152
Armenia,ARM,2012,0.33837
Armenia,ARM,2013,0.33245
Armenia,ARM,2014,0.35124
Armenia,ARM,2015,0.41247
Aruba,ABW,1998,0.97991
Aruba,ABW,1999,1.08083
Aruba,ABW,2000,0.93897
Aruba,ABW,2001,0.92752
Aruba,ABW,2002,0.76984
Aruba,ABW,2003,0.63165
Aruba,ABW,2004,0.0375
Aruba,ABW,2005,0.03415
Aruba,ABW,2006,0.01084
Aruba,ABW,2007,0.87872
Aruba,ABW,2008,0.53604
Aruba,ABW,2009,0.51137
Aruba,ABW,2010,0.49056
Aruba,ABW,2011,0.39962
Aruba,ABW,2012,0.01628
Aruba,ABW,2013,0.06139
Aruba,ABW,2014,0.04407
Aruba,ABW,2015,0.02948
Australia,AUS,1994,2.96127
Australia,AUS,1995,2.82604
Australia,AUS,1996,2.79653
Australia,AUS,1997,2.75361
Australia,AUS,1998,2.67011
Australia,AUS,1999,2.74801
Australia,AUS,2000,2.50997
Australia,AUS,2001,2.26533
Australia,AUS,2002,3.18469
Australia,AUS,2003,3.20941
Australia,AUS,2004,3.46923
Australia,AUS,2005,3.52333
Australia,AUS,2006,4.16212
Australia,AUS,2007,3.56586
Australia,AUS,2008,3.46476
Australia,AUS,2009,3.88098
Australia,AUS,2010,3.96892
Australia,AUS,2011,3.76611
Australia,AUS,2012,3.71257
Australia,AUS,2013,3.6249
Australia,AUS,2014,3.39458
Australia,AUS,2015,3.15382
Austria,AUT,2008,0.23268
Austria,AUT,2009,0.25167
Austria,AUT,2010,0.24614
Austria,AUT,2011,0.25198
Austria,AUT,2012,0.24247
Austria,AUT,2013,0.28096
Austria,AUT,2014,0.31092
Austria,AUT,2015,0.30225
Azerbaijan,AZE,2005,0.74043
Azerbaijan,AZE,2006,0.81473
Azerbaijan,AZE,2007,0.64404
Azerbaijan,AZE,2008,0.65274
Azerbaijan,AZE,2009,0.76705
Azerbaijan,AZE,2010,0.86858
Azerbaijan,AZE,2011,0.93322
Azerbaijan,AZE,2012,0.86795
Azerbaijan,AZE,2013,0.88602
Bahrain,BHR,2000,0.50776
Bahrain,BHR,2001,0.71401
Bahrain,BHR,2002,0.6358
Bahrain,BHR,2003,0.6667
Bahrain,BHR,2004,0.976
Bahrain,BHR,2005,1.06236
Bahrain,BHR,2006,0.79747
Bahrain,BHR,2007,0.52303
Bahrain,BHR,2008,0.55799
Bahrain,BHR,2009,0.27205
Bahrain,BHR,2010,0.31367
Bahrain,BHR,2011,0.46946
Bahrain,BHR,2012,0.60896
Bahrain,BHR,2013,0.53961
Bahrain,BHR,2014,0.51541
Bahrain,BHR,2015,0.25828
Bangladesh,BGD,2002,0.57331
Bangladesh,BGD,2003,0.52546
Bangladesh,BGD,2004,0.51251
Bangladesh,BGD,2005,0.49427
Bangladesh,BGD,2006,0.48724
Bangladesh,BGD,2007,0.41764
Bangladesh,BGD,2008,0.38287
Bangladesh,BGD,2009,0.38454
Bangladesh,BGD,2010,0.35573
Bangladesh,BGD,2011,0.36403
Bangladesh,BGD,2012,0.33459
Bangladesh,BGD,2013,0.349
Bangladesh,BGD,2014,0.35998
Bangladesh,BGD,2015,0.37157
Barbados,BRB,1991,0.75317
Barbados,BRB,1992,0.77422
Barbados,BRB,1993,0.81304
Barbados,BRB,1994,1.07316
Barbados,BRB,1995,0.81673
Barbados,BRB,1996,0.83359
Barbados,BRB,1997,0.87701
Barbados,BRB,1998,1.1188
Barbados,BRB,1999,0.84869
Barbados,BRB,2000,1.30666
Barbados,BRB,2001,1.00379
Barbados,BRB,2002,0.88977
Barbados,BRB,2003,0.78761
Barbados,BRB,2004,0.64513
Barbados,BRB,2005,0.68889
Barbados,BRB,2006,0.71853
Barbados,BRB,2007,0.7595
Barbados,BRB,2008,0.6104
Barbados,BRB,2009,0.60952
Barbados,BRB,2010,0.32691
Barbados,BRB,2011,0.3013
Barbados,BRB,2012,0.19085
Barbados,BRB,2013,0.18956
Barbados,BRB,2014,0.11558
Barbados,BRB,2015,0.07118
Belarus,BLR,1999,1.08617
Belarus,BLR,2000,0.89964
Belarus,BLR,2001,1.19996
Belarus,BLR,2002,1.30569
Belarus,BLR,2003,1.62062
Belarus,BLR,2004,1.83818
Belarus,BLR,2005,2.13016
Belarus,BLR,2006,2.35331
Belarus,BLR,2007,2.38608
Belarus,BLR,2008,2.48737
Belarus,BLR,2009,2.7463
Belarus,BLR,2010,2.61818
Belarus,BLR,2011,1.55226
Belarus,BLR,2012,1.61047
Belarus,BLR,2013,1.94768
Belarus,BLR,2014,1.74781
Belarus,BLR,2015,1.69392
Belgium,BEL,2003,4.36883
Belgium,BEL,2004,4.46288
Belgium,BEL,2005,5.20294
Belgium,BEL,2006,3.78313
Belgium,BEL,2007,3.4139
Belgium,BEL,2008,4.21665
Belgium,BEL,2009,4.81755
Belgium,BEL,2010,4.16838
Belgium,BEL,2011,4.97882
Belgium,BEL,2012,4.03968
Belgium,BEL,2013,4.56447
Belgium,BEL,2014,5.14853
Belgium,BEL,2015,4.91493
Belize,BLZ,1991,1.06496
Belize,BLZ,1992,0.94367
Belize,BLZ,1993,1.19818
Belize,BLZ,1994,0.85447
Belize,BLZ,1995,0.86218
Belize,BLZ,1996,0.8694
Belize,BLZ,1997,0.94414
Belize,BLZ,1998,0.86413
Belize,BLZ,1999,0.70755
Belize,BLZ,2000,0.74678
Belize,BLZ,2001,0.89773
Belize,BLZ,2002,0.91407
Belize,BLZ,2003,0.78148
Belize,BLZ,2004,0.72997
Belize,BLZ,2005,0.70177
Belize,BLZ,2006,0.70395
Belize,BLZ,2007,0.81281
Belize,BLZ,2008,0.86993
Belize,BLZ,2009,0.8407
Belize,BLZ,2010,0.8467
Belize,BLZ,2011,0.85052
Belize,BLZ,2012,0.68523
Belize,BLZ,2013,0.72612
Belize,BLZ,2014,0.89683
Belize,BLZ,2015,0.89271
Benin,BEN,1991,0.36548
Benin,BEN,1992,0.01821
Benin,BEN,1993,0.02376
Benin,BEN,1994,0.02871
Benin,BEN,1995,0.03389
Benin,BEN,1996,0.19114
Benin,BEN,1997,0.05918
Benin,BEN,1999,0.11033
Benin,BEN,2000,0.1364
Benin,BEN,2001,0.14847
Benin,BEN,2002,0.15285
Benin,BEN,2003,0.13272
Benin,BEN,2004,0.10342
Benin,BEN,2005,0.09387
Benin,BEN,2006,0.06475
Benin,BEN,2007,0.05768
Benin,BEN,2008,0.06416
Benin,BEN,2009,0.10028
Benin,BEN,2011,0.12724
Benin,BEN,2012,0.08289
Benin,BEN,2013,0.08224
Benin,BEN,2014,0.08239
Benin,BEN,2015,0.15945
Bhutan,BTN,2001,0.17318
Bhutan,BTN,2002,0.18337
Bhutan,BTN,2003,0.13627
Bhutan,BTN,2004,0.12386
Bhutan,BTN,2005,0.09678
Bhutan,BTN,2006,0.09853
Bhutan,BTN,2007,0.11335
Bhutan,BTN,2008,0.15024
Bhutan,BTN,2009,0.14885
Bhutan,BTN,2010,0.09841
Bhutan,BTN,2011,0.09909
Bhutan,BTN,2012,0.13626
Bhutan,BTN,2013,0.16854
Bhutan,BTN,2014,0.21581
Bhutan,BTN,2015,0.29956
Bolivia,BOL,1997,0.76206
Bolivia,BOL,1998,0.9178
Bolivia,BOL,1999,0.83031
Bolivia,BOL,2000,0.84992
Bolivia,BOL,2001,0.781
Bolivia,BOL,2002,0.78173
Bolivia,BOL,2003,0.76474
Bolivia,BOL,2004,0.77233
Bolivia,BOL,2005,0.82899
Bolivia,BOL,2006,1.02425
Bolivia,BOL,2007,1.05606
Bolivia,BOL,2008,1.06473
Bolivia,BOL,2009,0.85195
Bolivia,BOL,2010,0.94684
Bolivia,BOL,2011,1.01395
Bolivia,BOL,2012,1.13119
Bolivia,BOL,2013,1.07366
Bolivia,BOL,2014,1.09973
Bolivia,BOL,2015,1.01138
Bosnia and Herzegovina,BIH,2007,0.34422
Bosnia and Herzegovina,BIH,2008,0.39607
Bosnia and Herzegovina,BIH,2009,0.472
Bosnia and Herzegovina,BIH,2010,0.46048
Bosnia and Herzegovina,BIH,2011,0.44075
Bosnia and Herzegovina,BIH,2012,0.48142
Bosnia and Herzegovina,BIH,2013,0.38193
Bosnia and Herzegovina,BIH,2014,0.40818
Bosnia and Herzegovina,BIH,2015,0.37852
Botswana,BWA,1995,0.30182
Botswana,BWA,1996,0.52722
Botswana,BWA,1997,0.50082
Botswana,BWA,1998,0.30885
Botswana,BWA,1999,0.1484
Botswana,BWA,2000,0.21762
Botswana,BWA,2001,0.35904
Botswana,BWA,2002,0.27432
Botswana,BWA,2003,0.27767
Botswana,BWA,2004,0.62778
Botswana,BWA,2005,0.77698
Botswana,BWA,2006,0.5536
Botswana,BWA,2007,0.47489
Botswana,BWA,2008,0.26915
Botswana,BWA,2009,0.29735
Botswana,BWA,2010,0.27806
Botswana,BWA,2011,0.2915
Botswana,BWA,2012,0.49384
Botswana,BWA,2013,0.78749
Botswana,BWA,2014,0.83061
Botswana,BWA,2015,0.99395
Brazil,BRA,2012,0.20595
Brazil,BRA,2013,0.17643
Brazil,BRA,2014,0.17402
Brazil,BRA,2015,0.17559
Bulgaria,BGR,2000,0.22021
Bulgaria,BGR,2001,0.2052
Bulgaria,BGR,2002,0.19743
Bulgaria,BGR,2003,0.29481
Bulgaria,BGR,2004,0.33781
Bulgaria,BGR,2005,0.3412
Bulgaria,BGR,2006,0.39129
Bulgaria,BGR,2007,0.50763
Bulgaria,BGR,2008,0.37863
Bulgaria,BGR,2009,0.49167
Bulgaria,BGR,2010,0.48678
Bulgaria,BGR,2011,0.50825
Bulgaria,BGR,2012,0.56549
Bulgaria,BGR,2013,0.59287
Bulgaria,BGR,2014,0.68618
Bulgaria,BGR,2015,0.81646
Burkina Faso,BFA,1991,0.06355
Burkina Faso,BFA,1992,0.0812
Burkina Faso,BFA,1993,0.0858
Burkina Faso,BFA,1994,0.09357
Burkina Faso,BFA,1995,0.18462
Burkina Faso,BFA,1996,0.2053
Burkina Faso,BFA,1997,0.09369
Burkina Faso,BFA,1998,0.0914
Burkina Faso,BFA,1999,0.16835
Burkina Faso,BFA,2000,0.16731
Burkina Faso,BFA,2001,0.04332
Burkina Faso,BFA,2002,0.10138
Burkina Faso,BFA,2003,0.04489
Burkina Faso,BFA,2004,0.10075
Burkina Faso,BFA,2005,0.08143
Burkina Faso,BFA,2006,0.02247
Burkina Faso,BFA,2007,0.03646
Burkina Faso,BFA,2008,1.08162
Burkina Faso,BFA,2009,0.11912
Burkina Faso,BFA,2011,0.10046
Burkina Faso,BFA,2012,0.0551
Burkina Faso,BFA,2013,0.08675
Burkina Faso,BFA,2014,0.07869
Burkina Faso,BFA,2015,0.0586
Burundi,BDI,2009,0.02928
Burundi,BDI,2010,0.01534
Burundi,BDI,2011,0.00947
Burundi,BDI,2012,0.01044
Burundi,BDI,2013,0.01075
Burundi,BDI,2014,0.01515
Burundi,BDI,2015,0.08056
Cabo Verde,,2000,0.34122
Cabo Verde,,2001,0.39956
Cabo Verde,,2002,0.40128
Cabo Verde,,2003,0.35958
Cabo Verde,,2004,0.33999
Cabo Verde,,2005,0.30928
Cabo Verde,,2006,0.19245
Cabo Verde,,2007,0.2062
Cabo Verde,,2008,0.15863
Cabo Verde,,2009,0.12698
Cabo Verde,,2010,0.06558
Cabo Verde,,2011,0.04895
Cabo Verde,,2012,0.04083
Cabo Verde,,2013,0.04821
Cambodia,KHM,2004,0.11526
Cambodia,KHM,2005,0.09253
Cambodia,KHM,2006,0.14249
Cambodia,KHM,2007,0.16327
Cambodia,KHM,2008,0.16371
Cambodia,KHM,2009,0.20081
Cambodia,KHM,2010,0.19731
Cambodia,KHM,2011,0.25687
Cambodia,KHM,2012,0.28727
Cambodia,KHM,2013,0.30738
Cambodia,KHM,2014,0.34628
Cambodia,KHM,2015,0.38321
Canada,CAN,1997,1.53311
Canada,CAN,1998,1.43204
Canada,CAN,1999,1.77503
Canada,CAN,2000,1.95597
Canada,CAN,2001,1.83222
Canada,CAN,2002,2.15158
Canada,CAN,2003,2.80243
Canada,CAN,2004,2.813
Canada,CAN,2005,2.90482
Canada,CAN,2006,2.67182
Canada,CAN,2007,2.52847
Canada,CAN,2008,1.83242
Canada,CAN,2009,2.47992
Canada,CAN,2010,2.39885
Canada,CAN,2011,1.79719
Canada,CAN,2012,1.53453
Canada,CAN,2013,1.27618
Canada,CAN,2014,1.25559
Canada,CAN,2015,1.11153
Costa Rica,CRI,1991,1.67711
Costa Rica,CRI,1992,1.56583
Costa Rica,CRI,1993,1.4459
Costa Rica,CRI,1994,1.31456
Costa Rica,CRI,1995,1.17961
Costa Rica,CRI,1996,1.09579
Costa Rica,CRI,1997,0.79531
Costa Rica,CRI,1998,0.81767
Costa Rica,CRI,1999,0.89356
Costa Rica,CRI,2000,0.97808
Costa Rica,CRI,2001,0.93004
Costa Rica,CRI,2002,0.75369
Costa Rica,CRI,2003,0.58272
Costa Rica,CRI,2004,0.55624
Costa Rica,CRI,2005,0.6144
Costa Rica,CRI,2006,0.53788
Costa Rica,CRI,2007,0.53061
Costa Rica,CRI,2008,0.56585
Costa Rica,CRI,2009,0.60474
Costa Rica,CRI,2010,0.68676
Costa Rica,CRI,2011,0.81724
Costa Rica,CRI,2012,0.83378
Costa Rica,CRI,2013,0.84985
Costa Rica,CRI,2014,0.77768
Costa Rica,CRI,2015,0.76515
Cote d'Ivoire,CIV,1991,0.09272
Cote d'Ivoire,CIV,1992,0.07092
Cote d'Ivoire,CIV,1993,0.09329
Cote d'Ivoire,CIV,1994,0.13878
Cote d'Ivoire,CIV,1995,0.12211
Cote d'Ivoire,CIV,1996,0.08754
Cote d'Ivoire,CIV,1997,0.09654
Cote d'Ivoire,CIV,1998,0.08004
Cote d'Ivoire,CIV,1999,0.08515
Cote d'Ivoire,CIV,2000,0.12248
Cote d'Ivoire,CIV,2001,0.10525
Cote d'Ivoire,CIV,2002,0.12413
Cote d'Ivoire,CIV,2003,0.15508
Cote d'Ivoire,CIV,2004,0.16831
Cote d'Ivoire,CIV,2005,0.16038
Cote d'Ivoire,CIV,2006,0.13906
Cote d'Ivoire,CIV,2007,0.12768
Cote d'Ivoire,CIV,2008,0.0934
Cote d'Ivoire,CIV,2009,0.1385
Cote d'Ivoire,CIV,2010,0
Cote d'Ivoire,CIV,2011,0.06925
Cote d'Ivoire,CIV,2012,0.08163
Cote d'Ivoire,CIV,2013,0.13319
Cote d'Ivoire,CIV,2014,0.15151
Cote d'Ivoire,CIV,2015,0.17122
Cyprus,CYP,2004,0.40701
Cyprus,CYP,2005,0.39267
Cyprus,CYP,2006,0.40664
Cyprus,CYP,2007,0.39617
Czechia,CZE,1993,0.03205
Czechia,CZE,1994,0.04205
Czechia,CZE,1995,0.03815
Czechia,CZE,1996,0.07693
Czechia,CZE,1997,0.05732
Czechia,CZE,1998,0.03945
Czechia,CZE,1999,0.04054
Czechia,CZE,2000,0.6933
Czechia,CZE,2001,0.65225
Czechia,CZE,2002,0.83406
Czechia,CZE,2003,0.90544
Czechia,CZE,2004,0.98021
Czechia,CZE,2005,0.92355
Czechia,CZE,2006,0.91423
Czechia,CZE,2007,0.86922
Czechia,CZE,2008,0.9122
Czechia,CZE,2009,0.99784
Czechia,CZE,2010,1.0073
Czechia,CZE,2011,0.76259
Czechia,CZE,2012,0.79042
Czechia,CZE,2013,0.77034
Czechia,CZE,2014,0.7381
Czechia,CZE,2015,0.78517
Democratic Republic of Congo,COD,2005,0.56935
Democratic Republic of Congo,COD,2006,0.58714
Democratic Republic of Congo,COD,2007,0.39506
Democratic Republic of Congo,COD,2008,0.34036
Democratic Republic of Congo,COD,2009,0.79825
Democratic Republic of Congo,COD,2010,0.42618
Democratic Republic of Congo,COD,2011,0.09421
Democratic Republic of Congo,COD,2012,0.1011
Democratic Republic of Congo,COD,2013,0.06369
Democratic Republic of Congo,COD,2014,0.02403
Democratic Republic of Congo,COD,2015,0.05061
Dominica,DMA,2000,0.17113
Dominica,DMA,2001,0.15459
Dominica,DMA,2002,0.17032
Dominica,DMA,2003,0.16472
Dominica,DMA,2004,0.1693
Dominica,DMA,2005,0.15225
Dominica,DMA,2006,0.14602
Dominica,DMA,2007,0.13046
Dominica,DMA,2008,0.10038
Dominica,DMA,2009,0.08925
Dominica,DMA,2010,0.10115
Dominica,DMA,2011,0.0631
Dominica,DMA,2012,0.04366
Dominica,DMA,2013,0.0469
Dominica,DMA,2014,0.03487
Dominica,DMA,2015,0.02369
Dominican Republic,DOM,2006,0.78414
Dominican Republic,DOM,2007,0.77768
Dominican Republic,DOM,2008,0.75826
Dominican Republic,DOM,2009,0.91792
Dominican Republic,DOM,2010,0.98459
Dominican Republic,DOM,2011,1.02582
Dominican Republic,DOM,2012,0.85637
Dominican Republic,DOM,2013,0.91013
Dominican Republic,DOM,2014,0.84629
Dominican Republic,DOM,2015,0.65898
Ecuador,ECU,2008,0.68104
Ecuador,ECU,2009,0.61507
Ecuador,ECU,2010,0.7703
Ecuador,ECU,2011,0.68879
Ecuador,ECU,2012,0.93611
Ecuador,ECU,2013,0.97922
Ecuador,ECU,2014,0.84458
Egypt,EGY,1991,0.54188
Egypt,EGY,1992,0.56803
Egypt,EGY,1993,0.16916
Egypt,EGY,1994,0.15546
Egypt,EGY,1995,0.13724
Egypt,EGY,1996,0.15898
Egypt,EGY,1997,0.18011
Egypt,EGY,1998,0.19804
Egypt,EGY,1999,0.21484
Egypt,EGY,2000,0.18171
Egypt,EGY,2001,0.18314
Egypt,EGY,2002,0.18305
Egypt,EGY,2003,0.14188
Egypt,EGY,2004,0.14275
Egypt,EGY,2005,0.15308
Egypt,EGY,2006,0.13361
Egypt,EGY,2007,0.16672
Egypt,EGY,2008,0.13058
Egypt,EGY,2009,0.13066
Egypt,EGY,2010,0.10311
Egypt,EGY,2011,0.14323
Egypt,EGY,2012,0.10771
Egypt,EGY,2013,0.09439
Egypt,EGY,2014,0.09897
Egypt,EGY,2015,0.09764
El Salvador,SLV,2002,0.54098
El Salvador,SLV,2003,0.56537
El Salvador,SLV,2004,0.47415
El Salvador,SLV,2005,0.40129
El Salvador,SLV,2006,0.37568
El Salvador,SLV,2007,0.34414
El Salvador,SLV,2008,0.35168
El Salvador,SLV,2009,0.33518
El Salvador,SLV,2010,0.33445
El Salvador,SLV,2011,0.32293
El Salvador,SLV,2012,0.30351
El Salvador,SLV,2013,0.32046
El Salvador,SLV,2014,0.3138
El Salvador,SLV,2015,0.31378
Estonia,EST,1997,0.96868
Estonia,EST,1998,0.6187
Estonia,EST,1999,0.88816
Estonia,EST,2000,0.69489
Estonia,EST,2001,0.8969
Estonia,EST,2002,0.96588
Estonia,EST,2003,0.90685
Estonia,EST,2004,0.88574
Estonia,EST,2005,1.23197
Estonia,EST,2006,1.23723
Estonia,EST,2007,0.988
Estonia,EST,2008,1.30246
Estonia,EST,2009,1.42242
Estonia,EST,2010,1.20554
Estonia,EST,2011,1.16151
Estonia,EST,2012,1.4986
Estonia,EST,2013,1.73267
Estonia,EST,2014,1.81155
Estonia,EST,2015,1.83027
Ethiopia,ETH,2004,0.09337
Ethiopia,ETH,2005,0.16537
Ethiopia,ETH,2006,0.19917
Ethiopia,ETH,2007,0.22116
Ethiopia,ETH,2008,0.24694
Ethiopia,ETH,2009,0.24912
Ethiopia,ETH,2010,0.25939
Ethiopia,ETH,2011,0.32999
Ethiopia,ETH,2012,0.33281
Ethiopia,ETH,2013,0.26819
Ethiopia,ETH,2014,0.22642
Ethiopia,ETH,2015,0.21179
France,FRA,2012,3.16733
France,FRA,2013,3.69887
France,FRA,2014,3.57488
France,FRA,2015,3.58332
Gabon,GAB,2001,1.05038
Gabon,GAB,2002,1.0356
Gabon,GAB,2003,1.37696
Gabon,GAB,2004,2.27181
Gabon,GAB,2005,3.36872
Gabon,GAB,2006,4.11729
Gabon,GAB,2007,1.57605
Gabon,GAB,2008,1.41298
Gabon,GAB,2009,1.10628
Gabon,GAB,2010,1.36226
Gabon,GAB,2011,1.66147
Gabon,GAB,2012,1.52378
Gambia,GMB,2011,0.26773
Gambia,GMB,2012,0.24078
Gambia,GMB,2013,0.14651
Gambia,GMB,2014,0.06101
Gambia,GMB,2015,0.18444
Georgia,GEO,2003,0.12481
Georgia,GEO,2004,0.02295
Georgia,GEO,2005,0.01203
Georgia,GEO,2006,0.10547
Georgia,GEO,2007,0.1002
Georgia,GEO,2008,0.21552
Georgia,GEO,2009,0.16343
Georgia,GEO,2010,0.1437
Georgia,GEO,2011,0.12837
Georgia,GEO,2012,0.13416
Georgia,GEO,2013,0.35164
Georgia,GEO,2014,0.2655
Georgia,GEO,2015,0.23282
Germany,DEU,1991,2.98388
Germany,DEU,1992,3.09629
Germany,DEU,1993,3.07958
Germany,DEU,1994,3.16444
Germany,DEU,1995,3.05693
Germany,DEU,1996,2.81176
Germany,DEU,1997,2.76484
Germany,DEU,1998,2.88768
Germany,DEU,1999,2.8196
Germany,DEU,2000,2.60101
Germany,DEU,2001,2.32705
Germany,DEU,2002,2.86209
Germany,DEU,2003,3.26931
Germany,DEU,2004,2.89491
Germany,DEU,2005,3.83257
Germany,DEU,2006,3.81646
Germany,DEU,2007,3.54672
Germany,DEU,2008,3.22451
Germany,DEU,2009,4.15854
Germany,DEU,2010,4.72306
Germany,DEU,2011,4.22216
Germany,DEU,2012,4.597
Germany,DEU,2013,4.20206
Germany,DEU,2014,5.29064
Germany,DEU,2015,6.65081
Ghana,GHA,2008,0.14543
Ghana,GHA,2009,0.15286
Ghana,GHA,2010,0.21848
Ghana,GHA,2011,0.24271
Ghana,GHA,2012,0.21899
Ghana,GHA,2013,0.18822
Ghana,GHA,2014,0.19134
Ghana,GHA,2015,0.21114
Greece,GRC,1998,1.3137
Greece,GRC,1999,1.45126
Greece,GRC,2000,1.29481
Greece,GRC,2001,1.00555
Greece,GRC,2002,0.7475
Greece,GRC,2003,0.60945
Greece,GRC,2004,0.64819
Greece,GRC,2005,0.50336
Greece,GRC,2006,0.57924
Greece,GRC,2007,0.54326
Greece,GRC,2008,0.55018
Greece,GRC,2010,0.27795
Greece,GRC,2012,0.19157
Grenada,GRD,2000,0.32902
Grenada,GRD,2001,0.24947
Grenada,GRD,2002,0.33647
Grenada,GRD,2003,0.34097
Grenada,GRD,2004,0.36891
Grenada,GRD,2005,0.30536
Grenada,GRD,2006,0.1865
Grenada,GRD,2007,0.38046
Grenada,GRD,2008,0.38279
Grenada,GRD,2009,0.29125
Grenada,GRD,2010,0.2829
Grenada,GRD,2011,0.26708
Grenada,GRD,2012,0.27761
Grenada,GRD,2013,0.27896
Grenada,GRD,2014,0.25245
Grenada,GRD,2015,0.22122
Guatemala,GTM,2006,0.54101
Guatemala,GTM,2007,0.552
Guatemala,GTM,2008,0.56708
Guatemala,GTM,2009,0.48933
Guatemala,GTM,2010,0.51973
Guatemala,GTM,2011,0.49278
Guinea-Bissau,GNB,2002,0.0152
Guinea-Bissau,GNB,2003,0.02632
Guinea-Bissau,GNB,2004,0.01817
Guinea-Bissau,GNB,2005,0.00803
Guinea-Bissau,GNB,2006,0.01009
Guinea-Bissau,GNB,2007,0.02783
Guinea-Bissau,GNB,2008,0.03392
Guinea-Bissau,GNB,2009,0.0355
Guinea-Bissau,GNB,2011,0.02849
Guinea-Bissau,GNB,2012,0.04775
Guinea-Bissau,GNB,2013,0.02125
Guinea-Bissau,GNB,2014,0.00392
Guinea-Bissau,GNB,2015,0.00157
Guyana,GUY,1994,0.40218
Guyana,GUY,1995,0.47501
Guyana,GUY,1996,0.69628
Guyana,GUY,1997,0.6067
Guyana,GUY,1998,0.6447
Guyana,GUY,1999,0.50622
Guyana,GUY,2000,0.63061
Guyana,GUY,2001,0.63171
Guyana,GUY,2002,0.54965
Guyana,GUY,2003,0.32446
Guyana,GUY,2004,0.33203
Guyana,GUY,2005,0.4114
Guyana,GUY,2006,0.37066
Guyana,GUY,2007,0.36056
Guyana,GUY,2008,0.39141
Guyana,GUY,2009,0.53051
Guyana,GUY,2010,0.65733
Guyana,GUY,2011,0.75716
Guyana,GUY,2012,0.73007
Guyana,GUY,2013,0.68074
Guyana,GUY,2014,0.586
Guyana,GUY,2015,0.57703
Honduras,HND,2010,0.38738
Honduras,HND,2011,0.10356
Honduras,HND,2012,0.3222
Honduras,HND,2013,0.37592
Honduras,HND,2014,0.37775
Honduras,HND,2015,0.44523
Hungary,HUN,1995,0.9131
Hungary,HUN,1996,1.06675
Hungary,HUN,1997,1.36494
Hungary,HUN,1998,1.55166
Hungary,HUN,1999,1.6435
Hungary,HUN,2000,1.52383
Hungary,HUN,2001,1.33311
Hungary,HUN,2002,1.55023
Hungary,HUN,2003,1.57804
Hungary,HUN,2004,1.52866
Hungary,HUN,2005,1.70149
Hungary,HUN,2006,1.43996
Hungary,HUN,2007,1.36006
Hungary,HUN,2008,1.21892
Hungary,HUN,2009,1.27935
Hungary,HUN,2010,1.16419
Hungary,HUN,2011,0.91888
Hungary,HUN,2012,0.99394
Hungary,HUN,2013,1.19221
Hungary,HUN,2014,1.40921
Hungary,HUN,2015,1.64011
India,IND,1996,0.42939
India,IND,1997,0.44029
India,IND,1998,0.42304
India,IND,1999,0.45099
India,IND,2001,0.43399
India,IND,2002,0.48993
India,IND,2003,0.50265
India,IND,2004,0.60628
India,IND,2005,0.6044
India,IND,2006,0.65533
India,IND,2007,0.68195
India,IND,2008,0.65569
India,IND,2009,0.6291
India,IND,2010,0.66604
India,IND,2011,0.658
India,IND,2012,0.69265
India,IND,2013,0.72514
India,IND,2014,0.83875
India,IND,2015,0.8527
Indonesia,IDN,1999,0.57556
Indonesia,IDN,2000,0.50979
Indonesia,IDN,2001,0.48664
Indonesia,IDN,2002,0.43141
Indonesia,IDN,2003,0.40359
Indonesia,IDN,2004,0.4528
Indonesia,IDN,2005,0.44695
Indonesia,IDN,2006,0.48246
Indonesia,IDN,2007,0.45419
Indonesia,IDN,2008,0.3886
Indonesia,IDN,2009,0.38124
Indonesia,IDN,2010,0.36891
Indonesia,IDN,2011,0.38342
Indonesia,IDN,2012,0.40787
Indonesia,IDN,2013,0.41959
Indonesia,IDN,2014,0.44856
Iran,IRN,1991,1.34155
Iran,IRN,1992,1.28597
Iran,IRN,1993,1.51958
Iran,IRN,1994,1.69347
Iran,IRN,1995,1.48999
Iran,IRN,1996,1.84164
Iran,IRN,1997,2.0714
Iran,IRN,1998,1.72138
Iran,IRN,1999,2.11016
Iran,IRN,2000,2.21498
Iran,IRN,2001,2.33943
Iran,IRN,2002,2.42216
Iran,IRN,2003,2.26669
Iran,IRN,2004,2.2487
Iran,IRN,2005,2.32019
Iran,IRN,2006,2.01728
Iran,IRN,2007,1.97096
Iran,IRN,2008,2.23334
Iran,IRN,2009,1.93012
Iran,IRN,2010,1.75037
Iran,IRN,2011,1.8597
Iran,IRN,2012,1.32393
Iran,IRN,2013,1.16201
Iran,IRN,2014,1.13295
Iraq,IRQ,2008,1.47579
Iraq,IRQ,2009,0.13291
Iraq,IRQ,2010,0.01027
Iraq,IRQ,2011,0.40973
Iraq,IRQ,2012,0.61823
Iraq,IRQ,2013,0.42123
Iraq,IRQ,2014,0.43081
Iraq,IRQ,2015,0.53592
Israel,ISR,1991,5.17297
Israel,ISR,1992,4.20218
Israel,ISR,1993,3.83827
Israel,ISR,1994,3.08547
Israel,ISR,1995,2.90266
Israel,ISR,1996,2.72669
Israel,ISR,1997,2.14983
Israel,ISR,1998,1.8013
Israel,ISR,1999,1.89787
Israel,ISR,2000,1.78637
Israel,ISR,2001,0.82538
Israel,ISR,2002,0.70893
Israel,ISR,2003,0.55347
Israel,ISR,2004,0.59445
Israel,ISR,2005,0.57315
Israel,ISR,2006,0.62791
Israel,ISR,2007,0.66749
Israel,ISR,2008,0.62384
Israel,ISR,2009,0.47555
Israel,ISR,2010,0.53911
Israel,ISR,2011,0.54421
Israel,ISR,2012,0.65086
Israel,ISR,2013,0.62794
Israel,ISR,2014,0.59213
Israel,ISR,2015,0.56084
Italy,ITA,2008,2.08321
Italy,ITA,2009,2.29838
Italy,ITA,2010,2.4087
Italy,ITA,2011,2.33266
Italy,ITA,2012,2.33768
Italy,ITA,2013,2.31415
Italy,ITA,2014,2.54102
Italy,ITA,2015,2.46517
Jamaica,JAM,1991,1.19655
Jamaica,JAM,1992,0.94184
Jamaica,JAM,1993,0.72797
Jamaica,JAM,1994,0.69634
Jamaica,JAM,1995,0.49269
Jamaica,JAM,1996,0.53058
Jamaica,JAM,1997,0.58086
Jamaica,JAM,1998,0.63662
Jamaica,JAM,1999,0.64381
Jamaica,JAM,2000,0.61588
Jamaica,JAM,2001,0.49299
Jamaica,JAM,2002,0.4239
Jamaica,JAM,2003,0.27499
Jamaica,JAM,2004,0.21732
Jamaica,JAM,2005,0.26736
Jamaica,JAM,2006,0.29051
Jamaica,JAM,2007,0.24017
Jamaica,JAM,2008,0.38044
Jamaica,JAM,2009,0.41838
Jamaica,JAM,2010,0.34126
Jamaica,JAM,2011,0.35706
Jamaica,JAM,2012,0.34579
Jamaica,JAM,2013,0.35748
Jamaica,JAM,2014,0.38936
Jamaica,JAM,2015,0.34913
Jordan,JOR,1993,0.4654
Jordan,JOR,1994,0.52509
Jordan,JOR,1995,0.55355
Jordan,JOR,1996,0.62648
Jordan,JOR,1997,0.81192
Jordan,JOR,1998,1.04319
Jordan,JOR,1999,1.30957
Jordan,JOR,2000,1.39694
Jordan,JOR,2001,1.09137
Jordan,JOR,2002,0.91501
Jordan,JOR,2003,0.76243
Jordan,JOR,2004,0.73514
Jordan,JOR,2005,0.51914
Jordan,JOR,2006,0.55862
Jordan,JOR,2007,0.54625
Jordan,JOR,2008,0.66632
Jordan,JOR,2009,0.63943
Jordan,JOR,2010,0.49028
Jordan,JOR,2011,0.49488
Jordan,JOR,2012,0.51949
Jordan,JOR,2013,0.41588
Jordan,JOR,2014,0.37996
Jordan,JOR,2015,0.27965
Kazakhstan,KAZ,2009,0.578
Kazakhstan,KAZ,2010,0.77543
Kazakhstan,KAZ,2011,0.70028
Kazakhstan,KAZ,2012,0.68813
Kazakhstan,KAZ,2013,0.7376
Kazakhstan,KAZ,2014,0.91341
Kazakhstan,KAZ,2015,1.13631
Kenya,KEN,1997,0.32009
Kenya,KEN,1998,0.3699
Kenya,KEN,1999,0.34331
Kenya,KEN,2000,0.34186
Kenya,KEN,2001,0.35053
Kenya,KEN,2002,0.38681
Kenya,KEN,2003,0.40789
Kenya,KEN,2004,0.37973
Kenya,KEN,2005,0.39634
Kenya,KEN,2006,0.35201
Kenya,KEN,2007,0.25601
Kenya,KEN,2008,0.20462
Kenya,KEN,2009,0.21341
Kenya,KEN,2010,0.18689
Kenya,KEN,2011,0.17237
Kenya,KEN,2012,0.16975
Kenya,KEN,2013,0.14315
Kenya,KEN,2014,0.14476
Kenya,KEN,2015,0.12767
Kyrgyzstan,KGZ,1996,0.05688
Kyrgyzstan,KGZ,1997,0.00859
Kyrgyzstan,KGZ,1998,0.00926
Kyrgyzstan,KGZ,1999,0.09978
Kyrgyzstan,KGZ,2000,0.00748
Kyrgyzstan,KGZ,2001,0.01975
Kyrgyzstan,KGZ,2002,0.02097
Kyrgyzstan,KGZ,2003,0.06382
Kyrgyzstan,KGZ,2004,0.02696
Kyrgyzstan,KGZ,2005,0.05782
Kyrgyzstan,KGZ,2006,0.09648
Kyrgyzstan,KGZ,2007,0.32002
Kyrgyzstan,KGZ,2008,0.23734
Kyrgyzstan,KGZ,2009,0.42894
Kyrgyzstan,KGZ,2010,0.46348
Kyrgyzstan,KGZ,2011,0.55505
Kyrgyzstan,KGZ,2012,0.56885
Kyrgyzstan,KGZ,2013,1.15844
Kyrgyzstan,KGZ,2014,0.79014
Kyrgyzstan,KGZ,2015,1.12565
Lebanon,LBN,2010,0.22754
Lebanon,LBN,2011,0.25628
Lebanon,LBN,2012,0.25019
Lebanon,LBN,2013,0.26336
Lebanon,LBN,2014,0.28236
Lebanon,LBN,2015,0.37013
Liberia,LBR,2001,0.18521
Liberia,LBR,2002,0.10584
Liberia,LBR,2003,0.11993
Liberia,LBR,2004,0.11132
Liberia,LBR,2005,0.15982
Liberia,LBR,2006,0.11203
Liberia,LBR,2007,0.07721
Liberia,LBR,2008,0.08025
Liberia,LBR,2009,0.04982
Liberia,LBR,2010,0.04869
Liberia,LBR,2011,0.07125
Liberia,LBR,2012,0.06922
Liberia,LBR,2013,0.0848
Liberia,LBR,2014,0.09606
Liberia,LBR,2015,0.09457
Malawi,MWI,2003,0.27532
Malawi,MWI,2004,0.34895
Malawi,MWI,2005,0.30072
Malawi,MWI,2006,0.49408
Malawi,MWI,2007,0.59147
Malawi,MWI,2008,0.66407
Malawi,MWI,2009,0.34463
Malawi,MWI,2010,0.37335
Malawi,MWI,2011,0.6713
Malawi,MWI,2012,0.68841
Malawi,MWI,2013,0.80188
Malawi,MWI,2014,0.81637
Malaysia,MYS,2002,1.12054
Malaysia,MYS,2003,0.95451
Malaysia,MYS,2004,0.93192
Malaysia,MYS,2005,0.85599
Malaysia,MYS,2006,0.74724
Malaysia,MYS,2007,0.6087
Malaysia,MYS,2008,0.66235
Malaysia,MYS,2009,0.77702
Malaysia,MYS,2010,0.61445
Malaysia,MYS,2011,0.54169
Malaysia,MYS,2012,0.61075
Malaysia,MYS,2013,0.61718
Malaysia,MYS,2014,0.6573
Malaysia,MYS,2015,0.70085
Maldives,MDV,1997,0.80262
Maldives,MDV,1998,0.80318
Maldives,MDV,1999,0.93994
Maldives,MDV,2000,0.90894
Maldives,MDV,2001,0.72166
Maldives,MDV,2002,0.97875
Maldives,MDV,2003,1.32884
Maldives,MDV,2004,1.2285
Maldives,MDV,2005,0.97315
Maldives,MDV,2006,1.41584
Maldives,MDV,2007,1.96127
Maldives,MDV,2008,1.37878
Maldives,MDV,2009,1.61643
Maldives,MDV,2010,1.54396
Maldives,MDV,2011,1.37155
Maldives,MDV,2012,1.16988
Maldives,MDV,2013,1.15227
Maldives,MDV,2014,0.89872
Maldives,MDV,2015,0.98228
Mali,MLI,1991,0.31594
Mali,MLI,1992,0.38914
Mali,MLI,1993,0.29534
Mali,MLI,1994,0.09367
Mali,MLI,1995,0.22485
Mali,MLI,1996,0.49928
Mali,MLI,1997,1.47728
Mali,MLI,1998,0.68765
Mali,MLI,1999,0.32021
Mali,MLI,2000,1.17565
Mali,MLI,2001,0.55889
Mali,MLI,2002,0.45297
Mali,MLI,2003,0.62147
Mali,MLI,2004,0.18868
Mali,MLI,2005,0.30828
Mali,MLI,2006,0.66479
Mali,MLI,2007,1.25474
Mali,MLI,2008,0.15435
Mali,MLI,2011,0.14506
Mali,MLI,2012,0.15069
Mali,MLI,2013,0.10137
Mali,MLI,2014,0.08297
Mali,MLI,2015,0.08306
Mexico,MEX,2003,0.64662
Mexico,MEX,2004,0.58561
Mexico,MEX,2005,0.59832
Mexico,MEX,2006,0.5053
Mexico,MEX,2007,0.50777
Mexico,MEX,2008,0.54182
Mexico,MEX,2009,0.4657
Mexico,MEX,2010,0.48402
Mexico,MEX,2011,0.52712
Mexico,MEX,2012,0.55303
Mexico,MEX,2013,0.51277
Mexico,MEX,2014,0.49441
Mexico,MEX,2015,0.73715
Moldova,MDA,1998,0.9773
Moldova,MDA,1999,1.11773
Moldova,MDA,2000,1.09417
Moldova,MDA,2001,1.22333
Moldova,MDA,2002,1.37912
Moldova,MDA,2003,1.60667
Moldova,MDA,2004,1.46637
Moldova,MDA,2005,1.48777
Moldova,MDA,2006,1.32424
Moldova,MDA,2007,1.39997
Moldova,MDA,2008,1.51093
Moldova,MDA,2009,1.87132
Moldova,MDA,2010,1.23388
Moldova,MDA,2011,1.10138
Moldova,MDA,2012,0.55028
Moldova,MDA,2013,0.42753
Moldova,MDA,2014,0.49097
Moldova,MDA,2015,0.66995
Montserrat,MSR,2000,0.81615
Montserrat,MSR,2001,0.94466
Montserrat,MSR,2002,0.7706
Montserrat,MSR,2003,0.24886
Montserrat,MSR,2004,0.38927
Montserrat,MSR,2005,0.21577
Montserrat,MSR,2006,0.11425
Montserrat,MSR,2007,0.07055
Montserrat,MSR,2008,0.05212
Montserrat,MSR,2009,0.04665
Montserrat,MSR,2010,0.00644
Montserrat,MSR,2011,0.42697
Montserrat,MSR,2014,0.00098
Montserrat,MSR,2015,0.05072
Morocco,MAR,2006,0.42364
Morocco,MAR,2007,0.43619
Morocco,MAR,2008,0.32727
Morocco,MAR,2009,0.26024
Morocco,MAR,2010,0.31442
Morocco,MAR,2011,0.31493
Morocco,MAR,2012,0.31584
Morocco,MAR,2013,0.28878
Morocco,MAR,2014,0.33609
Morocco,MAR,2015,0.34196
Mozambique,MOZ,2000,0.94817
Mozambique,MOZ,2001,0.93227
Mozambique,MOZ,2002,0.64961
Mozambique,MOZ,2003,0.519
Mozambique,MOZ,2004,0.45887
Mozambique,MOZ,2005,0.36923
Mozambique,MOZ,2006,0.26027
Mozambique,MOZ,2007,0.38171
Mozambique,MOZ,2008,0.29977
Mozambique,MOZ,2009,0.25082
Mozambique,MOZ,2010,0.24407
Mozambique,MOZ,2011,0.20459
Mozambique,MOZ,2012,0.2042
Mozambique,MOZ,2013,0.15599
Mozambique,MOZ,2014,0.09298
Mozambique,MOZ,2015,0.14855
Namibia,NAM,2006,0.62189
Namibia,NAM,2007,0.60561
Namibia,NAM,2008,0.76249
Namibia,NAM,2009,0.7066
Namibia,NAM,2010,0.69704
Namibia,NAM,2011,0.59097
Namibia,NAM,2012,0.73377
Namibia,NAM,2013,0.81982
Namibia,NAM,2014,0.77587
Namibia,NAM,2015,0.75299
Nepal,NPL,1994,0.04628
Nepal,NPL,1995,0.04854
Nepal,NPL,1996,0.04893
Nepal,NPL,1997,0.04891
Nepal,NPL,1998,0.05782
Nepal,NPL,1999,0.05938
Nepal,NPL,2000,0.06042
Nepal,NPL,2001,0.06941
Nepal,NPL,2003,0.08533
Nepal,NPL,2004,0.08744
Nepal,NPL,2005,0.08193
Nepal,NPL,2006,0.08009
Nepal,NPL,2008,0.02383
Nepal,NPL,2009,0.10878
Nepal,NPL,2010,0.09418
Nepal,NPL,2011,0.07748
Nepal,NPL,2012,0.12249
Nepal,NPL,2013,0.13145
Nepal,NPL,2014,0.1476
Nepal,NPL,2015,0.15624
New Zealand,NZL,1991,2.62753
New Zealand,NZL,1992,2.58172
New Zealand,NZL,1993,2.33949
New Zealand,NZL,1994,2.65175
New Zealand,NZL,1995,2.68047
New Zealand,NZL,1996,2.68184
New Zealand,NZL,1997,2.70014
New Zealand,NZL,1998,1.84254
New Zealand,NZL,1999,1.69289
New Zealand,NZL,2000,1.32632
New Zealand,NZL,2001,1.39929
New Zealand,NZL,2002,2.07527
New Zealand,NZL,2003,2.24127
New Zealand,NZL,2004,2.34749
New Zealand,NZL,2005,2.79888
New Zealand,NZL,2006,2.55183
New Zealand,NZL,2007,2.13698
New Zealand,NZL,2008,2.92359
New Zealand,NZL,2009,2.73023
New Zealand,NZL,2010,2.39499
New Zealand,NZL,2011,2.47348
New Zealand,NZL,2012,2.81623
New Zealand,NZL,2013,2.52063
New Zealand,NZL,2014,2.57403
New Zealand,NZL,2015,2.64686
Nicaragua,NIC,2003,1.12916
Nicaragua,NIC,2004,0.94533
Nicaragua,NIC,2005,0.91318
Nicaragua,NIC,2006,0.88519
Nicaragua,NIC,2007,0.83812
Niger,NER,1991,0.14515
Niger,NER,1992,0.14701
Niger,NER,1993,0.1616
Niger,NER,1994,0.08233
Niger,NER,1995,0.08553
Niger,NER,1996,0.08763
Niger,NER,1997,0.10153
Niger,NER,1998,0.05447
Niger,NER,1999,0.05944
Niger,NER,2000,0.04133
Niger,NER,2001,0.03793
Niger,NER,2002,0.01333
Niger,NER,2003,0.01538
Niger,NER,2004,0.01625
Niger,NER,2005,0.02135
Niger,NER,2006,0.02486
Niger,NER,2007,0.01541
Niger,NER,2008,0.03041
Niger,NER,2009,0.03523
Niger,NER,2011,0.01749
Niger,NER,2012,0.0177
Niger,NER,2013,0.02229
Niger,NER,2014,0.02641
Niger,NER,2015,0.01155
Nigeria,NGA,1991,0.82135
Nigeria,NGA,1992,0.89613
Nigeria,NGA,1993,0.70052
Nigeria,NGA,1994,0.68795
Nigeria,NGA,1995,0.737
Nigeria,NGA,1996,0.8431
Nigeria,NGA,1997,0.28473
Nigeria,NGA,1998,0.33726
Nigeria,NGA,1999,0.35841
Nigeria,NGA,2000,0.40529
Nigeria,NGA,2001,0.27412
Nigeria,NGA,2002,0.16901
Nigeria,NGA,2003,0.15729
Nigeria,NGA,2004,0.16932
Nigeria,NGA,2005,0.09644
Nigeria,NGA,2006,0.07832
Nigeria,NGA,2007,0.12785
Nigeria,NGA,2008,0.05635
Nigeria,NGA,2009,0.05315
Nigeria,NGA,2010,0.07083
Nigeria,NGA,2011,0.1584
Nigeria,NGA,2012,0.17818
Nigeria,NGA,2013,0.16548
Nigeria,NGA,2014,0.18586
Oman,OMN,2001,0.24849
Oman,OMN,2002,0.33209
Oman,OMN,2003,0.37792
Oman,OMN,2004,0.46244
Oman,OMN,2005,0.63825
Oman,OMN,2006,0.58547
Oman,OMN,2007,0.45311
Oman,OMN,2008,0.41035
Oman,OMN,2009,0.28992
Oman,OMN,2010,0.27388
Oman,OMN,2011,0.22853
Oman,OMN,2012,0.29549
Oman,OMN,2013,0.23086
Oman,OMN,2014,0.25006
Oman,OMN,2015,0.19403
Pakistan,PAK,1994,0.70971
Pakistan,PAK,1995,0.62853
Pakistan,PAK,1996,0.58682
Pakistan,PAK,1997,0.62801
Pakistan,PAK,1998,0.58406
Pakistan,PAK,1999,0.60511
Pakistan,PAK,2000,0.56438
Pakistan,PAK,2001,0.59099
Pakistan,PAK,2002,0.62734
Pakistan,PAK,2003,0.63138
Pakistan,PAK,2004,0.45775
Pakistan,PAK,2005,0.43511
Pakistan,PAK,2006,0.40533
Pakistan,PAK,2007,0.38218
Pakistan,PAK,2008,0.33998
Pakistan,PAK,2009,0.32991
Pakistan,PAK,2010,0.3219
Pakistan,PAK,2011,0.30374
Pakistan,PAK,2012,0.35366
Pakistan,PAK,2013,0.37344
Pakistan,PAK,2014,0.39261
Pakistan,PAK,2015,0.39955
Panama,PAN,2002,0.27276
Panama,PAN,2003,0.28384
Panama,PAN,2004,0.36583
Panama,PAN,2005,0.40924
Panama,PAN,2006,0.43612
Panama,PAN,2007,0.5253
Panama,PAN,2008,0.7835
Panama,PAN,2009,0.92265
Panama,PAN,2010,1.03798
Panama,PAN,2011,1.13586
Panama,PAN,2012,1.22165
Panama,PAN,2013,1.33864
Panama,PAN,2014,1.31487
Panama,PAN,2015,1.3804
Papua New Guinea,PNG,2004,0.20393
Papua New Guinea,PNG,2005,0.19039
Papua New Guinea,PNG,2006,0.27174
Papua New Guinea,PNG,2007,0.19075
Papua New Guinea,PNG,2008,0.19696
Papua New Guinea,PNG,2009,0.14246
Papua New Guinea,PNG,2010,0.1368
Papua New Guinea,PNG,2011,0.12405
Papua New Guinea,PNG,2012,0.14406
Papua New Guinea,PNG,2013,0.13686
Papua New Guinea,PNG,2014,0.14209
Papua New Guinea,PNG,2015,0.12431
Peru,PER,2008,0.79234
Peru,PER,2009,0.84037
Peru,PER,2010,0.86931
Peru,PER,2011,0.87181
Peru,PER,2012,0.90663
Peru,PER,2013,0.9052
Peru,PER,2014,0.8247
Peru,PER,2015,0.78279
Philippines,PHL,1999,0.24921
Philippines,PHL,2000,0.29654
Philippines,PHL,2001,0.60028
Philippines,PHL,2002,0.58806
Philippines,PHL,2003,0.44719
Philippines,PHL,2004,0.47693
Philippines,PHL,2005,0.49261
Philippines,PHL,2006,0.4739
Philippines,PHL,2007,0.44514
Philippines,PHL,2008,0.88826
Philippines,PHL,2009,0.87537
Philippines,PHL,2010,1.01086
Philippines,PHL,2011,0.47791
Philippines,PHL,2012,0.41294
Philippines,PHL,2013,0.41803
Qatar,QAT,1991,0.49624
Qatar,QAT,1994,0.46857
Qatar,QAT,1995,0.20112
Qatar,QAT,1996,0.11236
Qatar,QAT,1997,0.14012
Qatar,QAT,1998,0.14408
Qatar,QAT,1999,0.16946
Qatar,QAT,2000,0.11204
Qatar,QAT,2002,0.18486
Russia,RUS,2010,0.7546
Russia,RUS,2011,0.65228
Russia,RUS,2012,0.66066
Russia,RUS,2013,0.55874
Russia,RUS,2014,0.42877
Russia,RUS,2015,0.4666
Rwanda,RWA,1995,0.03629
Rwanda,RWA,1996,0.01749
Rwanda,RWA,1997,0.01604
Rwanda,RWA,1998,0.03051
Rwanda,RWA,1999,0.0485
Rwanda,RWA,2000,0.03639
Rwanda,RWA,2001,0.03503
Rwanda,RWA,2002,0.04715
Rwanda,RWA,2003,0.06103
Rwanda,RWA,2004,0.11439
Rwanda,RWA,2005,0.10295
Rwanda,RWA,2006,0.1226
Rwanda,RWA,2007,0.13307
Rwanda,RWA,2008,0.12854
Rwanda,RWA,2009,0.10292
Rwanda,RWA,2010,0.11648
Rwanda,RWA,2011,0.10451
Rwanda,RWA,2012,0.12426
Rwanda,RWA,2013,0.09761
Rwanda,RWA,2014,0.09098
Saint Kitts and Nevis,KNA,2000,8.96209
Saint Kitts and Nevis,KNA,2001,9.98797
Saint Kitts and Nevis,KNA,2002,11.2484
Saint Kitts and Nevis,KNA,2003,11.5752
Saint Kitts and Nevis,KNA,2004,10.4101
Saint Kitts and Nevis,KNA,2005,10.6742
Saint Kitts and Nevis,KNA,2006,12.3608
Saint Kitts and Nevis,KNA,2007,0.0685
Saint Kitts and Nevis,KNA,2008,0.06667
Saint Kitts and Nevis,KNA,2009,0.16205
Saint Kitts and Nevis,KNA,2010,0.06965
Saint Kitts and Nevis,KNA,2011,0.03967
Saint Kitts and Nevis,KNA,2012,0.05452
Saint Kitts and Nevis,KNA,2013,0.05471
Saint Kitts and Nevis,KNA,2014,0.0783
Saint Kitts and Nevis,KNA,2015,0.08803
Saint Lucia,LCA,2000,0.35646
Saint Lucia,LCA,2001,0.56466
Saint Lucia,LCA,2002,0.42877
Saint Lucia,LCA,2003,0.5201
Saint Lucia,LCA,2004,0.48164
Saint Lucia,LCA,2005,0.48456
Saint Lucia,LCA,2006,0.3654
Saint Lucia,LCA,2007,0.362
Saint Lucia,LCA,2008,0.29871
Saint Lucia,LCA,2009,0.31475
Saint Lucia,LCA,2010,0.40681
Saint Lucia,LCA,2011,0.39068
Saint Lucia,LCA,2012,0.32461
Saint Lucia,LCA,2013,0.30725
Saint Lucia,LCA,2014,0.27734
Saint Lucia,LCA,2015,0.23504
Saint Vincent and the Grenadines,VCT,2000,0.43184
Saint Vincent and the Grenadines,VCT,2001,0.50133
Saint Vincent and the Grenadines,VCT,2002,0.3065
Saint Vincent and the Grenadines,VCT,2003,0.35429
Saint Vincent and the Grenadines,VCT,2004,0.30121
Saint Vincent and the Grenadines,VCT,2005,0.2493
Saint Vincent and the Grenadines,VCT,2006,0.22347
Saint Vincent and the Grenadines,VCT,2007,0.22958
Saint Vincent and the Grenadines,VCT,2008,0.25351
Saint Vincent and the Grenadines,VCT,2009,0.04206
Saint Vincent and the Grenadines,VCT,2010,0.01761
Saint Vincent and the Grenadines,VCT,2011,0.0328
Saint Vincent and the Grenadines,VCT,2012,0.03514
Saint Vincent and the Grenadines,VCT,2013,0.03185
Saint Vincent and the Grenadines,VCT,2014,0.03122
Saint Vincent and the Grenadines,VCT,2015,0.03588
Senegal,SEN,1992,0.30371
Senegal,SEN,1993,0.32385
Senegal,SEN,1994,0.41377
Senegal,SEN,1995,0.36472
Senegal,SEN,1996,0.3011
Senegal,SEN,1997,0.33057
Senegal,SEN,1998,0.31305
Senegal,SEN,1999,0.28625
Senegal,SEN,2000,0.21526
Senegal,SEN,2001,0.17917
Senegal,SEN,2002,0.28261
Senegal,SEN,2003,0.21299
Senegal,SEN,2004,0.25859
Senegal,SEN,2005,0.1916
Senegal,SEN,2006,0.19376
Senegal,SEN,2007,0.18937
Senegal,SEN,2008,0.16084
Senegal,SEN,2009,0.13156
Senegal,SEN,2011,0.15664
Senegal,SEN,2012,0.11422
Senegal,SEN,2013,0.1032
Senegal,SEN,2014,0.14797
Senegal,SEN,2015,0.14872
Serbia,SRB,2008,0.7775
Serbia,SRB,2009,0.75278
Serbia,SRB,2010,0.65349
Serbia,SRB,2011,0.59902
Serbia,SRB,2012,0.68781
Serbia,SRB,2013,0.63812
Serbia,SRB,2014,0.81349
Serbia,SRB,2015,0.98035
Seychelles,SYC,1997,1.76652
Seychelles,SYC,1998,2.17329
Seychelles,SYC,1999,1.26897
Seychelles,SYC,2000,1.31016
Seychelles,SYC,2001,1.14175
Seychelles,SYC,2002,1.05377
Seychelles,SYC,2003,1.22698
Seychelles,SYC,2004,0.80851
Seychelles,SYC,2005,0.75039
Seychelles,SYC,2006,0.8698
Seychelles,SYC,2007,0.67299
Seychelles,SYC,2008,0.45631
Seychelles,SYC,2009,0.94304
Seychelles,SYC,2010,0.75688
Seychelles,SYC,2011,0.85941
Seychelles,SYC,2012,1.02601
Seychelles,SYC,2013,0.63784
Seychelles,SYC,2014,0.97562
Seychelles,SYC,2015,1.29396
Singapore,SGP,1991,0.60552
Singapore,SGP,1992,0.63423
Singapore,SGP,1993,0.77788
Singapore,SGP,1994,0.76139
Singapore,SGP,1995,1.01002
Singapore,SGP,1996,0.69785
Singapore,SGP,1997,0.98571
Singapore,SGP,1998,1.32358
Singapore,SGP,1999,1.16892
Singapore,SGP,2000,1.25929
Singapore,SGP,2001,0.83931
Singapore,SGP,2002,1.40941
Singapore,SGP,2003,2.90112
Singapore,SGP,2004,2.12045
Singapore,SGP,2005,2.90538
Singapore,SGP,2006,3.41693
Singapore,SGP,2007,2.31344
Singapore,SGP,2008,2.49995
Singapore,SGP,2009,2.25978
Singapore,SGP,2010,3.22421
Singapore,SGP,2011,11.7403
Singapore,SGP,2012,12.8755
Singapore,SGP,2013,22.5576
Singapore,SGP,2014,24.1734
Singapore,SGP,2015,26.4434
South Korea,KOR,1998,2.29051
South Korea,KOR,1999,1.93686
South Korea,KOR,2000,1.76552
South Korea,KOR,2001,1.5316
South Korea,KOR,2002,1.12804
South Korea,KOR,2003,1.02321
South Korea,KOR,2004,0.83972
South Korea,KOR,2005,0.83721
South Korea,KOR,2006,0.76721
South Korea,KOR,2007,0.7066
South Korea,KOR,2008,0.70903
South Korea,KOR,2009,0.67259
South Korea,KOR,2010,0.68572
South Korea,KOR,2011,0.61107
South Korea,KOR,2012,0.64183
South Korea,KOR,2013,0.69836
South Korea,KOR,2014,0.68789
South Korea,KOR,2015,0.68362
Sri Lanka,LKA,1996,0.4607
Sri Lanka,LKA,1997,0.47303
Sri Lanka,LKA,1998,0.48496
Sri Lanka,LKA,1999,0.54052
Sri Lanka,LKA,2000,0.46036
Sri Lanka,LKA,2001,0.47473
Sri Lanka,LKA,2002,0.49702
Sri Lanka,LKA,2003,0.51184
Sri Lanka,LKA,2004,0.45753
Sri Lanka,LKA,2005,0.54792
Sri Lanka,LKA,2006,0.51822
Sri Lanka,LKA,2007,0.52084
Sri Lanka,LKA,2008,1.03248
Sri Lanka,LKA,2009,1.51405
Sri Lanka,LKA,2010,1.69018
Sri Lanka,LKA,2011,1.47982
Sri Lanka,LKA,2012,1.82726
Sri Lanka,LKA,2013,1.56897
Sri Lanka,LKA,2014,1.3013
Sri Lanka,LKA,2015,1.11776
Suriname,SUR,2006,0.52234
Suriname,SUR,2007,0.47773
Suriname,SUR,2008,0.6307
Suriname,SUR,2009,0.52748
Suriname,SUR,2010,0.46948
Suriname,SUR,2011,0.38741
Suriname,SUR,2012,0.37415
Suriname,SUR,2013,0.36821
Suriname,SUR,2014,0.29221
Suriname,SUR,2015,0.32488
Syria,SYR,1991,0.39794
Syria,SYR,1992,0.39395
Syria,SYR,1993,0.30137
Syria,SYR,1994,0.4083
Syria,SYR,1995,0.37053
Syria,SYR,1996,0.37237
Syria,SYR,1997,0.38208
Syria,SYR,1998,0.34084
Syria,SYR,1999,0.40583
Syria,SYR,2000,0.35615
Syria,SYR,2001,0.69062
Syria,SYR,2002,0.99775
Syria,SYR,2003,1.16875
Syria,SYR,2004,1.15319
Syria,SYR,2005,0.93976
Syria,SYR,2006,0.77788
Syria,SYR,2007,0.79778
Syria,SYR,2008,0.58986
Syria,SYR,2009,0.59743
Syria,SYR,2010,0.61804
Syria,SYR,2011,0.89332
Tajikistan,TJK,2008,2.3468
Tajikistan,TJK,2009,2.98043
Tajikistan,TJK,2010,1.00479
Tajikistan,TJK,2011,0.95189
Tajikistan,TJK,2012,0.74255
Tajikistan,TJK,2013,0.74086
Tajikistan,TJK,2014,0.51095
Tajikistan,TJK,2015,0.48998
Tanzania,TZA,1993,0.2053
Tanzania,TZA,1994,0.28221
Tanzania,TZA,1995,0.24185
Tanzania,TZA,1996,0.34738
Tanzania,TZA,1997,0.23098
Tanzania,TZA,1998,0.23762
Tanzania,TZA,1999,0.18082
Tanzania,TZA,2000,0.20484
Tanzania,TZA,2001,0.31974
Tanzania,TZA,2002,0.57584
Tanzania,TZA,2003,0.40319
Tanzania,TZA,2004,0.45744
Tanzania,TZA,2005,0.4366
Tanzania,TZA,2006,0.51231
Tanzania,TZA,2007,0.41134
Tanzania,TZA,2008,0.43015
Tanzania,TZA,2009,0.34512
Tanzania,TZA,2010,0.43657
Tanzania,TZA,2011,0.46283
Tanzania,TZA,2012,0.36322
Tanzania,TZA,2013,0.32121
Tanzania,TZA,2014,0.35628
Thailand,THA,1991,0.67526
Thailand,THA,1992,0.61491
Thailand,THA,1993,0.68727
Thailand,THA,1994,0.50949
Thailand,THA,1995,0.41098
Thailand,THA,1996,0.37202
Thailand,THA,1997,0.29378
Thailand,THA,1998,0.19036
Thailand,THA,1999,0.29508
Thailand,THA,2000,0.30734
Thailand,THA,2001,0.28402
Thailand,THA,2002,0.26851
Thailand,THA,2003,0.22725
Thailand,THA,2004,0.23038
Thailand,THA,2005,0.22001
Thailand,THA,2006,0.20359
Thailand,THA,2007,0.17876
Thailand,THA,2008,0.12487
Thailand,THA,2009,0.10665
Thailand,THA,2010,0.09633
Thailand,THA,2011,0.07535
Thailand,THA,2012,0.07269
Thailand,THA,2013,0.07213
Thailand,THA,2014,0.07812
Thailand,THA,2015,0.09285
Timor-Leste,,2006,0.06043
Timor-Leste,,2007,0.24319
Timor-Leste,,2008,0.39702
Timor-Leste,,2009,0.0735
Timor-Leste,,2010,0.10442
Timor-Leste,,2011,0.80076
Timor-Leste,,2012,0.12269
Timor-Leste,,2013,0.06391
Timor-Leste,,2014,0.70156
Timor-Leste,,2015,0.8615
Togo,TGO,1992,0.02846
Togo,TGO,1993,0.02605
Togo,TGO,1994,0.02471
Togo,TGO,1995,0.03011
Togo,TGO,1996,0.01311
Togo,TGO,1997,0.0111
Togo,TGO,1998,0.01579
Togo,TGO,1999,0.01528
Togo,TGO,2000,0.01645
Togo,TGO,2001,0.01265
Togo,TGO,2002,0.00976
Togo,TGO,2003,0.00713
Togo,TGO,2004,0.05092
Togo,TGO,2005,0.00167
Togo,TGO,2006,0.0016
Togo,TGO,2007,0.00315
Togo,TGO,2008,0.00351
Togo,TGO,2009,0.00565
Togo,TGO,2011,0.00775
Togo,TGO,2012,0.00803
Togo,TGO,2013,0.00677
Togo,TGO,2014,0.00613
Togo,TGO,2015,0.00543
Trinidad and Tobago,TTO,1996,1.65154
Trinidad and Tobago,TTO,1997,1.69708
Trinidad and Tobago,TTO,1998,2.12079
Trinidad and Tobago,TTO,1999,1.87175
Trinidad and Tobago,TTO,2000,0.74509
Trinidad and Tobago,TTO,2001,1.07015
Trinidad and Tobago,TTO,2002,1.50757
Trinidad and Tobago,TTO,2003,1.08901
Trinidad and Tobago,TTO,2004,0.89998
Trinidad and Tobago,TTO,2005,0.61088
Trinidad and Tobago,TTO,2006,0.46714
Trinidad and Tobago,TTO,2007,0.55862
Trinidad and Tobago,TTO,2008,0.84404
Trinidad and Tobago,TTO,2009,0.45268
Trinidad and Tobago,TTO,2010,0.40214
Trinidad and Tobago,TTO,2011,0.43455
Trinidad and Tobago,TTO,2012,0.38932
Trinidad and Tobago,TTO,2013,0.37447
Trinidad and Tobago,TTO,2014,0.25652
Trinidad and Tobago,TTO,2015,0.23579
Tunisia,TUN,1995,0.93828
Tunisia,TUN,1996,0.74264
Tunisia,TUN,1997,0.74239
Tunisia,TUN,1998,0.75343
Tunisia,TUN,1999,0.66276
Tunisia,TUN,2000,0.65837
Tunisia,TUN,2001,0.62459
Tunisia,TUN,2002,0.77848
Tunisia,TUN,2003,0.67246
Tunisia,TUN,2004,0.61884
Tunisia,TUN,2005,0.66703
Tunisia,TUN,2006,0.62671
Tunisia,TUN,2007,0.59794
Tunisia,TUN,2008,0.61802
Tunisia,TUN,2009,0.56458
Tunisia,TUN,2010,0.60557
Tunisia,TUN,2011,0.53735
Tunisia,TUN,2012,0.49582
Tunisia,TUN,2013,0.51493
Tunisia,TUN,2014,0.51756
Tunisia,TUN,2015,0.45087
Turkey,TUR,2005,0.23767
Turkey,TUR,2006,0.10853
Turkey,TUR,2007,0.07992
Turkey,TUR,2008,0.07119
Turkey,TUR,2009,0.05619
Turkey,TUR,2010,0.04192
Turkey,TUR,2011,0.04899
Turkey,TUR,2012,0.04211
Turkey,TUR,2013,0.02481
Turkey,TUR,2014,0.00949
Turkey,TUR,2015,0.00691
Uganda,UGA,1998,0.54014
Uganda,UGA,1999,0.41332
Uganda,UGA,2000,0.34689
Uganda,UGA,2001,0.27933
Uganda,UGA,2002,0.3497
Uganda,UGA,2003,0.41059
Uganda,UGA,2004,0.41933
Uganda,UGA,2005,0.36126
Uganda,UGA,2006,0.34397
Uganda,UGA,2007,0.27819
Uganda,UGA,2008,0.2507
Uganda,UGA,2009,0.16211
Uganda,UGA,2010,0.26595
Uganda,UGA,2011,0.24706
Uganda,UGA,2012,0.23748
Uganda,UGA,2013,0.29654
Uganda,UGA,2014,0.37094
Uganda,UGA,2015,0.3929
Ukraine,UKR,2002,0.50882
Ukraine,UKR,2003,0.65035
Ukraine,UKR,2004,0.57685
Ukraine,UKR,2005,0.65521
Ukraine,UKR,2006,0.67947
Ukraine,UKR,2007,0.62737
Ukraine,UKR,2008,1.00816
Ukraine,UKR,2011,0.73595
Ukraine,UKR,2012,0.7841
Ukraine,UKR,2013,0.7273
Ukraine,UKR,2014,0.69966
Ukraine,UKR,2015,0.56405
United Arab Emirates,ARE,2000,0.52312
United Arab Emirates,ARE,2001,0.46402
United Arab Emirates,ARE,2002,0.31625
United Arab Emirates,ARE,2003,0.21867
United Arab Emirates,ARE,2004,0.20959
United Arab Emirates,ARE,2005,0.1938
United Arab Emirates,ARE,2006,0.2704
United Arab Emirates,ARE,2007,0.26221
United Arab Emirates,ARE,2008,0.31265
United Arab Emirates,ARE,2009,0.06459
United Arab Emirates,ARE,2010,0.08561
United Arab Emirates,ARE,2011,0.16826
United Arab Emirates,ARE,2012,0.28959
United Arab Emirates,ARE,2013,0.37881
United Arab Emirates,ARE,2014,0.3091
United Arab Emirates,ARE,2015,0.14582
United States,USA,1991,1.22352
United States,USA,1992,1.20655
United States,USA,1993,1.31235
United States,USA,1994,1.22646
United States,USA,1995,1.28961
United States,USA,1996,1.09226
United States,USA,1997,1.2018
United States,USA,1998,1.31043
United States,USA,1999,1.35816
United States,USA,2000,1.32429
United States,USA,2001,1.3148
United States,USA,2002,1.30922
United States,USA,2003,1.05356
United States,USA,2004,0.86453
United States,USA,2005,0.98366
United States,USA,2006,0.98043
United States,USA,2007,0.87377
United States,USA,2008,0.83594
United States,USA,2009,0.96433
United States,USA,2010,0.84276
United States,USA,2011,0.72072
United States,USA,2012,0.80238
United States,USA,2013,0.713
United States,USA,2014,0.84687
United States,USA,2015,0.99746
Uruguay,URY,1991,1.26514
Uruguay,URY,1992,1.67727
Uruguay,URY,1993,2.16008
Uruguay,URY,1994,1.40792
Uruguay,URY,1995,1.39236
Uruguay,URY,1996,1.31716
Uruguay,URY,1997,1.48373
Uruguay,URY,1998,1.31334
Uruguay,URY,1999,1.126
Uruguay,URY,2000,1.13488
Uruguay,URY,2001,1.1385
Uruguay,URY,2002,1.22513
Uruguay,URY,2003,1.06038
Uruguay,URY,2004,0.93488
Uruguay,URY,2005,1.27066
Uruguay,URY,2006,1.30209
Uruguay,URY,2007,1.72129
Uruguay,URY,2008,1.43514
Uruguay,URY,2009,1.59643
Uruguay,URY,2010,1.95867
Uruguay,URY,2011,1.3861
Uruguay,URY,2012,1.52919
Uruguay,URY,2013,1.93633
Uruguay,URY,2014,2.52365
Uruguay,URY,2015,2.49422
Vanuatu,VUT,2003,0.20009
Vanuatu,VUT,2004,0.20094
Vanuatu,VUT,2005,0.21779
Vanuatu,VUT,2006,0.29128
Vanuatu,VUT,2007,0.11738
Vanuatu,VUT,2008,0.25087
Vanuatu,VUT,2009,0.25343
Vanuatu,VUT,2010,0.26519
Vietnam,VNM,2012,0.50135
Vietnam,VNM,2013,0.58601
Vietnam,VNM,2014,0.59305
Vietnam,VNM,2015,0.59861
Yemen,YEM,2000,0.17467
Yemen,YEM,2001,0.17375
Yemen,YEM,2002,0.09049
Yemen,YEM,2003,0.04636
Yemen,YEM,2004,0.11307
Yemen,YEM,2005,0.18338
Yemen,YEM,2006,0.19711
Yemen,YEM,2007,0.13123
Yemen,YEM,2008,0.11736
Yemen,YEM,2009,0.11351
Yemen,YEM,2010,0.14427
Yemen,YEM,2011,0.13669
Yemen,YEM,2012,0.18851
Yemen,YEM,2013,0.17785
Yemen,YEM,2014,0.17533
Zambia,ZMB,2002,1.44762
Zambia,ZMB,2003,1.57956
Zambia,ZMB,2004,1.94152
Zambia,ZMB,2005,1.86156
Zambia,ZMB,2006,2.05713
Zambia,ZMB,2007,1.73658
Zambia,ZMB,2008,1.4168
Zambia,ZMB,2009,1.67287
Zambia,ZMB,2010,1.86943
Zambia,ZMB,2011,1.83349
Zambia,ZMB,2012,2.42204
Zambia,ZMB,2013,2.39578
Zambia,ZMB,2014,1.91394
Zambia,ZMB,2015,2.20932