Entity,Code,Year,"Total alcohol consumption per capita (liters of pure alcohol, projected estimates, 15+ years of age)"
Afghanistan,AFG,2010,0.21
Afghanistan,AFG,2015,0.21
Afghanistan,AFG,2018,0.21
Africa Eastern and Southern,,2000,5.01405101620239
Africa Eastern and Southern,,2005,4.85658757955692
Africa Eastern and Southern,,2010,5.41711484465685
Africa Eastern and Southern,,2015,5.20056532810539
Africa Eastern and Southern,,2018,5.17091073003006
Africa Western and Central,,2000,8.09247351428025
Africa Western and Central,,2005,7.81397214441222
Africa Western and Central,,2010,7.49486405295652
Africa Western and Central,,2015,6.86946773276474
Africa Western and Central,,2018,6.83526606216979
Albania,ALB,2000,6.57
Albania,ALB,2005,7.65
Albania,ALB,2010,7.69
Albania,ALB,2015,6.74
Albania,ALB,2018,7.17
Algeria,DZA,2000,0.58
Algeria,DZA,2005,0.81
Algeria,DZA,2010,0.65
Algeria,DZA,2015,0.93
Algeria,DZA,2018,0.95
Andorra,AND,2000,13.28
Andorra,AND,2005,12.55
Andorra,AND,2010,11.11
Andorra,AND,2015,11.01
Andorra,AND,2018,11.02
Angola,AGO,2000,2.76
Angola,AGO,2005,4.89
Angola,AGO,2010,8.16
Angola,AGO,2015,7.96
Angola,AGO,2018,6.94
Antigua and Barbuda,ATG,2000,5.13
Antigua and Barbuda,ATG,2005,5.37
Antigua and Barbuda,ATG,2010,5.6
Antigua and Barbuda,ATG,2015,5.89
Antigua and Barbuda,ATG,2018,6.38
Arab World,,2000,0.672858248998622
Arab World,,2005,0.648096046363296
Arab World,,2010,0.64622786021936
Arab World,,2015,0.62749978317945
Arab World,,2018,0.618598081987902
Argentina,ARG,2000,8.75
Argentina,ARG,2005,8.66
Argentina,ARG,2010,9.09
Argentina,ARG,2015,9.55
Argentina,ARG,2018,9.65
Armenia,ARM,2000,4.23
Armenia,ARM,2005,5.79
Armenia,ARM,2010,5.69
Armenia,ARM,2015,5.84
Armenia,ARM,2018,5.55
Australia,AUS,2000,11.72
Australia,AUS,2005,12.08
Australia,AUS,2010,12.39
Australia,AUS,2015,10.83
Australia,AUS,2018,10.51
Austria,AUT,2000,13.12
Austria,AUT,2005,12.79
Austria,AUT,2010,12.2
Austria,AUT,2015,12.07
Austria,AUT,2018,11.96
Azerbaijan,AZE,2000,3.45
Azerbaijan,AZE,2005,1.81
Azerbaijan,AZE,2010,2.97
Azerbaijan,AZE,2015,4.58
Azerbaijan,AZE,2018,4.41
Bahamas,BHS,2000,5.58
Bahamas,BHS,2005,4.28
Bahamas,BHS,2010,4.12
Bahamas,BHS,2015,4.55
Bahamas,BHS,2018,4.78
Bahrain,BHR,2000,1.74
Bahrain,BHR,2005,1.76
Bahrain,BHR,2010,1.69
Bahrain,BHR,2015,1.3
Bahrain,BHR,2018,1.09
Bangladesh,BGD,2000,0.23
Bangladesh,BGD,2005,0.16
Bangladesh,BGD,2010,0.16
Bangladesh,BGD,2015,0.021
Bangladesh,BGD,2018,0.019
Barbados,BRB,2000,7.11
Barbados,BRB,2005,7.4
Barbados,BRB,2010,7.95
Barbados,BRB,2015,9.33
Barbados,BRB,2018,9.69
Belarus,BLR,2000,15.17
Belarus,BLR,2005,15.3
Belarus,BLR,2010,17.43
Belarus,BLR,2015,12
Belarus,BLR,2018,11.45
Belgium,BEL,2000,12.49
Belgium,BEL,2005,13.13
Belgium,BEL,2010,11.4
Belgium,BEL,2015,11.82
Belgium,BEL,2018,11.08
Belize,BLZ,2000,5.55
Belize,BLZ,2005,7.16
Belize,BLZ,2010,7.08
Belize,BLZ,2015,6.74
Belize,BLZ,2018,6.22
Benin,BEN,2000,2.46
Benin,BEN,2005,2.23
Benin,BEN,2010,2.47
Benin,BEN,2015,2.97
Benin,BEN,2018,2.81
Bhutan,BTN,2000,2.77
Bhutan,BTN,2005,1.6
Bhutan,BTN,2010,0.92
Bhutan,BTN,2015,0.42
Bhutan,BTN,2018,0.43
Bolivia,BOL,2000,3.44
Bolivia,BOL,2005,4.37
Bolivia,BOL,2010,5.56
Bolivia,BOL,2015,4.64
Bolivia,BOL,2018,4.43
Bosnia and Herzegovina,BIH,2000,6.37
Bosnia and Herzegovina,BIH,2005,7.2
Bosnia and Herzegovina,BIH,2010,7.32
Bosnia and Herzegovina,BIH,2015,6.92
Bosnia and Herzegovina,BIH,2018,7.15
Botswana,BWA,2000,9.05
Botswana,BWA,2005,9.61
Botswana,BWA,2010,8.62
Botswana,BWA,2015,6.86
Botswana,BWA,2018,6.59
Brazil,BRA,2000,8.78
Brazil,BRA,2005,8.32
Brazil,BRA,2010,8.49
Brazil,BRA,2015,7.86
Brazil,BRA,2018,7.42
Brunei,BRN,2000,0.23
Brunei,BRN,2005,0.21
Brunei,BRN,2010,0.51
Brunei,BRN,2015,0.46
Brunei,BRN,2018,0.48
Bulgaria,BGR,2000,11.8
Bulgaria,BGR,2005,11.42
Bulgaria,BGR,2010,11.32
Bulgaria,BGR,2015,12.34
Bulgaria,BGR,2018,12.65
Burkina Faso,BFA,2000,8.4
Burkina Faso,BFA,2005,9.19
Burkina Faso,BFA,2010,8.58
Burkina Faso,BFA,2015,11.83
Burkina Faso,BFA,2018,12.03
Burundi,BDI,2000,9.82
Burundi,BDI,2005,8.44
Burundi,BDI,2010,7.66
Burundi,BDI,2015,7.03
Burundi,BDI,2018,7.19
Cambodia,KHM,2000,1.87
Cambodia,KHM,2005,2.69
Cambodia,KHM,2010,4.91
Cambodia,KHM,2015,6.37
Cambodia,KHM,2018,6.64
Cameroon,CMR,2000,6.69
Cameroon,CMR,2005,7.62
Cameroon,CMR,2010,8.43
Cameroon,CMR,2015,6.17
Cameroon,CMR,2018,5.65
Canada,CAN,2010,10.1
Canada,CAN,2015,8.88
Canada,CAN,2018,8.94
Cape Verde,CPV,2000,6.03
Cape Verde,CPV,2005,6.95
Cape Verde,CPV,2010,7.51
Cape Verde,CPV,2015,5.95
Cape Verde,CPV,2018,5.6
Caribbean Small States,,2000,5.86224032058211
Caribbean Small States,,2005,5.75434989567961
Caribbean Small States,,2010,5.66081197052581
Caribbean Small States,,2015,5.85744802289462
Caribbean Small States,,2018,5.79451265738271
Central African Republic,CAF,2000,3.68
Central African Republic,CAF,2005,3.62
Central African Republic,CAF,2010,3.98
Central African Republic,CAF,2015,2.43
Central African Republic,CAF,2018,2.38
Central Europe and the Baltics,,2000,12.6265003631479
Central Europe and the Baltics,,2005,12.8572741033308
Central Europe and the Baltics,,2010,12.2660122242158
Central Europe and the Baltics,,2015,11.992929261355
Central Europe and the Baltics,,2018,11.9320795816418
Chad,TCD,2000,4.34
Chad,TCD,2005,4.62
Chad,TCD,2010,6.58
Chad,TCD,2015,1.45
Chad,TCD,2018,1.37
Chile,CHL,2000,7.74
Chile,CHL,2005,8.93
Chile,CHL,2010,9.31
Chile,CHL,2015,9.26
Chile,CHL,2018,9.07
China,CHN,2000,3.81
China,CHN,2005,4.02
China,CHN,2010,7.07
China,CHN,2015,7.15
China,CHN,2018,7.05
Colombia,COL,2000,5.58
Colombia,COL,2005,5.41
Colombia,COL,2010,5.04
Colombia,COL,2015,5.78
Colombia,COL,2018,5.74
Comoros,COM,2000,0.19
Comoros,COM,2005,0.44
Comoros,COM,2010,0.25
Comoros,COM,2015,0.88
Comoros,COM,2018,0.69
Congo,COG,2000,3.45
Congo,COG,2005,3.75
Congo,COG,2010,6.17
Congo,COG,2015,7.9
Congo,COG,2018,9.27
Costa Rica,CRI,2000,5.55
Costa Rica,CRI,2005,5.42
Costa Rica,CRI,2010,4.8
Costa Rica,CRI,2015,4.76
Costa Rica,CRI,2018,4.87
Cote d'Ivoire,CIV,2000,7.25
Cote d'Ivoire,CIV,2005,3.3
Cote d'Ivoire,CIV,2010,2.53
Cote d'Ivoire,CIV,2015,2.61
Cote d'Ivoire,CIV,2018,2.71
Croatia,HRV,2000,12.45
Croatia,HRV,2005,10.31
Croatia,HRV,2010,10.08
Croatia,HRV,2015,9.07
Croatia,HRV,2018,9.23
Cuba,CUB,2000,4.98
Cuba,CUB,2005,5.36
Cuba,CUB,2010,5.02
Cuba,CUB,2015,5.67
Cuba,CUB,2018,5.83
Cyprus,CYP,2000,10.86
Cyprus,CYP,2005,12.43
Cyprus,CYP,2010,11.35
Cyprus,CYP,2015,10.76
Cyprus,CYP,2018,10.81
Czechia,CZE,2000,15
Czechia,CZE,2005,14.76
Czechia,CZE,2010,14.06
Czechia,CZE,2015,14.25
Czechia,CZE,2018,14.45
Democratic Republic of Congo,COD,2000,0.95
Democratic Republic of Congo,COD,2005,0.86
Democratic Republic of Congo,COD,2010,1.75
Democratic Republic of Congo,COD,2015,2.05
Democratic Republic of Congo,COD,2018,2
Denmark,DNK,2000,12.67
Denmark,DNK,2005,12.29
Denmark,DNK,2010,11
Denmark,DNK,2015,10.36
Denmark,DNK,2018,10.26
Djibouti,DJI,2000,1.62
Djibouti,DJI,2005,1.28
Djibouti,DJI,2010,0.67
Djibouti,DJI,2015,0.49
Djibouti,DJI,2018,0.43
Dominica,DMA,2000,8.38
Dominica,DMA,2005,8.72
Dominica,DMA,2010,9.65
Dominica,DMA,2015,11.32
Dominica,DMA,2018,11.18
Dominican Republic,DOM,2000,7.19
Dominican Republic,DOM,2005,6.15
Dominican Republic,DOM,2010,6.11
Dominican Republic,DOM,2015,6.61
Dominican Republic,DOM,2018,6.68
Early-demographic dividend,,2000,2.51108606214714
Early-demographic dividend,,2005,2.52030538700454
Early-demographic dividend,,2010,3.45333507830292
Early-demographic dividend,,2015,3.90981086836428
Early-demographic dividend,,2018,3.89243616335572
East Asia & Pacific,,2000,4.09275505230215
East Asia & Pacific,,2005,4.18595030276972
East Asia & Pacific,,2010,6.26272649422025
East Asia & Pacific,,2015,6.472068347718
East Asia & Pacific,,2018,6.43073018939207
East Asia & Pacific (IDA & IBRD),,2000,3.42708953556614
East Asia & Pacific (IDA & IBRD),,2005,3.62756895152009
East Asia & Pacific (IDA & IBRD),,2010,6.05349161602864
East Asia & Pacific (IDA & IBRD),,2015,6.26217364405682
East Asia & Pacific (IDA & IBRD),,2018,6.22437469270483
East Asia & Pacific (excluding high income),,2000,3.4282779927544
East Asia & Pacific (excluding high income),,2005,3.62821832929903
East Asia & Pacific (excluding high income),,2010,6.02546296351373
East Asia & Pacific (excluding high income),,2015,6.23202231175478
East Asia & Pacific (excluding high income),,2018,6.1945057245146
Ecuador,ECU,2000,5.96
Ecuador,ECU,2005,5.81
Ecuador,ECU,2010,6.16
Ecuador,ECU,2015,4.98
Ecuador,ECU,2018,4.2
Egypt,EGY,2000,0.25
Egypt,EGY,2005,0.29
Egypt,EGY,2010,0.36
Egypt,EGY,2015,0.4
Egypt,EGY,2018,0.36
El Salvador,SLV,2000,3.86
El Salvador,SLV,2005,3.8
El Salvador,SLV,2010,3.31
El Salvador,SLV,2015,3.59
El Salvador,SLV,2018,3.89
Equatorial Guinea,GNQ,2000,7.45
Equatorial Guinea,GNQ,2005,8.91
Equatorial Guinea,GNQ,2010,9.2
Equatorial Guinea,GNQ,2015,9.08
Equatorial Guinea,GNQ,2018,7.23
Eritrea,ERI,2000,1.57
Eritrea,ERI,2005,2.08
Eritrea,ERI,2010,1.38
Eritrea,ERI,2015,1.42
Eritrea,ERI,2018,1.44
Estonia,EST,2000,9.57
Estonia,EST,2005,15.65
Estonia,EST,2010,12.39
Estonia,EST,2015,12.39
Estonia,EST,2018,9.23
Eswatini,SWZ,2000,7.46
Eswatini,SWZ,2005,6.71
Eswatini,SWZ,2010,6.82
Eswatini,SWZ,2015,9.84
Eswatini,SWZ,2018,10.04
Ethiopia,ETH,2000,1.76
Ethiopia,ETH,2005,2.05
Ethiopia,ETH,2010,2.5
Ethiopia,ETH,2015,2.19
Ethiopia,ETH,2018,2.36
Euro area,,2000,12.7171551590253
Euro area,,2005,12.2684810267613
Euro area,,2010,10.9915886003929
Euro area,,2015,11.3256923377699
Euro area,,2018,11.4025125308001
Europe & Central Asia,,2000,12.0724273815822
Europe & Central Asia,,2005,12.068748917394
Europe & Central Asia,,2010,11.038330590892
Europe & Central Asia,,2015,10.0870948530615
Europe & Central Asia,,2018,9.764031940807
Europe & Central Asia (IDA & IBRD),,2000,11.2756518449253
Europe & Central Asia (IDA & IBRD),,2005,11.6212832244213
Europe & Central Asia (IDA & IBRD),,2010,10.874046301927
Europe & Central Asia (IDA & IBRD),,2015,8.80951672986014
Europe & Central Asia (IDA & IBRD),,2018,8.05319789127819
Europe & Central Asia (excluding high income),,2000,11.4815536080217
Europe & Central Asia (excluding high income),,2005,11.7437753084983
Europe & Central Asia (excluding high income),,2010,10.8490884718095
Europe & Central Asia (excluding high income),,2015,8.52554792507051
Europe & Central Asia (excluding high income),,2018,7.6807296123609
European Union,,2000,12.6393686811969
European Union,,2005,12.3027987116357
European Union,,2010,11.2106356241059
European Union,,2015,11.3770912930769
European Union,,2018,11.4447155072379
Fiji,FJI,2000,3.24
Fiji,FJI,2005,2.78
Fiji,FJI,2010,3
Fiji,FJI,2015,3.33
Fiji,FJI,2018,3.32
Finland,FIN,2000,11.69
Finland,FIN,2005,13.11
Finland,FIN,2010,12.59
Finland,FIN,2015,11.18
Finland,FIN,2018,10.78
Fragile and conflict affected situations,,2000,4.82762515258838
Fragile and conflict affected situations,,2005,4.95541845166125
Fragile and conflict affected situations,,2010,4.86681397092572
Fragile and conflict affected situations,,2015,4.41027790208562
Fragile and conflict affected situations,,2018,4.35881895366716
France,FRA,2000,14.08
France,FRA,2005,13.09
France,FRA,2010,12.4
France,FRA,2015,12.64
France,FRA,2018,12.33
Gabon,GAB,2000,10.59
Gabon,GAB,2005,9.36
Gabon,GAB,2010,9.89
Gabon,GAB,2015,9.57
Gabon,GAB,2018,8.74
Gambia,GMB,2000,4.14
Gambia,GMB,2005,4.27
Gambia,GMB,2010,3.81
Gambia,GMB,2015,3.67
Gambia,GMB,2018,3.55
Georgia,GEO,2000,4.41
Georgia,GEO,2005,6.39
Georgia,GEO,2010,9.67
Georgia,GEO,2015,9.61
Georgia,GEO,2018,8.25
Germany,DEU,2000,14.16
Germany,DEU,2005,13.28
Germany,DEU,2010,12.64
Germany,DEU,2015,13.06
Germany,DEU,2018,12.91
Ghana,GHA,2000,5.3
Ghana,GHA,2005,3.77
Ghana,GHA,2010,4.26
Ghana,GHA,2015,3.12
Ghana,GHA,2018,2.75
Greece,GRC,2000,10.18
Greece,GRC,2005,10.73
Greece,GRC,2010,9.67
Greece,GRC,2015,10.49
Greece,GRC,2018,10.18
Grenada,GRD,2000,9.8
Grenada,GRD,2005,8.76
Grenada,GRD,2010,8.31
Grenada,GRD,2015,9.07
Grenada,GRD,2018,9.48
Guatemala,GTM,2000,4.4
Guatemala,GTM,2005,4.29
Guatemala,GTM,2010,3.51
Guatemala,GTM,2015,2.55
Guatemala,GTM,2018,2.45
Guinea,GIN,2000,0.67
Guinea,GIN,2005,0.77
Guinea,GIN,2010,0.7
Guinea,GIN,2015,1.07
Guinea,GIN,2018,1.11
Guinea-Bissau,GNB,2000,4.15
Guinea-Bissau,GNB,2005,5.31
Guinea-Bissau,GNB,2010,4.47
Guinea-Bissau,GNB,2015,5.05
Guinea-Bissau,GNB,2018,5.38
Guyana,GUY,2000,8.98
Guyana,GUY,2005,7.98
Guyana,GUY,2010,6.78
Guyana,GUY,2015,7.35
Guyana,GUY,2018,6.89
Haiti,HTI,2000,3.97
Haiti,HTI,2005,3.86
Haiti,HTI,2010,2.99
Haiti,HTI,2015,2.69
Haiti,HTI,2018,2.73
Heavily indebted poor countries (HIPC),,2000,4.24008300225016
Heavily indebted poor countries (HIPC),,2005,4.03397417415811
Heavily indebted poor countries (HIPC),,2010,4.17562433186334
Heavily indebted poor countries (HIPC),,2015,4.0276476247964
Heavily indebted poor countries (HIPC),,2018,4.06575985649285
High income,,2000,10.5602227215204
High income,,2005,10.3899376508469
High income,,2010,9.63564750298349
High income,,2015,9.7649192043837
High income,,2018,9.77965599485549
Honduras,HND,2000,3.5
Honduras,HND,2005,3.88
Honduras,HND,2010,3.59
Honduras,HND,2015,3.49
Honduras,HND,2018,3.76
Hungary,HUN,2000,14.27
Hungary,HUN,2005,14.56
Hungary,HUN,2010,12.09
Hungary,HUN,2015,11.6
Hungary,HUN,2018,11.35
IBRD only,,2000,4.46424594755368
IBRD only,,2005,4.53400508124463
IBRD only,,2010,6.05019657357632
IBRD only,,2015,6.13515037011165
IBRD only,,2018,5.97662907027077
IDA & IBRD total,,2000,4.32866061171693
IDA & IBRD total,,2005,4.36849280088349
IDA & IBRD total,,2010,5.5947480648564
IDA & IBRD total,,2015,5.61451586287871
IDA & IBRD total,,2018,5.48742148438097
IDA blend,,2000,5.40000883185504
IDA blend,,2005,5.24498236548353
IDA blend,,2010,4.98048323627656
IDA blend,,2015,4.58995037582147
IDA blend,,2018,4.62675911394371
IDA only,,2000,2.74760195580924
IDA only,,2005,2.71870791922856
IDA only,,2010,2.96632809335679
IDA only,,2015,3.10121132153311
IDA only,,2018,3.20136280440965
IDA total,,2000,3.68189847461984
IDA total,,2005,3.61097781563725
IDA total,,2010,3.66715301372077
IDA total,,2015,3.60675178629109
IDA total,,2018,3.68391489641929
Iceland,ISL,2000,7.03
Iceland,ISL,2005,7.74
Iceland,ISL,2010,7.5
Iceland,ISL,2015,8.74
Iceland,ISL,2018,9.12
India,IND,2000,2.28
India,IND,2005,2.33
India,IND,2010,4.35
India,IND,2015,5.54
India,IND,2018,5.54
Indonesia,IDN,2000,0.5
Indonesia,IDN,2005,0.48
Indonesia,IDN,2010,0.59
Indonesia,IDN,2015,0.6
Indonesia,IDN,2018,0.57
Iran,IRN,2000,0.21
Iran,IRN,2005,0.58
Iran,IRN,2010,1.01
Iran,IRN,2015,1.01
Iran,IRN,2018,1.03
Iraq,IRQ,2000,0.45
Iraq,IRQ,2005,0.44
Iraq,IRQ,2010,0.49
Iraq,IRQ,2015,0.37
Iraq,IRQ,2018,0.39
Ireland,IRL,2000,15.13
Ireland,IRL,2005,14.2
Ireland,IRL,2010,12.07
Ireland,IRL,2015,12.47
Ireland,IRL,2018,12.88
Israel,ISR,2000,3.08
Israel,ISR,2005,2.7
Israel,ISR,2010,3.12
Israel,ISR,2015,3.86
Israel,ISR,2018,4.21
Italy,ITA,2000,10.37
Italy,ITA,2005,9.41
Italy,ITA,2010,7.34
Italy,ITA,2015,7.59
Italy,ITA,2018,7.84
Jamaica,JAM,2000,4.91
Jamaica,JAM,2005,4.43
Jamaica,JAM,2010,4.38
Jamaica,JAM,2015,4.19
Jamaica,JAM,2018,4.22
Japan,JPN,2000,8.23
Japan,JPN,2005,7.99
Japan,JPN,2010,7.2
Japan,JPN,2015,7.87
Japan,JPN,2018,7.96
Jordan,JOR,2000,0.62
Jordan,JOR,2005,0.66
Jordan,JOR,2010,0.64
Jordan,JOR,2015,0.69
Jordan,JOR,2018,0.69
Kazakhstan,KAZ,2000,8.18
Kazakhstan,KAZ,2005,9.33
Kazakhstan,KAZ,2010,4.97
Kazakhstan,KAZ,2015,4.66
Kazakhstan,KAZ,2018,4.76
Kenya,KEN,2000,3.83
Kenya,KEN,2005,3.01
Kenya,KEN,2010,3.29
Kenya,KEN,2015,2.77
Kenya,KEN,2018,2.78
Kiribati,KIR,2000,1.96
Kiribati,KIR,2005,2.16
Kiribati,KIR,2010,1.65
Kiribati,KIR,2015,0.52
Kiribati,KIR,2018,0.46
Kuwait,KWT,2000,0.038
Kuwait,KWT,2005,0.019
Kuwait,KWT,2010,0.032
Kuwait,KWT,2015,0.003
Kuwait,KWT,2018,0.003
Kyrgyzstan,KGZ,2000,9.45
Kyrgyzstan,KGZ,2005,11.19
Kyrgyzstan,KGZ,2010,10.08
Kyrgyzstan,KGZ,2015,7.59
Kyrgyzstan,KGZ,2018,6.26
Laos,LAO,2000,4.66
Laos,LAO,2005,4.37
Laos,LAO,2010,7.1
Laos,LAO,2015,10.05
Laos,LAO,2018,10.72
Late-demographic dividend,,2000,5.56325458805206
Late-demographic dividend,,2005,5.76143162144268
Late-demographic dividend,,2010,7.60514366505772
Late-demographic dividend,,2015,7.43519403108725
Late-demographic dividend,,2018,7.24966960968424
Latin America & Caribbean,,2000,7.30112089331124
Latin America & Caribbean,,2005,7.19722902611348
Latin America & Caribbean,,2010,6.99957961571905
Latin America & Caribbean,,2015,6.61893740371351
Latin America & Caribbean,,2018,6.33160551872181
Latin America & Caribbean (IDA & IBRD),,2000,7.36172809811277
Latin America & Caribbean (IDA & IBRD),,2005,7.24328096213664
Latin America & Caribbean (IDA & IBRD),,2010,7.04507477179186
Latin America & Caribbean (IDA & IBRD),,2015,6.63876376196831
Latin America & Caribbean (IDA & IBRD),,2018,6.34103701883309
Latin America & Caribbean (excluding high income),,2000,7.19461119214596
Latin America & Caribbean (excluding high income),,2005,7.02642151895821
Latin America & Caribbean (excluding high income),,2010,6.83673271113579
Latin America & Caribbean (excluding high income),,2015,6.51564151497634
Latin America & Caribbean (excluding high income),,2018,6.33674686032047
Latvia,LVA,2000,8.76
Latvia,LVA,2005,11.96
Latvia,LVA,2010,11.63
Latvia,LVA,2015,12.64
Latvia,LVA,2018,12.77
Least developed countries: UN classification,,2000,2.48631118149603
Least developed countries: UN classification,,2005,2.65811388115713
Least developed countries: UN classification,,2010,3.05266174567741
Least developed countries: UN classification,,2015,3.24596376990244
Least developed countries: UN classification,,2018,3.33836610996658
Lebanon,LBN,2000,2.96
Lebanon,LBN,2005,2.31
Lebanon,LBN,2010,1.94
Lebanon,LBN,2015,1.65
Lebanon,LBN,2018,1.71
Lesotho,LSO,2000,7.31
Lesotho,LSO,2005,5.37
Lesotho,LSO,2010,6.5
Lesotho,LSO,2015,4.8
Lesotho,LSO,2018,4.59
Liberia,LBR,2000,6.38
Liberia,LBR,2005,6.05
Liberia,LBR,2010,5.37
Liberia,LBR,2015,5.7
Liberia,LBR,2018,6.12
Libya,LBY,2000,0.064
Libya,LBY,2005,0.083
Libya,LBY,2010,0.098
Libya,LBY,2015,0.029
Libya,LBY,2018,0.019
Lithuania,LTU,2000,13.36
Lithuania,LTU,2005,16.1
Lithuania,LTU,2010,15.25
Lithuania,LTU,2015,15.38
Lithuania,LTU,2018,13.22
Low & middle income,,2000,4.23527429955794
Low & middle income,,2005,4.26593923660209
Low & middle income,,2010,5.50762783098416
Low & middle income,,2015,5.54028194088404
Low & middle income,,2018,5.42711870027833
Low income,,2000,3.27519840007113
Low income,,2005,3.20937894459205
Low income,,2010,3.24344283693581
Low income,,2015,3.12489611586969
Low income,,2018,3.19523595359084
Lower middle income,,2000,2.76826428431804
Lower middle income,,2005,2.77731236535281
Lower middle income,,2010,3.88999920879442
Lower middle income,,2015,4.42985421282881
Lower middle income,,2018,4.43451737036976
Luxembourg,LUX,2000,14.32
Luxembourg,LUX,2005,13.58
Luxembourg,LUX,2010,12.98
Luxembourg,LUX,2015,13.18
Luxembourg,LUX,2018,12.94
Madagascar,MDG,2000,2.11
Madagascar,MDG,2005,1.53
Madagascar,MDG,2010,1.87
Madagascar,MDG,2015,1.88
Madagascar,MDG,2018,1.97
Malawi,MWI,2000,2.42
Malawi,MWI,2005,2.87
Malawi,MWI,2010,3.21
Malawi,MWI,2015,3.62
Malawi,MWI,2018,3.63
Malaysia,MYS,2000,1.53
Malaysia,MYS,2005,1.28
Malaysia,MYS,2010,1.32
Malaysia,MYS,2015,0.85
Malaysia,MYS,2018,0.85
Maldives,MDV,2000,2.04
Maldives,MDV,2005,1.52
Maldives,MDV,2010,1.65
Maldives,MDV,2015,2.07
Maldives,MDV,2018,2.22
Mali,MLI,2000,1.15
Mali,MLI,2005,1.05
Mali,MLI,2010,1.09
Mali,MLI,2015,1.25
Mali,MLI,2018,1.28
Malta,MLT,2000,5.72
Malta,MLT,2005,6.65
Malta,MLT,2010,6.58
Malta,MLT,2015,7.56
Malta,MLT,2018,7.99
Mauritania,MRT,2000,0.2
Mauritania,MRT,2005,0.13
Mauritania,MRT,2010,0.086
Mauritania,MRT,2015,0.033
Mauritania,MRT,2018,0.036
Mauritius,MUS,2000,5.49
Mauritius,MUS,2005,5
Mauritius,MUS,2010,3.81
Mauritius,MUS,2015,3.94
Mauritius,MUS,2018,4.35
Mexico,MEX,2000,6.43
Mexico,MEX,2005,6.48
Mexico,MEX,2010,5.21
Mexico,MEX,2015,4.92
Mexico,MEX,2018,5
Micronesia (country),FSM,2000,3.86
Micronesia (country),FSM,2005,2.78
Micronesia (country),FSM,2010,2.85
Micronesia (country),FSM,2015,2.44
Micronesia (country),FSM,2018,2.48
Middle East & North Africa,,2000,0.65477031514978
Middle East & North Africa,,2005,0.703910609188445
Middle East & North Africa,,2010,0.795690496685614
Middle East & North Africa,,2015,0.807447692007538
Middle East & North Africa,,2018,0.812701073428056
Middle East & North Africa (IDA & IBRD),,2000,0.544953674765426
Middle East & North Africa (IDA & IBRD),,2005,0.623679006023142
Middle East & North Africa (IDA & IBRD),,2010,0.703944204927199
Middle East & North Africa (IDA & IBRD),,2015,0.685778618090883
Middle East & North Africa (IDA & IBRD),,2018,0.68297312245213
Middle East & North Africa (excluding high income),,2000,0.544953674765426
Middle East & North Africa (excluding high income),,2005,0.623679006023142
Middle East & North Africa (excluding high income),,2010,0.703944204927199
Middle East & North Africa (excluding high income),,2015,0.685778618090883
Middle East & North Africa (excluding high income),,2018,0.68297312245213
Middle income,,2000,4.29096984729311
Middle income,,2005,4.32999137526902
Middle income,,2010,5.66400214722303
Middle income,,2015,5.73398316767136
Middle income,,2018,5.61546594922062
Moldova,MDA,2000,13.89
Moldova,MDA,2005,19.95
Moldova,MDA,2010,15.54
Moldova,MDA,2015,11.87
Moldova,MDA,2018,11.43
Mongolia,MNG,2000,3.11
Mongolia,MNG,2005,5.28
Mongolia,MNG,2010,9.65
Mongolia,MNG,2015,10.97
Mongolia,MNG,2018,8.19
Montenegro,MNE,2010,15.07
Montenegro,MNE,2015,10.92
Montenegro,MNE,2018,11.47
Morocco,MAR,2000,1.01
Morocco,MAR,2005,0.96
Morocco,MAR,2010,0.9
Morocco,MAR,2015,0.7
Morocco,MAR,2018,0.69
Mozambique,MOZ,2000,2.33
Mozambique,MOZ,2005,1.3
Mozambique,MOZ,2010,1.63
Mozambique,MOZ,2015,2.19
Mozambique,MOZ,2018,2.3
Myanmar,MMR,2000,0.38
Myanmar,MMR,2005,1.65
Myanmar,MMR,2010,2.9
Myanmar,MMR,2015,4.41
Myanmar,MMR,2018,5.12
Namibia,NAM,2000,3.26
Namibia,NAM,2005,2.7
Namibia,NAM,2010,1.99
Namibia,NAM,2015,5.23
Namibia,NAM,2018,5.43
Nauru,NRU,2000,6.04
Nauru,NRU,2005,3.4
Nauru,NRU,2010,5.73
Nauru,NRU,2015,3.71
Nauru,NRU,2018,3.71
Nepal,NPL,2000,1.12
Nepal,NPL,2005,1.95
Nepal,NPL,2010,1.94
Nepal,NPL,2015,2.05
Nepal,NPL,2018,2.05
Netherlands,NLD,2000,11.08
Netherlands,NLD,2005,10.71
Netherlands,NLD,2010,10.21
Netherlands,NLD,2015,9.55
Netherlands,NLD,2018,9.61
New Zealand,NZL,2000,10.42
New Zealand,NZL,2005,10.92
New Zealand,NZL,2010,11.32
New Zealand,NZL,2015,10.44
New Zealand,NZL,2018,10.63
Nicaragua,NIC,2000,5.05
Nicaragua,NIC,2005,5.3
Nicaragua,NIC,2010,4.79
Nicaragua,NIC,2015,5.03
Nicaragua,NIC,2018,5.18
Niger,NER,2000,0.23
Niger,NER,2005,0.25
Niger,NER,2010,0.31
Niger,NER,2015,0.55
Niger,NER,2018,0.67
Nigeria,NGA,2000,12.5
Nigeria,NGA,2005,12.51
Nigeria,NGA,2010,11.72
Nigeria,NGA,2015,10.81
Nigeria,NGA,2018,10.84
North America,,2000,9.19
North America,,2005,9.49
North America,,2010,9.43635354968434
North America,,2015,9.72246847841029
North America,,2018,9.77231490754098
North Korea,PRK,2000,3.52
North Korea,PRK,2005,3.68
North Korea,PRK,2010,3.78
North Korea,PRK,2015,3.82
North Korea,PRK,2018,3.8
North Macedonia,MKD,2000,7.31
North Macedonia,MKD,2005,7.03
North Macedonia,MKD,2010,5.93
North Macedonia,MKD,2015,5.93
North Macedonia,MKD,2018,6.16
Norway,NOR,2000,7.95
Norway,NOR,2005,8.87
Norway,NOR,2010,8.94
Norway,NOR,2015,7.52
Norway,NOR,2018,7.41
OECD members,,2000,9.95731682826649
OECD members,,2005,9.8032689852434
OECD members,,2010,9.08867241589293
OECD members,,2015,9.19302284576773
OECD members,,2018,9.19206212222036
Oman,OMN,2000,6.56
Oman,OMN,2005,1.56
Oman,OMN,2010,0.73
Oman,OMN,2015,0.77
Oman,OMN,2018,0.78
Other small states,,2000,5.88855631168809
Other small states,,2005,6.10142506402623
Other small states,,2010,5.58657197326012
Other small states,,2015,5.43812458310988
Other small states,,2018,5.11511199155353
Pacific island small states,,2000,2.56878004467894
Pacific island small states,,2005,2.43618384220805
Pacific island small states,,2010,2.39567397703696
Pacific island small states,,2015,2.39863964526109
Pacific island small states,,2018,2.47171919392742
Pakistan,PAK,2000,0.085
Pakistan,PAK,2005,0.16
Pakistan,PAK,2010,0.19
Pakistan,PAK,2015,0.29
Pakistan,PAK,2018,0.34
Panama,PAN,2000,5.48
Panama,PAN,2005,5.49
Panama,PAN,2010,6.84
Panama,PAN,2015,7.71
Panama,PAN,2018,7.98
Papua New Guinea,PNG,2000,1.79
Papua New Guinea,PNG,2005,1.6
Papua New Guinea,PNG,2010,1.67
Papua New Guinea,PNG,2015,1.39
Papua New Guinea,PNG,2018,1.39
Paraguay,PRY,2000,6.38
Paraguay,PRY,2005,6.66
Paraguay,PRY,2010,7.58
Paraguay,PRY,2015,7.26
Paraguay,PRY,2018,7.58
Peru,PER,2000,6.54
Peru,PER,2005,6.99
Peru,PER,2010,7.69
Peru,PER,2015,6.63
Peru,PER,2018,6.38
Philippines,PHL,2000,6.06
Philippines,PHL,2005,5.67
Philippines,PHL,2010,6.98
Philippines,PHL,2015,6.7
Philippines,PHL,2018,6.86
Poland,POL,2000,9.17
Poland,POL,2005,10.6
Poland,POL,2010,11.21
Poland,POL,2015,11.63
Poland,POL,2018,11.71
Portugal,PRT,2000,14.08
Portugal,PRT,2005,13.37
Portugal,PRT,2010,12.51
Portugal,PRT,2015,11.88
Portugal,PRT,2018,12.03
Post-demographic dividend,,2000,10.9947395823355
Post-demographic dividend,,2005,10.7770895682402
Post-demographic dividend,,2010,10.1411742418903
Post-demographic dividend,,2015,10.1289048425001
Post-demographic dividend,,2018,10.0970317678351
Pre-demographic dividend,,2000,6.2101448597794
Pre-demographic dividend,,2005,6.03047741625439
Pre-demographic dividend,,2010,5.96697312594892
Pre-demographic dividend,,2015,5.5823001157998
Pre-demographic dividend,,2018,5.5676125893014
Qatar,QAT,2000,1.15
Qatar,QAT,2005,1.67
Qatar,QAT,2010,1.69
Qatar,QAT,2015,1.62
Qatar,QAT,2018,1.59
Romania,ROU,2000,17.45
Romania,ROU,2005,15.84
Romania,ROU,2010,13.97
Romania,ROU,2015,11.64
Romania,ROU,2018,11.74
Russia,RUS,2000,15.73
Russia,RUS,2005,17.36
Russia,RUS,2010,15.87
Russia,RUS,2015,12.47
Russia,RUS,2018,11.19
Rwanda,RWA,2000,13.73
Rwanda,RWA,2005,13
Rwanda,RWA,2010,10.27
Rwanda,RWA,2015,9.26
Rwanda,RWA,2018,8.95
Saint Kitts and Nevis,KNA,2000,9.51
Saint Kitts and Nevis,KNA,2005,11.53
Saint Kitts and Nevis,KNA,2010,9.45
Saint Kitts and Nevis,KNA,2015,8.88
Saint Kitts and Nevis,KNA,2018,8.94
Saint Lucia,LCA,2000,11.8
Saint Lucia,LCA,2005,11.62
Saint Lucia,LCA,2010,9.69
Saint Lucia,LCA,2015,9.96
Saint Lucia,LCA,2018,10.6
Saint Vincent and the Grenadines,VCT,2000,5.01
Saint Vincent and the Grenadines,VCT,2005,5.99
Saint Vincent and the Grenadines,VCT,2010,7.03
Saint Vincent and the Grenadines,VCT,2015,8.46
Saint Vincent and the Grenadines,VCT,2018,9.06
Samoa,WSM,2000,3.79
Samoa,WSM,2005,4.2
Samoa,WSM,2010,2.97
Samoa,WSM,2015,2.59
Samoa,WSM,2018,2.66
Sao Tome and Principe,STP,2000,8.2
Sao Tome and Principe,STP,2005,8.72
Sao Tome and Principe,STP,2010,8.34
Sao Tome and Principe,STP,2015,7.19
Sao Tome and Principe,STP,2018,5.88
Saudi Arabia,SAU,2000,0.18
Saudi Arabia,SAU,2005,0.17
Saudi Arabia,SAU,2010,0.17
Saudi Arabia,SAU,2015,0.2
Saudi Arabia,SAU,2018,0.19
Senegal,SEN,2000,0.96
Senegal,SEN,2005,0.85
Senegal,SEN,2010,0.6
Senegal,SEN,2015,0.73
Senegal,SEN,2018,0.76
Serbia,SRB,2010,11.69
Serbia,SRB,2015,8.7
Serbia,SRB,2018,8.75
Seychelles,SYC,2000,7.62
Seychelles,SYC,2005,6.13
Seychelles,SYC,2010,10.19
Seychelles,SYC,2015,18.35
Seychelles,SYC,2018,20.5
Sierra Leone,SLE,2000,5.8
Sierra Leone,SLE,2005,5.57
Sierra Leone,SLE,2010,5.83
Sierra Leone,SLE,2015,5.63
Sierra Leone,SLE,2018,5.7
Singapore,SGP,2000,2.49
Singapore,SGP,2005,1.78
Singapore,SGP,2010,2.19
Singapore,SGP,2015,2.07
Singapore,SGP,2018,2.03
Slovakia,SVK,2000,12.47
Slovakia,SVK,2005,12.06
Slovakia,SVK,2010,12
Slovakia,SVK,2015,11.53
Slovakia,SVK,2018,11.14
Slovenia,SVN,2000,12.6
Slovenia,SVN,2005,12.3
Slovenia,SVN,2010,11.54
Slovenia,SVN,2015,12.74
Slovenia,SVN,2018,11.9
Small states,,2000,5.67410278020772
Small states,,2005,5.79611433605889
Small states,,2010,5.42058386704991
Small states,,2015,5.35666170412646
Small states,,2018,5.10470375858163
Solomon Islands,SLB,2000,1.2
Solomon Islands,SLB,2005,1.6
Solomon Islands,SLB,2010,1.6
Solomon Islands,SLB,2015,1.55
Solomon Islands,SLB,2018,1.83
Somalia,SOM,2000,0
Somalia,SOM,2005,0.068
Somalia,SOM,2010,0.28
Somalia,SOM,2015,0.013
Somalia,SOM,2018,0.009
South Africa,ZAF,2000,10.02
South Africa,ZAF,2005,9.58
South Africa,ZAF,2010,10.04
South Africa,ZAF,2015,9.61
South Africa,ZAF,2018,9.52
South Asia,,2000,1.86759530347141
South Asia,,2005,1.91646307806666
South Asia,,2010,3.45392132686445
South Asia,,2015,4.34331839778631
South Asia,,2018,4.33329438122674
South Asia (IDA & IBRD),,2000,1.86759530347141
South Asia (IDA & IBRD),,2005,1.91646307806666
South Asia (IDA & IBRD),,2010,3.45392132686445
South Asia (IDA & IBRD),,2015,4.34331839778631
South Asia (IDA & IBRD),,2018,4.33329438122674
South Korea,KOR,2000,12.31
South Korea,KOR,2005,10.58
South Korea,KOR,2010,9.97
South Korea,KOR,2015,10.04
South Korea,KOR,2018,9.7
Spain,ESP,2000,12.43
Spain,ESP,2005,12.83
Spain,ESP,2010,10.03
Spain,ESP,2015,11.32
Spain,ESP,2018,12.72
Sri Lanka,LKA,2000,2.22
Sri Lanka,LKA,2005,2.59
Sri Lanka,LKA,2010,3.92
Sri Lanka,LKA,2015,4.1
Sri Lanka,LKA,2018,4.1
Sub-Saharan Africa,,2000,6.31508650673596
Sub-Saharan Africa,,2005,6.10578681862541
Sub-Saharan Africa,,2010,6.29337352173145
Sub-Saharan Africa,,2015,5.87112630062417
Sub-Saharan Africa,,2018,5.83751043204873
Sub-Saharan Africa (IDA & IBRD),,2000,6.31508650673596
Sub-Saharan Africa (IDA & IBRD),,2005,6.10578681862541
Sub-Saharan Africa (IDA & IBRD),,2010,6.29337352173145
Sub-Saharan Africa (IDA & IBRD),,2015,5.87112630062417
Sub-Saharan Africa (IDA & IBRD),,2018,5.83751043204873
Sub-Saharan Africa (excluding high income),,2000,6.31487168729343
Sub-Saharan Africa (excluding high income),,2005,6.1057830852286
Sub-Saharan Africa (excluding high income),,2010,6.29279117014114
Sub-Saharan Africa (excluding high income),,2015,5.86952709554098
Sub-Saharan Africa (excluding high income),,2018,5.83574345736585
Sudan,SDN,2015,0.52
Sudan,SDN,2018,0.51
Suriname,SUR,2000,5.29
Suriname,SUR,2005,5.41
Suriname,SUR,2010,6.22
Suriname,SUR,2015,5.81
Suriname,SUR,2018,5.33
Sweden,SWE,2000,8.53
Sweden,SWE,2005,8.64
Sweden,SWE,2010,9.49
Sweden,SWE,2015,9.13
Sweden,SWE,2018,8.93
Switzerland,CHE,2000,12.49
Switzerland,CHE,2005,11.64
Switzerland,CHE,2010,11.41
Switzerland,CHE,2015,11.58
Switzerland,CHE,2018,11.53
Syria,SYR,2000,1.15
Syria,SYR,2005,0.92
Syria,SYR,2010,0.88
Syria,SYR,2015,0.28
Syria,SYR,2018,0.24
Tajikistan,TJK,2000,2.97
Tajikistan,TJK,2005,2.51
Tajikistan,TJK,2010,2.4
Tajikistan,TJK,2015,3.11
Tajikistan,TJK,2018,3.28
Tanzania,TZA,2000,8.63
Tanzania,TZA,2005,8.71
Tanzania,TZA,2010,9.74
Tanzania,TZA,2015,11.05
Tanzania,TZA,2018,11.27
Thailand,THA,2000,6.49
Thailand,THA,2005,6.81
Thailand,THA,2010,7.71
Thailand,THA,2015,8.36
Thailand,THA,2018,8.3
Timor,TLS,2000,1.53
Timor,TLS,2005,0.83
Timor,TLS,2010,0.7
Timor,TLS,2015,2.01
Timor,TLS,2018,2.17
Togo,TGO,2000,1.79
Togo,TGO,2005,3.26
Togo,TGO,2010,2.11
Togo,TGO,2015,2.37
Togo,TGO,2018,2.46
Tonga,TON,2000,1.7
Tonga,TON,2005,2.32
Tonga,TON,2010,1.39
Tonga,TON,2015,0.68
Tonga,TON,2018,0.8
Trinidad and Tobago,TTO,2000,5.27
Trinidad and Tobago,TTO,2005,6.17
Trinidad and Tobago,TTO,2010,6.21
Trinidad and Tobago,TTO,2015,6.88
Trinidad and Tobago,TTO,2018,6.72
Tunisia,TUN,2000,1.36
Tunisia,TUN,2005,1.46
Tunisia,TUN,2010,1.4
Tunisia,TUN,2015,1.99
Tunisia,TUN,2018,2.12
Turkey,TUR,2000,2.41
Turkey,TUR,2005,2.12
Turkey,TUR,2010,2.32
Turkey,TUR,2015,2.12
Turkey,TUR,2018,2.05
Turkmenistan,TKM,2000,4.82
Turkmenistan,TKM,2005,4.88
Turkmenistan,TKM,2010,4.82
Turkmenistan,TKM,2015,5.3
Turkmenistan,TKM,2018,4.93
Tuvalu,TUV,2000,1.96
Tuvalu,TUV,2005,2.03
Tuvalu,TUV,2010,1.68
Tuvalu,TUV,2015,1.98
Tuvalu,TUV,2018,1.52
Uganda,UGA,2000,13.61
Uganda,UGA,2005,12.92
Uganda,UGA,2010,13.5
Uganda,UGA,2015,15.14
Uganda,UGA,2018,15.09
Ukraine,UKR,2000,12.46
Ukraine,UKR,2005,12.01
Ukraine,UKR,2010,13.57
Ukraine,UKR,2015,10.16
Ukraine,UKR,2018,8.32
United Arab Emirates,ARE,2000,2.58
United Arab Emirates,ARE,2005,3.64
United Arab Emirates,ARE,2010,3.15
United Arab Emirates,ARE,2015,3.79
United Arab Emirates,ARE,2018,3.9
United Kingdom,GBR,2000,13.73
United Kingdom,GBR,2005,13.89
United Kingdom,GBR,2010,12.06
United Kingdom,GBR,2015,11.21
United Kingdom,GBR,2018,11.45
United States,USA,2000,9.19
United States,USA,2005,9.49
United States,USA,2010,9.36
United States,USA,2015,9.82
United States,USA,2018,9.87
Upper middle income,,2000,5.7819944936875
Upper middle income,,2005,5.89450622032696
Upper middle income,,2010,7.5329834071624
Upper middle income,,2015,7.17935412257323
Upper middle income,,2018,6.96359180352477
Uruguay,URY,2000,8.09
Uruguay,URY,2005,7.46
Uruguay,URY,2010,7.1
Uruguay,URY,2015,6.99
Uruguay,URY,2018,6.92
Uzbekistan,UZB,2000,5.68
Uzbekistan,UZB,2005,4.15
Uzbekistan,UZB,2010,3.01
Uzbekistan,UZB,2015,2.59
Uzbekistan,UZB,2018,2.59
Vanuatu,VUT,2000,1.17
Vanuatu,VUT,2005,1.2
Vanuatu,VUT,2010,1.7
Vanuatu,VUT,2015,2.14
Vanuatu,VUT,2018,2.25
Venezuela,VEN,2000,9.15
Venezuela,VEN,2005,9.42
Venezuela,VEN,2010,8.67
Venezuela,VEN,2015,6.82
Venezuela,VEN,2018,4.14
Vietnam,VNM,2000,2.21
Vietnam,VNM,2005,2.63
Vietnam,VNM,2010,4.9
Vietnam,VNM,2015,7.86
Vietnam,VNM,2018,8.66
World,OWID_WRL,2000,5.48833877584606
World,OWID_WRL,2005,5.42883928526903
World,OWID_WRL,2010,6.2837771956014
World,OWID_WRL,2015,6.29785904438514
World,OWID_WRL,2018,6.18140363000971
Yemen,YEM,2000,0.79
Yemen,YEM,2005,0.34
Yemen,YEM,2010,0.18
Yemen,YEM,2015,0.055
Yemen,YEM,2018,0.051
Zambia,ZMB,2000,4.05
Zambia,ZMB,2005,3.9
Zambia,ZMB,2010,5.43
Zambia,ZMB,2015,6.89
Zambia,ZMB,2018,6.54
Zimbabwe,ZWE,2000,2.46
Zimbabwe,ZWE,2005,2.77
Zimbabwe,ZWE,2010,3.93
Zimbabwe,ZWE,2015,4.92
Zimbabwe,ZWE,2018,4.67