Entity,Code,Year,"3.7.2 - Adolescent birth rate (per 1,000 women aged 15-19 and 10-14 years) - SP_DYN_ADKL - 15 to 19 years old"
Afghanistan,AFG,2001,167.2
Afghanistan,AFG,2002,177.6
Afghanistan,AFG,2003,151.8
Afghanistan,AFG,2004,135.7
Afghanistan,AFG,2005,117.4
Afghanistan,AFG,2006,126.2
Afghanistan,AFG,2007,103
Afghanistan,AFG,2008,90
Afghanistan,AFG,2009,80
Afghanistan,AFG,2013,87
Afghanistan,AFG,2014,77.2
Afghanistan,AFG,2017,62
Albania,ALB,2003,15.9
Albania,ALB,2005,20.2
Albania,ALB,2006,17.7
Albania,ALB,2007,16.9
Albania,ALB,2008,18.4
Albania,ALB,2009,19
Albania,ALB,2010,19.4
Albania,ALB,2011,20.5
Albania,ALB,2012,20.9
Albania,ALB,2013,20.4
Albania,ALB,2014,21.9
Albania,ALB,2015,20.2
Albania,ALB,2016,17.3
Albania,ALB,2017,15.9
Albania,ALB,2018,14.3
Albania,ALB,2019,14.2
Algeria,DZA,2001,4.8
Algeria,DZA,2005,4.4
Algeria,DZA,2007,9
Algeria,DZA,2008,8.8
Algeria,DZA,2009,9.6
Algeria,DZA,2010,10.2
Algeria,DZA,2011,10.7
Algeria,DZA,2012,11.8
Algeria,DZA,2013,12.4
Algeria,DZA,2014,15
Algeria,DZA,2017,12
American Samoa,ASM,2001,49.1
American Samoa,ASM,2002,48.5
American Samoa,ASM,2003,43.2
American Samoa,ASM,2004,49.8
American Samoa,ASM,2005,37.7
American Samoa,ASM,2006,39.5
American Samoa,ASM,2007,31.9
American Samoa,ASM,2009,38.4
American Samoa,ASM,2010,34.1
American Samoa,ASM,2011,38.4
American Samoa,ASM,2012,39.7
American Samoa,ASM,2013,42.9
American Samoa,ASM,2014,46.8
American Samoa,ASM,2015,46.9
American Samoa,ASM,2016,40.8
American Samoa,ASM,2017,34.6
American Samoa,ASM,2018,28.6
American Samoa,ASM,2019,25.3
Andorra,AND,2001,9.4
Andorra,AND,2002,8
Andorra,AND,2003,8.2
Andorra,AND,2006,10.6
Andorra,AND,2010,4.4
Andorra,AND,2011,5.1
Andorra,AND,2016,2.6
Andorra,AND,2018,2.7
Angola,AGO,2002,149.5
Angola,AGO,2003,151
Angola,AGO,2004,157.8
Angola,AGO,2005,165.6
Angola,AGO,2006,171.9
Angola,AGO,2008,188
Angola,AGO,2009,190.9
Angola,AGO,2011,169.1
Angola,AGO,2013,166.1
Angola,AGO,2014,163
Anguilla,AIA,2001,61.3
Anguilla,AIA,2003,42
Anguilla,AIA,2004,42.2
Anguilla,AIA,2005,36.1
Anguilla,AIA,2006,40.1
Antigua and Barbuda,ATG,2001,66.8
Antigua and Barbuda,ATG,2007,47.6
Antigua and Barbuda,ATG,2008,59.2
Antigua and Barbuda,ATG,2009,49.7
Antigua and Barbuda,ATG,2010,41.4
Antigua and Barbuda,ATG,2011,39.5
Antigua and Barbuda,ATG,2012,37.7
Antigua and Barbuda,ATG,2013,34.6
Antigua and Barbuda,ATG,2014,31.8
Antigua and Barbuda,ATG,2015,37.7
Antigua and Barbuda,ATG,2016,31.1
Antigua and Barbuda,ATG,2017,28.8
Antigua and Barbuda,ATG,2018,27.7
Antigua and Barbuda,ATG,2019,31.6
Antigua and Barbuda,ATG,2020,30.4
Argentina,ARG,2001,60.3
Argentina,ARG,2002,60.7
Argentina,ARG,2003,56.8
Argentina,ARG,2004,62.9
Argentina,ARG,2005,62.8
Argentina,ARG,2006,61.8
Argentina,ARG,2007,63
Argentina,ARG,2008,65.4
Argentina,ARG,2009,65.8
Argentina,ARG,2010,68.2
Argentina,ARG,2011,66.9
Argentina,ARG,2012,64.8
Argentina,ARG,2013,66.6
Argentina,ARG,2014,67
Argentina,ARG,2015,65.1
Argentina,ARG,2016,57
Argentina,ARG,2017,54.4
Argentina,ARG,2018,49.9
Argentina,ARG,2019,40.9
Armenia,ARM,2001,27.6
Armenia,ARM,2002,27.6
Armenia,ARM,2003,28.7
Armenia,ARM,2004,28.9
Armenia,ARM,2005,25.9
Armenia,ARM,2006,24.3
Armenia,ARM,2007,24.4
Armenia,ARM,2008,24.7
Armenia,ARM,2009,26.5
Armenia,ARM,2010,27.1
Armenia,ARM,2011,26.8
Armenia,ARM,2012,26
Armenia,ARM,2013,22.7
Armenia,ARM,2014,23.4
Armenia,ARM,2015,24.3
Armenia,ARM,2016,24.5
Armenia,ARM,2017,21.2
Armenia,ARM,2018,18.9
Aruba,ABW,2001,41.2
Aruba,ABW,2002,35.6
Aruba,ABW,2003,34.6
Aruba,ABW,2004,36.2
Aruba,ABW,2005,41.7
Aruba,ABW,2006,43.4
Aruba,ABW,2007,42.2
Aruba,ABW,2008,39.9
Aruba,ABW,2009,42.9
Aruba,ABW,2010,42.6
Aruba,ABW,2011,42.6
Aruba,ABW,2012,38.6
Aruba,ABW,2013,36.4
Aruba,ABW,2014,35.4
Aruba,ABW,2016,23.9
Aruba,ABW,2017,25.5
Aruba,ABW,2018,19.2
Aruba,ABW,2019,21
Aruba,ABW,2020,18.5
Australia,AUS,2001,17.9
Australia,AUS,2002,17.4
Australia,AUS,2003,16.2
Australia,AUS,2004,16.2
Australia,AUS,2005,16.6
Australia,AUS,2006,16.3
Australia,AUS,2007,17.1
Australia,AUS,2008,18.4
Australia,AUS,2009,17.9
Australia,AUS,2010,16.7
Australia,AUS,2011,16.1
Australia,AUS,2012,16.1
Australia,AUS,2013,14.6
Australia,AUS,2014,12.9
Australia,AUS,2015,11.9
Australia,AUS,2016,10.3
Australia,AUS,2017,10.1
Australia,AUS,2018,9.4
Australia,AUS,2019,8.7
Australia and New Zealand,,2000,20
Australia and New Zealand,,2005,19.1
Australia and New Zealand,,2010,16.8
Australia and New Zealand,,2015,13.6
Australia and New Zealand,,2020,11.9
Austria,AUT,2001,13.7
Austria,AUT,2002,13.8
Austria,AUT,2003,13.2
Austria,AUT,2004,13.7
Austria,AUT,2005,12.8
Austria,AUT,2006,11.9
Austria,AUT,2007,11.2
Austria,AUT,2008,11.3
Austria,AUT,2009,10.4
Austria,AUT,2010,10.2
Austria,AUT,2011,9.1
Austria,AUT,2012,8.6
Austria,AUT,2013,8.1
Austria,AUT,2014,7.4
Austria,AUT,2015,7.6
Austria,AUT,2016,7.2
Austria,AUT,2017,6.7
Austria,AUT,2018,5.5
Austria,AUT,2019,5.2
Azerbaijan,AZE,2001,26.4
Azerbaijan,AZE,2002,26.2
Azerbaijan,AZE,2003,27.7
Azerbaijan,AZE,2005,33.3
Azerbaijan,AZE,2007,46
Azerbaijan,AZE,2008,50.2
Azerbaijan,AZE,2009,49.5
Azerbaijan,AZE,2010,60
Azerbaijan,AZE,2011,56.7
Azerbaijan,AZE,2012,53.3
Azerbaijan,AZE,2013,47.2
Azerbaijan,AZE,2014,52.9
Azerbaijan,AZE,2015,52.4
Azerbaijan,AZE,2016,52.8
Azerbaijan,AZE,2017,45
Azerbaijan,AZE,2018,43.5
Azerbaijan,AZE,2019,48.1
Azerbaijan,AZE,2020,42.2
Bahamas,BHS,2001,50.8
Bahamas,BHS,2002,46.9
Bahamas,BHS,2003,45.6
Bahamas,BHS,2004,46.4
Bahamas,BHS,2005,43
Bahamas,BHS,2006,37.3
Bahamas,BHS,2007,40.4
Bahamas,BHS,2008,39.8
Bahamas,BHS,2009,34
Bahamas,BHS,2010,35.9
Bahamas,BHS,2011,33.1
Bahamas,BHS,2012,32
Bahamas,BHS,2013,29
Bahrain,BHR,2001,11.5
Bahrain,BHR,2002,12.4
Bahrain,BHR,2003,12.7
Bahrain,BHR,2005,16.3
Bahrain,BHR,2006,13.2
Bahrain,BHR,2007,12.7
Bahrain,BHR,2008,12.3
Bahrain,BHR,2009,14.6
Bahrain,BHR,2010,13.8
Bahrain,BHR,2011,14.1
Bahrain,BHR,2012,14.2
Bahrain,BHR,2013,15.3
Bahrain,BHR,2014,14.3
Bahrain,BHR,2015,14.6
Bahrain,BHR,2016,13.9
Bahrain,BHR,2017,13.6
Bahrain,BHR,2018,12.5
Bangladesh,BGD,2001,146
Bangladesh,BGD,2002,137.1
Bangladesh,BGD,2005,126.2
Bangladesh,BGD,2006,122.6
Bangladesh,BGD,2007,140.2
Bangladesh,BGD,2008,115.6
Bangladesh,BGD,2009,128
Bangladesh,BGD,2010,118.3
Bangladesh,BGD,2011,112.4
Bangladesh,BGD,2012,117
Bangladesh,BGD,2013,113.5
Bangladesh,BGD,2014,103.1
Bangladesh,BGD,2015,111.8
Bangladesh,BGD,2016,108
Bangladesh,BGD,2017,82.7
Bangladesh,BGD,2018,74
Bangladesh,BGD,2019,74
Barbados,BRB,2001,62.8
Barbados,BRB,2002,55.3
Barbados,BRB,2003,50.5
Barbados,BRB,2005,46.2
Barbados,BRB,2006,45.8
Barbados,BRB,2007,49.7
Belarus,BLR,2001,25.8
Belarus,BLR,2002,24
Belarus,BLR,2003,23.8
Belarus,BLR,2004,22.6
Belarus,BLR,2005,21.7
Belarus,BLR,2006,22.5
Belarus,BLR,2007,22.1
Belarus,BLR,2008,22.3
Belarus,BLR,2009,22.4
Belarus,BLR,2010,20.7
Belarus,BLR,2011,20.9
Belarus,BLR,2012,22.4
Belarus,BLR,2013,22.1
Belarus,BLR,2014,20.5
Belarus,BLR,2015,18.1
Belarus,BLR,2016,16
Belarus,BLR,2017,14.2
Belarus,BLR,2018,11.7
Belgium,BEL,2001,11.8
Belgium,BEL,2002,10.9
Belgium,BEL,2003,10.5
Belgium,BEL,2004,10.5
Belgium,BEL,2005,10.5
Belgium,BEL,2006,10.5
Belgium,BEL,2007,10.5
Belgium,BEL,2008,10.3
Belgium,BEL,2009,10.3
Belgium,BEL,2010,9.6
Belgium,BEL,2011,9.4
Belgium,BEL,2012,8.8
Belgium,BEL,2013,7.3
Belgium,BEL,2014,6.9
Belgium,BEL,2015,6.6
Belgium,BEL,2016,6.2
Belgium,BEL,2017,5.9
Belgium,BEL,2018,5.5
Belgium,BEL,2019,5.1
Belize,BLZ,2002,90.4
Belize,BLZ,2004,96.2
Belize,BLZ,2006,81.5
Belize,BLZ,2007,78
Belize,BLZ,2010,64
Belize,BLZ,2013,82.2
Belize,BLZ,2014,74
Belize,BLZ,2015,66.3
Belize,BLZ,2016,69.2
Belize,BLZ,2017,64.3
Belize,BLZ,2018,65.4
Belize,BLZ,2019,58.2
Belize,BLZ,2020,55.4
Benin,BEN,2001,87.1
Benin,BEN,2002,87
Benin,BEN,2004,114
Benin,BEN,2005,112.3
Benin,BEN,2006,115
Benin,BEN,2007,103
Benin,BEN,2009,98
Benin,BEN,2010,93.9
Benin,BEN,2011,97.8
Benin,BEN,2012,94.3
Benin,BEN,2013,106.4
Benin,BEN,2014,94
Benin,BEN,2015,108.1
Benin,BEN,2016,108
Bermuda,BMU,2002,33.2
Bermuda,BMU,2006,20.1
Bermuda,BMU,2008,17.3
Bermuda,BMU,2009,17.7
Bermuda,BMU,2010,17.6
Bermuda,BMU,2012,5.6
Bermuda,BMU,2015,6.6
Bermuda,BMU,2016,6
Bhutan,BTN,2001,75.1
Bhutan,BTN,2002,83.1
Bhutan,BTN,2003,91.2
Bhutan,BTN,2019,8
Bolivia,BOL,2002,84
Bolivia,BOL,2003,94.4
Bolivia,BOL,2005,89
Bolivia,BOL,2006,87.6
Bolivia,BOL,2012,77.9
Bolivia,BOL,2015,71
Bosnia and Herzegovina,BIH,2001,17.4
Bosnia and Herzegovina,BIH,2002,18.7
Bosnia and Herzegovina,BIH,2003,17.4
Bosnia and Herzegovina,BIH,2004,17.2
Bosnia and Herzegovina,BIH,2005,16.5
Bosnia and Herzegovina,BIH,2006,16.4
Bosnia and Herzegovina,BIH,2007,15.2
Bosnia and Herzegovina,BIH,2008,15.8
Bosnia and Herzegovina,BIH,2009,14.8
Bosnia and Herzegovina,BIH,2010,13.5
Bosnia and Herzegovina,BIH,2011,12.2
Bosnia and Herzegovina,BIH,2012,12.3
Bosnia and Herzegovina,BIH,2013,11
Bosnia and Herzegovina,BIH,2014,10.7
Bosnia and Herzegovina,BIH,2015,10.5
Bosnia and Herzegovina,BIH,2016,11
Bosnia and Herzegovina,BIH,2017,10.7
Bosnia and Herzegovina,BIH,2018,9.9
Bosnia and Herzegovina,BIH,2019,10.1
Botswana,BWA,2003,68
Botswana,BWA,2006,51
Botswana,BWA,2011,39
Botswana,BWA,2012,40.2
Botswana,BWA,2013,43.6
Botswana,BWA,2014,38.6
Botswana,BWA,2016,48.9
Botswana,BWA,2017,50
Botswana,BWA,2018,51.9
Botswana,BWA,2019,53.3
Brazil,BRA,2001,78.4
Brazil,BRA,2002,75.2
Brazil,BRA,2003,73.7
Brazil,BRA,2004,73.3
Brazil,BRA,2005,73.9
Brazil,BRA,2006,70.9
Brazil,BRA,2007,68.5
Brazil,BRA,2008,67.3
Brazil,BRA,2009,64.6
Brazil,BRA,2010,62.2
Brazil,BRA,2011,63.1
Brazil,BRA,2012,63
Brazil,BRA,2013,63.1
Brazil,BRA,2014,63.4
Brazil,BRA,2015,61.7
Brazil,BRA,2016,58.6
Brazil,BRA,2017,52.7
Brazil,BRA,2018,52.5
Brazil,BRA,2019,49.1
British Virgin Islands,VGB,2002,35.8
British Virgin Islands,VGB,2003,32.8
British Virgin Islands,VGB,2004,40
British Virgin Islands,VGB,2006,25
British Virgin Islands,VGB,2007,27.4
British Virgin Islands,VGB,2014,13.6
Brunei,BRN,2001,27.7
Brunei,BRN,2002,24.8
Brunei,BRN,2006,17.8
Brunei,BRN,2007,18.4
Brunei,BRN,2008,16.4
Brunei,BRN,2011,14.5
Brunei,BRN,2012,16
Brunei,BRN,2013,13.2
Brunei,BRN,2014,11.6
Brunei,BRN,2015,11.6
Brunei,BRN,2016,10.2
Brunei,BRN,2017,9.8
Brunei,BRN,2018,9.9
Bulgaria,BGR,2001,42.8
Bulgaria,BGR,2002,40.9
Bulgaria,BGR,2003,39.8
Bulgaria,BGR,2004,41.1
Bulgaria,BGR,2005,39.3
Bulgaria,BGR,2006,41.2
Bulgaria,BGR,2007,42.1
Bulgaria,BGR,2008,44.2
Bulgaria,BGR,2009,47.5
Bulgaria,BGR,2010,42
Bulgaria,BGR,2011,41.7
Bulgaria,BGR,2012,42.5
Bulgaria,BGR,2013,42
Bulgaria,BGR,2014,41.3
Bulgaria,BGR,2015,39.4
Bulgaria,BGR,2016,38.2
Bulgaria,BGR,2017,38.2
Bulgaria,BGR,2018,38.9
Bulgaria,BGR,2019,39.3
Burkina Faso,BFA,2002,119.2
Burkina Faso,BFA,2006,127.5
Burkina Faso,BFA,2008,136
Burkina Faso,BFA,2009,130.1
Burkina Faso,BFA,2013,132
Burkina Faso,BFA,2014,129
Burkina Faso,BFA,2015,137
Burkina Faso,BFA,2016,132.3
Burkina Faso,BFA,2018,127.3
Burkina Faso,BFA,2019,123.7
Burundi,BDI,2004,93.3
Burundi,BDI,2005,73.5
Burundi,BDI,2006,72.3
Burundi,BDI,2008,50.4
Burundi,BDI,2011,84.5
Burundi,BDI,2012,74.8
Burundi,BDI,2014,63.8
Burundi,BDI,2015,58.2
Cambodia,KHM,2004,47.3
Cambodia,KHM,2006,50.5
Cambodia,KHM,2007,50.4
Cambodia,KHM,2008,48
Cambodia,KHM,2009,46.1
Cambodia,KHM,2010,53.8
Cambodia,KHM,2012,30
Cameroon,CMR,2001,141
Cameroon,CMR,2002,137.6
Cameroon,CMR,2003,143.2
Cameroon,CMR,2004,138.6
Cameroon,CMR,2005,150.1
Cameroon,CMR,2006,130.1
Cameroon,CMR,2007,134.5
Cameroon,CMR,2008,128
Cameroon,CMR,2009,126.7
Cameroon,CMR,2010,123.7
Cameroon,CMR,2012,118.8
Cameroon,CMR,2013,118.6
Cameroon,CMR,2014,119
Cameroon,CMR,2016,123.9
Cameroon,CMR,2017,122.2
Canada,CAN,2001,16.3
Canada,CAN,2002,15
Canada,CAN,2003,14.5
Canada,CAN,2004,13.7
Canada,CAN,2005,13.4
Canada,CAN,2006,13.7
Canada,CAN,2007,14
Canada,CAN,2008,14.3
Canada,CAN,2009,14.2
Canada,CAN,2010,13.5
Canada,CAN,2011,12.6
Canada,CAN,2012,12
Canada,CAN,2013,11.1
Canada,CAN,2014,10.2
Canada,CAN,2015,9.4
Canada,CAN,2016,8.4
Canada,CAN,2017,7.7
Canada,CAN,2018,6.6
Canada,CAN,2019,6.5
Cape Verde,CPV,2003,92
Cape Verde,CPV,2004,90
Cape Verde,CPV,2006,84.1
Cape Verde,CPV,2007,84.7
Cape Verde,CPV,2008,83.9
Cape Verde,CPV,2009,73.2
Cape Verde,CPV,2010,80
Cape Verde,CPV,2011,75.4
Cape Verde,CPV,2012,70.7
Cape Verde,CPV,2013,68.5
Cape Verde,CPV,2014,66.6
Cape Verde,CPV,2015,64.3
Cape Verde,CPV,2018,57.4
Cayman Islands,CYM,2010,27.9
Cayman Islands,CYM,2011,25.4
Cayman Islands,CYM,2012,25.6
Cayman Islands,CYM,2014,20.1
Cayman Islands,CYM,2019,6.5
Central African Republic,CAF,2003,132.9
Central African Republic,CAF,2006,153.4
Central African Republic,CAF,2007,158.6
Central African Republic,CAF,2009,229
Central African Republic,CAF,2010,229
Central African Republic,CAF,2012,189.2
Central African Republic,CAF,2015,179.7
Central African Republic,CAF,2017,182.4
Central African Republic,CAF,2018,184.4
Central Asia,,2000,34.7
Central Asia,,2005,25.5
Central Asia,,2010,28.1
Central Asia,,2015,30.9
Central Asia,,2020,31.1
Central and Southern Asia,,2000,70.2
Central and Southern Asia,,2005,55.8
Central and Southern Asia,,2010,43.6
Central and Southern Asia,,2015,31.9
Central and Southern Asia,,2020,23.7
Chad,TCD,2002,193
Chad,TCD,2003,187.1
Chad,TCD,2006,185.6
Chad,TCD,2007,203.4
Chad,TCD,2009,160.1
Chad,TCD,2012,196.8
Chad,TCD,2013,179.4
Chad,TCD,2015,197
Chad,TCD,2017,156.9
Chad,TCD,2018,138.5
Chile,CHL,2001,60.6
Chile,CHL,2002,55.9
Chile,CHL,2003,50.7
Chile,CHL,2004,49.2
Chile,CHL,2005,50.4
Chile,CHL,2006,52.7
Chile,CHL,2007,54.8
Chile,CHL,2008,56.5
Chile,CHL,2009,55.9
Chile,CHL,2010,53.5
Chile,CHL,2011,52.3
Chile,CHL,2012,51.6
Chile,CHL,2013,48.4
Chile,CHL,2014,46.1
Chile,CHL,2015,40.6
Chile,CHL,2016,33.4
Chile,CHL,2017,26.4
Chile,CHL,2018,22.6
China,CHN,2002,2.7
China,CHN,2004,5.6
China,CHN,2005,6.3
China,CHN,2007,3.8
China,CHN,2009,6.2
China,CHN,2010,5.9
China,CHN,2011,6.2
China,CHN,2012,6.7
China,CHN,2013,7.8
China,CHN,2015,9.2
China,CHN,2020,6.1
"China, Hong Kong Special Administrative Region",,2001,4
"China, Hong Kong Special Administrative Region",,2002,4
"China, Hong Kong Special Administrative Region",,2003,4
"China, Hong Kong Special Administrative Region",,2004,4
"China, Hong Kong Special Administrative Region",,2006,3
"China, Hong Kong Special Administrative Region",,2007,3
"China, Hong Kong Special Administrative Region",,2008,3
"China, Hong Kong Special Administrative Region",,2009,3
"China, Hong Kong Special Administrative Region",,2010,3
"China, Hong Kong Special Administrative Region",,2011,3
"China, Hong Kong Special Administrative Region",,2012,3
"China, Hong Kong Special Administrative Region",,2013,3
"China, Hong Kong Special Administrative Region",,2014,3
"China, Hong Kong Special Administrative Region",,2015,2.9
"China, Hong Kong Special Administrative Region",,2016,2.7
"China, Hong Kong Special Administrative Region",,2017,2.6
"China, Hong Kong Special Administrative Region",,2018,2.1
"China, Hong Kong Special Administrative Region",,2019,1.8
"China, Hong Kong Special Administrative Region",,2020,1.7
Colombia,COL,2001,81.7
Colombia,COL,2002,92
Colombia,COL,2003,90.4
Colombia,COL,2004,80.5
Colombia,COL,2005,96.2
Colombia,COL,2007,85
Colombia,COL,2008,83.5
Colombia,COL,2010,84
Colombia,COL,2011,72.6
Colombia,COL,2012,75.2
Colombia,COL,2013,71.6
Colombia,COL,2014,74.6
Colombia,COL,2015,64.9
Colombia,COL,2016,62
Colombia,COL,2017,61
Colombia,COL,2018,60.5
Colombia,COL,2019,57.9
Colombia,COL,2020,52.6
Comoros,COM,2002,91.6
Comoros,COM,2005,89
Comoros,COM,2008,74.7
Comoros,COM,2010,71
Comoros,COM,2011,70.3
Comoros,COM,2017,38
Congo,COG,2002,108.7
Congo,COG,2003,131
Congo,COG,2004,128.8
Congo,COG,2007,143.7
Congo,COG,2009,147
Congo,COG,2010,147.3
Congo,COG,2012,114.8
Congo,COG,2013,111.3
Cook Islands,COK,2006,58.7
Cook Islands,COK,2009,43.2
Cook Islands,COK,2017,41.9
Costa Rica,CRI,2001,76.7
Costa Rica,CRI,2002,70.3
Costa Rica,CRI,2003,70.8
Costa Rica,CRI,2004,69.3
Costa Rica,CRI,2005,66.2
Costa Rica,CRI,2006,65.6
Costa Rica,CRI,2007,68
Costa Rica,CRI,2008,70.9
Costa Rica,CRI,2009,68.7
Costa Rica,CRI,2010,62.8
Costa Rica,CRI,2011,65.4
Costa Rica,CRI,2012,67.1
Costa Rica,CRI,2013,61.6
Costa Rica,CRI,2014,59.8
Costa Rica,CRI,2015,55.9
Costa Rica,CRI,2016,53.2
Costa Rica,CRI,2017,52.5
Costa Rica,CRI,2018,50.4
Costa Rica,CRI,2019,40.9
Costa Rica,CRI,2020,33.3
Cote d'Ivoire,CIV,2001,135
Cote d'Ivoire,CIV,2002,134.3
Cote d'Ivoire,CIV,2003,132
Cote d'Ivoire,CIV,2004,129.6
Cote d'Ivoire,CIV,2005,111.1
Cote d'Ivoire,CIV,2006,120.7
Cote d'Ivoire,CIV,2007,120.3
Cote d'Ivoire,CIV,2008,128.1
Cote d'Ivoire,CIV,2009,125
Cote d'Ivoire,CIV,2010,129
Cote d'Ivoire,CIV,2012,112.2
Cote d'Ivoire,CIV,2015,123.3
Cote d'Ivoire,CIV,2016,126.2
Cote d'Ivoire,CIV,2017,118.8
Croatia,HRV,2001,16.6
Croatia,HRV,2002,16
Croatia,HRV,2003,14.9
Croatia,HRV,2004,14.5
Croatia,HRV,2005,14.8
Croatia,HRV,2006,14.4
Croatia,HRV,2007,14.3
Croatia,HRV,2008,14.6
Croatia,HRV,2009,13.5
Croatia,HRV,2010,12.4
Croatia,HRV,2011,11.9
Croatia,HRV,2012,11.4
Croatia,HRV,2013,10.6
Croatia,HRV,2014,10.2
Croatia,HRV,2015,9.6
Croatia,HRV,2016,9.6
Croatia,HRV,2017,9.1
Croatia,HRV,2018,8.6
Croatia,HRV,2019,8.8
Cuba,CUB,2001,48.3
Cuba,CUB,2002,47.9
Cuba,CUB,2003,48.9
Cuba,CUB,2004,44.9
Cuba,CUB,2005,43.3
Cuba,CUB,2006,41
Cuba,CUB,2007,43.9
Cuba,CUB,2008,50.8
Cuba,CUB,2009,53.5
Cuba,CUB,2010,54.3
Cuba,CUB,2011,56.8
Cuba,CUB,2012,51.7
Cuba,CUB,2013,51.3
Cuba,CUB,2014,48.9
Cuba,CUB,2015,52.5
Cuba,CUB,2016,48.7
Cuba,CUB,2017,51.5
Cuba,CUB,2018,53.3
Cuba,CUB,2019,52.4
Cuba,CUB,2020,51.1
Curacao,CUW,2009,35.6
Curacao,CUW,2010,32
Curacao,CUW,2011,34.9
Curacao,CUW,2012,37
Curacao,CUW,2013,33.9
Curacao,CUW,2014,31.2
Curacao,CUW,2015,30.2
Curacao,CUW,2016,22.9
Curacao,CUW,2017,22.9
Curacao,CUW,2018,23
Cyprus,CYP,2003,6.8
Cyprus,CYP,2004,8
Cyprus,CYP,2005,6.5
Cyprus,CYP,2006,6.2
Cyprus,CYP,2009,5.4
Cyprus,CYP,2010,6.1
Cyprus,CYP,2011,5.6
Cyprus,CYP,2012,6.5
Cyprus,CYP,2014,4.9
Cyprus,CYP,2015,4.9
Cyprus,CYP,2016,4
Cyprus,CYP,2017,4.4
Cyprus,CYP,2019,6.7
Czechia,CZE,2001,11.5
Czechia,CZE,2002,11.6
Czechia,CZE,2003,11.4
Czechia,CZE,2004,11.4
Czechia,CZE,2005,11
Czechia,CZE,2006,11
Czechia,CZE,2007,11.2
Czechia,CZE,2008,11.6
Czechia,CZE,2009,11.9
Czechia,CZE,2010,11.5
Czechia,CZE,2011,11.2
Czechia,CZE,2012,11.9
Czechia,CZE,2013,11.1
Czechia,CZE,2014,11.9
Czechia,CZE,2015,11.6
Czechia,CZE,2016,11.8
Czechia,CZE,2017,12.1
Czechia,CZE,2018,10.8
Czechia,CZE,2019,9.9
Democratic Republic of Congo,COD,2001,117
Democratic Republic of Congo,COD,2002,126.1
Democratic Republic of Congo,COD,2004,126.8
Democratic Republic of Congo,COD,2005,123.6
Democratic Republic of Congo,COD,2007,112.6
Democratic Republic of Congo,COD,2008,132.1
Democratic Republic of Congo,COD,2009,127.6
Democratic Republic of Congo,COD,2010,116.2
Democratic Republic of Congo,COD,2011,135.2
Democratic Republic of Congo,COD,2012,138.1
Democratic Republic of Congo,COD,2013,120.1
Democratic Republic of Congo,COD,2015,111.1
Democratic Republic of Congo,COD,2016,109
Denmark,DNK,2001,7.6
Denmark,DNK,2002,6.7
Denmark,DNK,2003,6.2
Denmark,DNK,2004,5.8
Denmark,DNK,2005,5.8
Denmark,DNK,2007,4.2
Denmark,DNK,2008,4.4
Denmark,DNK,2009,3.9
Denmark,DNK,2010,3.6
Denmark,DNK,2011,3.2
Denmark,DNK,2012,3
Denmark,DNK,2013,2.9
Denmark,DNK,2014,2.4
Denmark,DNK,2015,2.3
Denmark,DNK,2016,2.5
Denmark,DNK,2017,2.8
Denmark,DNK,2018,2.4
Denmark,DNK,2019,2
Denmark,DNK,2020,1.6
Djibouti,DJI,2002,31
Djibouti,DJI,2005,26.7
Djibouti,DJI,2008,18.2
Djibouti,DJI,2009,20.6
Djibouti,DJI,2010,20.4
Djibouti,DJI,2011,21
Dominica,DMA,2001,49.7
Dominica,DMA,2002,48.1
Dominica,DMA,2003,48.4
Dominica,DMA,2004,47.8
Dominica,DMA,2005,42.5
Dominica,DMA,2006,47.1
Dominican Republic,DOM,2001,116.2
Dominican Republic,DOM,2002,109.4
Dominican Republic,DOM,2004,95
Dominican Republic,DOM,2005,92.4
Dominican Republic,DOM,2006,101.9
Dominican Republic,DOM,2007,96.2
Dominican Republic,DOM,2009,93
Dominican Republic,DOM,2010,93.1
Dominican Republic,DOM,2011,90
Dominican Republic,DOM,2012,89.8
Dominican Republic,DOM,2013,89.5
Dominican Republic,DOM,2015,90.6
Dominican Republic,DOM,2017,51
Eastern Asia,,2000,9.6
Eastern Asia,,2005,7.6
Eastern Asia,,2010,6.9
Eastern Asia,,2015,7
Eastern Asia,,2020,7.1
Eastern and South-Eastern Asia,,2000,20
Eastern and South-Eastern Asia,,2005,18.7
Eastern and South-Eastern Asia,,2010,19.4
Eastern and South-Eastern Asia,,2015,20.4
Eastern and South-Eastern Asia,,2020,20.2
Ecuador,ECU,2001,100.9
Ecuador,ECU,2002,99.6
Ecuador,ECU,2003,74.7
Ecuador,ECU,2004,71.8
Ecuador,ECU,2005,69.5
Ecuador,ECU,2006,76.8
Ecuador,ECU,2007,91.6
Ecuador,ECU,2008,93.7
Ecuador,ECU,2009,86.6
Ecuador,ECU,2010,83.7
Ecuador,ECU,2011,84
Ecuador,ECU,2012,84
Ecuador,ECU,2013,72.9
Ecuador,ECU,2014,72.3
Ecuador,ECU,2015,76.5
Ecuador,ECU,2016,69.7
Ecuador,ECU,2017,71.1
Ecuador,ECU,2018,69.5
Ecuador,ECU,2019,63.5
Ecuador,ECU,2020,58.4
Egypt,EGY,2001,47.3
Egypt,EGY,2002,48
Egypt,EGY,2003,47.9
Egypt,EGY,2005,50
Egypt,EGY,2006,50.5
Egypt,EGY,2009,61
Egypt,EGY,2012,56.5
Egypt,EGY,2014,56
Egypt,EGY,2017,59
Egypt,EGY,2018,51.8
Egypt,EGY,2019,46.9
El Salvador,SLV,2001,100.1
El Salvador,SLV,2002,86.4
El Salvador,SLV,2003,81.9
El Salvador,SLV,2004,87.7
El Salvador,SLV,2005,89
El Salvador,SLV,2006,89.4
El Salvador,SLV,2007,89.4
El Salvador,SLV,2009,75.7
El Salvador,SLV,2010,65.4
El Salvador,SLV,2011,67.1
El Salvador,SLV,2012,69
El Salvador,SLV,2013,74
El Salvador,SLV,2014,64.7
El Salvador,SLV,2015,69.7
El Salvador,SLV,2016,58.9
El Salvador,SLV,2017,55.6
El Salvador,SLV,2018,51.8
Equatorial Guinea,GNQ,2004,180
Equatorial Guinea,GNQ,2008,177
Equatorial Guinea,GNQ,2009,177
Equatorial Guinea,GNQ,2010,176
Eritrea,ERI,2002,97
Eritrea,ERI,2005,97.8
Eritrea,ERI,2007,84
Eritrea,ERI,2008,76
Estonia,EST,2001,24.8
Estonia,EST,2002,23
Estonia,EST,2003,22
Estonia,EST,2004,22.6
Estonia,EST,2005,22.6
Estonia,EST,2006,22.9
Estonia,EST,2007,25.1
Estonia,EST,2008,23.8
Estonia,EST,2009,21
Estonia,EST,2010,17.5
Estonia,EST,2011,16.2
Estonia,EST,2012,15.3
Estonia,EST,2013,16.3
Estonia,EST,2014,15.6
Estonia,EST,2015,12.5
Estonia,EST,2016,10.5
Estonia,EST,2017,10.5
Estonia,EST,2018,9.6
Estonia,EST,2019,8.5
Eswatini,SWZ,2002,111.4
Eswatini,SWZ,2003,109.3
Eswatini,SWZ,2004,110.6
Eswatini,SWZ,2005,110.8
Eswatini,SWZ,2006,102.9
Eswatini,SWZ,2007,99.9
Eswatini,SWZ,2008,93.7
Eswatini,SWZ,2009,88.6
Eswatini,SWZ,2010,84.5
Eswatini,SWZ,2012,82.6
Eswatini,SWZ,2013,87.1
Ethiopia,ETH,2003,103.8
Ethiopia,ETH,2006,91
Ethiopia,ETH,2008,87
Ethiopia,ETH,2009,79.3
Ethiopia,ETH,2011,75.6
Ethiopia,ETH,2012,63.4
Ethiopia,ETH,2013,71.2
Ethiopia,ETH,2014,79.5
Ethiopia,ETH,2015,76.6
Ethiopia,ETH,2016,78.6
Ethiopia,ETH,2017,72.4
Ethiopia,ETH,2018,73.5
Europe,,2000,21.6
Europe,,2005,19.5
Europe,,2010,17.6
Europe,,2015,14.2
Europe,,2020,11.6
Europe and Northern America,,2000,28.5
Europe and Northern America,,2005,25.7
Europe and Northern America,,2010,22.6
Europe and Northern America,,2015,17.4
Europe and Northern America,,2020,13.2
Faeroe Islands,FRO,2002,15.2
Faeroe Islands,FRO,2003,16.3
Faeroe Islands,FRO,2004,15.5
Faeroe Islands,FRO,2006,9.2
Faeroe Islands,FRO,2007,9.2
Faeroe Islands,FRO,2009,17.3
Faeroe Islands,FRO,2010,16.3
Faeroe Islands,FRO,2011,17.6
Faeroe Islands,FRO,2014,14.6
Faeroe Islands,FRO,2016,8.9
Faeroe Islands,FRO,2017,10.7
Faeroe Islands,FRO,2019,6.2
Fiji,FJI,2004,31
Fiji,FJI,2005,35
Fiji,FJI,2006,39.8
Fiji,FJI,2008,27.4
Fiji,FJI,2011,32.5
Fiji,FJI,2013,23.9
Fiji,FJI,2015,22
Fiji,FJI,2016,23.1
Finland,FIN,2001,10.6
Finland,FIN,2002,11.2
Finland,FIN,2003,10.3
Finland,FIN,2004,10.6
Finland,FIN,2005,10.3
Finland,FIN,2006,9.4
Finland,FIN,2007,9.1
Finland,FIN,2008,8.6
Finland,FIN,2009,8.5
Finland,FIN,2010,8.4
Finland,FIN,2011,7.7
Finland,FIN,2012,7.5
Finland,FIN,2013,7.3
Finland,FIN,2014,7.2
Finland,FIN,2015,6.2
Finland,FIN,2016,5.5
Finland,FIN,2017,4.9
Finland,FIN,2018,4.3
Finland,FIN,2019,4.1
France,FRA,2001,8.4
France,FRA,2002,8
France,FRA,2003,7.7
France,FRA,2004,7.8
France,FRA,2005,7.6
France,FRA,2006,7.5
France,FRA,2007,7.4
France,FRA,2008,7.5
France,FRA,2009,7.3
France,FRA,2010,7.2
France,FRA,2011,7
France,FRA,2012,7
France,FRA,2013,6.6
France,FRA,2014,6.2
France,FRA,2015,5.6
France,FRA,2016,5
France,FRA,2018,8.6
France,FRA,2019,7.5
French Guiana,GUF,2001,116.3
French Guiana,GUF,2002,111.1
French Guiana,GUF,2003,103.2
French Guiana,GUF,2004,84.4
French Guiana,GUF,2005,84.9
French Guiana,GUF,2006,87.1
French Guiana,GUF,2007,86.5
French Guiana,GUF,2010,82.2
French Guiana,GUF,2011,75.4
French Guiana,GUF,2012,74.1
French Guiana,GUF,2013,77.4
French Guiana,GUF,2014,73.4
French Guiana,GUF,2015,72.2
French Guiana,GUF,2016,71.7
French Guiana,GUF,2017,76.3
French Guiana,GUF,2018,58.4
French Guiana,GUF,2019,61.9
French Polynesia,PYF,2001,61
French Polynesia,PYF,2002,59
French Polynesia,PYF,2003,55
French Polynesia,PYF,2004,46
French Polynesia,PYF,2005,52
French Polynesia,PYF,2006,50
French Polynesia,PYF,2007,41
French Polynesia,PYF,2008,40.8
French Polynesia,PYF,2009,41
French Polynesia,PYF,2010,41.7
French Polynesia,PYF,2011,42.3
French Polynesia,PYF,2012,40.6
French Polynesia,PYF,2013,39.6
French Polynesia,PYF,2014,41.5
French Polynesia,PYF,2017,33.3
French Polynesia,PYF,2018,31.6
French Polynesia,PYF,2019,31.8
French Polynesia,PYF,2020,30
Gabon,GAB,2004,117
Gabon,GAB,2007,116.8
Gabon,GAB,2009,115
Gabon,GAB,2010,113.6
Gabon,GAB,2012,91
Gambia,GMB,2001,121.8
Gambia,GMB,2002,108.9
Gambia,GMB,2003,106.8
Gambia,GMB,2004,104.8
Gambia,GMB,2007,114
Gambia,GMB,2008,90
Gambia,GMB,2011,88.1
Gambia,GMB,2012,86
Gambia,GMB,2013,95.1
Gambia,GMB,2015,75.8
Gambia,GMB,2016,67.5
Gambia,GMB,2017,64.9
Gambia,GMB,2018,64.8
Georgia,GEO,2001,32.5
Georgia,GEO,2002,32.8
Georgia,GEO,2003,33.2
Georgia,GEO,2005,38.5
Georgia,GEO,2006,36.7
Georgia,GEO,2007,36.3
Georgia,GEO,2008,43.8
Georgia,GEO,2009,52
Georgia,GEO,2010,48.5
Georgia,GEO,2011,42.8
Georgia,GEO,2012,39.9
Georgia,GEO,2013,40.8
Georgia,GEO,2015,48.6
Georgia,GEO,2016,43.6
Georgia,GEO,2017,36.2
Georgia,GEO,2018,30.1
Georgia,GEO,2019,29.4
Georgia,GEO,2020,27.3
Germany,DEU,2001,12.9
Germany,DEU,2002,12.3
Germany,DEU,2003,11.6
Germany,DEU,2004,10.9
Germany,DEU,2005,10.6
Germany,DEU,2006,10.1
Germany,DEU,2007,9.9
Germany,DEU,2008,9.8
Germany,DEU,2009,9.1
Germany,DEU,2010,8.9
Germany,DEU,2011,8.3
Germany,DEU,2012,8
Germany,DEU,2013,7.8
Germany,DEU,2014,7.8
Germany,DEU,2015,7.8
Germany,DEU,2016,9.2
Germany,DEU,2017,7.8
Germany,DEU,2018,7.2
Germany,DEU,2019,6.9
Ghana,GHA,2001,51.1
Ghana,GHA,2003,73.3
Ghana,GHA,2004,60.1
Ghana,GHA,2006,84.1
Ghana,GHA,2007,65.6
Ghana,GHA,2009,71.2
Ghana,GHA,2010,67.7
Ghana,GHA,2011,60
Ghana,GHA,2012,64
Ghana,GHA,2013,76.3
Ghana,GHA,2014,76.7
Ghana,GHA,2015,76
Ghana,GHA,2016,75.1
Ghana,GHA,2017,73.8
Ghana,GHA,2018,78
Gibraltar,GIB,2002,22.6
Gibraltar,GIB,2012,16.5
Gibraltar,GIB,2015,7
Gibraltar,GIB,2016,5.3
Greece,GRC,2001,11.1
Greece,GRC,2002,10.7
Greece,GRC,2003,10.8
Greece,GRC,2004,10.6
Greece,GRC,2005,9.8
Greece,GRC,2006,10.6
Greece,GRC,2007,10.3
Greece,GRC,2008,11.3
Greece,GRC,2009,11.1
Greece,GRC,2010,10.8
Greece,GRC,2011,9.6
Greece,GRC,2012,8.5
Greece,GRC,2013,8.1
Greece,GRC,2014,8.1
Greece,GRC,2015,8.4
Greece,GRC,2016,9.2
Greece,GRC,2017,8.7
Greece,GRC,2018,8.6
Greece,GRC,2019,8.4
Greece,GRC,2020,8.7
Greenland,GRL,2001,77.8
Greenland,GRL,2002,66.7
Greenland,GRL,2003,63.6
Greenland,GRL,2004,58.3
Greenland,GRL,2005,65.5
Greenland,GRL,2006,55
Greenland,GRL,2007,54
Greenland,GRL,2008,53.3
Greenland,GRL,2009,63.2
Greenland,GRL,2010,51.7
Greenland,GRL,2011,41.2
Greenland,GRL,2012,40
Greenland,GRL,2013,40.4
Greenland,GRL,2014,41.1
Greenland,GRL,2015,37.9
Greenland,GRL,2016,42.2
Greenland,GRL,2017,37.6
Greenland,GRL,2018,35.6
Greenland,GRL,2019,37
Grenada,GRD,2013,40.9
Grenada,GRD,2014,35.9
Guadeloupe,GLP,2001,29.3
Guadeloupe,GLP,2002,25.3
Guadeloupe,GLP,2003,27.7
Guadeloupe,GLP,2010,17
Guadeloupe,GLP,2011,18.9
Guadeloupe,GLP,2012,18.4
Guadeloupe,GLP,2014,24.4
Guadeloupe,GLP,2015,22.3
Guadeloupe,GLP,2016,19.8
Guadeloupe,GLP,2017,15.7
Guadeloupe,GLP,2019,10.3
Guam,GUM,2001,68.1
Guam,GUM,2002,66.4
Guam,GUM,2003,66.9
Guam,GUM,2004,65.9
Guam,GUM,2005,63.1
Guam,GUM,2006,63.4
Guam,GUM,2007,65.6
Guam,GUM,2008,61.1
Guam,GUM,2009,57.1
Guam,GUM,2010,60.1
Guam,GUM,2011,62.1
Guam,GUM,2012,54.7
Guam,GUM,2013,54.1
Guam,GUM,2014,48.4
Guam,GUM,2015,38.3
Guam,GUM,2016,38
Guam,GUM,2017,39.9
Guam,GUM,2018,34.6
Guatemala,GTM,2001,114
Guatemala,GTM,2002,120.5
Guatemala,GTM,2003,99.8
Guatemala,GTM,2004,96.1
Guatemala,GTM,2006,101
Guatemala,GTM,2007,98
Guatemala,GTM,2010,85
Guatemala,GTM,2011,89.4
Guatemala,GTM,2012,93.5
Guatemala,GTM,2013,91.7
Guatemala,GTM,2014,84.8
Guatemala,GTM,2015,81.2
Guatemala,GTM,2016,78.9
Guatemala,GTM,2017,78.2
Guatemala,GTM,2018,77.4
Guatemala,GTM,2019,71.7
Guatemala,GTM,2020,63.3
Guinea,GIN,2002,153
Guinea,GIN,2003,154
Guinea,GIN,2004,145.8
Guinea,GIN,2005,162.2
Guinea,GIN,2006,141.5
Guinea,GIN,2007,140
Guinea,GIN,2008,154
Guinea,GIN,2009,160
Guinea,GIN,2010,154
Guinea,GIN,2011,146.4
Guinea,GIN,2012,147.1
Guinea,GIN,2013,130.5
Guinea,GIN,2014,138.6
Guinea,GIN,2015,132.6
Guinea,GIN,2016,120
Guinea-Bissau,GNB,2002,127.4
Guinea-Bissau,GNB,2003,139.1
Guinea-Bissau,GNB,2005,94.8
Guinea-Bissau,GNB,2008,113.6
Guinea-Bissau,GNB,2009,136.7
Guinea-Bissau,GNB,2011,108.6
Guinea-Bissau,GNB,2012,106.4
Guinea-Bissau,GNB,2014,112.9
Guinea-Bissau,GNB,2016,92.8
Guinea-Bissau,GNB,2017,84
Guyana,GUY,2001,94.8
Guyana,GUY,2002,84.1
Guyana,GUY,2003,90.4
Guyana,GUY,2004,81.2
Guyana,GUY,2006,97
Guyana,GUY,2007,101.3
Guyana,GUY,2009,87.9
Guyana,GUY,2010,84
Guyana,GUY,2012,78
Guyana,GUY,2013,73.7
Guyana,GUY,2015,83.4
Guyana,GUY,2017,70.3
Guyana,GUY,2018,64.9
Haiti,HTI,2003,69
Haiti,HTI,2004,68.1
Haiti,HTI,2006,75.5
Haiti,HTI,2007,63.9
Haiti,HTI,2009,65
Haiti,HTI,2010,66.1
Haiti,HTI,2014,59.4
Haiti,HTI,2015,54.8
Honduras,HND,2003,108
Honduras,HND,2004,101.8
Honduras,HND,2006,108.1
Honduras,HND,2007,96.6
Honduras,HND,2009,99
Honduras,HND,2010,100.6
Honduras,HND,2011,91.7
Honduras,HND,2012,110
Honduras,HND,2013,103
Honduras,HND,2014,88.7
Honduras,HND,2018,97.1
Hungary,HUN,2001,21.8
Hungary,HUN,2002,21.4
Hungary,HUN,2003,20.6
Hungary,HUN,2004,20.7
Hungary,HUN,2005,20
Hungary,HUN,2006,19.7
Hungary,HUN,2007,19.4
Hungary,HUN,2008,20
Hungary,HUN,2009,19.5
Hungary,HUN,2010,17.9
Hungary,HUN,2011,18
Hungary,HUN,2012,19.2
Hungary,HUN,2013,21.1
Hungary,HUN,2014,23.1
Hungary,HUN,2015,22.8
Hungary,HUN,2016,24.8
Hungary,HUN,2017,22.9
Hungary,HUN,2018,22
Hungary,HUN,2019,21.1
Iceland,ISL,2001,19.6
Iceland,ISL,2002,18.5
Iceland,ISL,2003,16.1
Iceland,ISL,2004,12.5
Iceland,ISL,2005,14.2
Iceland,ISL,2006,13.6
Iceland,ISL,2007,14.1
Iceland,ISL,2008,14.5
Iceland,ISL,2009,14.6
Iceland,ISL,2010,13
Iceland,ISL,2011,11
Iceland,ISL,2012,11.4
Iceland,ISL,2014,7.6
Iceland,ISL,2015,8
Iceland,ISL,2016,6.7
Iceland,ISL,2017,6
Iceland,ISL,2018,5.3
Iceland,ISL,2019,4.4
India,IND,2002,47
India,IND,2003,46.1
India,IND,2004,51.6
India,IND,2005,45.9
India,IND,2006,45.9
India,IND,2007,41.1
India,IND,2008,41.6
India,IND,2009,38.5
India,IND,2010,37.2
India,IND,2011,30.7
India,IND,2012,31.5
India,IND,2013,28.1
India,IND,2014,27.3
India,IND,2016,10.7
India,IND,2017,13
India,IND,2018,12.2
Indonesia,IDN,2001,50.9
Indonesia,IDN,2002,53.1
Indonesia,IDN,2003,55.9
Indonesia,IDN,2004,48.6
Indonesia,IDN,2005,52
Indonesia,IDN,2006,51
Indonesia,IDN,2007,49.5
Indonesia,IDN,2008,46.9
Indonesia,IDN,2009,47
Indonesia,IDN,2010,48
Indonesia,IDN,2011,48.5
Indonesia,IDN,2013,47.4
Indonesia,IDN,2014,40.1
Indonesia,IDN,2015,39.9
Indonesia,IDN,2016,36
Iran,IRN,2001,38.1
Iran,IRN,2002,35.8
Iran,IRN,2003,34.8
Iran,IRN,2004,32.7
Iran,IRN,2005,32.6
Iran,IRN,2006,31.3
Iran,IRN,2007,31
Iran,IRN,2008,32.5
Iran,IRN,2009,32.8
Iran,IRN,2010,31.8
Iran,IRN,2011,32.8
Iran,IRN,2012,34.7
Iran,IRN,2013,35.9
Iran,IRN,2014,35.7
Iran,IRN,2015,37.6
Iran,IRN,2016,33.6
Iran,IRN,2017,33.2
Iran,IRN,2018,31.1
Iran,IRN,2019,30.2
Iran,IRN,2020,27.6
Iraq,IRQ,2001,49.6
Iraq,IRQ,2002,46.8
Iraq,IRQ,2004,67.8
Iraq,IRQ,2006,81.4
Iraq,IRQ,2008,81.1
Iraq,IRQ,2009,82.1
Iraq,IRQ,2013,88.5
Iraq,IRQ,2015,75.6
Iraq,IRQ,2016,70
Ireland,IRL,2001,19.9
Ireland,IRL,2002,19.5
Ireland,IRL,2003,19.1
Ireland,IRL,2004,17.3
Ireland,IRL,2005,16.8
Ireland,IRL,2006,16.2
Ireland,IRL,2007,17.3
Ireland,IRL,2008,16.5
Ireland,IRL,2009,15.7
Ireland,IRL,2010,14.6
Ireland,IRL,2011,12.4
Ireland,IRL,2012,12
Ireland,IRL,2013,9.2
Ireland,IRL,2014,9
Ireland,IRL,2015,8.6
Ireland,IRL,2016,7.4
Ireland,IRL,2017,7.2
Ireland,IRL,2018,6.2
Ireland,IRL,2019,5.7
Isle of Man,IMN,2016,9.9
Israel,ISR,2001,16.5
Israel,ISR,2002,15.9
Israel,ISR,2003,15.5
Israel,ISR,2004,15.3
Israel,ISR,2005,14.7
Israel,ISR,2006,14.1
Israel,ISR,2007,13.9
Israel,ISR,2008,13.7
Israel,ISR,2009,13.4
Israel,ISR,2010,13
Israel,ISR,2011,12.5
Israel,ISR,2012,11.6
Israel,ISR,2013,10.4
Israel,ISR,2014,10.2
Israel,ISR,2015,9.7
Israel,ISR,2016,9
Israel,ISR,2017,9.9
Israel,ISR,2018,8.2
Israel,ISR,2019,8.3
Italy,ITA,2001,6.9
Italy,ITA,2002,7
Italy,ITA,2003,6.8
Italy,ITA,2004,7.2
Italy,ITA,2005,7
Italy,ITA,2006,6.8
Italy,ITA,2007,6.8
Italy,ITA,2008,7.2
Italy,ITA,2009,6.9
Italy,ITA,2010,6.7
Italy,ITA,2011,6.4
Italy,ITA,2012,6.4
Italy,ITA,2013,5.8
Italy,ITA,2014,5.6
Italy,ITA,2015,5.1
Italy,ITA,2016,4.8
Italy,ITA,2017,4.4
Italy,ITA,2018,4.1
Italy,ITA,2019,3.7
Jamaica,JAM,2001,74.1
Jamaica,JAM,2002,79
Jamaica,JAM,2003,63.5
Jamaica,JAM,2004,62.4
Jamaica,JAM,2005,66.2
Jamaica,JAM,2006,60.5
Jamaica,JAM,2007,72
Jamaica,JAM,2008,58.2
Jamaica,JAM,2009,57.3
Jamaica,JAM,2010,70
Jamaica,JAM,2012,52.5
Jamaica,JAM,2013,50.8
Jamaica,JAM,2014,46.4
Jamaica,JAM,2015,54.7
Jamaica,JAM,2016,55.3
Jamaica,JAM,2017,51.7
Japan,JPN,2001,5.8
Japan,JPN,2002,6
Japan,JPN,2003,5.7
Japan,JPN,2004,5.5
Japan,JPN,2005,5.2
Japan,JPN,2006,4.9
Japan,JPN,2007,4.8
Japan,JPN,2008,5
Japan,JPN,2009,4.8
Japan,JPN,2010,4.5
Japan,JPN,2011,4.5
Japan,JPN,2012,4.4
Japan,JPN,2013,4.4
Japan,JPN,2014,4.5
Japan,JPN,2015,4.1
Japan,JPN,2016,3.7
Japan,JPN,2017,3.4
Japan,JPN,2018,3.1
Japan,JPN,2019,2.8
Jordan,JOR,2001,28.2
Jordan,JOR,2003,32.6
Jordan,JOR,2006,28.2
Jordan,JOR,2007,32
Jordan,JOR,2008,32.4
Jordan,JOR,2010,27
Jordan,JOR,2011,25.6
Jordan,JOR,2015,28.6
Jordan,JOR,2016,27
Kazakhstan,KAZ,2001,30
Kazakhstan,KAZ,2002,27
Kazakhstan,KAZ,2003,27
Kazakhstan,KAZ,2004,27
Kazakhstan,KAZ,2005,26
Kazakhstan,KAZ,2006,27
Kazakhstan,KAZ,2007,29
Kazakhstan,KAZ,2008,31
Kazakhstan,KAZ,2009,31
Kazakhstan,KAZ,2010,28.3
Kazakhstan,KAZ,2011,29.5
Kazakhstan,KAZ,2012,31.4
Kazakhstan,KAZ,2013,33.6
Kazakhstan,KAZ,2014,34.4
Kazakhstan,KAZ,2015,31
Kazakhstan,KAZ,2016,28.1
Kazakhstan,KAZ,2017,24.9
Kazakhstan,KAZ,2018,25.6
Kazakhstan,KAZ,2019,23.2
Kazakhstan,KAZ,2020,24.6
Kenya,KEN,2002,114
Kenya,KEN,2004,120.5
Kenya,KEN,2006,106
Kenya,KEN,2007,103
Kenya,KEN,2013,96
Kenya,KEN,2014,96
Kenya,KEN,2015,86.5
Kenya,KEN,2018,75.2
Kenya,KEN,2019,81.1
Kiribati,KIR,2002,44.8
Kiribati,KIR,2003,36.3
Kiribati,KIR,2005,39
Kiribati,KIR,2006,42.6
Kiribati,KIR,2007,49
Kiribati,KIR,2008,51
Kiribati,KIR,2010,49
Kiribati,KIR,2011,57.2
Kiribati,KIR,2013,47.6
Kiribati,KIR,2014,49.6
Kiribati,KIR,2016,49.1
Kiribati,KIR,2017,50.6
Kuwait,KWT,2002,16.4
Kuwait,KWT,2003,17.2
Kuwait,KWT,2004,17.1
Kuwait,KWT,2005,16.8
Kuwait,KWT,2006,16
Kuwait,KWT,2007,14.1
Kuwait,KWT,2008,12.9
Kuwait,KWT,2009,12.2
Kuwait,KWT,2010,11.5
Kuwait,KWT,2011,9.9
Kuwait,KWT,2012,8.7
Kuwait,KWT,2013,7.2
Kuwait,KWT,2014,6.6
Kuwait,KWT,2015,6.1
Kuwait,KWT,2016,6.6
Kuwait,KWT,2017,6.3
Kuwait,KWT,2018,5
Kuwait,KWT,2019,6.2
Kyrgyzstan,KGZ,2001,31.5
Kyrgyzstan,KGZ,2002,30.9
Kyrgyzstan,KGZ,2003,28.5
Kyrgyzstan,KGZ,2004,27
Kyrgyzstan,KGZ,2005,25.1
Kyrgyzstan,KGZ,2006,27.3
Kyrgyzstan,KGZ,2007,28.2
Kyrgyzstan,KGZ,2008,28.7
Kyrgyzstan,KGZ,2009,31.2
Kyrgyzstan,KGZ,2010,34.1
Kyrgyzstan,KGZ,2011,41.4
Kyrgyzstan,KGZ,2012,42.1
Kyrgyzstan,KGZ,2013,41.9
Kyrgyzstan,KGZ,2014,43.3
Kyrgyzstan,KGZ,2015,39.7
Kyrgyzstan,KGZ,2016,38.1
Kyrgyzstan,KGZ,2017,33.9
Kyrgyzstan,KGZ,2018,35.9
Kyrgyzstan,KGZ,2019,37.7
Kyrgyzstan,KGZ,2020,34
Landlocked developing countries (LLDCs),,2000,111.1
Landlocked developing countries (LLDCs),,2005,102.4
Landlocked developing countries (LLDCs),,2010,96.3
Landlocked developing countries (LLDCs),,2015,89.7
Landlocked developing countries (LLDCs),,2020,82.3
Laos,LAO,2005,58.8
Laos,LAO,2009,96.5
Laos,LAO,2010,94.4
Laos,LAO,2013,97.2
Laos,LAO,2015,94.4
Laos,LAO,2016,83.4
Latin America and the Caribbean,,2000,82.9
Latin America and the Caribbean,,2005,77
Latin America and the Caribbean,,2010,70.9
Latin America and the Caribbean,,2015,65.6
Latin America and the Caribbean,,2020,60.7
Latvia,LVA,2001,17.3
Latvia,LVA,2002,16.1
Latvia,LVA,2003,16.8
Latvia,LVA,2004,16.3
Latvia,LVA,2005,16.4
Latvia,LVA,2006,18.4
Latvia,LVA,2007,18.6
Latvia,LVA,2008,17.9
Latvia,LVA,2009,18.8
Latvia,LVA,2011,14.6
Latvia,LVA,2012,15.3
Latvia,LVA,2013,15.3
Latvia,LVA,2014,15.4
Latvia,LVA,2015,18.1
Latvia,LVA,2016,15.4
Latvia,LVA,2017,16.1
Latvia,LVA,2018,12.1
Latvia,LVA,2019,12.6
Latvia,LVA,2020,10.8
Least developed countries (LDCs),,2000,121.9
Least developed countries (LDCs),,2005,114.6
Least developed countries (LDCs),,2010,106.6
Least developed countries (LDCs),,2015,98.3
Least developed countries (LDCs),,2020,91
Lebanon,LBN,2002,17
Lebanon,LBN,2003,16.7
Lebanon,LBN,2018,13.3
Lebanon,LBN,2019,11.7
Lesotho,LSO,2002,89
Lesotho,LSO,2003,91.6
Lesotho,LSO,2007,92
Lesotho,LSO,2008,96
Lesotho,LSO,2012,87.9
Lesotho,LSO,2013,94
Lesotho,LSO,2016,91
Lesotho,LSO,2017,90.8
Liberia,LBR,2002,122.6
Liberia,LBR,2004,137
Liberia,LBR,2005,140.8
Liberia,LBR,2007,176.9
Liberia,LBR,2008,147.8
Liberia,LBR,2009,154.4
Liberia,LBR,2010,150.6
Liberia,LBR,2011,149.3
Liberia,LBR,2012,148.1
Liberia,LBR,2014,144.9
Liberia,LBR,2015,150.3
Liberia,LBR,2017,135.4
Liberia,LBR,2018,128
Libya,LBY,2002,4
Libya,LBY,2005,5.1
Libya,LBY,2009,5.7
Libya,LBY,2013,10.9
Liechtenstein,LIE,2005,3.9
Liechtenstein,LIE,2006,3.8
Liechtenstein,LIE,2015,3.4
Liechtenstein,LIE,2017,0.9
Liechtenstein,LIE,2018,1
Lithuania,LTU,2001,21.1
Lithuania,LTU,2002,20.9
Lithuania,LTU,2003,21
Lithuania,LTU,2004,20
Lithuania,LTU,2005,19.7
Lithuania,LTU,2006,20.4
Lithuania,LTU,2007,19.4
Lithuania,LTU,2008,19.3
Lithuania,LTU,2009,16.1
Lithuania,LTU,2010,13.2
Lithuania,LTU,2011,14.1
Lithuania,LTU,2012,14.5
Lithuania,LTU,2013,13.6
Lithuania,LTU,2014,13.6
Lithuania,LTU,2015,14.1
Lithuania,LTU,2016,13.3
Lithuania,LTU,2017,12.6
Lithuania,LTU,2018,11.2
Lithuania,LTU,2019,10.1
Luxembourg,LUX,2001,12.4
Luxembourg,LUX,2002,12.4
Luxembourg,LUX,2003,11.1
Luxembourg,LUX,2004,10.9
Luxembourg,LUX,2005,12
Luxembourg,LUX,2006,10.4
Luxembourg,LUX,2007,10.2
Luxembourg,LUX,2008,8.7
Luxembourg,LUX,2009,7.1
Luxembourg,LUX,2010,7.5
Luxembourg,LUX,2011,7.2
Luxembourg,LUX,2012,6.5
Luxembourg,LUX,2013,5.2
Luxembourg,LUX,2014,5.7
Luxembourg,LUX,2015,5.6
Luxembourg,LUX,2016,4.7
Luxembourg,LUX,2017,4
Luxembourg,LUX,2018,4.6
Luxembourg,LUX,2019,4
Luxembourg,LUX,2020,3.8
Macao,MAC,2001,5
Macao,MAC,2002,4.2
Macao,MAC,2003,4.4
Macao,MAC,2004,3.8
Macao,MAC,2005,3.2
Macao,MAC,2006,3.5
Macao,MAC,2007,3.3
Macao,MAC,2008,3.2
Macao,MAC,2009,3.2
Macao,MAC,2010,2.9
Macao,MAC,2011,2.9
Macao,MAC,2013,3.3
Macao,MAC,2014,3.2
Macao,MAC,2015,2.7
Macao,MAC,2016,2.2
Macao,MAC,2017,2.2
Macao,MAC,2019,1.8
Madagascar,MDG,2001,149
Madagascar,MDG,2002,150
Madagascar,MDG,2005,156.5
Madagascar,MDG,2006,147
Madagascar,MDG,2007,148
Madagascar,MDG,2008,161
Madagascar,MDG,2009,168
Madagascar,MDG,2010,147.6
Madagascar,MDG,2011,145
Madagascar,MDG,2013,143.3
Madagascar,MDG,2014,152
Madagascar,MDG,2016,147.2
Madagascar,MDG,2017,150.8
Malawi,MWI,2001,164.5
Malawi,MWI,2002,160
Malawi,MWI,2003,162
Malawi,MWI,2004,189
Malawi,MWI,2005,183.5
Malawi,MWI,2006,177
Malawi,MWI,2007,158.2
Malawi,MWI,2008,157
Malawi,MWI,2009,151.9
Malawi,MWI,2010,155
Malawi,MWI,2011,146.3
Malawi,MWI,2012,143
Malawi,MWI,2013,136.6
Malawi,MWI,2014,135.9
Malawi,MWI,2015,137.6
Malawi,MWI,2018,101.8
Malaysia,MYS,2002,13.3
Malaysia,MYS,2003,12.8
Malaysia,MYS,2004,12.8
Malaysia,MYS,2005,12.4
Malaysia,MYS,2006,11.6
Malaysia,MYS,2007,11.1
Malaysia,MYS,2008,13.1
Malaysia,MYS,2009,13.9
Malaysia,MYS,2010,14
Malaysia,MYS,2011,14
Malaysia,MYS,2012,13.3
Malaysia,MYS,2013,13.2
Malaysia,MYS,2014,13.1
Malaysia,MYS,2015,11.8
Malaysia,MYS,2016,10.2
Malaysia,MYS,2017,9.3
Malaysia,MYS,2018,8.8
Malaysia,MYS,2019,8.6
Maldives,MDV,2001,27.3
Maldives,MDV,2009,17.6
Maldives,MDV,2010,15.4
Maldives,MDV,2011,15.2
Maldives,MDV,2012,13.9
Maldives,MDV,2013,12.3
Maldives,MDV,2014,12.9
Maldives,MDV,2015,10.1
Maldives,MDV,2016,9.8
Maldives,MDV,2017,8.9
Maldives,MDV,2019,5.9
Mali,MLI,2003,173.5
Mali,MLI,2004,190
Mali,MLI,2005,188
Mali,MLI,2006,189.6
Mali,MLI,2010,177.5
Mali,MLI,2011,171.7
Mali,MLI,2013,181.4
Mali,MLI,2014,174
Mali,MLI,2016,164.5
Mali,MLI,2017,164
Malta,MLT,2001,23.3
Malta,MLT,2003,15.9
Malta,MLT,2005,21.8
Malta,MLT,2006,16.4
Malta,MLT,2007,16.4
Malta,MLT,2008,18.6
Malta,MLT,2009,20
Malta,MLT,2010,18.9
Malta,MLT,2011,17.1
Malta,MLT,2012,16.7
Malta,MLT,2013,13.1
Malta,MLT,2014,12.9
Malta,MLT,2015,11.3
Malta,MLT,2016,12.6
Malta,MLT,2017,12.5
Malta,MLT,2018,12.1
Malta,MLT,2019,12
Marshall Islands,MHL,2005,127
Marshall Islands,MHL,2008,90.6
Marshall Islands,MHL,2010,82.2
Marshall Islands,MHL,2011,84.5
Martinique,MTQ,2001,33.7
Martinique,MTQ,2002,30.5
Martinique,MTQ,2003,27.9
Martinique,MTQ,2005,19
Martinique,MTQ,2006,20
Martinique,MTQ,2007,20
Martinique,MTQ,2010,19.7
Martinique,MTQ,2011,19.7
Martinique,MTQ,2012,22.6
Martinique,MTQ,2013,19.8
Martinique,MTQ,2014,19.4
Martinique,MTQ,2015,15.3
Martinique,MTQ,2016,17.5
Martinique,MTQ,2017,16.9
Martinique,MTQ,2019,11.2
Mauritania,MRT,2002,82.6
Mauritania,MRT,2004,125.9
Mauritania,MRT,2005,109.8
Mauritania,MRT,2007,102.6
Mauritania,MRT,2008,125.3
Mauritania,MRT,2009,95.1
Mauritania,MRT,2010,90.7
Mauritania,MRT,2011,71
Mauritania,MRT,2012,77
Mauritania,MRT,2013,91.4
Mauritania,MRT,2014,84
Mauritius,MUS,2001,34.4
Mauritius,MUS,2002,35.5
Mauritius,MUS,2003,35.9
Mauritius,MUS,2004,37.7
Mauritius,MUS,2005,35.1
Mauritius,MUS,2006,34.5
Mauritius,MUS,2007,35.9
Mauritius,MUS,2008,34.5
Mauritius,MUS,2009,32.9
Mauritius,MUS,2010,31
Mauritius,MUS,2011,29.9
Mauritius,MUS,2012,29.6
Mauritius,MUS,2013,26.4
Mauritius,MUS,2014,24.5
Mauritius,MUS,2015,23.8
Mauritius,MUS,2016,24.1
Mauritius,MUS,2017,23.8
Mauritius,MUS,2018,24
Mauritius,MUS,2019,23.2
Mauritius,MUS,2020,23.7
Mayotte,MYT,2004,106
Mayotte,MYT,2014,56.9
Mayotte,MYT,2016,87.2
Mayotte,MYT,2017,78.9
Mayotte,MYT,2018,78.3
Mayotte,MYT,2019,59.1
Mexico,MEX,2001,90.3
Mexico,MEX,2002,87.7
Mexico,MEX,2003,84
Mexico,MEX,2004,64.8
Mexico,MEX,2005,75.8
Mexico,MEX,2006,74.9
Mexico,MEX,2007,69.5
Mexico,MEX,2008,75.2
Mexico,MEX,2009,74.5
Mexico,MEX,2010,74.9
Mexico,MEX,2011,77
Mexico,MEX,2012,77
Mexico,MEX,2013,76.1
Mexico,MEX,2014,62.7
Mexico,MEX,2015,65.4
Mexico,MEX,2016,62.5
Mexico,MEX,2017,62
Mexico,MEX,2018,70.5
Micronesia (country),FSM,2001,56.3
Micronesia (country),FSM,2002,48.1
Micronesia (country),FSM,2003,51.9
Micronesia (country),FSM,2004,45.3
Micronesia (country),FSM,2005,47.3
Micronesia (country),FSM,2006,43.8
Micronesia (country),FSM,2007,49.6
Micronesia (country),FSM,2009,44
Moldova,MDA,2001,33.6
Moldova,MDA,2002,30.2
Moldova,MDA,2003,29.2
Moldova,MDA,2004,33.6
Moldova,MDA,2005,29
Moldova,MDA,2006,28.7
Moldova,MDA,2007,26
Moldova,MDA,2008,26
Moldova,MDA,2009,27
Moldova,MDA,2010,26.7
Moldova,MDA,2011,25.7
Moldova,MDA,2012,25.1
Moldova,MDA,2013,25.4
Moldova,MDA,2014,26.7
Moldova,MDA,2016,23.8
Moldova,MDA,2017,21.7
Moldova,MDA,2018,21.4
Moldova,MDA,2019,19.2
Moldova,MDA,2020,18.4
Mongolia,MNG,2001,28.9
Mongolia,MNG,2003,18.6
Mongolia,MNG,2004,18.3
Mongolia,MNG,2005,14.7
Mongolia,MNG,2007,18.7
Mongolia,MNG,2008,20
Mongolia,MNG,2009,19.5
Mongolia,MNG,2010,18.9
Mongolia,MNG,2011,20.2
Mongolia,MNG,2013,28.8
Mongolia,MNG,2014,26.7
Mongolia,MNG,2015,29.8
Mongolia,MNG,2018,32.6
Mongolia,MNG,2019,30.5
Mongolia,MNG,2020,26.9
Montenegro,MNE,2001,17.9
Montenegro,MNE,2002,19.2
Montenegro,MNE,2003,17.8
Montenegro,MNE,2004,16.6
Montenegro,MNE,2005,16
Montenegro,MNE,2006,16.3
Montenegro,MNE,2007,17.6
Montenegro,MNE,2008,20.2
Montenegro,MNE,2009,22.8
Montenegro,MNE,2011,14.3
Montenegro,MNE,2012,13.3
Montenegro,MNE,2013,12
Montenegro,MNE,2014,11.2
Montenegro,MNE,2015,11.2
Montenegro,MNE,2016,10.1
Montenegro,MNE,2017,10.3
Montenegro,MNE,2018,10
Montenegro,MNE,2019,11.4
Montenegro,MNE,2020,9.6
Montserrat,MSR,2004,53.6
Montserrat,MSR,2010,53.3
Montserrat,MSR,2011,50.7
Montserrat,MSR,2012,50
Montserrat,MSR,2013,49
Montserrat,MSR,2015,80.5
Morocco,MAR,2001,27.9
Morocco,MAR,2002,32.4
Morocco,MAR,2004,19.1
Morocco,MAR,2005,18
Morocco,MAR,2009,32.2
Morocco,MAR,2017,19
Morocco,MAR,2018,22.5
Mozambique,MOZ,2002,178.7
Mozambique,MOZ,2004,179.4
Mozambique,MOZ,2006,184.6
Mozambique,MOZ,2007,192.9
Mozambique,MOZ,2009,166
Mozambique,MOZ,2010,166.9
Mozambique,MOZ,2013,180.2
Mozambique,MOZ,2014,193.9
Mozambique,MOZ,2015,177.8
Mozambique,MOZ,2016,180
Myanmar,MMR,2001,17.4
Myanmar,MMR,2005,18.5
Myanmar,MMR,2006,16.9
Myanmar,MMR,2007,16.7
Myanmar,MMR,2014,36
Myanmar,MMR,2015,28
Myanmar,MMR,2016,28
Myanmar,MMR,2018,21.3
Namibia,NAM,2002,70.6
Namibia,NAM,2003,82.4
Namibia,NAM,2004,74
Namibia,NAM,2005,78
Namibia,NAM,2006,81.2
Namibia,NAM,2009,74.6
Namibia,NAM,2011,67.8
Namibia,NAM,2012,82
Namibia,NAM,2016,63.9
Nauru,NRU,2001,79.8
Nauru,NRU,2002,85.2
Nauru,NRU,2004,82.2
Nauru,NRU,2005,84
Nauru,NRU,2006,69
Nauru,NRU,2007,61.2
Nauru,NRU,2008,55.8
Nauru,NRU,2009,61.2
Nauru,NRU,2010,60.5
Nauru,NRU,2014,81
Nauru,NRU,2015,94
Nepal,NPL,2003,106
Nepal,NPL,2004,98
Nepal,NPL,2006,101.8
Nepal,NPL,2007,88.7
Nepal,NPL,2008,87
Nepal,NPL,2009,81
Nepal,NPL,2010,90
Nepal,NPL,2011,73.9
Nepal,NPL,2012,71.5
Nepal,NPL,2013,71
Nepal,NPL,2015,88.2
Nepal,NPL,2017,69
Nepal,NPL,2018,63
Netherlands,NLD,2001,7.8
Netherlands,NLD,2002,7.6
Netherlands,NLD,2003,7.1
Netherlands,NLD,2004,6.3
Netherlands,NLD,2005,5.8
Netherlands,NLD,2007,3.8
Netherlands,NLD,2009,5.3
Netherlands,NLD,2010,5.1
Netherlands,NLD,2011,4.8
Netherlands,NLD,2012,4.5
Netherlands,NLD,2013,3.9
Netherlands,NLD,2014,3.7
Netherlands,NLD,2015,3.2
Netherlands,NLD,2016,3
Netherlands,NLD,2017,2.9
Netherlands,NLD,2018,2.6
Netherlands,NLD,2019,2.5
New Caledonia,NCL,2001,26.6
New Caledonia,NCL,2002,23.7
New Caledonia,NCL,2003,19.2
New Caledonia,NCL,2004,16
New Caledonia,NCL,2006,20
New Caledonia,NCL,2007,20
New Caledonia,NCL,2010,26.1
New Caledonia,NCL,2012,22.4
New Caledonia,NCL,2013,18
New Caledonia,NCL,2015,10
New Caledonia,NCL,2017,14.7
New Zealand,NZL,2001,27.5
New Zealand,NZL,2002,25.5
New Zealand,NZL,2003,25.9
New Zealand,NZL,2004,27.1
New Zealand,NZL,2005,27.2
New Zealand,NZL,2006,28.1
New Zealand,NZL,2007,31.4
New Zealand,NZL,2008,33.1
New Zealand,NZL,2009,29.6
New Zealand,NZL,2010,29
New Zealand,NZL,2011,25.8
New Zealand,NZL,2012,24.6
New Zealand,NZL,2013,21.5
New Zealand,NZL,2014,19
New Zealand,NZL,2015,18.5
New Zealand,NZL,2016,16
New Zealand,NZL,2017,14.9
New Zealand,NZL,2018,13.8
New Zealand,NZL,2019,13.3
New Zealand,NZL,2020,12.6
Nicaragua,NIC,2001,104.5
Nicaragua,NIC,2002,111.8
Nicaragua,NIC,2004,108.5
Nicaragua,NIC,2005,106
Nicaragua,NIC,2006,102.3
Nicaragua,NIC,2007,104.7
Nicaragua,NIC,2008,99.7
Nicaragua,NIC,2009,92
Nicaragua,NIC,2010,110.1
Nicaragua,NIC,2017,106.4
Nicaragua,NIC,2018,102.6
Niger,NER,2001,152.5
Niger,NER,2003,198.9
Niger,NER,2004,199.1
Niger,NER,2007,230
Niger,NER,2009,210
Niger,NER,2010,206.1
Niger,NER,2012,210
Niger,NER,2014,168
Niger,NER,2015,146
Niger,NER,2016,154
Nigeria,NGA,2001,126.3
Nigeria,NGA,2002,140
Nigeria,NGA,2004,125.6
Nigeria,NGA,2006,123
Nigeria,NGA,2007,121.2
Nigeria,NGA,2008,144.3
Nigeria,NGA,2009,134
Nigeria,NGA,2010,113
Nigeria,NGA,2011,121.7
Nigeria,NGA,2013,149.9
Nigeria,NGA,2014,145.1
Nigeria,NGA,2015,120
Nigeria,NGA,2016,117.8
Nigeria,NGA,2017,106
Niue,NIU,2004,45.5
Niue,NIU,2009,20
Niue,NIU,2011,20
North Korea,PRK,2017,1
North Macedonia,MKD,2001,26
North Macedonia,MKD,2002,24.9
North Macedonia,MKD,2003,25
North Macedonia,MKD,2004,22.4
North Macedonia,MKD,2005,21.3
North Macedonia,MKD,2006,19.8
North Macedonia,MKD,2007,20.1
North Macedonia,MKD,2008,19.2
North Macedonia,MKD,2009,19.3
North Macedonia,MKD,2010,19
North Macedonia,MKD,2011,17.6
North Macedonia,MKD,2012,18.6
North Macedonia,MKD,2013,16.8
North Macedonia,MKD,2014,17.7
North Macedonia,MKD,2015,16.2
North Macedonia,MKD,2016,16
North Macedonia,MKD,2017,15.5
North Macedonia,MKD,2018,15.1
North Macedonia,MKD,2019,15.6
Northern Africa,,2000,49.2
Northern Africa,,2005,47.3
Northern Africa,,2010,46.4
Northern Africa,,2015,44.8
Northern Africa,,2020,40.5
Northern Africa and Western Asia,,2000,51.1
Northern Africa and Western Asia,,2005,46.8
Northern Africa and Western Asia,,2010,44.9
Northern Africa and Western Asia,,2015,42.3
Northern Africa and Western Asia,,2020,38.5
Northern America,,2000,44.2
Northern America,,2005,38.6
Northern America,,2010,31.8
Northern America,,2015,22.7
Northern America,,2020,15.8
Northern Mariana Islands,MNP,2001,67.3
Northern Mariana Islands,MNP,2003,41.1
Northern Mariana Islands,MNP,2004,37.4
Northern Mariana Islands,MNP,2005,32.3
Northern Mariana Islands,MNP,2006,39
Northern Mariana Islands,MNP,2007,47.2
Northern Mariana Islands,MNP,2008,40.5
Northern Mariana Islands,MNP,2009,46.6
Northern Mariana Islands,MNP,2010,53.4
Northern Mariana Islands,MNP,2011,47.2
Northern Mariana Islands,MNP,2012,37.9
Northern Mariana Islands,MNP,2013,44.3
Northern Mariana Islands,MNP,2014,38.6
Northern Mariana Islands,MNP,2015,36.9
Norway,NOR,2001,11
Norway,NOR,2002,10.1
Norway,NOR,2003,9.1
Norway,NOR,2004,8.2
Norway,NOR,2005,8.1
Norway,NOR,2006,8.7
Norway,NOR,2007,9.1
Norway,NOR,2008,9.3
Norway,NOR,2009,9.5
Norway,NOR,2010,8.4
Norway,NOR,2011,7.1
Norway,NOR,2012,6
Norway,NOR,2013,5.6
Norway,NOR,2014,5
Norway,NOR,2015,4.6
Norway,NOR,2016,3.9
Norway,NOR,2018,2.6
Norway,NOR,2019,2.3
Oceania,,2000,35.3
Oceania,,2005,33.1
Oceania,,2010,30.9
Oceania,,2015,28.5
Oceania,,2020,26.8
Oceania (exc. Australia and New Zealand),,2000,62.6
Oceania (exc. Australia and New Zealand),,2005,57.9
Oceania (exc. Australia and New Zealand),,2010,54.9
Oceania (exc. Australia and New Zealand),,2015,52.2
Oceania (exc. Australia and New Zealand),,2020,49.5
Oman,OMN,2001,21.1
Oman,OMN,2003,10.9
Oman,OMN,2006,7.4
Oman,OMN,2007,7.6
Oman,OMN,2008,8.1
Oman,OMN,2010,12.4
Oman,OMN,2011,12
Oman,OMN,2012,11.9
Oman,OMN,2014,14.1
Oman,OMN,2015,14.5
Oman,OMN,2016,13.5
Oman,OMN,2017,12.8
Oman,OMN,2018,11.7
Oman,OMN,2020,7.5
Other non-specified areas in Eastern Asia,,2001,12.6
Other non-specified areas in Eastern Asia,,2002,11.7
Other non-specified areas in Eastern Asia,,2003,11
Other non-specified areas in Eastern Asia,,2004,10
Other non-specified areas in Eastern Asia,,2005,8.4
Other non-specified areas in Eastern Asia,,2006,7
Other non-specified areas in Eastern Asia,,2007,6
Other non-specified areas in Eastern Asia,,2008,5
Other non-specified areas in Eastern Asia,,2009,4
Other non-specified areas in Eastern Asia,,2010,4
Other non-specified areas in Eastern Asia,,2011,4
Other non-specified areas in Eastern Asia,,2012,4
Other non-specified areas in Eastern Asia,,2013,4
Other non-specified areas in Eastern Asia,,2014,4
Other non-specified areas in Eastern Asia,,2015,4
Other non-specified areas in Eastern Asia,,2016,4
Other non-specified areas in Eastern Asia,,2017,4
Other non-specified areas in Eastern Asia,,2018,3.8
Other non-specified areas in Eastern Asia,,2019,3.8
Pakistan,PAK,2005,51.1
Pakistan,PAK,2008,56.3
Pakistan,PAK,2009,49
Pakistan,PAK,2010,48.1
Pakistan,PAK,2011,44.3
Pakistan,PAK,2013,49.9
Pakistan,PAK,2015,47
Pakistan,PAK,2016,46
Pakistan,PAK,2017,54
Palau,PLW,2001,23
Palau,PLW,2003,31
Palau,PLW,2004,24
Palau,PLW,2010,26
Palau,PLW,2012,34
Palau,PLW,2013,40.7
Palau,PLW,2015,27
Palau,PLW,2017,33.8
Palestine,PSE,2005,49
Palestine,PSE,2006,59.8
Palestine,PSE,2007,66
Palestine,PSE,2009,42.9
Palestine,PSE,2010,38.4
Palestine,PSE,2012,48.4
Palestine,PSE,2013,48
Palestine,PSE,2014,48
Palestine,PSE,2015,51.1
Palestine,PSE,2017,44.7
Palestine,PSE,2018,43
Panama,PAN,2001,89.3
Panama,PAN,2002,84.3
Panama,PAN,2003,77.5
Panama,PAN,2004,84.9
Panama,PAN,2005,83.8
Panama,PAN,2006,84.8
Panama,PAN,2007,80.4
Panama,PAN,2008,83.2
Panama,PAN,2009,84.7
Panama,PAN,2010,82
Panama,PAN,2011,88.7
Panama,PAN,2012,81
Panama,PAN,2013,91.1
Panama,PAN,2014,86
Panama,PAN,2015,84.3
Panama,PAN,2016,79.2
Panama,PAN,2017,75.9
Panama,PAN,2018,74.1
Panama,PAN,2019,67.8
Papua New Guinea,PNG,2004,65
Papua New Guinea,PNG,2007,87.7
Papua New Guinea,PNG,2013,88.2
Papua New Guinea,PNG,2015,76.7
Papua New Guinea,PNG,2016,68
Paraguay,PRY,2002,65
Paraguay,PRY,2006,61.7
Paraguay,PRY,2007,63
Paraguay,PRY,2008,61.8
Paraguay,PRY,2009,75
Paraguay,PRY,2012,82.5
Paraguay,PRY,2014,76
Paraguay,PRY,2015,72
Peru,PER,2001,36.4
Peru,PER,2003,59
Peru,PER,2005,64
Peru,PER,2006,63
Peru,PER,2007,69
Peru,PER,2008,67.4
Peru,PER,2009,68.4
Peru,PER,2010,61.1
Peru,PER,2011,64.2
Peru,PER,2012,65
Peru,PER,2013,65
Peru,PER,2016,53
Peru,PER,2017,44
Peru,PER,2018,44.4
Peru,PER,2019,49.7
Philippines,PHL,2002,52.5
Philippines,PHL,2003,57
Philippines,PHL,2004,50.1
Philippines,PHL,2005,54.1
Philippines,PHL,2006,53
Philippines,PHL,2007,54.3
Philippines,PHL,2009,62.9
Philippines,PHL,2011,59
Philippines,PHL,2012,57.1
Philippines,PHL,2013,63
Philippines,PHL,2016,46.9
Philippines,PHL,2017,39
Philippines,PHL,2018,36.4
Philippines,PHL,2019,35.6
Poland,POL,2001,15.8
Poland,POL,2002,15.2
Poland,POL,2003,14.5
Poland,POL,2004,13.8
Poland,POL,2005,13.5
Poland,POL,2006,13.9
Poland,POL,2007,14.7
Poland,POL,2008,16.2
Poland,POL,2009,16.3
Poland,POL,2010,15.3
Poland,POL,2011,14
Poland,POL,2012,14.2
Poland,POL,2013,13.7
Poland,POL,2014,13.1
Poland,POL,2015,12.3
Poland,POL,2016,12
Poland,POL,2017,11.1
Poland,POL,2018,10.3
Poland,POL,2019,9.4
Portugal,PRT,2001,20.5
Portugal,PRT,2002,20.9
Portugal,PRT,2003,19.9
Portugal,PRT,2004,19.5
Portugal,PRT,2005,18.9
Portugal,PRT,2006,17
Portugal,PRT,2007,16.8
Portugal,PRT,2008,15.9
Portugal,PRT,2009,15.2
Portugal,PRT,2010,14.3
Portugal,PRT,2011,13.1
Portugal,PRT,2012,11.9
Portugal,PRT,2013,10.4
Portugal,PRT,2014,9.1
Portugal,PRT,2015,8.3
Portugal,PRT,2016,7.9
Portugal,PRT,2017,8
Portugal,PRT,2018,7.3
Portugal,PRT,2019,7.6
Puerto Rico,PRI,2001,68.6
Puerto Rico,PRI,2002,63.2
Puerto Rico,PRI,2003,60.4
Puerto Rico,PRI,2004,62.3
Puerto Rico,PRI,2005,61.1
Puerto Rico,PRI,2006,60.1
Puerto Rico,PRI,2007,57.9
Puerto Rico,PRI,2008,56.1
Puerto Rico,PRI,2009,56.5
Puerto Rico,PRI,2010,51.4
Puerto Rico,PRI,2011,51.7
Puerto Rico,PRI,2012,48.8
Puerto Rico,PRI,2013,44.6
Puerto Rico,PRI,2014,40.4
Puerto Rico,PRI,2015,33.9
Puerto Rico,PRI,2016,29.6
Puerto Rico,PRI,2017,27.6
Puerto Rico,PRI,2018,21.5
Puerto Rico,PRI,2019,21.9
Puerto Rico,PRI,2020,17
Qatar,QAT,2001,17.5
Qatar,QAT,2002,19.9
Qatar,QAT,2003,16.9
Qatar,QAT,2004,16.8
Qatar,QAT,2005,14.6
Qatar,QAT,2006,14
Qatar,QAT,2007,15.9
Qatar,QAT,2008,13.8
Qatar,QAT,2009,14.8
Qatar,QAT,2010,15.2
Qatar,QAT,2011,14.7
Qatar,QAT,2012,12.7
Qatar,QAT,2013,10.1
Qatar,QAT,2014,9.7
Qatar,QAT,2015,10.5
Qatar,QAT,2016,10.3
Qatar,QAT,2017,8.5
Qatar,QAT,2018,7.2
Qatar,QAT,2019,7.2
Reunion,REU,2001,40
Reunion,REU,2002,40
Reunion,REU,2003,36
Reunion,REU,2004,36
Reunion,REU,2005,37
Reunion,REU,2006,44.4
Reunion,REU,2007,43.5
Reunion,REU,2010,34.4
Reunion,REU,2011,31.5
Reunion,REU,2012,33.7
Reunion,REU,2013,38.6
Reunion,REU,2014,37.7
Reunion,REU,2015,33.9
Reunion,REU,2016,33.6
Reunion,REU,2017,30
Reunion,REU,2018,27.8
Romania,ROU,2001,35.6
Romania,ROU,2002,33
Romania,ROU,2003,34.9
Romania,ROU,2004,36.1
Romania,ROU,2005,37.4
Romania,ROU,2006,39.3
Romania,ROU,2007,39.4
Romania,ROU,2008,45
Romania,ROU,2009,45.8
Romania,ROU,2010,40
Romania,ROU,2011,37.4
Romania,ROU,2012,37
Romania,ROU,2013,33.8
Romania,ROU,2014,35.3
Romania,ROU,2015,35.3
Romania,ROU,2016,36.5
Romania,ROU,2017,38.1
Romania,ROU,2018,36.4
Romania,ROU,2019,37.2
Russia,RUS,2001,27.3
Russia,RUS,2002,27.4
Russia,RUS,2003,27.6
Russia,RUS,2004,28.2
Russia,RUS,2005,27.5
Russia,RUS,2006,28.2
Russia,RUS,2007,28.3
Russia,RUS,2008,29.3
Russia,RUS,2009,28.7
Russia,RUS,2010,27
Russia,RUS,2011,26.7
Russia,RUS,2012,27.3
Russia,RUS,2013,26.6
Russia,RUS,2014,26
Russia,RUS,2015,24
Russia,RUS,2016,21.5
Russia,RUS,2017,18.5
Russia,RUS,2018,16.2
Rwanda,RWA,2002,40
Rwanda,RWA,2003,42
Rwanda,RWA,2004,42.4
Rwanda,RWA,2005,43
Rwanda,RWA,2006,40
Rwanda,RWA,2007,40.3
Rwanda,RWA,2008,41
Rwanda,RWA,2009,41
Rwanda,RWA,2010,47.1
Rwanda,RWA,2011,49
Rwanda,RWA,2012,43.7
Rwanda,RWA,2013,44.7
Rwanda,RWA,2014,45
Rwanda,RWA,2015,43.5
Rwanda,RWA,2016,41
Rwanda,RWA,2017,35.2
Rwanda,RWA,2018,31.8
Saint Kitts and Nevis,KNA,2001,74.1
Saint Kitts and Nevis,KNA,2007,46.1
Saint Lucia,LCA,2002,63.4
Saint Lucia,LCA,2003,57.8
Saint Lucia,LCA,2004,57.8
Saint Lucia,LCA,2005,50.7
Saint Lucia,LCA,2006,47.6
Saint Lucia,LCA,2007,52
Saint Lucia,LCA,2008,45.3
Saint Lucia,LCA,2009,43.6
Saint Lucia,LCA,2010,39.7
Saint Lucia,LCA,2011,38.8
Saint Lucia,LCA,2012,37.5
Saint Lucia,LCA,2013,37.7
Saint Lucia,LCA,2014,42.3
Saint Lucia,LCA,2015,36.8
Saint Lucia,LCA,2016,32.1
Saint Lucia,LCA,2017,29.8
Saint Lucia,LCA,2018,31.1
Saint Lucia,LCA,2019,28.5
Saint Lucia,LCA,2020,25.3
Saint Martin (French part),MAF,2012,34.1
Saint Martin (French part),MAF,2013,34.6
Saint Martin (French part),MAF,2014,29.3
Saint Martin (French part),MAF,2018,24.1
Saint Pierre and Miquelon,SPM,2013,4.4
Saint Vincent and the Grenadines,VCT,2001,72.3
Saint Vincent and the Grenadines,VCT,2002,75.1
Saint Vincent and the Grenadines,VCT,2003,71.5
Saint Vincent and the Grenadines,VCT,2004,65
Saint Vincent and the Grenadines,VCT,2005,63
Saint Vincent and the Grenadines,VCT,2008,66.4
Saint Vincent and the Grenadines,VCT,2009,72.7
Saint Vincent and the Grenadines,VCT,2010,67.4
Saint Vincent and the Grenadines,VCT,2011,64.1
Saint Vincent and the Grenadines,VCT,2012,67
Saint Vincent and the Grenadines,VCT,2013,63.4
Saint Vincent and the Grenadines,VCT,2014,66.5
Saint Vincent and the Grenadines,VCT,2015,57
Saint Vincent and the Grenadines,VCT,2016,54.6
Saint Vincent and the Grenadines,VCT,2017,52.3
Saint Vincent and the Grenadines,VCT,2018,48.3
Saint Vincent and the Grenadines,VCT,2019,47.2
Samoa,WSM,2003,46.3
Samoa,WSM,2007,44
Samoa,WSM,2008,44
Samoa,WSM,2009,49.6
Samoa,WSM,2011,39.2
Samoa,WSM,2015,63
Samoa,WSM,2018,54.9
San Marino,SMR,2011,1.4
Sao Tome and Principe,STP,2003,133.4
Sao Tome and Principe,STP,2004,128.7
Sao Tome and Principe,STP,2006,110
Sao Tome and Principe,STP,2007,93
Sao Tome and Principe,STP,2012,112
Sao Tome and Principe,STP,2013,92
Sao Tome and Principe,STP,2014,92
Sao Tome and Principe,STP,2015,107.9
Sao Tome and Principe,STP,2017,86
Sao Tome and Principe,STP,2018,86.1
Saudi Arabia,SAU,2004,14.7
Saudi Arabia,SAU,2007,7.4
Saudi Arabia,SAU,2009,8.7
Saudi Arabia,SAU,2010,8.2
Senegal,SEN,2001,102
Senegal,SEN,2002,116.2
Senegal,SEN,2003,100.7
Senegal,SEN,2004,91.5
Senegal,SEN,2005,93.2
Senegal,SEN,2006,96
Senegal,SEN,2007,90.4
Senegal,SEN,2008,96
Senegal,SEN,2009,92.7
Senegal,SEN,2010,83.1
Senegal,SEN,2011,79.7
Senegal,SEN,2012,89.9
Senegal,SEN,2013,80.2
Senegal,SEN,2014,72.5
Senegal,SEN,2015,78.5
Senegal,SEN,2016,77.5
Senegal,SEN,2017,68
Senegal,SEN,2018,71.3
Serbia,SRB,2002,25.2
Serbia,SRB,2003,25.3
Serbia,SRB,2004,24.6
Serbia,SRB,2005,23.9
Serbia,SRB,2006,22.8
Serbia,SRB,2007,22.3
Serbia,SRB,2008,22
Serbia,SRB,2009,21.5
Serbia,SRB,2010,19
Serbia,SRB,2011,19
Serbia,SRB,2012,19.2
Serbia,SRB,2013,18.1
Serbia,SRB,2014,17.9
Serbia,SRB,2015,16.4
Serbia,SRB,2016,15.4
Serbia,SRB,2017,15.2
Serbia,SRB,2018,14
Serbia,SRB,2019,12
Seychelles,SYC,2001,59
Seychelles,SYC,2002,57
Seychelles,SYC,2003,60
Seychelles,SYC,2004,54
Seychelles,SYC,2005,59
Seychelles,SYC,2006,54
Seychelles,SYC,2007,58.6
Seychelles,SYC,2008,59.3
Seychelles,SYC,2009,68.4
Seychelles,SYC,2010,56.9
Seychelles,SYC,2011,69.7
Seychelles,SYC,2012,64
Seychelles,SYC,2013,62
Seychelles,SYC,2014,56.1
Seychelles,SYC,2015,58.3
Seychelles,SYC,2016,65.3
Seychelles,SYC,2017,64.4
Seychelles,SYC,2018,68.3
Sierra Leone,SLE,2001,137
Sierra Leone,SLE,2002,113.3
Sierra Leone,SLE,2003,113.3
Sierra Leone,SLE,2004,103.2
Sierra Leone,SLE,2006,145.9
Sierra Leone,SLE,2007,124.3
Sierra Leone,SLE,2008,118.3
Sierra Leone,SLE,2009,122
Sierra Leone,SLE,2010,122
Sierra Leone,SLE,2011,131
Sierra Leone,SLE,2012,125.1
Sierra Leone,SLE,2013,118.3
Sierra Leone,SLE,2014,137.6
Sierra Leone,SLE,2015,139.4
Sierra Leone,SLE,2017,103.6
Sierra Leone,SLE,2018,102
Singapore,SGP,2001,8.4
Singapore,SGP,2002,8
Singapore,SGP,2003,6.7
Singapore,SGP,2004,6.6
Singapore,SGP,2005,7.2
Singapore,SGP,2006,6.6
Singapore,SGP,2007,6.1
Singapore,SGP,2008,6.1
Singapore,SGP,2009,5
Singapore,SGP,2010,4.8
Singapore,SGP,2011,4.7
Singapore,SGP,2012,4.3
Singapore,SGP,2013,3.8
Singapore,SGP,2014,3.3
Singapore,SGP,2015,2.7
Singapore,SGP,2016,2.7
Singapore,SGP,2017,2.6
Singapore,SGP,2018,2.5
Singapore,SGP,2019,2.1
Slovakia,SVK,2001,21.2
Slovakia,SVK,2002,21.1
Slovakia,SVK,2003,20.5
Slovakia,SVK,2004,20.3
Slovakia,SVK,2005,20.3
Slovakia,SVK,2006,20.3
Slovakia,SVK,2007,20.7
Slovakia,SVK,2008,21.6
Slovakia,SVK,2009,21.9
Slovakia,SVK,2010,23
Slovakia,SVK,2011,22
Slovakia,SVK,2012,21.6
Slovakia,SVK,2013,22
Slovakia,SVK,2014,23.7
Slovakia,SVK,2015,24.3
Slovakia,SVK,2016,26.2
Slovakia,SVK,2017,26.8
Slovakia,SVK,2018,26.3
Slovakia,SVK,2019,26.9
Slovenia,SVN,2001,6.7
Slovenia,SVN,2002,5.9
Slovenia,SVN,2003,5.8
Slovenia,SVN,2004,5.3
Slovenia,SVN,2005,6.1
Slovenia,SVN,2006,4.7
Slovenia,SVN,2007,5.1
Slovenia,SVN,2008,5.1
Slovenia,SVN,2009,5.4
Slovenia,SVN,2010,4.9
Slovenia,SVN,2011,5.2
Slovenia,SVN,2012,4.5
Slovenia,SVN,2013,4.6
Slovenia,SVN,2014,5
Slovenia,SVN,2015,4.5
Slovenia,SVN,2016,4.1
Slovenia,SVN,2017,4.1
Slovenia,SVN,2018,3.8
Slovenia,SVN,2019,4.6
Slovenia,SVN,2020,4.3
Small Island Developing States (SIDS),,2000,70
Small Island Developing States (SIDS),,2005,65.1
Small Island Developing States (SIDS),,2010,61
Small Island Developing States (SIDS),,2015,57.3
Small Island Developing States (SIDS),,2020,53.7
Solomon Islands,SLB,2005,67
Solomon Islands,SLB,2007,64.3
Solomon Islands,SLB,2009,61.6
Solomon Islands,SLB,2013,78
Somalia,SOM,2004,130
Somalia,SOM,2005,123
Somalia,SOM,2006,140.9
Somalia,SOM,2008,137.5
Somalia,SOM,2014,156.9
Somalia,SOM,2016,128.1
Somalia,SOM,2017,118
South Africa,ZAF,2002,55
South Africa,ZAF,2003,68.4
South Africa,ZAF,2004,75.6
South Africa,ZAF,2014,76.8
South Africa,ZAF,2015,71.1
South Africa,ZAF,2017,40.9
South Africa,ZAF,2018,37.5
South Africa,ZAF,2019,43.9
South Korea,KOR,2001,2.2
South Korea,KOR,2002,2.6
South Korea,KOR,2003,2.5
South Korea,KOR,2004,2.3
South Korea,KOR,2005,2.1
South Korea,KOR,2006,2.2
South Korea,KOR,2007,2.2
South Korea,KOR,2008,1.7
South Korea,KOR,2009,1.7
South Korea,KOR,2010,1.8
South Korea,KOR,2011,1.8
South Korea,KOR,2012,1.8
South Korea,KOR,2013,1.7
South Korea,KOR,2014,1.6
South Korea,KOR,2015,1.4
South Korea,KOR,2016,1.3
South Korea,KOR,2017,1
South Korea,KOR,2018,0.9
South Korea,KOR,2019,0.9
South Sudan,SSD,2005,160.7
South Sudan,SSD,2008,158.1
South-eastern Asia,,2000,43.8
South-eastern Asia,,2005,44.4
South-eastern Asia,,2010,45.1
South-eastern Asia,,2015,44.4
South-eastern Asia,,2020,42.3
Southern Asia,,2000,71.6
Southern Asia,,2005,57.1
Southern Asia,,2010,44.2
Southern Asia,,2015,32
Southern Asia,,2020,23.5
Spain,ESP,2001,9.6
Spain,ESP,2002,9.9
Spain,ESP,2003,10.6
Spain,ESP,2004,10.7
Spain,ESP,2005,11.4
Spain,ESP,2006,12
Spain,ESP,2007,12.8
Spain,ESP,2008,13.3
Spain,ESP,2009,11.8
Spain,ESP,2010,10.6
Spain,ESP,2011,9.5
Spain,ESP,2012,9
Spain,ESP,2013,8.4
Spain,ESP,2014,8.1
Spain,ESP,2015,7.7
Spain,ESP,2016,7.2
Spain,ESP,2017,7.1
Spain,ESP,2018,6.2
Spain,ESP,2019,6
Sri Lanka,LKA,2001,30.6
Sri Lanka,LKA,2002,29.2
Sri Lanka,LKA,2003,27.5
Sri Lanka,LKA,2004,26
Sri Lanka,LKA,2005,23.9
Sri Lanka,LKA,2006,21.2
Sri Lanka,LKA,2007,22
Sri Lanka,LKA,2008,20.3
Sri Lanka,LKA,2009,23.6
Sri Lanka,LKA,2010,24.5
Sri Lanka,LKA,2012,22.2
Sri Lanka,LKA,2013,21.2
Sri Lanka,LKA,2014,22
Sri Lanka,LKA,2015,21
Sub-Saharan Africa,,2000,129.5
Sub-Saharan Africa,,2005,123.3
Sub-Saharan Africa,,2010,116.7
Sub-Saharan Africa,,2015,108.8
Sub-Saharan Africa,,2020,100.5
Sudan,SDN,2004,122.2
Sudan,SDN,2009,101.2
Sudan,SDN,2010,111.6
Sudan,SDN,2012,91
Sudan,SDN,2013,86.8
Suriname,SUR,2001,74.3
Suriname,SUR,2002,76.2
Suriname,SUR,2003,65.2
Suriname,SUR,2004,69.8
Suriname,SUR,2005,60.8
Suriname,SUR,2006,61
Suriname,SUR,2007,64.1
Suriname,SUR,2010,75.6
Suriname,SUR,2012,55.7
Suriname,SUR,2013,56.2
Suriname,SUR,2014,57.6
Suriname,SUR,2015,61.1
Suriname,SUR,2016,59.6
Suriname,SUR,2017,56.7
Suriname,SUR,2018,53.9
Suriname,SUR,2019,55.8
Sweden,SWE,2001,6.6
Sweden,SWE,2002,6.6
Sweden,SWE,2003,6
Sweden,SWE,2004,5.8
Sweden,SWE,2005,5.9
Sweden,SWE,2006,5.9
Sweden,SWE,2007,5.9
Sweden,SWE,2008,5.9
Sweden,SWE,2009,5.9
Sweden,SWE,2010,5.9
Sweden,SWE,2011,5.9
Sweden,SWE,2012,5.3
Sweden,SWE,2013,5.3
Sweden,SWE,2014,5
Sweden,SWE,2015,4.4
Sweden,SWE,2016,4.4
Sweden,SWE,2017,4.6
Sweden,SWE,2018,4.2
Sweden,SWE,2019,3.4
Switzerland,CHE,2001,5.4
Switzerland,CHE,2002,5.4
Switzerland,CHE,2003,5.2
Switzerland,CHE,2004,5.1
Switzerland,CHE,2005,5.1
Switzerland,CHE,2006,4.5
Switzerland,CHE,2007,4.3
Switzerland,CHE,2008,4.3
Switzerland,CHE,2009,4.1
Switzerland,CHE,2010,3.9
Switzerland,CHE,2011,3.3
Switzerland,CHE,2012,3.4
Switzerland,CHE,2013,3
Switzerland,CHE,2014,2.9
Switzerland,CHE,2015,2.6
Switzerland,CHE,2016,2.9
Switzerland,CHE,2017,2.4
Switzerland,CHE,2018,2.3
Switzerland,CHE,2019,2
Syria,SYR,2001,41.4
Syria,SYR,2003,50
Syria,SYR,2007,54
Tajikistan,TJK,2002,46.3
Tajikistan,TJK,2004,34.4
Tajikistan,TJK,2005,36
Tajikistan,TJK,2007,28.9
Tajikistan,TJK,2008,33.9
Tajikistan,TJK,2010,47
Tajikistan,TJK,2011,53.6
Tajikistan,TJK,2013,51.5
Tajikistan,TJK,2015,56
Tajikistan,TJK,2016,54.3
Tajikistan,TJK,2019,45.6
Tanzania,TZA,2001,137.6
Tanzania,TZA,2002,113
Tanzania,TZA,2003,132.5
Tanzania,TZA,2004,138
Tanzania,TZA,2005,141.6
Tanzania,TZA,2006,141.2
Tanzania,TZA,2007,128
Tanzania,TZA,2008,116.2
Tanzania,TZA,2009,121.5
Tanzania,TZA,2010,123.4
Tanzania,TZA,2011,114.9
Tanzania,TZA,2012,95
Tanzania,TZA,2014,132.3
Tanzania,TZA,2015,131.5
Tanzania,TZA,2016,138.9
Thailand,THA,2001,33.7
Thailand,THA,2002,37.9
Thailand,THA,2003,39.2
Thailand,THA,2004,47.3
Thailand,THA,2005,49.3
Thailand,THA,2006,48.9
Thailand,THA,2007,49.7
Thailand,THA,2008,50.1
Thailand,THA,2009,50.1
Thailand,THA,2010,50.1
Thailand,THA,2011,53.4
Thailand,THA,2012,53.4
Thailand,THA,2013,51.1
Thailand,THA,2014,47.9
Thailand,THA,2015,44.8
Thailand,THA,2016,42.5
Thailand,THA,2017,37.8
Thailand,THA,2018,31.7
Timor,TLS,2002,75
Timor,TLS,2003,61.1
Timor,TLS,2004,59.2
Timor,TLS,2005,59.3
Timor,TLS,2006,59.5
Timor,TLS,2007,54
Timor,TLS,2008,51.4
Timor,TLS,2009,58.7
Timor,TLS,2010,50
Timor,TLS,2012,47.7
Timor,TLS,2014,44.2
Timor,TLS,2015,41.9
Togo,TGO,2004,95.5
Togo,TGO,2005,96.1
Togo,TGO,2009,88
Togo,TGO,2010,106
Togo,TGO,2012,84.4
Togo,TGO,2013,98.6
Togo,TGO,2015,82.3
Togo,TGO,2016,79
Tonga,TON,2002,19.3
Tonga,TON,2003,16.8
Tonga,TON,2004,20
Tonga,TON,2010,24
Trinidad and Tobago,TTO,2001,38.3
Trinidad and Tobago,TTO,2002,34.6
Trinidad and Tobago,TTO,2003,34.5
Trinidad and Tobago,TTO,2004,35.2
Trinidad and Tobago,TTO,2005,31.9
Trinidad and Tobago,TTO,2006,35.5
Trinidad and Tobago,TTO,2007,33.3
Trinidad and Tobago,TTO,2008,37.9
Trinidad and Tobago,TTO,2009,38
Trinidad and Tobago,TTO,2011,32
Tunisia,TUN,2001,6.4
Tunisia,TUN,2002,6
Tunisia,TUN,2003,5.9
Tunisia,TUN,2004,6.1
Tunisia,TUN,2005,5.8
Tunisia,TUN,2006,6
Tunisia,TUN,2007,6
Tunisia,TUN,2008,5.6
Tunisia,TUN,2009,4.3
Tunisia,TUN,2012,7.3
Tunisia,TUN,2014,8.9
Tunisia,TUN,2015,9.2
Tunisia,TUN,2016,8.5
Tunisia,TUN,2017,7
Tunisia,TUN,2018,6.7
Tunisia,TUN,2019,6.3
Turkey,TUR,2002,46.2
Turkey,TUR,2003,40
Turkey,TUR,2004,40
Turkey,TUR,2005,41
Turkey,TUR,2006,38
Turkey,TUR,2007,37.7
Turkey,TUR,2008,35.9
Turkey,TUR,2009,36.8
Turkey,TUR,2010,32
Turkey,TUR,2011,30.8
Turkey,TUR,2012,29.6
Turkey,TUR,2013,28
Turkey,TUR,2014,26.9
Turkey,TUR,2015,24.9
Turkey,TUR,2016,22.9
Turkey,TUR,2017,20.9
Turkey,TUR,2018,19.2
Turkey,TUR,2019,16.8
Turkey,TUR,2020,14.7
Turkmenistan,TKM,2001,24.1
Turkmenistan,TKM,2002,22.3
Turkmenistan,TKM,2003,22.2
Turkmenistan,TKM,2004,19.8
Turkmenistan,TKM,2005,20.6
Turkmenistan,TKM,2006,21
Turkmenistan,TKM,2007,22.7
Turkmenistan,TKM,2009,25.4
Turkmenistan,TKM,2012,29.5
Turkmenistan,TKM,2014,28
Turkmenistan,TKM,2017,22
Turkmenistan,TKM,2018,22.4
Turks and Caicos Islands,TCA,2003,26.6
Turks and Caicos Islands,TCA,2004,28.5
Turks and Caicos Islands,TCA,2005,28.2
Turks and Caicos Islands,TCA,2006,25.1
Turks and Caicos Islands,TCA,2007,30.4
Turks and Caicos Islands,TCA,2009,33.5
Turks and Caicos Islands,TCA,2010,26.6
Turks and Caicos Islands,TCA,2014,25.1
Turks and Caicos Islands,TCA,2017,20.9
Tuvalu,TUV,2003,39.4
Tuvalu,TUV,2006,37.2
Tuvalu,TUV,2007,42
Tuvalu,TUV,2009,44.2
Tuvalu,TUV,2014,33.2
Tuvalu,TUV,2015,39.8
Tuvalu,TUV,2018,43.8
Uganda,UGA,2003,162.5
Uganda,UGA,2004,159
Uganda,UGA,2005,152.2
Uganda,UGA,2006,159.7
Uganda,UGA,2007,160.6
Uganda,UGA,2008,151.4
Uganda,UGA,2009,146
Uganda,UGA,2010,134.5
Uganda,UGA,2012,143.7
Uganda,UGA,2013,141.4
Uganda,UGA,2014,133.8
Uganda,UGA,2015,131.5
Uganda,UGA,2016,113.5
Uganda,UGA,2017,111.4
Uganda,UGA,2018,127.9
Ukraine,UKR,2001,29.2
Ukraine,UKR,2002,29.2
Ukraine,UKR,2003,29
Ukraine,UKR,2004,29.6
Ukraine,UKR,2005,28.6
Ukraine,UKR,2006,30.5
Ukraine,UKR,2007,30.1
Ukraine,UKR,2008,32
Ukraine,UKR,2009,31.2
Ukraine,UKR,2010,28.8
Ukraine,UKR,2011,28.1
Ukraine,UKR,2012,28.5
Ukraine,UKR,2013,27.2
Ukraine,UKR,2014,26.1
Ukraine,UKR,2015,25
Ukraine,UKR,2016,23.2
Ukraine,UKR,2017,19.1
Ukraine,UKR,2018,18
Ukraine,UKR,2019,14.7
United Arab Emirates,ARE,2001,19.9
United Arab Emirates,ARE,2002,20.3
United Arab Emirates,ARE,2003,21.7
United Arab Emirates,ARE,2004,21.9
United Arab Emirates,ARE,2006,33.1
United Arab Emirates,ARE,2007,33.9
United Arab Emirates,ARE,2008,32.3
United Arab Emirates,ARE,2009,34.2
United Arab Emirates,ARE,2016,7.9
United Arab Emirates,ARE,2017,6.4
United Arab Emirates,ARE,2019,3.7
United Kingdom,GBR,2001,27.7
United Kingdom,GBR,2002,26.8
United Kingdom,GBR,2003,26.6
United Kingdom,GBR,2004,26.6
United Kingdom,GBR,2005,26.1
United Kingdom,GBR,2006,26.2
United Kingdom,GBR,2007,25.7
United Kingdom,GBR,2008,25.6
United Kingdom,GBR,2009,24.6
United Kingdom,GBR,2010,23.2
United Kingdom,GBR,2011,21
United Kingdom,GBR,2012,19.8
United Kingdom,GBR,2013,17.3
United Kingdom,GBR,2014,15.5
United Kingdom,GBR,2015,14.4
United Kingdom,GBR,2016,13.7
United Kingdom,GBR,2017,12.4
United Kingdom,GBR,2018,11.9
United Kingdom,GBR,2019,10.9
United States,USA,2001,45
United States,USA,2002,42.6
United States,USA,2003,41.1
United States,USA,2004,40.5
United States,USA,2005,39.7
United States,USA,2006,41.1
United States,USA,2007,41.5
United States,USA,2008,40.2
United States,USA,2009,37.9
United States,USA,2010,34.2
United States,USA,2011,31.3
United States,USA,2012,29.4
United States,USA,2013,26.5
United States,USA,2014,24.2
United States,USA,2015,22.3
United States,USA,2016,20.1
United States,USA,2017,18.6
United States,USA,2018,17.4
United States,USA,2019,16.7
United States Virgin Islands,VIR,2001,58.9
United States Virgin Islands,VIR,2002,55.4
United States Virgin Islands,VIR,2003,52.4
United States Virgin Islands,VIR,2004,56.3
United States Virgin Islands,VIR,2005,54.9
United States Virgin Islands,VIR,2006,54.9
United States Virgin Islands,VIR,2007,56.6
United States Virgin Islands,VIR,2008,56.6
United States Virgin Islands,VIR,2009,57.4
United States Virgin Islands,VIR,2010,50.5
United States Virgin Islands,VIR,2011,59.3
United States Virgin Islands,VIR,2015,39.1
Uruguay,URY,2001,66.2
Uruguay,URY,2002,65
Uruguay,URY,2003,60
Uruguay,URY,2004,58.7
Uruguay,URY,2005,59.4
Uruguay,URY,2006,61.9
Uruguay,URY,2007,59
Uruguay,URY,2008,60.2
Uruguay,URY,2009,58
Uruguay,URY,2010,58.7
Uruguay,URY,2011,56.6
Uruguay,URY,2012,59.5
Uruguay,URY,2013,61.1
Uruguay,URY,2014,58.7
Uruguay,URY,2015,55.6
Uruguay,URY,2016,50.3
Uruguay,URY,2017,41.6
Uruguay,URY,2018,35.8
Uruguay,URY,2019,32.6
Uzbekistan,UZB,2001,17.3
Uzbekistan,UZB,2002,15.1
Uzbekistan,UZB,2003,12.4
Uzbekistan,UZB,2004,9.5
Uzbekistan,UZB,2005,9.1
Uzbekistan,UZB,2008,9.9
Uzbekistan,UZB,2011,24.3
Uzbekistan,UZB,2012,24.6
Uzbekistan,UZB,2013,23.7
Uzbekistan,UZB,2014,24.2
Uzbekistan,UZB,2015,23.8
Uzbekistan,UZB,2016,20.9
Uzbekistan,UZB,2017,18.9
Vanuatu,VUT,2007,67.5
Vanuatu,VUT,2009,66
Vanuatu,VUT,2011,78
Vanuatu,VUT,2012,81
Venezuela,VEN,2001,92.9
Venezuela,VEN,2002,92.5
Venezuela,VEN,2003,92.1
Venezuela,VEN,2004,91.7
Venezuela,VEN,2005,91.3
Venezuela,VEN,2006,90.9
Venezuela,VEN,2007,90.5
Venezuela,VEN,2008,89.9
Venezuela,VEN,2009,89.4
Venezuela,VEN,2010,88.9
Venezuela,VEN,2011,95.2
Venezuela,VEN,2012,94.5
Venezuela,VEN,2013,98.6
Venezuela,VEN,2014,98
Venezuela,VEN,2015,95.5
Venezuela,VEN,2016,98.6
Venezuela,VEN,2017,83.8
Vietnam,VNM,2001,24
Vietnam,VNM,2002,23
Vietnam,VNM,2004,31
Vietnam,VNM,2005,30
Vietnam,VNM,2006,28
Vietnam,VNM,2010,38
Vietnam,VNM,2011,41.7
Vietnam,VNM,2012,45.2
Vietnam,VNM,2013,36
Vietnam,VNM,2014,30.1
Vietnam,VNM,2015,30
Vietnam,VNM,2016,32
Vietnam,VNM,2017,29
Vietnam,VNM,2019,35
Vietnam,VNM,2020,29
Wallis and Futuna,WLF,2002,7.6
Wallis and Futuna,WLF,2005,12.9
Wallis and Futuna,WLF,2006,9.8
Wallis and Futuna,WLF,2010,12.8
Western Asia,,2000,53
Western Asia,,2005,46.4
Western Asia,,2010,43.5
Western Asia,,2015,40.1
Western Asia,,2020,36.8
Western Sahara,ESH,2002,38.9
Western Sahara,ESH,2003,30.1
Western Sahara,ESH,2004,28.7
World,OWID_WRL,2000,56.4
World,OWID_WRL,2005,51.1
World,OWID_WRL,2010,47.9
World,OWID_WRL,2015,44.6
World,OWID_WRL,2020,41.2
Yemen,YEM,2001,74.5
Yemen,YEM,2009,78.8
Yemen,YEM,2011,70.3
Yemen,YEM,2012,67.2
Zambia,ZMB,2002,150.5
Zambia,ZMB,2003,154.5
Zambia,ZMB,2005,151
Zambia,ZMB,2006,146.4
Zambia,ZMB,2008,150.7
Zambia,ZMB,2009,147.5
Zambia,ZMB,2010,140.7
Zambia,ZMB,2011,144.5
Zambia,ZMB,2012,141.2
Zambia,ZMB,2014,139
Zambia,ZMB,2016,135.9
Zambia,ZMB,2017,135
Zimbabwe,ZWE,2002,102.6
Zimbabwe,ZWE,2003,101
Zimbabwe,ZWE,2004,98.7
Zimbabwe,ZWE,2006,106
Zimbabwe,ZWE,2007,102.6
Zimbabwe,ZWE,2008,112
Zimbabwe,ZWE,2009,114.6
Zimbabwe,ZWE,2011,118.8
Zimbabwe,ZWE,2012,119.7
Zimbabwe,ZWE,2013,120
Zimbabwe,ZWE,2014,110
Zimbabwe,ZWE,2016,111
Zimbabwe,ZWE,2017,107.9