Entity,Code,Year,3.b.1 - Proportion of the target population with access to measles-containing-vaccine second-dose (MCV2) (%) - SH_ACS_MCV2
Afghanistan,AFG,2004,2
Afghanistan,AFG,2005,9
Afghanistan,AFG,2006,18
Afghanistan,AFG,2007,4
Afghanistan,AFG,2008,23
Afghanistan,AFG,2009,24
Afghanistan,AFG,2010,29
Afghanistan,AFG,2011,31
Afghanistan,AFG,2012,33
Afghanistan,AFG,2013,38
Afghanistan,AFG,2014,44
Afghanistan,AFG,2015,42
Afghanistan,AFG,2016,40
Afghanistan,AFG,2017,40
Afghanistan,AFG,2018,49
Afghanistan,AFG,2019,41
Afghanistan,AFG,2020,43
Africa,,2000,11
Africa,,2001,11
Africa,,2002,11
Africa,,2003,11
Africa,,2004,13
Africa,,2005,12
Africa,,2006,12
Africa,,2007,12
Africa,,2008,10
Africa,,2009,11
Africa,,2010,10
Africa,,2011,10
Africa,,2012,12
Africa,,2013,15
Africa,,2014,19
Africa,,2015,26
Africa,,2016,31
Africa,,2017,33
Africa,,2018,33
Africa,,2019,40
Africa,,2020,41
Albania,ALB,2001,90
Albania,ALB,2002,93
Albania,ALB,2003,93
Albania,ALB,2004,96
Albania,ALB,2005,97
Albania,ALB,2006,94
Albania,ALB,2007,95
Albania,ALB,2008,98
Albania,ALB,2009,98
Albania,ALB,2010,98
Albania,ALB,2011,99
Albania,ALB,2012,99
Albania,ALB,2013,99
Albania,ALB,2014,98
Albania,ALB,2015,98
Albania,ALB,2016,98
Albania,ALB,2017,98
Albania,ALB,2018,96
Albania,ALB,2019,96
Albania,ALB,2020,94
Algeria,DZA,2000,78
Algeria,DZA,2001,73
Algeria,DZA,2002,93
Algeria,DZA,2003,96
Algeria,DZA,2004,94
Algeria,DZA,2005,94
Algeria,DZA,2006,98
Algeria,DZA,2007,95
Algeria,DZA,2008,96
Algeria,DZA,2009,98
Algeria,DZA,2010,95
Algeria,DZA,2011,96
Algeria,DZA,2012,95
Algeria,DZA,2013,93
Algeria,DZA,2014,99
Algeria,DZA,2015,99
Algeria,DZA,2016,96
Algeria,DZA,2017,92
Algeria,DZA,2018,77
Algeria,DZA,2019,77
Americas,,2000,65
Americas,,2001,66
Americas,,2002,63
Americas,,2003,62
Americas,,2004,63
Americas,,2005,62
Americas,,2006,61
Americas,,2007,60
Americas,,2008,62
Americas,,2009,66
Americas,,2010,67
Americas,,2011,72
Americas,,2012,73
Americas,,2013,70
Americas,,2014,79
Americas,,2015,78
Americas,,2016,80
Americas,,2017,76
Americas,,2018,84
Americas,,2019,72
Americas,,2020,72
Andorra,AND,2007,80
Andorra,AND,2008,86
Andorra,AND,2009,82
Andorra,AND,2010,86
Andorra,AND,2011,82
Andorra,AND,2012,89
Andorra,AND,2013,91
Andorra,AND,2014,90
Andorra,AND,2015,88
Andorra,AND,2016,90
Andorra,AND,2017,94
Andorra,AND,2018,95
Andorra,AND,2019,94
Andorra,AND,2020,93
Angola,AGO,2015,26
Angola,AGO,2016,26
Angola,AGO,2017,30
Angola,AGO,2018,35
Angola,AGO,2019,45
Angola,AGO,2020,41
Antigua and Barbuda,ATG,2005,46
Antigua and Barbuda,ATG,2006,68
Antigua and Barbuda,ATG,2007,78
Antigua and Barbuda,ATG,2008,83
Antigua and Barbuda,ATG,2009,94
Antigua and Barbuda,ATG,2010,92
Antigua and Barbuda,ATG,2011,89
Antigua and Barbuda,ATG,2012,90
Antigua and Barbuda,ATG,2013,87
Antigua and Barbuda,ATG,2014,99
Antigua and Barbuda,ATG,2015,84
Antigua and Barbuda,ATG,2016,68
Antigua and Barbuda,ATG,2017,95
Antigua and Barbuda,ATG,2018,95
Antigua and Barbuda,ATG,2019,80
Antigua and Barbuda,ATG,2020,78
Argentina,ARG,2000,56
Argentina,ARG,2001,56
Argentina,ARG,2002,83
Argentina,ARG,2003,80
Argentina,ARG,2004,93
Argentina,ARG,2005,88
Argentina,ARG,2006,91
Argentina,ARG,2007,84
Argentina,ARG,2008,88
Argentina,ARG,2009,96
Argentina,ARG,2010,94
Argentina,ARG,2011,91
Argentina,ARG,2012,89
Argentina,ARG,2013,83
Argentina,ARG,2014,96
Argentina,ARG,2015,87
Argentina,ARG,2016,88
Argentina,ARG,2017,89
Argentina,ARG,2018,99
Argentina,ARG,2019,84
Argentina,ARG,2020,71
Armenia,ARM,2000,94
Armenia,ARM,2001,96
Armenia,ARM,2002,95
Armenia,ARM,2003,93
Armenia,ARM,2004,94
Armenia,ARM,2005,92
Armenia,ARM,2006,85
Armenia,ARM,2007,93
Armenia,ARM,2008,94
Armenia,ARM,2009,96
Armenia,ARM,2010,97
Armenia,ARM,2011,98
Armenia,ARM,2012,97
Armenia,ARM,2013,97
Armenia,ARM,2014,97
Armenia,ARM,2015,97
Armenia,ARM,2016,97
Armenia,ARM,2017,97
Armenia,ARM,2018,96
Armenia,ARM,2019,96
Armenia,ARM,2020,94
Asia,,2000,6
Asia,,2001,9
Asia,,2002,10
Asia,,2003,11
Asia,,2004,12
Asia,,2005,32
Asia,,2006,35
Asia,,2007,37
Asia,,2008,41
Asia,,2009,45
Asia,,2010,47
Asia,,2011,58
Asia,,2012,62
Asia,,2013,71
Asia,,2014,72
Asia,,2015,76
Asia,,2016,81
Asia,,2017,84
Asia,,2018,84
Asia,,2019,85
Asia,,2020,84
Australia,AUS,2004,85
Australia,AUS,2005,85
Australia,AUS,2006,87
Australia,AUS,2007,89
Australia,AUS,2008,80
Australia,AUS,2009,82
Australia,AUS,2010,88
Australia,AUS,2011,90
Australia,AUS,2012,91
Australia,AUS,2013,92
Australia,AUS,2014,93
Australia,AUS,2015,93
Australia,AUS,2016,94
Australia,AUS,2017,93
Australia,AUS,2018,93
Australia,AUS,2019,94
Australia,AUS,2020,94
Australia and New Zealand,,2000,0
Australia and New Zealand,,2001,0
Australia and New Zealand,,2002,0
Australia and New Zealand,,2003,0
Australia and New Zealand,,2004,70
Australia and New Zealand,,2005,70
Australia and New Zealand,,2006,71
Australia and New Zealand,,2007,73
Australia and New Zealand,,2008,65
Australia and New Zealand,,2009,67
Australia and New Zealand,,2010,72
Australia and New Zealand,,2011,89
Australia and New Zealand,,2012,90
Australia and New Zealand,,2013,91
Australia and New Zealand,,2014,92
Australia and New Zealand,,2015,92
Australia and New Zealand,,2016,93
Australia and New Zealand,,2017,93
Australia and New Zealand,,2018,93
Australia and New Zealand,,2019,93
Australia and New Zealand,,2020,94
Austria,AUT,2000,35
Austria,AUT,2001,34
Austria,AUT,2002,39
Austria,AUT,2003,46
Austria,AUT,2004,47
Austria,AUT,2005,54
Austria,AUT,2006,61
Austria,AUT,2007,56
Austria,AUT,2008,62
Austria,AUT,2009,64
Austria,AUT,2010,69
Austria,AUT,2011,73
Austria,AUT,2012,78
Austria,AUT,2013,82
Austria,AUT,2014,87
Austria,AUT,2015,88
Austria,AUT,2016,89
Austria,AUT,2017,84
Austria,AUT,2018,84
Austria,AUT,2019,84
Austria,AUT,2020,84
Azerbaijan,AZE,2001,65
Azerbaijan,AZE,2002,67
Azerbaijan,AZE,2003,66
Azerbaijan,AZE,2004,67
Azerbaijan,AZE,2005,67
Azerbaijan,AZE,2006,68
Azerbaijan,AZE,2007,75
Azerbaijan,AZE,2008,79
Azerbaijan,AZE,2009,83
Azerbaijan,AZE,2010,89
Azerbaijan,AZE,2011,92
Azerbaijan,AZE,2012,95
Azerbaijan,AZE,2013,98
Azerbaijan,AZE,2014,98
Azerbaijan,AZE,2015,98
Azerbaijan,AZE,2016,98
Azerbaijan,AZE,2017,97
Azerbaijan,AZE,2018,96
Azerbaijan,AZE,2019,97
Azerbaijan,AZE,2020,79
Bahamas,BHS,2004,95
Bahamas,BHS,2005,88
Bahamas,BHS,2006,88
Bahamas,BHS,2007,84
Bahamas,BHS,2008,80
Bahamas,BHS,2009,76
Bahamas,BHS,2010,78
Bahamas,BHS,2011,79
Bahamas,BHS,2012,73
Bahamas,BHS,2013,69
Bahamas,BHS,2014,72
Bahamas,BHS,2015,76
Bahamas,BHS,2016,74
Bahamas,BHS,2017,76
Bahamas,BHS,2018,69
Bahamas,BHS,2019,83
Bahamas,BHS,2020,83
Bahrain,BHR,2000,92
Bahrain,BHR,2001,99
Bahrain,BHR,2002,97
Bahrain,BHR,2003,99
Bahrain,BHR,2004,99
Bahrain,BHR,2005,99
Bahrain,BHR,2006,99
Bahrain,BHR,2007,99
Bahrain,BHR,2008,97
Bahrain,BHR,2009,99
Bahrain,BHR,2010,98
Bahrain,BHR,2011,98
Bahrain,BHR,2012,99
Bahrain,BHR,2013,99
Bahrain,BHR,2014,99
Bahrain,BHR,2015,99
Bahrain,BHR,2016,99
Bahrain,BHR,2017,99
Bahrain,BHR,2018,99
Bahrain,BHR,2019,99
Bahrain,BHR,2020,99
Bangladesh,BGD,2012,41
Bangladesh,BGD,2013,82
Bangladesh,BGD,2014,89
Bangladesh,BGD,2015,90
Bangladesh,BGD,2016,92
Bangladesh,BGD,2017,93
Bangladesh,BGD,2018,93
Bangladesh,BGD,2019,93
Bangladesh,BGD,2020,93
Barbados,BRB,2001,12
Barbados,BRB,2002,41
Barbados,BRB,2003,71
Barbados,BRB,2004,99
Barbados,BRB,2005,98
Barbados,BRB,2006,94
Barbados,BRB,2007,96
Barbados,BRB,2008,97
Barbados,BRB,2009,97
Barbados,BRB,2010,96
Barbados,BRB,2011,94
Barbados,BRB,2012,90
Barbados,BRB,2013,89
Barbados,BRB,2014,91
Barbados,BRB,2015,89
Barbados,BRB,2016,87
Barbados,BRB,2017,77
Barbados,BRB,2018,74
Barbados,BRB,2019,77
Barbados,BRB,2020,78
Belarus,BLR,2000,92
Belarus,BLR,2001,97
Belarus,BLR,2002,98
Belarus,BLR,2003,98
Belarus,BLR,2004,98
Belarus,BLR,2005,98
Belarus,BLR,2006,95
Belarus,BLR,2007,99
Belarus,BLR,2008,99
Belarus,BLR,2009,99
Belarus,BLR,2010,99
Belarus,BLR,2011,99
Belarus,BLR,2012,97
Belarus,BLR,2013,99
Belarus,BLR,2014,98
Belarus,BLR,2015,99
Belarus,BLR,2016,98
Belarus,BLR,2017,98
Belarus,BLR,2018,98
Belarus,BLR,2019,98
Belarus,BLR,2020,98
Belgium,BEL,2006,78
Belgium,BEL,2007,78
Belgium,BEL,2008,81
Belgium,BEL,2009,83
Belgium,BEL,2010,83
Belgium,BEL,2011,83
Belgium,BEL,2012,85
Belgium,BEL,2013,85
Belgium,BEL,2014,85
Belgium,BEL,2015,85
Belgium,BEL,2016,85
Belgium,BEL,2017,85
Belgium,BEL,2018,85
Belgium,BEL,2019,85
Belgium,BEL,2020,85
Belize,BLZ,2005,87
Belize,BLZ,2006,92
Belize,BLZ,2007,89
Belize,BLZ,2008,90
Belize,BLZ,2009,92
Belize,BLZ,2010,91
Belize,BLZ,2011,98
Belize,BLZ,2012,93
Belize,BLZ,2013,92
Belize,BLZ,2014,92
Belize,BLZ,2015,95
Belize,BLZ,2016,96
Belize,BLZ,2017,88
Belize,BLZ,2018,91
Belize,BLZ,2019,95
Belize,BLZ,2020,87
Bhutan,BTN,2008,72
Bhutan,BTN,2009,79
Bhutan,BTN,2010,85
Bhutan,BTN,2011,95
Bhutan,BTN,2012,90
Bhutan,BTN,2013,89
Bhutan,BTN,2014,92
Bhutan,BTN,2015,94
Bhutan,BTN,2016,90
Bhutan,BTN,2017,99
Bhutan,BTN,2018,91
Bhutan,BTN,2019,92
Bhutan,BTN,2020,92
Bolivia,BOL,2018,38
Bolivia,BOL,2019,44
Bolivia,BOL,2020,46
Bosnia and Herzegovina,BIH,2000,74
Bosnia and Herzegovina,BIH,2001,86
Bosnia and Herzegovina,BIH,2002,90
Bosnia and Herzegovina,BIH,2003,85
Bosnia and Herzegovina,BIH,2004,88
Bosnia and Herzegovina,BIH,2005,90
Bosnia and Herzegovina,BIH,2006,93
Bosnia and Herzegovina,BIH,2007,95
Bosnia and Herzegovina,BIH,2008,92
Bosnia and Herzegovina,BIH,2009,88
Bosnia and Herzegovina,BIH,2010,91
Bosnia and Herzegovina,BIH,2011,88
Bosnia and Herzegovina,BIH,2012,94
Bosnia and Herzegovina,BIH,2013,93
Bosnia and Herzegovina,BIH,2014,92
Bosnia and Herzegovina,BIH,2015,88
Bosnia and Herzegovina,BIH,2016,78
Bosnia and Herzegovina,BIH,2017,80
Bosnia and Herzegovina,BIH,2018,76
Bosnia and Herzegovina,BIH,2019,76
Botswana,BWA,2013,83
Botswana,BWA,2014,85
Botswana,BWA,2015,80
Botswana,BWA,2016,74
Botswana,BWA,2017,74
Botswana,BWA,2018,74
Botswana,BWA,2019,76
Botswana,BWA,2020,66
Brazil,BRA,2000,95
Brazil,BRA,2001,95
Brazil,BRA,2002,80
Brazil,BRA,2003,74
Brazil,BRA,2004,68
Brazil,BRA,2005,61
Brazil,BRA,2006,55
Brazil,BRA,2007,49
Brazil,BRA,2008,56
Brazil,BRA,2009,55
Brazil,BRA,2010,53
Brazil,BRA,2011,71
Brazil,BRA,2012,70
Brazil,BRA,2013,69
Brazil,BRA,2014,89
Brazil,BRA,2015,80
Brazil,BRA,2016,77
Brazil,BRA,2017,76
Brazil,BRA,2018,76
Brazil,BRA,2019,54
Brazil,BRA,2020,44
Brunei,BRN,2000,95
Brunei,BRN,2001,95
Brunei,BRN,2002,96
Brunei,BRN,2003,96
Brunei,BRN,2004,97
Brunei,BRN,2005,95
Brunei,BRN,2006,94
Brunei,BRN,2007,92
Brunei,BRN,2008,90
Brunei,BRN,2009,99
Brunei,BRN,2010,93
Brunei,BRN,2011,93
Brunei,BRN,2012,96
Brunei,BRN,2013,92
Brunei,BRN,2014,96
Brunei,BRN,2015,97
Brunei,BRN,2016,97
Brunei,BRN,2017,98
Brunei,BRN,2018,98
Brunei,BRN,2019,98
Brunei,BRN,2020,97
Bulgaria,BGR,2000,83
Bulgaria,BGR,2001,85
Bulgaria,BGR,2002,79
Bulgaria,BGR,2003,89
Bulgaria,BGR,2004,91
Bulgaria,BGR,2005,92
Bulgaria,BGR,2006,93
Bulgaria,BGR,2007,94
Bulgaria,BGR,2008,94
Bulgaria,BGR,2009,93
Bulgaria,BGR,2010,96
Bulgaria,BGR,2011,94
Bulgaria,BGR,2012,94
Bulgaria,BGR,2013,94
Bulgaria,BGR,2014,89
Bulgaria,BGR,2015,87
Bulgaria,BGR,2016,88
Bulgaria,BGR,2017,92
Bulgaria,BGR,2018,87
Bulgaria,BGR,2019,95
Bulgaria,BGR,2020,84
Burkina Faso,BFA,2014,17
Burkina Faso,BFA,2015,50
Burkina Faso,BFA,2016,59
Burkina Faso,BFA,2017,65
Burkina Faso,BFA,2018,71
Burkina Faso,BFA,2019,71
Burkina Faso,BFA,2020,71
Burundi,BDI,2013,51
Burundi,BDI,2014,60
Burundi,BDI,2015,65
Burundi,BDI,2016,72
Burundi,BDI,2017,75
Burundi,BDI,2018,77
Burundi,BDI,2019,80
Burundi,BDI,2020,83
Cambodia,KHM,2012,41
Cambodia,KHM,2013,52
Cambodia,KHM,2014,62
Cambodia,KHM,2015,61
Cambodia,KHM,2016,67
Cambodia,KHM,2017,72
Cambodia,KHM,2018,70
Cambodia,KHM,2019,82
Cambodia,KHM,2020,80
Cameroon,CMR,2020,28
Canada,CAN,2012,83
Canada,CAN,2013,86
Canada,CAN,2014,86
Canada,CAN,2015,86
Canada,CAN,2016,86
Canada,CAN,2017,87
Canada,CAN,2018,87
Canada,CAN,2019,87
Canada,CAN,2020,83
Cape Verde,CPV,2011,99
Cape Verde,CPV,2012,94
Cape Verde,CPV,2013,89
Cape Verde,CPV,2014,79
Cape Verde,CPV,2015,95
Cape Verde,CPV,2016,92
Cape Verde,CPV,2017,85
Cape Verde,CPV,2018,88
Cape Verde,CPV,2019,91
Cape Verde,CPV,2020,86
Caribbean,,2000,1
Caribbean,,2001,11
Caribbean,,2002,11
Caribbean,,2003,11
Caribbean,,2004,12
Caribbean,,2005,23
Caribbean,,2006,32
Caribbean,,2007,32
Caribbean,,2008,30
Caribbean,,2009,29
Caribbean,,2010,28
Caribbean,,2011,27
Caribbean,,2012,28
Caribbean,,2013,28
Caribbean,,2014,28
Caribbean,,2015,28
Caribbean,,2016,38
Caribbean,,2017,39
Caribbean,,2018,53
Caribbean,,2019,64
Caribbean,,2020,62
Caucasus and Central Asia,,2000,80
Caucasus and Central Asia,,2001,87
Caucasus and Central Asia,,2002,91
Caucasus and Central Asia,,2003,92
Caucasus and Central Asia,,2004,94
Caucasus and Central Asia,,2005,86
Caucasus and Central Asia,,2006,80
Caucasus and Central Asia,,2007,73
Caucasus and Central Asia,,2008,66
Caucasus and Central Asia,,2009,60
Caucasus and Central Asia,,2010,80
Caucasus and Central Asia,,2011,97
Caucasus and Central Asia,,2012,97
Caucasus and Central Asia,,2013,97
Caucasus and Central Asia,,2014,98
Caucasus and Central Asia,,2015,98
Caucasus and Central Asia,,2016,98
Caucasus and Central Asia,,2017,98
Caucasus and Central Asia,,2018,98
Caucasus and Central Asia,,2019,98
Caucasus and Central Asia,,2020,94
Central America,,2000,69
Central America,,2001,70
Central America,,2002,63
Central America,,2003,71
Central America,,2004,72
Central America,,2005,72
Central America,,2006,68
Central America,,2007,64
Central America,,2008,72
Central America,,2009,70
Central America,,2010,69
Central America,,2011,74
Central America,,2012,71
Central America,,2013,59
Central America,,2014,73
Central America,,2015,74
Central America,,2016,83
Central America,,2017,64
Central America,,2018,95
Central America,,2019,65
Central America,,2020,78
Central Asia,,2000,92
Central Asia,,2001,93
Central Asia,,2002,96
Central Asia,,2003,97
Central Asia,,2004,98
Central Asia,,2005,88
Central Asia,,2006,81
Central Asia,,2007,71
Central Asia,,2008,63
Central Asia,,2009,56
Central Asia,,2010,78
Central Asia,,2011,98
Central Asia,,2012,98
Central Asia,,2013,98
Central Asia,,2014,99
Central Asia,,2015,98
Central Asia,,2016,99
Central Asia,,2017,99
Central Asia,,2018,98
Central Asia,,2019,98
Central Asia,,2020,96
Central and Southern Asia,,2000,6
Central and Southern Asia,,2001,6
Central and Southern Asia,,2002,7
Central and Southern Asia,,2003,6
Central and Southern Asia,,2004,7
Central and Southern Asia,,2005,6
Central and Southern Asia,,2006,7
Central and Southern Asia,,2007,6
Central and Southern Asia,,2008,6
Central and Southern Asia,,2009,10
Central and Southern Asia,,2010,12
Central and Southern Asia,,2011,31
Central and Southern Asia,,2012,41
Central and Southern Asia,,2013,55
Central and Southern Asia,,2014,62
Central and Southern Asia,,2015,69
Central and Southern Asia,,2016,76
Central and Southern Asia,,2017,79
Central and Southern Asia,,2018,81
Central and Southern Asia,,2019,83
Central and Southern Asia,,2020,81
Chile,CHL,2004,96
Chile,CHL,2005,96
Chile,CHL,2006,95
Chile,CHL,2007,95
Chile,CHL,2008,89
Chile,CHL,2009,89
Chile,CHL,2010,84
Chile,CHL,2011,77
Chile,CHL,2012,74
Chile,CHL,2013,78
Chile,CHL,2014,88
Chile,CHL,2015,89
Chile,CHL,2016,87
Chile,CHL,2017,90
Chile,CHL,2018,93
Chile,CHL,2019,91
Chile,CHL,2020,83
China,CHN,2005,84
China,CHN,2006,94
China,CHN,2007,92
China,CHN,2008,95
China,CHN,2009,98
China,CHN,2010,99
China,CHN,2011,99
China,CHN,2012,99
China,CHN,2013,99
China,CHN,2014,99
China,CHN,2015,99
China,CHN,2016,99
China,CHN,2017,99
China,CHN,2018,99
China,CHN,2019,98
China,CHN,2020,99
Colombia,COL,2000,84
Colombia,COL,2001,83
Colombia,COL,2002,93
Colombia,COL,2003,70
Colombia,COL,2004,70
Colombia,COL,2005,73
Colombia,COL,2006,85
Colombia,COL,2007,93
Colombia,COL,2008,70
Colombia,COL,2009,71
Colombia,COL,2010,74
Colombia,COL,2011,76
Colombia,COL,2012,80
Colombia,COL,2013,72
Colombia,COL,2014,88
Colombia,COL,2015,86
Colombia,COL,2016,87
Colombia,COL,2017,89
Colombia,COL,2018,88
Colombia,COL,2019,89
Colombia,COL,2020,88
Congo,COG,2019,9
Congo,COG,2020,29
Cook Islands,COK,2000,70
Cook Islands,COK,2001,50
Cook Islands,COK,2002,61
Cook Islands,COK,2003,88
Cook Islands,COK,2004,86
Cook Islands,COK,2005,97
Cook Islands,COK,2006,99
Cook Islands,COK,2007,98
Cook Islands,COK,2008,95
Cook Islands,COK,2009,61
Cook Islands,COK,2010,98
Cook Islands,COK,2011,96
Cook Islands,COK,2012,98
Cook Islands,COK,2013,95
Cook Islands,COK,2014,98
Cook Islands,COK,2015,95
Cook Islands,COK,2016,90
Cook Islands,COK,2017,95
Cook Islands,COK,2018,99
Cook Islands,COK,2019,98
Costa Rica,CRI,2008,89
Costa Rica,CRI,2009,84
Costa Rica,CRI,2010,79
Costa Rica,CRI,2011,80
Costa Rica,CRI,2012,95
Costa Rica,CRI,2013,92
Costa Rica,CRI,2014,90
Costa Rica,CRI,2015,90
Costa Rica,CRI,2016,87
Costa Rica,CRI,2017,93
Costa Rica,CRI,2018,93
Costa Rica,CRI,2019,93
Costa Rica,CRI,2020,93
Croatia,HRV,2001,98
Croatia,HRV,2002,98
Croatia,HRV,2003,98
Croatia,HRV,2004,98
Croatia,HRV,2005,98
Croatia,HRV,2006,98
Croatia,HRV,2007,98
Croatia,HRV,2008,98
Croatia,HRV,2009,98
Croatia,HRV,2010,98
Croatia,HRV,2011,98
Croatia,HRV,2012,97
Croatia,HRV,2013,97
Croatia,HRV,2014,97
Croatia,HRV,2015,96
Croatia,HRV,2016,96
Croatia,HRV,2017,95
Croatia,HRV,2018,95
Croatia,HRV,2019,95
Croatia,HRV,2020,91
Cuba,CUB,2005,53
Cuba,CUB,2006,97
Cuba,CUB,2007,99
Cuba,CUB,2008,98
Cuba,CUB,2009,95
Cuba,CUB,2010,98
Cuba,CUB,2011,95
Cuba,CUB,2012,96
Cuba,CUB,2013,97
Cuba,CUB,2014,98
Cuba,CUB,2015,99
Cuba,CUB,2016,99
Cuba,CUB,2017,99
Cuba,CUB,2018,99
Cuba,CUB,2019,99
Cuba,CUB,2020,98
Cyprus,CYP,2007,93
Cyprus,CYP,2008,89
Cyprus,CYP,2009,88
Cyprus,CYP,2010,88
Cyprus,CYP,2011,88
Cyprus,CYP,2012,88
Cyprus,CYP,2013,88
Cyprus,CYP,2014,88
Cyprus,CYP,2015,88
Cyprus,CYP,2016,88
Cyprus,CYP,2017,88
Cyprus,CYP,2018,88
Cyprus,CYP,2019,88
Czechia,CZE,2000,98
Czechia,CZE,2001,98
Czechia,CZE,2002,98
Czechia,CZE,2003,98
Czechia,CZE,2004,98
Czechia,CZE,2005,98
Czechia,CZE,2006,98
Czechia,CZE,2007,98
Czechia,CZE,2008,98
Czechia,CZE,2009,98
Czechia,CZE,2010,98
Czechia,CZE,2011,98
Czechia,CZE,2012,99
Czechia,CZE,2013,99
Czechia,CZE,2014,96
Czechia,CZE,2015,99
Czechia,CZE,2016,93
Czechia,CZE,2017,90
Czechia,CZE,2018,84
Czechia,CZE,2019,87
Czechia,CZE,2020,90
Denmark,DNK,2001,87
Denmark,DNK,2002,92
Denmark,DNK,2003,88
Denmark,DNK,2004,88
Denmark,DNK,2005,91
Denmark,DNK,2006,91
Denmark,DNK,2007,88
Denmark,DNK,2008,87
Denmark,DNK,2009,85
Denmark,DNK,2010,85
Denmark,DNK,2011,86
Denmark,DNK,2012,87
Denmark,DNK,2013,86
Denmark,DNK,2014,84
Denmark,DNK,2015,80
Denmark,DNK,2016,85
Denmark,DNK,2017,88
Denmark,DNK,2018,90
Denmark,DNK,2019,90
Denmark,DNK,2020,90
"Developed regions (Europe, Cyprus, Israel, Northern America, Japan, Australia & New Zealand)",,2000,53
"Developed regions (Europe, Cyprus, Israel, Northern America, Japan, Australia & New Zealand)",,2001,56
"Developed regions (Europe, Cyprus, Israel, Northern America, Japan, Australia & New Zealand)",,2002,62
"Developed regions (Europe, Cyprus, Israel, Northern America, Japan, Australia & New Zealand)",,2003,63
"Developed regions (Europe, Cyprus, Israel, Northern America, Japan, Australia & New Zealand)",,2004,67
"Developed regions (Europe, Cyprus, Israel, Northern America, Japan, Australia & New Zealand)",,2005,67
"Developed regions (Europe, Cyprus, Israel, Northern America, Japan, Australia & New Zealand)",,2006,68
"Developed regions (Europe, Cyprus, Israel, Northern America, Japan, Australia & New Zealand)",,2007,69
"Developed regions (Europe, Cyprus, Israel, Northern America, Japan, Australia & New Zealand)",,2008,76
"Developed regions (Europe, Cyprus, Israel, Northern America, Japan, Australia & New Zealand)",,2009,77
"Developed regions (Europe, Cyprus, Israel, Northern America, Japan, Australia & New Zealand)",,2010,81
"Developed regions (Europe, Cyprus, Israel, Northern America, Japan, Australia & New Zealand)",,2011,82
"Developed regions (Europe, Cyprus, Israel, Northern America, Japan, Australia & New Zealand)",,2012,85
"Developed regions (Europe, Cyprus, Israel, Northern America, Japan, Australia & New Zealand)",,2013,88
"Developed regions (Europe, Cyprus, Israel, Northern America, Japan, Australia & New Zealand)",,2014,89
"Developed regions (Europe, Cyprus, Israel, Northern America, Japan, Australia & New Zealand)",,2015,89
"Developed regions (Europe, Cyprus, Israel, Northern America, Japan, Australia & New Zealand)",,2016,89
"Developed regions (Europe, Cyprus, Israel, Northern America, Japan, Australia & New Zealand)",,2017,91
"Developed regions (Europe, Cyprus, Israel, Northern America, Japan, Australia & New Zealand)",,2018,92
"Developed regions (Europe, Cyprus, Israel, Northern America, Japan, Australia & New Zealand)",,2019,92
"Developed regions (Europe, Cyprus, Israel, Northern America, Japan, Australia & New Zealand)",,2020,91
Developing regions,,2000,13
Developing regions,,2001,15
Developing regions,,2002,15
Developing regions,,2003,16
Developing regions,,2004,17
Developing regions,,2005,29
Developing regions,,2006,31
Developing regions,,2007,32
Developing regions,,2008,34
Developing regions,,2009,36
Developing regions,,2010,37
Developing regions,,2011,45
Developing regions,,2012,47
Developing regions,,2013,53
Developing regions,,2014,56
Developing regions,,2015,60
Developing regions,,2016,64
Developing regions,,2017,66
Developing regions,,2018,67
Developing regions,,2019,68
Developing regions,,2020,68
Djibouti,DJI,2012,82
Djibouti,DJI,2013,82
Djibouti,DJI,2014,82
Djibouti,DJI,2015,82
Djibouti,DJI,2016,81
Djibouti,DJI,2017,81
Djibouti,DJI,2018,81
Djibouti,DJI,2019,81
Djibouti,DJI,2020,60
Dominica,DMA,2001,62
Dominica,DMA,2002,99
Dominica,DMA,2003,99
Dominica,DMA,2004,99
Dominica,DMA,2005,99
Dominica,DMA,2006,99
Dominica,DMA,2007,95
Dominica,DMA,2008,95
Dominica,DMA,2009,95
Dominica,DMA,2010,95
Dominica,DMA,2011,94
Dominica,DMA,2012,94
Dominica,DMA,2013,91
Dominica,DMA,2014,89
Dominica,DMA,2015,94
Dominica,DMA,2016,92
Dominica,DMA,2017,81
Dominica,DMA,2018,81
Dominica,DMA,2019,92
Dominica,DMA,2020,90
Dominican Republic,DOM,2018,31
Dominican Republic,DOM,2019,60
Dominican Republic,DOM,2020,55
Eastern Africa,,2000,0
Eastern Africa,,2001,0
Eastern Africa,,2002,0
Eastern Africa,,2003,0
Eastern Africa,,2004,0
Eastern Africa,,2005,0
Eastern Africa,,2006,0
Eastern Africa,,2007,0
Eastern Africa,,2008,0
Eastern Africa,,2009,0
Eastern Africa,,2010,0
Eastern Africa,,2011,0
Eastern Africa,,2012,0
Eastern Africa,,2013,2
Eastern Africa,,2014,7
Eastern Africa,,2015,18
Eastern Africa,,2016,28
Eastern Africa,,2017,31
Eastern Africa,,2018,33
Eastern Africa,,2019,45
Eastern Africa,,2020,46
Eastern Asia,,2000,2
Eastern Asia,,2001,2
Eastern Asia,,2002,3
Eastern Asia,,2003,3
Eastern Asia,,2004,3
Eastern Asia,,2005,78
Eastern Asia,,2006,87
Eastern Asia,,2007,85
Eastern Asia,,2008,94
Eastern Asia,,2009,97
Eastern Asia,,2010,98
Eastern Asia,,2011,98
Eastern Asia,,2012,98
Eastern Asia,,2013,98
Eastern Asia,,2014,98
Eastern Asia,,2015,98
Eastern Asia,,2016,99
Eastern Asia,,2017,99
Eastern Asia,,2018,99
Eastern Asia,,2019,98
Eastern Asia,,2020,99
Eastern Asia (excluding Japan),,2000,2
Eastern Asia (excluding Japan),,2001,3
Eastern Asia (excluding Japan),,2002,3
Eastern Asia (excluding Japan),,2003,4
Eastern Asia (excluding Japan),,2004,3
Eastern Asia (excluding Japan),,2005,83
Eastern Asia (excluding Japan),,2006,92
Eastern Asia (excluding Japan),,2007,90
Eastern Asia (excluding Japan),,2008,95
Eastern Asia (excluding Japan),,2009,98
Eastern Asia (excluding Japan),,2010,99
Eastern Asia (excluding Japan),,2011,99
Eastern Asia (excluding Japan),,2012,99
Eastern Asia (excluding Japan),,2013,98
Eastern Asia (excluding Japan),,2014,99
Eastern Asia (excluding Japan),,2015,99
Eastern Asia (excluding Japan),,2016,99
Eastern Asia (excluding Japan),,2017,99
Eastern Asia (excluding Japan),,2018,99
Eastern Asia (excluding Japan),,2019,98
Eastern Asia (excluding Japan),,2020,99
Eastern Europe,,2000,90
Eastern Europe,,2001,91
Eastern Europe,,2002,95
Eastern Europe,,2003,97
Eastern Europe,,2004,97
Eastern Europe,,2005,96
Eastern Europe,,2006,97
Eastern Europe,,2007,97
Eastern Europe,,2008,97
Eastern Europe,,2009,93
Eastern Europe,,2010,89
Eastern Europe,,2011,91
Eastern Europe,,2012,90
Eastern Europe,,2013,90
Eastern Europe,,2014,90
Eastern Europe,,2015,89
Eastern Europe,,2016,85
Eastern Europe,,2017,93
Eastern Europe,,2018,94
Eastern Europe,,2019,94
Eastern Europe,,2020,92
Eastern and South-Eastern Asia,,2000,5
Eastern and South-Eastern Asia,,2001,5
Eastern and South-Eastern Asia,,2002,5
Eastern and South-Eastern Asia,,2003,8
Eastern and South-Eastern Asia,,2004,10
Eastern and South-Eastern Asia,,2005,57
Eastern and South-Eastern Asia,,2006,66
Eastern and South-Eastern Asia,,2007,69
Eastern and South-Eastern Asia,,2008,80
Eastern and South-Eastern Asia,,2009,84
Eastern and South-Eastern Asia,,2010,85
Eastern and South-Eastern Asia,,2011,87
Eastern and South-Eastern Asia,,2012,86
Eastern and South-Eastern Asia,,2013,89
Eastern and South-Eastern Asia,,2014,83
Eastern and South-Eastern Asia,,2015,84
Eastern and South-Eastern Asia,,2016,88
Eastern and South-Eastern Asia,,2017,89
Eastern and South-Eastern Asia,,2018,89
Eastern and South-Eastern Asia,,2019,90
Eastern and South-Eastern Asia,,2020,87
Ecuador,ECU,2009,99
Ecuador,ECU,2010,91
Ecuador,ECU,2011,92
Ecuador,ECU,2012,81
Ecuador,ECU,2013,70
Ecuador,ECU,2014,59
Ecuador,ECU,2015,76
Ecuador,ECU,2016,64
Ecuador,ECU,2017,73
Ecuador,ECU,2018,74
Ecuador,ECU,2019,76
Ecuador,ECU,2020,70
Egypt,EGY,2000,97
Egypt,EGY,2001,99
Egypt,EGY,2002,96
Egypt,EGY,2003,97
Egypt,EGY,2004,96
Egypt,EGY,2005,97
Egypt,EGY,2006,97
Egypt,EGY,2007,97
Egypt,EGY,2008,96
Egypt,EGY,2009,96
Egypt,EGY,2010,97
Egypt,EGY,2011,97
Egypt,EGY,2012,92
Egypt,EGY,2013,96
Egypt,EGY,2014,93
Egypt,EGY,2015,92
Egypt,EGY,2016,96
Egypt,EGY,2017,94
Egypt,EGY,2018,94
Egypt,EGY,2019,94
Egypt,EGY,2020,94
El Salvador,SLV,2003,77
El Salvador,SLV,2004,80
El Salvador,SLV,2005,85
El Salvador,SLV,2006,89
El Salvador,SLV,2007,86
El Salvador,SLV,2008,79
El Salvador,SLV,2009,82
El Salvador,SLV,2010,78
El Salvador,SLV,2011,81
El Salvador,SLV,2012,95
El Salvador,SLV,2013,85
El Salvador,SLV,2014,85
El Salvador,SLV,2015,88
El Salvador,SLV,2016,87
El Salvador,SLV,2017,86
El Salvador,SLV,2018,85
El Salvador,SLV,2019,87
El Salvador,SLV,2020,56
Eritrea,ERI,2015,88
Eritrea,ERI,2016,88
Eritrea,ERI,2017,88
Eritrea,ERI,2018,85
Eritrea,ERI,2019,85
Eritrea,ERI,2020,85
Estonia,EST,2000,89
Estonia,EST,2001,84
Estonia,EST,2002,94
Estonia,EST,2003,96
Estonia,EST,2004,97
Estonia,EST,2005,98
Estonia,EST,2006,98
Estonia,EST,2007,96
Estonia,EST,2008,97
Estonia,EST,2009,96
Estonia,EST,2010,95
Estonia,EST,2011,95
Estonia,EST,2012,94
Estonia,EST,2013,92
Estonia,EST,2014,93
Estonia,EST,2015,92
Estonia,EST,2016,92
Estonia,EST,2017,91
Estonia,EST,2018,88
Estonia,EST,2019,90
Estonia,EST,2020,87
Eswatini,SWZ,2002,99
Eswatini,SWZ,2003,99
Eswatini,SWZ,2004,99
Eswatini,SWZ,2005,99
Eswatini,SWZ,2006,99
Eswatini,SWZ,2007,99
Eswatini,SWZ,2008,99
Eswatini,SWZ,2009,99
Eswatini,SWZ,2010,99
Eswatini,SWZ,2011,92
Eswatini,SWZ,2012,52
Eswatini,SWZ,2013,89
Eswatini,SWZ,2014,89
Eswatini,SWZ,2015,83
Eswatini,SWZ,2016,76
Eswatini,SWZ,2017,70
Eswatini,SWZ,2018,75
Eswatini,SWZ,2019,75
Eswatini,SWZ,2020,70
Ethiopia,ETH,2019,41
Ethiopia,ETH,2020,46
Europe,,2000,51
Europe,,2001,53
Europe,,2002,64
Europe,,2003,65
Europe,,2004,70
Europe,,2005,71
Europe,,2006,72
Europe,,2007,73
Europe,,2008,73
Europe,,2009,72
Europe,,2010,78
Europe,,2011,79
Europe,,2012,80
Europe,,2013,86
Europe,,2014,87
Europe,,2015,87
Europe,,2016,86
Europe,,2017,89
Europe,,2018,90
Europe,,2019,91
Europe,,2020,89
Europe and Northern America,,2000,60
Europe and Northern America,,2001,62
Europe and Northern America,,2002,69
Europe and Northern America,,2003,70
Europe and Northern America,,2004,74
Europe and Northern America,,2005,74
Europe and Northern America,,2006,75
Europe and Northern America,,2007,75
Europe and Northern America,,2008,76
Europe and Northern America,,2009,75
Europe and Northern America,,2010,79
Europe and Northern America,,2011,80
Europe and Northern America,,2012,84
Europe and Northern America,,2013,88
Europe and Northern America,,2014,89
Europe and Northern America,,2015,89
Europe and Northern America,,2016,89
Europe and Northern America,,2017,91
Europe and Northern America,,2018,91
Europe and Northern America,,2019,92
Europe and Northern America,,2020,91
Fiji,FJI,2005,74
Fiji,FJI,2006,94
Fiji,FJI,2007,94
Fiji,FJI,2008,94
Fiji,FJI,2009,94
Fiji,FJI,2010,94
Fiji,FJI,2011,94
Fiji,FJI,2012,94
Fiji,FJI,2013,94
Fiji,FJI,2014,94
Fiji,FJI,2015,94
Fiji,FJI,2016,94
Fiji,FJI,2017,94
Fiji,FJI,2018,94
Fiji,FJI,2019,94
Fiji,FJI,2020,94
Finland,FIN,2016,85
Finland,FIN,2017,92
Finland,FIN,2018,93
Finland,FIN,2019,93
Finland,FIN,2020,93
France,FRA,2010,61
France,FRA,2011,67
France,FRA,2012,72
France,FRA,2013,75
France,FRA,2014,77
France,FRA,2015,79
France,FRA,2016,80
France,FRA,2017,80
France,FRA,2018,83
France,FRA,2019,83
Gambia,GMB,2012,56
Gambia,GMB,2013,53
Gambia,GMB,2014,73
Gambia,GMB,2015,81
Gambia,GMB,2016,79
Gambia,GMB,2017,68
Gambia,GMB,2018,71
Gambia,GMB,2019,61
Georgia,GEO,2001,8
Georgia,GEO,2002,40
Georgia,GEO,2003,57
Georgia,GEO,2004,75
Georgia,GEO,2005,87
Georgia,GEO,2006,88
Georgia,GEO,2007,92
Georgia,GEO,2008,87
Georgia,GEO,2009,71
Georgia,GEO,2010,84
Georgia,GEO,2011,77
Georgia,GEO,2012,79
Georgia,GEO,2013,89
Georgia,GEO,2014,87
Georgia,GEO,2015,91
Georgia,GEO,2016,85
Georgia,GEO,2017,90
Georgia,GEO,2018,96
Georgia,GEO,2019,97
Georgia,GEO,2020,77
Germany,DEU,2002,77
Germany,DEU,2003,83
Germany,DEU,2004,89
Germany,DEU,2005,91
Germany,DEU,2006,90
Germany,DEU,2007,92
Germany,DEU,2008,92
Germany,DEU,2009,93
Germany,DEU,2010,93
Germany,DEU,2011,93
Germany,DEU,2012,93
Germany,DEU,2013,93
Germany,DEU,2014,93
Germany,DEU,2015,93
Germany,DEU,2016,93
Germany,DEU,2017,93
Germany,DEU,2018,93
Germany,DEU,2019,93
Germany,DEU,2020,93
Ghana,GHA,2012,52
Ghana,GHA,2013,54
Ghana,GHA,2014,67
Ghana,GHA,2015,63
Ghana,GHA,2016,75
Ghana,GHA,2017,83
Ghana,GHA,2018,83
Ghana,GHA,2019,83
Ghana,GHA,2020,79
Greece,GRC,2007,77
Greece,GRC,2008,77
Greece,GRC,2009,77
Greece,GRC,2010,77
Greece,GRC,2011,77
Greece,GRC,2012,83
Greece,GRC,2013,83
Greece,GRC,2014,83
Greece,GRC,2015,83
Greece,GRC,2016,83
Greece,GRC,2017,83
Greece,GRC,2018,83
Greece,GRC,2019,83
Greece,GRC,2020,83
Grenada,GRD,2002,74
Grenada,GRD,2003,68
Grenada,GRD,2004,61
Grenada,GRD,2005,81
Grenada,GRD,2006,87
Grenada,GRD,2007,86
Grenada,GRD,2008,86
Grenada,GRD,2009,78
Grenada,GRD,2010,86
Grenada,GRD,2011,85
Grenada,GRD,2012,75
Grenada,GRD,2013,85
Grenada,GRD,2014,92
Grenada,GRD,2015,89
Grenada,GRD,2016,85
Grenada,GRD,2017,79
Grenada,GRD,2018,74
Grenada,GRD,2019,82
Grenada,GRD,2020,79
Guatemala,GTM,2016,65
Guatemala,GTM,2017,81
Guatemala,GTM,2018,76
Guatemala,GTM,2019,78
Guatemala,GTM,2020,79
Guyana,GUY,2001,88
Guyana,GUY,2002,80
Guyana,GUY,2003,71
Guyana,GUY,2004,63
Guyana,GUY,2005,72
Guyana,GUY,2006,74
Guyana,GUY,2007,90
Guyana,GUY,2008,84
Guyana,GUY,2009,84
Guyana,GUY,2010,82
Guyana,GUY,2011,84
Guyana,GUY,2012,90
Guyana,GUY,2013,95
Guyana,GUY,2014,91
Guyana,GUY,2015,95
Guyana,GUY,2016,94
Guyana,GUY,2017,93
Guyana,GUY,2018,84
Guyana,GUY,2019,92
Guyana,GUY,2020,97
Haiti,HTI,2016,26
Haiti,HTI,2017,25
Haiti,HTI,2018,38
Haiti,HTI,2019,41
Haiti,HTI,2020,41
Honduras,HND,2018,94
Honduras,HND,2019,85
Honduras,HND,2020,79
Hungary,HUN,2000,99
Hungary,HUN,2001,99
Hungary,HUN,2002,99
Hungary,HUN,2003,99
Hungary,HUN,2004,99
Hungary,HUN,2005,99
Hungary,HUN,2006,99
Hungary,HUN,2007,99
Hungary,HUN,2008,99
Hungary,HUN,2009,99
Hungary,HUN,2010,99
Hungary,HUN,2011,99
Hungary,HUN,2012,99
Hungary,HUN,2013,99
Hungary,HUN,2014,99
Hungary,HUN,2015,99
Hungary,HUN,2016,99
Hungary,HUN,2017,99
Hungary,HUN,2018,99
Hungary,HUN,2019,99
Hungary,HUN,2020,99
Iceland,ISL,2003,92
Iceland,ISL,2004,89
Iceland,ISL,2005,90
Iceland,ISL,2006,93
Iceland,ISL,2007,95
Iceland,ISL,2008,94
Iceland,ISL,2009,93
Iceland,ISL,2010,92
Iceland,ISL,2011,90
Iceland,ISL,2012,97
Iceland,ISL,2013,94
Iceland,ISL,2014,93
Iceland,ISL,2015,94
Iceland,ISL,2016,95
Iceland,ISL,2017,95
Iceland,ISL,2018,95
Iceland,ISL,2019,94
Iceland,ISL,2020,93
India,IND,2011,27
India,IND,2012,36
India,IND,2013,51
India,IND,2014,60
India,IND,2015,69
India,IND,2016,76
India,IND,2017,80
India,IND,2018,82
India,IND,2019,84
India,IND,2020,81
Indonesia,IDN,2003,21
Indonesia,IDN,2004,29
Indonesia,IDN,2005,23
Indonesia,IDN,2006,50
Indonesia,IDN,2007,73
Indonesia,IDN,2008,66
Indonesia,IDN,2009,67
Indonesia,IDN,2010,74
Indonesia,IDN,2011,76
Indonesia,IDN,2012,78
Indonesia,IDN,2013,76
Indonesia,IDN,2014,28
Indonesia,IDN,2015,31
Indonesia,IDN,2016,55
Indonesia,IDN,2017,63
Indonesia,IDN,2018,67
Indonesia,IDN,2019,71
Indonesia,IDN,2020,49
Iran,IRN,2000,99
Iran,IRN,2001,94
Iran,IRN,2002,96
Iran,IRN,2003,96
Iran,IRN,2004,99
Iran,IRN,2005,92
Iran,IRN,2006,98
Iran,IRN,2007,97
Iran,IRN,2008,96
Iran,IRN,2009,99
Iran,IRN,2010,99
Iran,IRN,2011,99
Iran,IRN,2012,97
Iran,IRN,2013,97
Iran,IRN,2014,98
Iran,IRN,2015,98
Iran,IRN,2016,98
Iran,IRN,2017,98
Iran,IRN,2018,98
Iran,IRN,2019,98
Iran,IRN,2020,98
Iraq,IRQ,2001,52
Iraq,IRQ,2002,48
Iraq,IRQ,2003,45
Iraq,IRQ,2004,41
Iraq,IRQ,2005,58
Iraq,IRQ,2006,52
Iraq,IRQ,2007,64
Iraq,IRQ,2008,76
Iraq,IRQ,2009,87
Iraq,IRQ,2010,77
Iraq,IRQ,2011,77
Iraq,IRQ,2012,68
Iraq,IRQ,2013,57
Iraq,IRQ,2014,67
Iraq,IRQ,2015,76
Iraq,IRQ,2016,75
Iraq,IRQ,2017,84
Iraq,IRQ,2018,83
Iraq,IRQ,2019,86
Iraq,IRQ,2020,93
Israel,ISR,2001,97
Israel,ISR,2002,97
Israel,ISR,2003,97
Israel,ISR,2004,97
Israel,ISR,2005,96
Israel,ISR,2006,96
Israel,ISR,2007,90
Israel,ISR,2008,91
Israel,ISR,2009,92
Israel,ISR,2010,93
Israel,ISR,2011,87
Israel,ISR,2012,89
Israel,ISR,2013,95
Israel,ISR,2014,96
Israel,ISR,2015,97
Israel,ISR,2016,97
Israel,ISR,2017,96
Israel,ISR,2018,96
Israel,ISR,2019,96
Israel,ISR,2020,96
Italy,ITA,2013,84
Italy,ITA,2014,83
Italy,ITA,2015,83
Italy,ITA,2016,82
Italy,ITA,2017,86
Italy,ITA,2018,89
Italy,ITA,2019,88
Italy,ITA,2020,86
Jamaica,JAM,2001,96
Jamaica,JAM,2002,96
Jamaica,JAM,2003,95
Jamaica,JAM,2004,95
Jamaica,JAM,2005,91
Jamaica,JAM,2006,88
Jamaica,JAM,2007,84
Jamaica,JAM,2008,80
Jamaica,JAM,2009,78
Jamaica,JAM,2010,56
Jamaica,JAM,2011,60
Jamaica,JAM,2012,76
Jamaica,JAM,2013,71
Jamaica,JAM,2014,72
Jamaica,JAM,2015,83
Jamaica,JAM,2016,85
Jamaica,JAM,2017,95
Jamaica,JAM,2018,82
Jamaica,JAM,2019,92
Jamaica,JAM,2020,89
Japan,JPN,2008,78
Japan,JPN,2009,92
Japan,JPN,2010,97
Japan,JPN,2011,92
Japan,JPN,2012,92
Japan,JPN,2013,93
Japan,JPN,2014,94
Japan,JPN,2015,93
Japan,JPN,2016,93
Japan,JPN,2017,95
Japan,JPN,2018,93
Japan,JPN,2019,93
Japan,JPN,2020,95
Jordan,JOR,2000,83
Jordan,JOR,2001,87
Jordan,JOR,2002,90
Jordan,JOR,2003,91
Jordan,JOR,2004,98
Jordan,JOR,2005,92
Jordan,JOR,2006,88
Jordan,JOR,2007,97
Jordan,JOR,2008,90
Jordan,JOR,2009,90
Jordan,JOR,2010,95
Jordan,JOR,2011,95
Jordan,JOR,2012,96
Jordan,JOR,2013,98
Jordan,JOR,2014,98
Jordan,JOR,2015,96
Jordan,JOR,2016,99
Jordan,JOR,2017,99
Jordan,JOR,2018,96
Jordan,JOR,2019,93
Jordan,JOR,2020,90
Kazakhstan,KAZ,2000,98
Kazakhstan,KAZ,2001,95
Kazakhstan,KAZ,2002,98
Kazakhstan,KAZ,2003,99
Kazakhstan,KAZ,2004,99
Kazakhstan,KAZ,2005,96
Kazakhstan,KAZ,2006,99
Kazakhstan,KAZ,2007,99
Kazakhstan,KAZ,2008,99
Kazakhstan,KAZ,2009,99
Kazakhstan,KAZ,2010,99
Kazakhstan,KAZ,2011,99
Kazakhstan,KAZ,2012,97
Kazakhstan,KAZ,2013,99
Kazakhstan,KAZ,2014,99
Kazakhstan,KAZ,2015,98
Kazakhstan,KAZ,2016,99
Kazakhstan,KAZ,2017,99
Kazakhstan,KAZ,2018,98
Kazakhstan,KAZ,2019,98
Kazakhstan,KAZ,2020,91
Kenya,KEN,2015,28
Kenya,KEN,2016,32
Kenya,KEN,2017,35
Kenya,KEN,2018,45
Kenya,KEN,2019,49
Kenya,KEN,2020,49
Kiribati,KIR,2009,35
Kiribati,KIR,2010,21
Kiribati,KIR,2011,61
Kiribati,KIR,2012,9
Kiribati,KIR,2013,84
Kiribati,KIR,2014,80
Kiribati,KIR,2015,76
Kiribati,KIR,2016,79
Kiribati,KIR,2017,79
Kiribati,KIR,2018,85
Kiribati,KIR,2019,91
Kiribati,KIR,2020,57
Kuwait,KWT,2005,77
Kuwait,KWT,2006,96
Kuwait,KWT,2007,90
Kuwait,KWT,2008,86
Kuwait,KWT,2009,94
Kuwait,KWT,2010,99
Kuwait,KWT,2011,99
Kuwait,KWT,2012,99
Kuwait,KWT,2013,99
Kuwait,KWT,2014,86
Kuwait,KWT,2015,96
Kuwait,KWT,2016,99
Kuwait,KWT,2017,99
Kuwait,KWT,2018,94
Kuwait,KWT,2019,94
Kyrgyzstan,KGZ,2000,96
Kyrgyzstan,KGZ,2001,98
Kyrgyzstan,KGZ,2002,98
Kyrgyzstan,KGZ,2003,98
Kyrgyzstan,KGZ,2004,98
Kyrgyzstan,KGZ,2005,98
Kyrgyzstan,KGZ,2006,97
Kyrgyzstan,KGZ,2007,95
Kyrgyzstan,KGZ,2008,97
Kyrgyzstan,KGZ,2009,98
Kyrgyzstan,KGZ,2010,98
Kyrgyzstan,KGZ,2011,98
Kyrgyzstan,KGZ,2012,98
Kyrgyzstan,KGZ,2013,97
Kyrgyzstan,KGZ,2014,97
Kyrgyzstan,KGZ,2015,96
Kyrgyzstan,KGZ,2016,98
Kyrgyzstan,KGZ,2017,96
Kyrgyzstan,KGZ,2018,96
Kyrgyzstan,KGZ,2019,98
Kyrgyzstan,KGZ,2020,93
Landlocked developing countries (LLDCs),,2000,12
Landlocked developing countries (LLDCs),,2001,13
Landlocked developing countries (LLDCs),,2002,13
Landlocked developing countries (LLDCs),,2003,13
Landlocked developing countries (LLDCs),,2004,13
Landlocked developing countries (LLDCs),,2005,12
Landlocked developing countries (LLDCs),,2006,13
Landlocked developing countries (LLDCs),,2007,10
Landlocked developing countries (LLDCs),,2008,11
Landlocked developing countries (LLDCs),,2009,11
Landlocked developing countries (LLDCs),,2010,13
Landlocked developing countries (LLDCs),,2011,15
Landlocked developing countries (LLDCs),,2012,15
Landlocked developing countries (LLDCs),,2013,18
Landlocked developing countries (LLDCs),,2014,21
Landlocked developing countries (LLDCs),,2015,26
Landlocked developing countries (LLDCs),,2016,33
Landlocked developing countries (LLDCs),,2017,37
Landlocked developing countries (LLDCs),,2018,40
Landlocked developing countries (LLDCs),,2019,50
Landlocked developing countries (LLDCs),,2020,51
Laos,LAO,2017,0
Laos,LAO,2018,53
Laos,LAO,2019,44
Laos,LAO,2020,47
Latin America and the Caribbean,,2000,60
Latin America and the Caribbean,,2001,61
Latin America and the Caribbean,,2002,57
Latin America and the Caribbean,,2003,55
Latin America and the Caribbean,,2004,57
Latin America and the Caribbean,,2005,55
Latin America and the Caribbean,,2006,54
Latin America and the Caribbean,,2007,52
Latin America and the Caribbean,,2008,55
Latin America and the Caribbean,,2009,60
Latin America and the Caribbean,,2010,60
Latin America and the Caribbean,,2011,67
Latin America and the Caribbean,,2012,66
Latin America and the Caribbean,,2013,61
Latin America and the Caribbean,,2014,73
Latin America and the Caribbean,,2015,71
Latin America and the Caribbean,,2016,74
Latin America and the Caribbean,,2017,69
Latin America and the Caribbean,,2018,80
Latin America and the Caribbean,,2019,63
Latin America and the Caribbean,,2020,63
Latvia,LVA,2000,90
Latvia,LVA,2001,95
Latvia,LVA,2002,96
Latvia,LVA,2003,97
Latvia,LVA,2004,98
Latvia,LVA,2005,99
Latvia,LVA,2006,99
Latvia,LVA,2007,98
Latvia,LVA,2008,94
Latvia,LVA,2009,92
Latvia,LVA,2010,93
Latvia,LVA,2011,92
Latvia,LVA,2012,92
Latvia,LVA,2013,92
Latvia,LVA,2014,89
Latvia,LVA,2015,92
Latvia,LVA,2016,89
Latvia,LVA,2017,89
Latvia,LVA,2018,94
Latvia,LVA,2019,96
Latvia,LVA,2020,94
Least developed countries (LDCs),,2000,0
Least developed countries (LDCs),,2001,0
Least developed countries (LDCs),,2002,0
Least developed countries (LDCs),,2003,0
Least developed countries (LDCs),,2004,0
Least developed countries (LDCs),,2005,1
Least developed countries (LDCs),,2006,2
Least developed countries (LDCs),,2007,1
Least developed countries (LDCs),,2008,4
Least developed countries (LDCs),,2009,5
Least developed countries (LDCs),,2010,5
Least developed countries (LDCs),,2011,6
Least developed countries (LDCs),,2012,9
Least developed countries (LDCs),,2013,19
Least developed countries (LDCs),,2014,23
Least developed countries (LDCs),,2015,30
Least developed countries (LDCs),,2016,35
Least developed countries (LDCs),,2017,37
Least developed countries (LDCs),,2018,39
Least developed countries (LDCs),,2019,45
Least developed countries (LDCs),,2020,47
Lebanon,LBN,2000,56
Lebanon,LBN,2001,42
Lebanon,LBN,2002,28
Lebanon,LBN,2003,14
Lebanon,LBN,2004,24
Lebanon,LBN,2005,34
Lebanon,LBN,2006,45
Lebanon,LBN,2007,55
Lebanon,LBN,2008,65
Lebanon,LBN,2009,75
Lebanon,LBN,2010,73
Lebanon,LBN,2011,70
Lebanon,LBN,2012,68
Lebanon,LBN,2013,65
Lebanon,LBN,2014,63
Lebanon,LBN,2015,63
Lebanon,LBN,2016,63
Lebanon,LBN,2017,63
Lebanon,LBN,2018,63
Lebanon,LBN,2019,63
Lebanon,LBN,2020,64
Lesotho,LSO,2001,46
Lesotho,LSO,2002,50
Lesotho,LSO,2003,47
Lesotho,LSO,2004,56
Lesotho,LSO,2005,68
Lesotho,LSO,2006,80
Lesotho,LSO,2007,80
Lesotho,LSO,2008,80
Lesotho,LSO,2009,81
Lesotho,LSO,2010,81
Lesotho,LSO,2011,82
Lesotho,LSO,2012,82
Lesotho,LSO,2013,82
Lesotho,LSO,2014,82
Lesotho,LSO,2015,82
Lesotho,LSO,2016,82
Lesotho,LSO,2017,82
Lesotho,LSO,2018,82
Lesotho,LSO,2019,82
Lesotho,LSO,2020,69
Liberia,LBR,2019,13
Liberia,LBR,2020,30
Libya,LBY,2001,81
Libya,LBY,2002,86
Libya,LBY,2003,90
Libya,LBY,2004,95
Libya,LBY,2005,95
Libya,LBY,2006,96
Libya,LBY,2007,97
Libya,LBY,2008,97
Libya,LBY,2009,97
Libya,LBY,2010,97
Libya,LBY,2011,97
Libya,LBY,2012,97
Libya,LBY,2013,95
Libya,LBY,2014,92
Libya,LBY,2015,97
Libya,LBY,2016,96
Libya,LBY,2017,94
Libya,LBY,2018,72
Libya,LBY,2019,72
Libya,LBY,2020,72
Lithuania,LTU,2000,97
Lithuania,LTU,2001,96
Lithuania,LTU,2002,95
Lithuania,LTU,2003,93
Lithuania,LTU,2004,93
Lithuania,LTU,2005,95
Lithuania,LTU,2006,94
Lithuania,LTU,2007,96
Lithuania,LTU,2008,96
Lithuania,LTU,2009,94
Lithuania,LTU,2010,95
Lithuania,LTU,2011,94
Lithuania,LTU,2012,93
Lithuania,LTU,2013,92
Lithuania,LTU,2014,92
Lithuania,LTU,2015,92
Lithuania,LTU,2016,92
Lithuania,LTU,2017,92
Lithuania,LTU,2018,92
Lithuania,LTU,2019,93
Lithuania,LTU,2020,91
Luxembourg,LUX,2012,86
Luxembourg,LUX,2013,86
Luxembourg,LUX,2014,86
Luxembourg,LUX,2015,86
Luxembourg,LUX,2016,86
Luxembourg,LUX,2017,86
Luxembourg,LUX,2018,90
Luxembourg,LUX,2019,90
Luxembourg,LUX,2020,90
Madagascar,MDG,2020,24
Malawi,MWI,2015,8
Malawi,MWI,2016,61
Malawi,MWI,2017,67
Malawi,MWI,2018,72
Malawi,MWI,2019,75
Malawi,MWI,2020,75
Malaysia,MYS,2005,91
Malaysia,MYS,2006,90
Malaysia,MYS,2007,92
Malaysia,MYS,2008,93
Malaysia,MYS,2009,95
Malaysia,MYS,2010,95
Malaysia,MYS,2011,95
Malaysia,MYS,2012,99
Malaysia,MYS,2013,99
Malaysia,MYS,2014,99
Malaysia,MYS,2015,99
Malaysia,MYS,2016,99
Malaysia,MYS,2017,99
Malaysia,MYS,2018,88
Malaysia,MYS,2019,87
Malaysia,MYS,2020,84
Maldives,MDV,2007,56
Maldives,MDV,2008,76
Maldives,MDV,2009,96
Maldives,MDV,2010,96
Maldives,MDV,2011,96
Maldives,MDV,2012,99
Maldives,MDV,2013,99
Maldives,MDV,2014,97
Maldives,MDV,2015,99
Maldives,MDV,2016,99
Maldives,MDV,2017,99
Maldives,MDV,2018,99
Maldives,MDV,2019,96
Maldives,MDV,2020,96
Mali,MLI,2019,4
Mali,MLI,2020,26
Malta,MLT,2003,2
Malta,MLT,2004,31
Malta,MLT,2005,60
Malta,MLT,2006,86
Malta,MLT,2007,77
Malta,MLT,2008,83
Malta,MLT,2009,85
Malta,MLT,2010,85
Malta,MLT,2011,85
Malta,MLT,2012,91
Malta,MLT,2013,88
Malta,MLT,2014,94
Malta,MLT,2015,91
Malta,MLT,2016,86
Malta,MLT,2017,83
Malta,MLT,2018,95
Malta,MLT,2019,95
Malta,MLT,2020,99
Marshall Islands,MHL,2000,6
Marshall Islands,MHL,2001,6
Marshall Islands,MHL,2002,70
Marshall Islands,MHL,2003,90
Marshall Islands,MHL,2004,92
Marshall Islands,MHL,2005,71
Marshall Islands,MHL,2006,60
Marshall Islands,MHL,2007,91
Marshall Islands,MHL,2008,79
Marshall Islands,MHL,2009,66
Marshall Islands,MHL,2010,90
Marshall Islands,MHL,2011,74
Marshall Islands,MHL,2012,58
Marshall Islands,MHL,2013,56
Marshall Islands,MHL,2014,53
Marshall Islands,MHL,2015,70
Marshall Islands,MHL,2016,49
Marshall Islands,MHL,2017,62
Marshall Islands,MHL,2018,61
Marshall Islands,MHL,2019,64
Mauritius,MUS,2004,80
Mauritius,MUS,2005,78
Mauritius,MUS,2006,85
Mauritius,MUS,2007,80
Mauritius,MUS,2008,83
Mauritius,MUS,2009,85
Mauritius,MUS,2010,90
Mauritius,MUS,2011,89
Mauritius,MUS,2012,90
Mauritius,MUS,2013,85
Mauritius,MUS,2014,85
Mauritius,MUS,2015,96
Mauritius,MUS,2016,92
Mauritius,MUS,2017,95
Mauritius,MUS,2018,99
Mauritius,MUS,2019,99
Mauritius,MUS,2020,87
Melanesia,OWID_MNS,2000,0
Melanesia,OWID_MNS,2001,0
Melanesia,OWID_MNS,2002,0
Melanesia,OWID_MNS,2003,0
Melanesia,OWID_MNS,2004,0
Melanesia,OWID_MNS,2005,5
Melanesia,OWID_MNS,2006,7
Melanesia,OWID_MNS,2007,7
Melanesia,OWID_MNS,2008,7
Melanesia,OWID_MNS,2009,7
Melanesia,OWID_MNS,2010,6
Melanesia,OWID_MNS,2011,6
Melanesia,OWID_MNS,2012,6
Melanesia,OWID_MNS,2013,7
Melanesia,OWID_MNS,2014,7
Melanesia,OWID_MNS,2015,7
Melanesia,OWID_MNS,2016,7
Melanesia,OWID_MNS,2017,7
Melanesia,OWID_MNS,2018,11
Melanesia,OWID_MNS,2019,27
Melanesia,OWID_MNS,2020,32
Mexico,MEX,2000,98
Mexico,MEX,2001,99
Mexico,MEX,2002,89
Mexico,MEX,2003,96
Mexico,MEX,2004,97
Mexico,MEX,2005,97
Mexico,MEX,2006,91
Mexico,MEX,2007,85
Mexico,MEX,2008,94
Mexico,MEX,2009,92
Mexico,MEX,2010,91
Mexico,MEX,2011,97
Mexico,MEX,2012,92
Mexico,MEX,2013,76
Mexico,MEX,2014,95
Mexico,MEX,2015,96
Mexico,MEX,2016,98
Mexico,MEX,2017,62
Mexico,MEX,2018,99
Mexico,MEX,2019,55
Mexico,MEX,2020,78
Micronesia (country),FSM,2000,50
Micronesia (country),FSM,2001,64
Micronesia (country),FSM,2002,65
Micronesia (country),FSM,2003,66
Micronesia (country),FSM,2004,74
Micronesia (country),FSM,2005,84
Micronesia (country),FSM,2006,85
Micronesia (country),FSM,2007,86
Micronesia (country),FSM,2008,84
Micronesia (country),FSM,2009,82
Micronesia (country),FSM,2010,75
Micronesia (country),FSM,2011,75
Micronesia (country),FSM,2012,70
Micronesia (country),FSM,2013,75
Micronesia (country),FSM,2014,75
Micronesia (country),FSM,2015,74
Micronesia (country),FSM,2016,45
Micronesia (country),FSM,2017,52
Micronesia (country),FSM,2018,48
Micronesia (country),FSM,2019,52
Micronesia (country),FSM,2020,62
Middle Africa,,2000,0
Middle Africa,,2001,0
Middle Africa,,2002,0
Middle Africa,,2003,0
Middle Africa,,2004,0
Middle Africa,,2005,0
Middle Africa,,2006,0
Middle Africa,,2007,0
Middle Africa,,2008,0
Middle Africa,,2009,0
Middle Africa,,2010,0
Middle Africa,,2011,0
Middle Africa,,2012,0
Middle Africa,,2013,0
Middle Africa,,2014,0
Middle Africa,,2015,5
Middle Africa,,2016,5
Middle Africa,,2017,6
Middle Africa,,2018,7
Middle Africa,,2019,9
Middle Africa,,2020,12
Moldova,MDA,2002,69
Moldova,MDA,2003,96
Moldova,MDA,2004,98
Moldova,MDA,2005,98
Moldova,MDA,2006,99
Moldova,MDA,2007,95
Moldova,MDA,2008,97
Moldova,MDA,2009,98
Moldova,MDA,2010,98
Moldova,MDA,2011,96
Moldova,MDA,2012,95
Moldova,MDA,2013,94
Moldova,MDA,2014,93
Moldova,MDA,2015,90
Moldova,MDA,2016,95
Moldova,MDA,2017,92
Moldova,MDA,2018,96
Moldova,MDA,2019,95
Moldova,MDA,2020,93
Monaco,MCO,2014,79
Monaco,MCO,2015,79
Monaco,MCO,2016,79
Monaco,MCO,2017,79
Monaco,MCO,2018,79
Monaco,MCO,2019,79
Mongolia,MNG,2000,75
Mongolia,MNG,2001,95
Mongolia,MNG,2002,96
Mongolia,MNG,2003,98
Mongolia,MNG,2004,98
Mongolia,MNG,2005,98
Mongolia,MNG,2006,96
Mongolia,MNG,2007,97
Mongolia,MNG,2008,96
Mongolia,MNG,2009,97
Mongolia,MNG,2010,95
Mongolia,MNG,2011,98
Mongolia,MNG,2012,98
Mongolia,MNG,2013,97
Mongolia,MNG,2014,98
Mongolia,MNG,2015,98
Mongolia,MNG,2016,90
Mongolia,MNG,2017,98
Mongolia,MNG,2018,98
Mongolia,MNG,2019,98
Mongolia,MNG,2020,96
Montenegro,MNE,2007,95
Montenegro,MNE,2008,96
Montenegro,MNE,2009,96
Montenegro,MNE,2010,97
Montenegro,MNE,2011,97
Montenegro,MNE,2012,97
Montenegro,MNE,2013,94
Montenegro,MNE,2014,95
Montenegro,MNE,2015,94
Montenegro,MNE,2016,86
Montenegro,MNE,2017,83
Montenegro,MNE,2018,86
Montenegro,MNE,2019,81
Montenegro,MNE,2020,76
Morocco,MAR,2004,91
Morocco,MAR,2005,92
Morocco,MAR,2006,92
Morocco,MAR,2007,92
Morocco,MAR,2014,54
Morocco,MAR,2015,95
Morocco,MAR,2016,99
Morocco,MAR,2017,99
Morocco,MAR,2018,99
Morocco,MAR,2019,99
Mozambique,MOZ,2016,36
Mozambique,MOZ,2017,45
Mozambique,MOZ,2018,58
Mozambique,MOZ,2019,64
Mozambique,MOZ,2020,62
Myanmar,MMR,2008,57
Myanmar,MMR,2009,65
Myanmar,MMR,2010,75
Myanmar,MMR,2011,80
Myanmar,MMR,2013,80
Myanmar,MMR,2014,82
Myanmar,MMR,2015,78
Myanmar,MMR,2016,86
Myanmar,MMR,2017,80
Myanmar,MMR,2018,87
Myanmar,MMR,2019,80
Myanmar,MMR,2020,90
Namibia,NAM,2017,32
Namibia,NAM,2018,50
Namibia,NAM,2019,56
Nauru,NRU,2001,95
Nauru,NRU,2002,83
Nauru,NRU,2003,72
Nauru,NRU,2004,60
Nauru,NRU,2005,50
Nauru,NRU,2006,97
Nauru,NRU,2007,99
Nauru,NRU,2008,99
Nauru,NRU,2009,92
Nauru,NRU,2010,99
Nauru,NRU,2011,99
Nauru,NRU,2012,81
Nauru,NRU,2013,88
Nauru,NRU,2014,94
Nauru,NRU,2015,96
Nauru,NRU,2016,97
Nauru,NRU,2017,94
Nauru,NRU,2018,94
Nauru,NRU,2019,95
Nauru,NRU,2020,97
Nepal,NPL,2016,25
Nepal,NPL,2017,59
Nepal,NPL,2018,69
Nepal,NPL,2019,76
Nepal,NPL,2020,74
Netherlands,NLD,2002,96
Netherlands,NLD,2003,98
Netherlands,NLD,2004,98
Netherlands,NLD,2005,93
Netherlands,NLD,2006,92
Netherlands,NLD,2007,92
Netherlands,NLD,2008,93
Netherlands,NLD,2009,93
Netherlands,NLD,2010,92
Netherlands,NLD,2011,93
Netherlands,NLD,2012,93
Netherlands,NLD,2013,92
Netherlands,NLD,2014,93
Netherlands,NLD,2015,92
Netherlands,NLD,2016,91
Netherlands,NLD,2017,90
Netherlands,NLD,2018,89
Netherlands,NLD,2019,90
Netherlands,NLD,2020,89
New Zealand,NZL,2011,86
New Zealand,NZL,2012,85
New Zealand,NZL,2013,86
New Zealand,NZL,2014,86
New Zealand,NZL,2015,87
New Zealand,NZL,2016,89
New Zealand,NZL,2017,90
New Zealand,NZL,2018,90
New Zealand,NZL,2019,90
New Zealand,NZL,2020,91
Nicaragua,NIC,2017,84
Nicaragua,NIC,2018,95
Nicaragua,NIC,2019,99
Nicaragua,NIC,2020,98
Niger,NER,2014,3
Niger,NER,2015,16
Niger,NER,2016,31
Niger,NER,2017,46
Niger,NER,2018,48
Niger,NER,2019,58
Niger,NER,2020,60
Nigeria,NGA,2019,9
Nigeria,NGA,2020,12
Niue,NIU,2000,99
Niue,NIU,2001,99
Niue,NIU,2002,90
Niue,NIU,2003,86
Niue,NIU,2004,99
Niue,NIU,2005,70
Niue,NIU,2006,99
Niue,NIU,2007,99
Niue,NIU,2008,99
Niue,NIU,2009,99
Niue,NIU,2010,99
Niue,NIU,2011,98
Niue,NIU,2012,98
Niue,NIU,2013,99
Niue,NIU,2014,99
Niue,NIU,2015,99
Niue,NIU,2016,99
Niue,NIU,2017,99
Niue,NIU,2018,99
Niue,NIU,2019,99
North Korea,PRK,2008,75
North Korea,PRK,2009,75
North Korea,PRK,2010,76
North Korea,PRK,2011,76
North Korea,PRK,2012,76
North Korea,PRK,2013,76
North Korea,PRK,2014,76
North Korea,PRK,2015,85
North Korea,PRK,2016,98
North Korea,PRK,2017,98
North Korea,PRK,2018,99
North Korea,PRK,2019,98
North Korea,PRK,2020,99
North Macedonia,MKD,2000,95
North Macedonia,MKD,2001,94
North Macedonia,MKD,2002,95
North Macedonia,MKD,2003,97
North Macedonia,MKD,2004,95
North Macedonia,MKD,2005,95
North Macedonia,MKD,2006,96
North Macedonia,MKD,2007,95
North Macedonia,MKD,2008,95
North Macedonia,MKD,2009,97
North Macedonia,MKD,2010,99
North Macedonia,MKD,2011,98
North Macedonia,MKD,2012,96
North Macedonia,MKD,2013,96
North Macedonia,MKD,2014,96
North Macedonia,MKD,2015,93
North Macedonia,MKD,2016,93
North Macedonia,MKD,2017,97
North Macedonia,MKD,2018,94
North Macedonia,MKD,2019,94
North Macedonia,MKD,2020,68
Northern Africa,,2000,53
Northern Africa,,2001,55
Northern Africa,,2002,57
Northern Africa,,2003,57
Northern Africa,,2004,68
Northern Africa,,2005,68
Northern Africa,,2006,68
Northern Africa,,2007,68
Northern Africa,,2008,55
Northern Africa,,2009,55
Northern Africa,,2010,56
Northern Africa,,2011,60
Northern Africa,,2012,64
Northern Africa,,2013,74
Northern Africa,,2014,82
Northern Africa,,2015,89
Northern Africa,,2016,91
Northern Africa,,2017,90
Northern Africa,,2018,86
Northern Africa,,2019,87
Northern Africa,,2020,85
Northern Africa (exc. Sudan),,2000,72
Northern Africa (exc. Sudan),,2001,75
Northern Africa (exc. Sudan),,2002,78
Northern Africa (exc. Sudan),,2003,79
Northern Africa (exc. Sudan),,2004,95
Northern Africa (exc. Sudan),,2005,96
Northern Africa (exc. Sudan),,2006,96
Northern Africa (exc. Sudan),,2007,96
Northern Africa (exc. Sudan),,2008,78
Northern Africa (exc. Sudan),,2009,79
Northern Africa (exc. Sudan),,2010,79
Northern Africa (exc. Sudan),,2011,79
Northern Africa (exc. Sudan),,2012,77
Northern Africa (exc. Sudan),,2013,79
Northern Africa (exc. Sudan),,2014,88
Northern Africa (exc. Sudan),,2015,94
Northern Africa (exc. Sudan),,2016,96
Northern Africa (exc. Sudan),,2017,94
Northern Africa (exc. Sudan),,2018,90
Northern Africa (exc. Sudan),,2019,90
Northern Africa (exc. Sudan),,2020,90
Northern Africa and Western Asia,,2000,35
Northern Africa and Western Asia,,2001,62
Northern Africa and Western Asia,,2002,62
Northern Africa and Western Asia,,2003,63
Northern Africa and Western Asia,,2004,68
Northern Africa and Western Asia,,2005,72
Northern Africa and Western Asia,,2006,70
Northern Africa and Western Asia,,2007,73
Northern Africa and Western Asia,,2008,68
Northern Africa and Western Asia,,2009,69
Northern Africa and Western Asia,,2010,69
Northern Africa and Western Asia,,2011,70
Northern Africa and Western Asia,,2012,70
Northern Africa and Western Asia,,2013,76
Northern Africa and Western Asia,,2014,79
Northern Africa and Western Asia,,2015,83
Northern Africa and Western Asia,,2016,85
Northern Africa and Western Asia,,2017,85
Northern Africa and Western Asia,,2018,84
Northern Africa and Western Asia,,2019,84
Northern Africa and Western Asia,,2020,84
Northern America,,2000,78
Northern America,,2001,79
Northern America,,2002,80
Northern America,,2003,79
Northern America,,2004,79
Northern America,,2005,79
Northern America,,2006,79
Northern America,,2007,79
Northern America,,2008,80
Northern America,,2009,81
Northern America,,2010,82
Northern America,,2011,82
Northern America,,2012,90
Northern America,,2013,91
Northern America,,2014,91
Northern America,,2015,92
Northern America,,2016,93
Northern America,,2017,93
Northern America,,2018,93
Northern America,,2019,94
Northern America,,2020,94
Northern Europe,,2000,67
Northern Europe,,2001,72
Northern Europe,,2002,72
Northern Europe,,2003,74
Northern Europe,,2004,73
Northern Europe,,2005,73
Northern Europe,,2006,72
Northern Europe,,2007,71
Northern Europe,,2008,71
Northern Europe,,2009,74
Northern Europe,,2010,77
Northern Europe,,2011,77
Northern Europe,,2012,79
Northern Europe,,2013,80
Northern Europe,,2014,80
Northern Europe,,2015,80
Northern Europe,,2016,84
Northern Europe,,2017,84
Northern Europe,,2018,85
Northern Europe,,2019,84
Northern Europe,,2020,84
Norway,NOR,2000,90
Norway,NOR,2001,90
Norway,NOR,2002,90
Norway,NOR,2003,89
Norway,NOR,2004,90
Norway,NOR,2005,91
Norway,NOR,2006,91
Norway,NOR,2007,93
Norway,NOR,2008,95
Norway,NOR,2009,96
Norway,NOR,2010,97
Norway,NOR,2011,94
Norway,NOR,2012,91
Norway,NOR,2013,91
Norway,NOR,2014,92
Norway,NOR,2015,91
Norway,NOR,2016,91
Norway,NOR,2017,91
Norway,NOR,2018,93
Norway,NOR,2019,95
Norway,NOR,2020,95
Oceania,,2000,0
Oceania,,2001,1
Oceania,,2002,2
Oceania,,2003,2
Oceania,,2004,41
Oceania,,2005,43
Oceania,,2006,44
Oceania,,2007,45
Oceania,,2008,41
Oceania,,2009,42
Oceania,,2010,45
Oceania,,2011,55
Oceania,,2012,56
Oceania,,2013,58
Oceania,,2014,58
Oceania,,2015,58
Oceania,,2016,58
Oceania,,2017,58
Oceania,,2018,59
Oceania,,2019,67
Oceania,,2020,69
Oceania (exc. Australia and New Zealand),,2000,1
Oceania (exc. Australia and New Zealand),,2001,1
Oceania (exc. Australia and New Zealand),,2002,4
Oceania (exc. Australia and New Zealand),,2003,4
Oceania (exc. Australia and New Zealand),,2004,4
Oceania (exc. Australia and New Zealand),,2005,9
Oceania (exc. Australia and New Zealand),,2006,9
Oceania (exc. Australia and New Zealand),,2007,10
Oceania (exc. Australia and New Zealand),,2008,10
Oceania (exc. Australia and New Zealand),,2009,9
Oceania (exc. Australia and New Zealand),,2010,9
Oceania (exc. Australia and New Zealand),,2011,10
Oceania (exc. Australia and New Zealand),,2012,10
Oceania (exc. Australia and New Zealand),,2013,11
Oceania (exc. Australia and New Zealand),,2014,11
Oceania (exc. Australia and New Zealand),,2015,10
Oceania (exc. Australia and New Zealand),,2016,10
Oceania (exc. Australia and New Zealand),,2017,10
Oceania (exc. Australia and New Zealand),,2018,13
Oceania (exc. Australia and New Zealand),,2019,29
Oceania (exc. Australia and New Zealand),,2020,34
Oman,OMN,2000,99
Oman,OMN,2001,99
Oman,OMN,2002,98
Oman,OMN,2003,98
Oman,OMN,2004,98
Oman,OMN,2005,97
Oman,OMN,2006,97
Oman,OMN,2007,95
Oman,OMN,2008,98
Oman,OMN,2009,99
Oman,OMN,2010,99
Oman,OMN,2011,99
Oman,OMN,2012,99
Oman,OMN,2013,99
Oman,OMN,2014,99
Oman,OMN,2015,98
Oman,OMN,2016,99
Oman,OMN,2017,99
Oman,OMN,2018,99
Oman,OMN,2019,99
Oman,OMN,2020,99
Pakistan,PAK,2009,30
Pakistan,PAK,2010,34
Pakistan,PAK,2011,38
Pakistan,PAK,2012,42
Pakistan,PAK,2013,43
Pakistan,PAK,2014,48
Pakistan,PAK,2015,54
Pakistan,PAK,2016,67
Pakistan,PAK,2017,67
Pakistan,PAK,2018,67
Pakistan,PAK,2019,71
Pakistan,PAK,2020,74
Palau,PLW,2000,75
Palau,PLW,2001,83
Palau,PLW,2002,90
Palau,PLW,2003,94
Palau,PLW,2004,98
Palau,PLW,2005,95
Palau,PLW,2006,98
Palau,PLW,2007,83
Palau,PLW,2008,77
Palau,PLW,2009,79
Palau,PLW,2010,39
Palau,PLW,2011,83
Palau,PLW,2012,86
Palau,PLW,2013,98
Palau,PLW,2014,81
Palau,PLW,2015,82
Palau,PLW,2016,95
Palau,PLW,2017,77
Palau,PLW,2018,75
Palau,PLW,2019,88
Palau,PLW,2020,83
Palestine,PSE,2000,95
Palestine,PSE,2001,94
Palestine,PSE,2002,93
Palestine,PSE,2003,94
Palestine,PSE,2004,94
Palestine,PSE,2005,97
Palestine,PSE,2006,92
Palestine,PSE,2007,87
Palestine,PSE,2008,99
Palestine,PSE,2009,97
Palestine,PSE,2010,94
Palestine,PSE,2011,95
Palestine,PSE,2012,97
Palestine,PSE,2013,98
Palestine,PSE,2014,99
Palestine,PSE,2015,99
Palestine,PSE,2016,99
Palestine,PSE,2017,99
Palestine,PSE,2018,99
Palestine,PSE,2019,99
Palestine,PSE,2020,99
Panama,PAN,2000,88
Panama,PAN,2001,88
Panama,PAN,2002,88
Panama,PAN,2003,89
Panama,PAN,2004,89
Panama,PAN,2005,89
Panama,PAN,2006,86
Panama,PAN,2007,83
Panama,PAN,2008,79
Panama,PAN,2009,76
Panama,PAN,2010,73
Panama,PAN,2011,81
Panama,PAN,2012,72
Panama,PAN,2013,68
Panama,PAN,2014,90
Panama,PAN,2015,92
Panama,PAN,2016,93
Panama,PAN,2017,93
Panama,PAN,2018,99
Panama,PAN,2019,97
Panama,PAN,2020,74
Papua New Guinea,PNG,2019,20
Papua New Guinea,PNG,2020,27
Paraguay,PRY,2005,31
Paraguay,PRY,2006,61
Paraguay,PRY,2007,74
Paraguay,PRY,2008,84
Paraguay,PRY,2009,77
Paraguay,PRY,2010,77
Paraguay,PRY,2011,78
Paraguay,PRY,2012,75
Paraguay,PRY,2013,76
Paraguay,PRY,2014,76
Paraguay,PRY,2015,72
Paraguay,PRY,2016,87
Paraguay,PRY,2017,82
Paraguay,PRY,2018,83
Paraguay,PRY,2019,83
Paraguay,PRY,2020,72
Peru,PER,2007,9
Peru,PER,2008,17
Peru,PER,2009,42
Peru,PER,2010,56
Peru,PER,2011,70
Peru,PER,2012,63
Peru,PER,2013,54
Peru,PER,2014,44
Peru,PER,2015,63
Peru,PER,2016,66
Peru,PER,2017,66
Peru,PER,2018,66
Peru,PER,2019,66
Peru,PER,2020,52
Philippines,PHL,2009,19
Philippines,PHL,2010,10
Philippines,PHL,2011,36
Philippines,PHL,2012,42
Philippines,PHL,2013,54
Philippines,PHL,2014,59
Philippines,PHL,2015,67
Philippines,PHL,2016,66
Philippines,PHL,2017,67
Philippines,PHL,2018,67
Philippines,PHL,2019,68
Philippines,PHL,2020,68
Poland,POL,2000,96
Poland,POL,2001,96
Poland,POL,2002,97
Poland,POL,2003,97
Poland,POL,2004,96
Poland,POL,2005,90
Poland,POL,2006,99
Poland,POL,2007,98
Poland,POL,2008,97
Poland,POL,2009,95
Poland,POL,2010,94
Poland,POL,2011,95
Poland,POL,2012,95
Poland,POL,2013,93
Poland,POL,2014,95
Poland,POL,2015,94
Poland,POL,2016,93
Poland,POL,2017,93
Poland,POL,2018,92
Poland,POL,2019,92
Poland,POL,2020,95
Polynesia,OWID_PYA,2000,3
Polynesia,OWID_PYA,2001,6
Polynesia,OWID_PYA,2002,57
Polynesia,OWID_PYA,2003,77
Polynesia,OWID_PYA,2004,66
Polynesia,OWID_PYA,2005,55
Polynesia,OWID_PYA,2006,43
Polynesia,OWID_PYA,2007,61
Polynesia,OWID_PYA,2008,67
Polynesia,OWID_PYA,2009,46
Polynesia,OWID_PYA,2010,57
Polynesia,OWID_PYA,2011,68
Polynesia,OWID_PYA,2012,68
Polynesia,OWID_PYA,2013,81
Polynesia,OWID_PYA,2014,73
Polynesia,OWID_PYA,2015,65
Polynesia,OWID_PYA,2016,63
Polynesia,OWID_PYA,2017,62
Polynesia,OWID_PYA,2018,42
Polynesia,OWID_PYA,2019,63
Polynesia,OWID_PYA,2020,63
Portugal,PRT,2000,48
Portugal,PRT,2001,56
Portugal,PRT,2002,64
Portugal,PRT,2003,72
Portugal,PRT,2004,79
Portugal,PRT,2005,87
Portugal,PRT,2006,95
Portugal,PRT,2007,95
Portugal,PRT,2008,95
Portugal,PRT,2009,95
Portugal,PRT,2010,95
Portugal,PRT,2011,96
Portugal,PRT,2012,96
Portugal,PRT,2013,96
Portugal,PRT,2014,96
Portugal,PRT,2015,95
Portugal,PRT,2016,95
Portugal,PRT,2017,95
Portugal,PRT,2018,96
Portugal,PRT,2019,96
Portugal,PRT,2020,95
Qatar,QAT,2002,91
Qatar,QAT,2003,91
Qatar,QAT,2004,95
Qatar,QAT,2005,98
Qatar,QAT,2006,87
Qatar,QAT,2007,91
Qatar,QAT,2008,95
Qatar,QAT,2009,99
Qatar,QAT,2010,98
Qatar,QAT,2011,99
Qatar,QAT,2012,99
Qatar,QAT,2013,99
Qatar,QAT,2014,95
Qatar,QAT,2015,91
Qatar,QAT,2016,92
Qatar,QAT,2017,93
Qatar,QAT,2018,95
Qatar,QAT,2019,98
Qatar,QAT,2020,90
Romania,ROU,2000,96
Romania,ROU,2001,97
Romania,ROU,2002,97
Romania,ROU,2003,97
Romania,ROU,2004,96
Romania,ROU,2005,96
Romania,ROU,2006,96
Romania,ROU,2007,96
Romania,ROU,2008,95
Romania,ROU,2009,94
Romania,ROU,2010,93
Romania,ROU,2011,91
Romania,ROU,2012,90
Romania,ROU,2013,88
Romania,ROU,2014,84
Romania,ROU,2015,80
Romania,ROU,2016,76
Romania,ROU,2017,75
Romania,ROU,2018,81
Romania,ROU,2019,76
Romania,ROU,2020,75
Russia,RUS,2000,86
Russia,RUS,2001,88
Russia,RUS,2002,93
Russia,RUS,2003,96
Russia,RUS,2004,97
Russia,RUS,2005,97
Russia,RUS,2006,97
Russia,RUS,2007,97
Russia,RUS,2008,97
Russia,RUS,2009,97
Russia,RUS,2010,98
Russia,RUS,2011,97
Russia,RUS,2012,97
Russia,RUS,2013,97
Russia,RUS,2014,97
Russia,RUS,2015,97
Russia,RUS,2016,97
Russia,RUS,2017,97
Russia,RUS,2018,97
Russia,RUS,2019,97
Russia,RUS,2020,96
Rwanda,RWA,2015,87
Rwanda,RWA,2016,90
Rwanda,RWA,2017,95
Rwanda,RWA,2018,96
Rwanda,RWA,2019,92
Rwanda,RWA,2020,91
Saint Kitts and Nevis,KNA,2000,99
Saint Kitts and Nevis,KNA,2001,99
Saint Kitts and Nevis,KNA,2002,99
Saint Kitts and Nevis,KNA,2003,98
Saint Kitts and Nevis,KNA,2004,98
Saint Kitts and Nevis,KNA,2005,97
Saint Kitts and Nevis,KNA,2006,96
Saint Kitts and Nevis,KNA,2007,95
Saint Kitts and Nevis,KNA,2008,94
Saint Kitts and Nevis,KNA,2009,99
Saint Kitts and Nevis,KNA,2010,99
Saint Kitts and Nevis,KNA,2011,99
Saint Kitts and Nevis,KNA,2012,90
Saint Kitts and Nevis,KNA,2013,94
Saint Kitts and Nevis,KNA,2014,90
Saint Kitts and Nevis,KNA,2015,90
Saint Kitts and Nevis,KNA,2016,96
Saint Kitts and Nevis,KNA,2017,95
Saint Kitts and Nevis,KNA,2018,96
Saint Kitts and Nevis,KNA,2019,98
Saint Kitts and Nevis,KNA,2020,99
Saint Lucia,LCA,2000,89
Saint Lucia,LCA,2001,73
Saint Lucia,LCA,2002,71
Saint Lucia,LCA,2003,69
Saint Lucia,LCA,2004,67
Saint Lucia,LCA,2005,56
Saint Lucia,LCA,2006,45
Saint Lucia,LCA,2007,33
Saint Lucia,LCA,2008,22
Saint Lucia,LCA,2009,63
Saint Lucia,LCA,2010,74
Saint Lucia,LCA,2011,72
Saint Lucia,LCA,2012,80
Saint Lucia,LCA,2013,62
Saint Lucia,LCA,2014,79
Saint Lucia,LCA,2015,95
Saint Lucia,LCA,2016,88
Saint Lucia,LCA,2017,73
Saint Lucia,LCA,2018,68
Saint Lucia,LCA,2019,75
Saint Lucia,LCA,2020,71
Saint Vincent and the Grenadines,VCT,2001,99
Saint Vincent and the Grenadines,VCT,2002,99
Saint Vincent and the Grenadines,VCT,2003,86
Saint Vincent and the Grenadines,VCT,2004,73
Saint Vincent and the Grenadines,VCT,2005,93
Saint Vincent and the Grenadines,VCT,2006,88
Saint Vincent and the Grenadines,VCT,2007,83
Saint Vincent and the Grenadines,VCT,2008,94
Saint Vincent and the Grenadines,VCT,2009,94
Saint Vincent and the Grenadines,VCT,2010,89
Saint Vincent and the Grenadines,VCT,2011,91
Saint Vincent and the Grenadines,VCT,2012,92
Saint Vincent and the Grenadines,VCT,2013,96
Saint Vincent and the Grenadines,VCT,2014,98
Saint Vincent and the Grenadines,VCT,2015,99
Saint Vincent and the Grenadines,VCT,2016,99
Saint Vincent and the Grenadines,VCT,2017,99
Saint Vincent and the Grenadines,VCT,2018,99
Saint Vincent and the Grenadines,VCT,2019,99
Saint Vincent and the Grenadines,VCT,2020,99
Samoa,WSM,2002,84
Samoa,WSM,2003,65
Samoa,WSM,2004,45
Samoa,WSM,2005,26
Samoa,WSM,2006,6
Samoa,WSM,2007,36
Samoa,WSM,2008,46
Samoa,WSM,2009,14
Samoa,WSM,2010,30
Samoa,WSM,2011,50
Samoa,WSM,2012,52
Samoa,WSM,2013,72
Samoa,WSM,2014,63
Samoa,WSM,2015,48
Samoa,WSM,2016,44
Samoa,WSM,2017,42
Samoa,WSM,2018,13
Samoa,WSM,2019,44
Samoa,WSM,2020,44
San Marino,SMR,2003,94
San Marino,SMR,2004,94
San Marino,SMR,2005,94
San Marino,SMR,2006,94
San Marino,SMR,2007,94
San Marino,SMR,2008,92
San Marino,SMR,2009,92
San Marino,SMR,2010,90
San Marino,SMR,2011,92
San Marino,SMR,2012,89
San Marino,SMR,2013,85
San Marino,SMR,2014,86
San Marino,SMR,2015,86
San Marino,SMR,2016,81
San Marino,SMR,2017,78
San Marino,SMR,2018,84
San Marino,SMR,2019,79
San Marino,SMR,2020,79
Sao Tome and Principe,STP,2014,71
Sao Tome and Principe,STP,2015,76
Sao Tome and Principe,STP,2016,76
Sao Tome and Principe,STP,2017,76
Sao Tome and Principe,STP,2018,76
Sao Tome and Principe,STP,2019,81
Saudi Arabia,SAU,2001,96
Saudi Arabia,SAU,2002,96
Saudi Arabia,SAU,2003,97
Saudi Arabia,SAU,2004,97
Saudi Arabia,SAU,2005,97
Saudi Arabia,SAU,2006,97
Saudi Arabia,SAU,2007,98
Saudi Arabia,SAU,2008,98
Saudi Arabia,SAU,2009,98
Saudi Arabia,SAU,2010,98
Saudi Arabia,SAU,2011,97
Saudi Arabia,SAU,2012,98
Saudi Arabia,SAU,2013,99
Saudi Arabia,SAU,2014,98
Saudi Arabia,SAU,2015,96
Saudi Arabia,SAU,2016,96
Saudi Arabia,SAU,2017,96
Saudi Arabia,SAU,2018,97
Saudi Arabia,SAU,2019,96
Saudi Arabia,SAU,2020,96
Senegal,SEN,2014,13
Senegal,SEN,2015,54
Senegal,SEN,2016,57
Senegal,SEN,2017,59
Senegal,SEN,2018,62
Senegal,SEN,2019,68
Senegal,SEN,2020,69
Serbia,SRB,2000,78
Serbia,SRB,2001,74
Serbia,SRB,2002,75
Serbia,SRB,2003,96
Serbia,SRB,2004,96
Serbia,SRB,2005,98
Serbia,SRB,2006,90
Serbia,SRB,2007,96
Serbia,SRB,2008,97
Serbia,SRB,2009,87
Serbia,SRB,2010,91
Serbia,SRB,2011,90
Serbia,SRB,2012,90
Serbia,SRB,2013,82
Serbia,SRB,2014,91
Serbia,SRB,2015,86
Serbia,SRB,2016,90
Serbia,SRB,2017,91
Serbia,SRB,2018,90
Serbia,SRB,2019,91
Serbia,SRB,2020,84
Seychelles,SYC,2001,98
Seychelles,SYC,2002,99
Seychelles,SYC,2003,99
Seychelles,SYC,2004,99
Seychelles,SYC,2005,99
Seychelles,SYC,2006,99
Seychelles,SYC,2007,99
Seychelles,SYC,2008,98
Seychelles,SYC,2009,99
Seychelles,SYC,2010,98
Seychelles,SYC,2011,99
Seychelles,SYC,2012,99
Seychelles,SYC,2013,97
Seychelles,SYC,2014,98
Seychelles,SYC,2015,98
Seychelles,SYC,2016,99
Seychelles,SYC,2017,99
Seychelles,SYC,2018,97
Seychelles,SYC,2019,99
Seychelles,SYC,2020,99
Sierra Leone,SLE,2015,60
Sierra Leone,SLE,2016,50
Sierra Leone,SLE,2017,55
Sierra Leone,SLE,2018,64
Sierra Leone,SLE,2019,72
Sierra Leone,SLE,2020,67
Singapore,SGP,2000,98
Singapore,SGP,2001,96
Singapore,SGP,2002,96
Singapore,SGP,2003,96
Singapore,SGP,2004,96
Singapore,SGP,2005,95
Singapore,SGP,2006,96
Singapore,SGP,2007,96
Singapore,SGP,2008,96
Singapore,SGP,2009,95
Singapore,SGP,2010,96
Singapore,SGP,2011,96
Singapore,SGP,2012,95
Singapore,SGP,2013,90
Singapore,SGP,2014,90
Singapore,SGP,2015,90
Singapore,SGP,2016,88
Singapore,SGP,2017,90
Singapore,SGP,2018,84
Singapore,SGP,2019,84
Slovakia,SVK,2000,99
Slovakia,SVK,2001,99
Slovakia,SVK,2002,99
Slovakia,SVK,2003,99
Slovakia,SVK,2004,98
Slovakia,SVK,2005,98
Slovakia,SVK,2006,99
Slovakia,SVK,2007,98
Slovakia,SVK,2008,99
Slovakia,SVK,2009,99
Slovakia,SVK,2010,99
Slovakia,SVK,2011,99
Slovakia,SVK,2012,99
Slovakia,SVK,2013,99
Slovakia,SVK,2014,98
Slovakia,SVK,2015,98
Slovakia,SVK,2016,97
Slovakia,SVK,2017,97
Slovakia,SVK,2018,97
Slovakia,SVK,2019,98
Slovakia,SVK,2020,98
Slovenia,SVN,2000,98
Slovenia,SVN,2001,98
Slovenia,SVN,2002,98
Slovenia,SVN,2003,98
Slovenia,SVN,2004,99
Slovenia,SVN,2005,99
Slovenia,SVN,2006,99
Slovenia,SVN,2007,98
Slovenia,SVN,2008,98
Slovenia,SVN,2009,98
Slovenia,SVN,2010,96
Slovenia,SVN,2011,96
Slovenia,SVN,2012,96
Slovenia,SVN,2013,95
Slovenia,SVN,2014,94
Slovenia,SVN,2015,96
Slovenia,SVN,2016,93
Slovenia,SVN,2017,94
Slovenia,SVN,2018,94
Slovenia,SVN,2019,94
Slovenia,SVN,2020,91
Small Island Developing States (SIDS),,2000,5
Small Island Developing States (SIDS),,2001,13
Small Island Developing States (SIDS),,2002,13
Small Island Developing States (SIDS),,2003,13
Small Island Developing States (SIDS),,2004,15
Small Island Developing States (SIDS),,2005,23
Small Island Developing States (SIDS),,2006,29
Small Island Developing States (SIDS),,2007,29
Small Island Developing States (SIDS),,2008,27
Small Island Developing States (SIDS),,2009,27
Small Island Developing States (SIDS),,2010,26
Small Island Developing States (SIDS),,2011,26
Small Island Developing States (SIDS),,2012,27
Small Island Developing States (SIDS),,2013,27
Small Island Developing States (SIDS),,2014,27
Small Island Developing States (SIDS),,2015,28
Small Island Developing States (SIDS),,2016,34
Small Island Developing States (SIDS),,2017,35
Small Island Developing States (SIDS),,2018,43
Small Island Developing States (SIDS),,2019,54
Small Island Developing States (SIDS),,2020,54
Solomon Islands,SLB,2018,54
Solomon Islands,SLB,2019,54
Solomon Islands,SLB,2020,51
South Africa,ZAF,2000,62
South Africa,ZAF,2001,54
South Africa,ZAF,2002,46
South Africa,ZAF,2003,52
South Africa,ZAF,2004,51
South Africa,ZAF,2005,48
South Africa,ZAF,2006,53
South Africa,ZAF,2007,49
South Africa,ZAF,2008,54
South Africa,ZAF,2009,63
South Africa,ZAF,2010,55
South Africa,ZAF,2011,54
South Africa,ZAF,2012,53
South Africa,ZAF,2013,50
South Africa,ZAF,2014,55
South Africa,ZAF,2015,59
South Africa,ZAF,2016,69
South Africa,ZAF,2017,78
South Africa,ZAF,2018,75
South Africa,ZAF,2019,79
South Africa,ZAF,2020,76
South America,,2000,61
South America,,2001,61
South America,,2002,58
South America,,2003,52
South America,,2004,54
South America,,2005,51
South America,,2006,50
South America,,2007,48
South America,,2008,50
South America,,2009,57
South America,,2010,59
South America,,2011,68
South America,,2012,67
South America,,2013,65
South America,,2014,77
South America,,2015,75
South America,,2016,74
South America,,2017,75
South America,,2018,75
South America,,2019,62
South America,,2020,55
South Korea,KOR,2000,39
South Korea,KOR,2001,67
South Korea,KOR,2002,95
South Korea,KOR,2003,95
South Korea,KOR,2004,99
South Korea,KOR,2005,99
South Korea,KOR,2006,99
South Korea,KOR,2007,99
South Korea,KOR,2008,99
South Korea,KOR,2009,99
South Korea,KOR,2010,98
South Korea,KOR,2011,98
South Korea,KOR,2012,97
South Korea,KOR,2013,95
South Korea,KOR,2014,96
South Korea,KOR,2015,97
South Korea,KOR,2016,97
South Korea,KOR,2017,97
South Korea,KOR,2018,97
South Korea,KOR,2019,96
South-eastern Asia,,2000,10
South-eastern Asia,,2001,8
South-eastern Asia,,2002,9
South-eastern Asia,,2003,17
South-eastern Asia,,2004,20
South-eastern Asia,,2005,22
South-eastern Asia,,2006,33
South-eastern Asia,,2007,44
South-eastern Asia,,2008,56
South-eastern Asia,,2009,61
South-eastern Asia,,2010,63
South-eastern Asia,,2011,69
South-eastern Asia,,2012,65
South-eastern Asia,,2013,74
South-eastern Asia,,2014,57
South-eastern Asia,,2015,59
South-eastern Asia,,2016,70
South-eastern Asia,,2017,73
South-eastern Asia,,2018,74
South-eastern Asia,,2019,76
South-eastern Asia,,2020,67
Southern Africa,,2000,52
Southern Africa,,2001,48
Southern Africa,,2002,44
Southern Africa,,2003,49
Southern Africa,,2004,48
Southern Africa,,2005,46
Southern Africa,,2006,51
Southern Africa,,2007,48
Southern Africa,,2008,52
Southern Africa,,2009,59
Southern Africa,,2010,52
Southern Africa,,2011,51
Southern Africa,,2012,50
Southern Africa,,2013,51
Southern Africa,,2014,55
Southern Africa,,2015,58
Southern Africa,,2016,67
Southern Africa,,2017,76
Southern Africa,,2018,74
Southern Africa,,2019,78
Southern Africa,,2020,74
Southern Asia,,2000,3
Southern Asia,,2001,3
Southern Asia,,2002,4
Southern Asia,,2003,4
Southern Asia,,2004,4
Southern Asia,,2005,4
Southern Asia,,2006,4
Southern Asia,,2007,4
Southern Asia,,2008,5
Southern Asia,,2009,9
Southern Asia,,2010,10
Southern Asia,,2011,29
Southern Asia,,2012,39
Southern Asia,,2013,53
Southern Asia,,2014,61
Southern Asia,,2015,68
Southern Asia,,2016,75
Southern Asia,,2017,78
Southern Asia,,2018,80
Southern Asia,,2019,82
Southern Asia,,2020,80
Southern Europe,,2000,17
Southern Europe,,2001,24
Southern Europe,,2002,25
Southern Europe,,2003,26
Southern Europe,,2004,51
Southern Europe,,2005,52
Southern Europe,,2006,52
Southern Europe,,2007,59
Southern Europe,,2008,59
Southern Europe,,2009,56
Southern Europe,,2010,57
Southern Europe,,2011,57
Southern Europe,,2012,58
Southern Europe,,2013,88
Southern Europe,,2014,89
Southern Europe,,2015,89
Southern Europe,,2016,88
Southern Europe,,2017,89
Southern Europe,,2018,91
Southern Europe,,2019,91
Southern Europe,,2020,89
Spain,ESP,2004,91
Spain,ESP,2005,92
Spain,ESP,2006,94
Spain,ESP,2007,95
Spain,ESP,2008,94
Spain,ESP,2009,90
Spain,ESP,2010,92
Spain,ESP,2011,91
Spain,ESP,2012,90
Spain,ESP,2013,91
Spain,ESP,2014,93
Spain,ESP,2015,94
Spain,ESP,2016,95
Spain,ESP,2017,93
Spain,ESP,2018,94
Spain,ESP,2019,94
Spain,ESP,2020,94
Sri Lanka,LKA,2001,52
Sri Lanka,LKA,2002,92
Sri Lanka,LKA,2003,90
Sri Lanka,LKA,2004,95
Sri Lanka,LKA,2005,99
Sri Lanka,LKA,2006,98
Sri Lanka,LKA,2007,97
Sri Lanka,LKA,2008,97
Sri Lanka,LKA,2009,97
Sri Lanka,LKA,2010,99
Sri Lanka,LKA,2011,99
Sri Lanka,LKA,2012,99
Sri Lanka,LKA,2013,99
Sri Lanka,LKA,2014,99
Sri Lanka,LKA,2015,99
Sri Lanka,LKA,2016,99
Sri Lanka,LKA,2017,99
Sri Lanka,LKA,2018,99
Sri Lanka,LKA,2019,99
Sri Lanka,LKA,2020,96
Sub-Saharan Africa,,2000,3
Sub-Saharan Africa,,2001,2
Sub-Saharan Africa,,2002,2
Sub-Saharan Africa,,2003,2
Sub-Saharan Africa,,2004,2
Sub-Saharan Africa,,2005,2
Sub-Saharan Africa,,2006,2
Sub-Saharan Africa,,2007,2
Sub-Saharan Africa,,2008,2
Sub-Saharan Africa,,2009,3
Sub-Saharan Africa,,2010,2
Sub-Saharan Africa,,2011,2
Sub-Saharan Africa,,2012,4
Sub-Saharan Africa,,2013,4
Sub-Saharan Africa,,2014,8
Sub-Saharan Africa,,2015,15
Sub-Saharan Africa,,2016,20
Sub-Saharan Africa,,2017,22
Sub-Saharan Africa,,2018,24
Sub-Saharan Africa,,2019,32
Sub-Saharan Africa,,2020,34
Sub-Saharan Africa (inc. Sudan),,2000,3
Sub-Saharan Africa (inc. Sudan),,2001,2
Sub-Saharan Africa (inc. Sudan),,2002,2
Sub-Saharan Africa (inc. Sudan),,2003,2
Sub-Saharan Africa (inc. Sudan),,2004,2
Sub-Saharan Africa (inc. Sudan),,2005,2
Sub-Saharan Africa (inc. Sudan),,2006,2
Sub-Saharan Africa (inc. Sudan),,2007,2
Sub-Saharan Africa (inc. Sudan),,2008,2
Sub-Saharan Africa (inc. Sudan),,2009,3
Sub-Saharan Africa (inc. Sudan),,2010,2
Sub-Saharan Africa (inc. Sudan),,2011,2
Sub-Saharan Africa (inc. Sudan),,2012,5
Sub-Saharan Africa (inc. Sudan),,2013,6
Sub-Saharan Africa (inc. Sudan),,2014,10
Sub-Saharan Africa (inc. Sudan),,2015,17
Sub-Saharan Africa (inc. Sudan),,2016,22
Sub-Saharan Africa (inc. Sudan),,2017,24
Sub-Saharan Africa (inc. Sudan),,2018,26
Sub-Saharan Africa (inc. Sudan),,2019,33
Sub-Saharan Africa (inc. Sudan),,2020,35
Sudan,SDN,2012,24
Sudan,SDN,2013,57
Sudan,SDN,2014,61
Sudan,SDN,2015,69
Sudan,SDN,2016,69
Sudan,SDN,2017,72
Sudan,SDN,2018,72
Sudan,SDN,2019,74
Sudan,SDN,2020,68
Suriname,SUR,2013,33
Suriname,SUR,2014,33
Suriname,SUR,2015,43
Suriname,SUR,2016,58
Suriname,SUR,2017,56
Suriname,SUR,2018,54
Suriname,SUR,2019,58
Suriname,SUR,2020,50
Sweden,SWE,2000,94
Sweden,SWE,2001,94
Sweden,SWE,2002,94
Sweden,SWE,2003,95
Sweden,SWE,2004,95
Sweden,SWE,2005,95
Sweden,SWE,2006,95
Sweden,SWE,2007,95
Sweden,SWE,2008,94
Sweden,SWE,2009,95
Sweden,SWE,2010,94
Sweden,SWE,2011,95
Sweden,SWE,2012,95
Sweden,SWE,2013,95
Sweden,SWE,2014,95
Sweden,SWE,2015,95
Sweden,SWE,2016,95
Sweden,SWE,2017,95
Sweden,SWE,2018,95
Sweden,SWE,2019,95
Sweden,SWE,2020,95
Switzerland,CHE,2005,71
Switzerland,CHE,2006,71
Switzerland,CHE,2007,71
Switzerland,CHE,2008,83
Switzerland,CHE,2009,83
Switzerland,CHE,2010,83
Switzerland,CHE,2011,86
Switzerland,CHE,2012,86
Switzerland,CHE,2013,86
Switzerland,CHE,2014,87
Switzerland,CHE,2015,87
Switzerland,CHE,2016,87
Switzerland,CHE,2017,90
Switzerland,CHE,2018,90
Switzerland,CHE,2019,90
Switzerland,CHE,2020,93
Syria,SYR,2000,80
Syria,SYR,2001,83
Syria,SYR,2002,84
Syria,SYR,2003,83
Syria,SYR,2004,82
Syria,SYR,2005,81
Syria,SYR,2006,81
Syria,SYR,2007,81
Syria,SYR,2008,81
Syria,SYR,2009,82
Syria,SYR,2010,82
Syria,SYR,2011,71
Syria,SYR,2012,53
Syria,SYR,2013,51
Syria,SYR,2014,49
Syria,SYR,2015,47
Syria,SYR,2016,52
Syria,SYR,2017,59
Syria,SYR,2018,54
Syria,SYR,2019,54
Syria,SYR,2020,53
Tajikistan,TJK,2000,59
Tajikistan,TJK,2001,72
Tajikistan,TJK,2002,93
Tajikistan,TJK,2003,94
Tajikistan,TJK,2004,98
Tajikistan,TJK,2005,92
Tajikistan,TJK,2006,96
Tajikistan,TJK,2007,90
Tajikistan,TJK,2008,87
Tajikistan,TJK,2009,93
Tajikistan,TJK,2010,95
Tajikistan,TJK,2011,96
Tajikistan,TJK,2012,97
Tajikistan,TJK,2013,92
Tajikistan,TJK,2014,98
Tajikistan,TJK,2015,94
Tajikistan,TJK,2016,97
Tajikistan,TJK,2017,98
Tajikistan,TJK,2018,97
Tajikistan,TJK,2019,97
Tajikistan,TJK,2020,97
Tanzania,TZA,2014,29
Tanzania,TZA,2015,53
Tanzania,TZA,2016,63
Tanzania,TZA,2017,67
Tanzania,TZA,2018,68
Tanzania,TZA,2019,72
Tanzania,TZA,2020,67
Thailand,THA,2000,99
Thailand,THA,2001,86
Thailand,THA,2002,89
Thailand,THA,2003,92
Thailand,THA,2004,95
Thailand,THA,2005,95
Thailand,THA,2006,94
Thailand,THA,2007,94
Thailand,THA,2008,91
Thailand,THA,2009,91
Thailand,THA,2010,91
Thailand,THA,2011,91
Thailand,THA,2012,91
Thailand,THA,2013,94
Thailand,THA,2014,94
Thailand,THA,2015,95
Thailand,THA,2016,95
Thailand,THA,2017,95
Thailand,THA,2018,87
Thailand,THA,2019,87
Thailand,THA,2020,87
Timor,TLS,2016,30
Timor,TLS,2017,57
Timor,TLS,2018,54
Timor,TLS,2019,80
Timor,TLS,2020,78
Togo,TGO,2019,53
Togo,TGO,2020,46
Tonga,TON,2003,96
Tonga,TON,2004,99
Tonga,TON,2005,98
Tonga,TON,2006,99
Tonga,TON,2007,99
Tonga,TON,2008,98
Tonga,TON,2009,98
Tonga,TON,2010,98
Tonga,TON,2011,99
Tonga,TON,2012,95
Tonga,TON,2013,99
Tonga,TON,2014,92
Tonga,TON,2015,99
Tonga,TON,2016,99
Tonga,TON,2017,99
Tonga,TON,2018,99
Tonga,TON,2019,99
Tonga,TON,2020,99
Trinidad and Tobago,TTO,2001,80
Trinidad and Tobago,TTO,2002,77
Trinidad and Tobago,TTO,2003,73
Trinidad and Tobago,TTO,2004,78
Trinidad and Tobago,TTO,2005,84
Trinidad and Tobago,TTO,2006,78
Trinidad and Tobago,TTO,2007,87
Trinidad and Tobago,TTO,2008,81
Trinidad and Tobago,TTO,2009,80
Trinidad and Tobago,TTO,2010,82
Trinidad and Tobago,TTO,2011,83
Trinidad and Tobago,TTO,2012,85
Trinidad and Tobago,TTO,2013,86
Trinidad and Tobago,TTO,2014,93
Trinidad and Tobago,TTO,2015,79
Trinidad and Tobago,TTO,2016,65
Trinidad and Tobago,TTO,2017,90
Trinidad and Tobago,TTO,2018,92
Trinidad and Tobago,TTO,2019,92
Tunisia,TUN,2000,98
Tunisia,TUN,2001,99
Tunisia,TUN,2002,98
Tunisia,TUN,2003,99
Tunisia,TUN,2004,99
Tunisia,TUN,2005,99
Tunisia,TUN,2006,98
Tunisia,TUN,2007,98
Tunisia,TUN,2008,99
Tunisia,TUN,2009,97
Tunisia,TUN,2010,98
Tunisia,TUN,2011,97
Tunisia,TUN,2012,96
Tunisia,TUN,2013,98
Tunisia,TUN,2014,91
Tunisia,TUN,2015,94
Tunisia,TUN,2016,91
Tunisia,TUN,2017,91
Tunisia,TUN,2018,92
Tunisia,TUN,2019,93
Tunisia,TUN,2020,92
Turkey,TUR,2001,91
Turkey,TUR,2002,83
Turkey,TUR,2003,97
Turkey,TUR,2004,97
Turkey,TUR,2005,98
Turkey,TUR,2006,84
Turkey,TUR,2007,94
Turkey,TUR,2008,92
Turkey,TUR,2009,88
Turkey,TUR,2010,91
Turkey,TUR,2011,86
Turkey,TUR,2012,85
Turkey,TUR,2013,98
Turkey,TUR,2014,88
Turkey,TUR,2015,86
Turkey,TUR,2016,85
Turkey,TUR,2017,86
Turkey,TUR,2018,87
Turkey,TUR,2019,88
Turkey,TUR,2020,93
Turkmenistan,TKM,2000,92
Turkmenistan,TKM,2001,94
Turkmenistan,TKM,2002,87
Turkmenistan,TKM,2003,89
Turkmenistan,TKM,2004,90
Turkmenistan,TKM,2005,98
Turkmenistan,TKM,2006,99
Turkmenistan,TKM,2007,98
Turkmenistan,TKM,2008,99
Turkmenistan,TKM,2009,99
Turkmenistan,TKM,2010,99
Turkmenistan,TKM,2011,99
Turkmenistan,TKM,2012,99
Turkmenistan,TKM,2013,99
Turkmenistan,TKM,2014,99
Turkmenistan,TKM,2015,99
Turkmenistan,TKM,2016,99
Turkmenistan,TKM,2017,99
Turkmenistan,TKM,2018,99
Turkmenistan,TKM,2019,99
Turkmenistan,TKM,2020,99
Tuvalu,TUV,2001,99
Tuvalu,TUV,2002,97
Tuvalu,TUV,2003,93
Tuvalu,TUV,2004,90
Tuvalu,TUV,2005,86
Tuvalu,TUV,2006,83
Tuvalu,TUV,2007,74
Tuvalu,TUV,2008,82
Tuvalu,TUV,2009,84
Tuvalu,TUV,2010,87
Tuvalu,TUV,2011,90
Tuvalu,TUV,2012,93
Tuvalu,TUV,2013,84
Tuvalu,TUV,2014,91
Tuvalu,TUV,2015,86
Tuvalu,TUV,2016,92
Tuvalu,TUV,2017,94
Tuvalu,TUV,2018,81
Tuvalu,TUV,2019,92
Tuvalu,TUV,2020,85
Ukraine,UKR,2000,99
Ukraine,UKR,2001,98
Ukraine,UKR,2002,98
Ukraine,UKR,2003,99
Ukraine,UKR,2004,97
Ukraine,UKR,2005,96
Ukraine,UKR,2006,98
Ukraine,UKR,2007,96
Ukraine,UKR,2008,95
Ukraine,UKR,2009,68
Ukraine,UKR,2010,41
Ukraine,UKR,2011,56
Ukraine,UKR,2012,54
Ukraine,UKR,2013,54
Ukraine,UKR,2014,57
Ukraine,UKR,2015,57
Ukraine,UKR,2016,31
Ukraine,UKR,2017,84
Ukraine,UKR,2018,90
Ukraine,UKR,2019,92
Ukraine,UKR,2020,82
United Arab Emirates,ARE,2000,92
United Arab Emirates,ARE,2001,92
United Arab Emirates,ARE,2002,92
United Arab Emirates,ARE,2003,92
United Arab Emirates,ARE,2004,92
United Arab Emirates,ARE,2005,94
United Arab Emirates,ARE,2006,93
United Arab Emirates,ARE,2007,93
United Arab Emirates,ARE,2008,92
United Arab Emirates,ARE,2009,93
United Arab Emirates,ARE,2010,94
United Arab Emirates,ARE,2011,95
United Arab Emirates,ARE,2012,96
United Arab Emirates,ARE,2013,98
United Arab Emirates,ARE,2014,99
United Arab Emirates,ARE,2015,99
United Arab Emirates,ARE,2016,98
United Arab Emirates,ARE,2017,97
United Arab Emirates,ARE,2018,95
United Arab Emirates,ARE,2019,94
United Arab Emirates,ARE,2020,92
United Kingdom,GBR,2000,76
United Kingdom,GBR,2001,74
United Kingdom,GBR,2002,74
United Kingdom,GBR,2003,77
United Kingdom,GBR,2004,76
United Kingdom,GBR,2005,75
United Kingdom,GBR,2006,75
United Kingdom,GBR,2007,74
United Kingdom,GBR,2008,75
United Kingdom,GBR,2009,79
United Kingdom,GBR,2010,84
United Kingdom,GBR,2011,85
United Kingdom,GBR,2012,87
United Kingdom,GBR,2013,88
United Kingdom,GBR,2014,89
United Kingdom,GBR,2015,89
United Kingdom,GBR,2016,89
United Kingdom,GBR,2017,88
United Kingdom,GBR,2018,88
United Kingdom,GBR,2019,87
United Kingdom,GBR,2020,87
United States,USA,2000,85
United States,USA,2001,86
United States,USA,2002,86
United States,USA,2003,86
United States,USA,2004,86
United States,USA,2005,86
United States,USA,2006,86
United States,USA,2007,86
United States,USA,2008,87
United States,USA,2009,88
United States,USA,2010,89
United States,USA,2011,90
United States,USA,2012,91
United States,USA,2013,91
United States,USA,2014,92
United States,USA,2015,93
United States,USA,2016,94
United States,USA,2017,94
United States,USA,2018,94
United States,USA,2019,95
United States,USA,2020,95
Uruguay,URY,2013,92
Uruguay,URY,2014,93
Uruguay,URY,2015,93
Uruguay,URY,2016,92
Uruguay,URY,2017,92
Uruguay,URY,2018,91
Uruguay,URY,2019,99
Uruguay,URY,2020,91
Uzbekistan,UZB,2000,98
Uzbekistan,UZB,2001,98
Uzbekistan,UZB,2002,97
Uzbekistan,UZB,2003,98
Uzbekistan,UZB,2004,99
Uzbekistan,UZB,2005,81
Uzbekistan,UZB,2006,63
Uzbekistan,UZB,2007,44
Uzbekistan,UZB,2008,26
Uzbekistan,UZB,2009,8
Uzbekistan,UZB,2010,54
Uzbekistan,UZB,2011,99
Uzbekistan,UZB,2012,99
Uzbekistan,UZB,2013,99
Uzbekistan,UZB,2014,99
Uzbekistan,UZB,2015,99
Uzbekistan,UZB,2016,99
Uzbekistan,UZB,2017,99
Uzbekistan,UZB,2018,99
Uzbekistan,UZB,2019,99
Uzbekistan,UZB,2020,99
Venezuela,VEN,2009,6
Venezuela,VEN,2010,31
Venezuela,VEN,2011,26
Venezuela,VEN,2012,33
Venezuela,VEN,2013,38
Venezuela,VEN,2014,50
Venezuela,VEN,2015,52
Venezuela,VEN,2016,53
Venezuela,VEN,2017,59
Venezuela,VEN,2018,39
Venezuela,VEN,2019,13
Venezuela,VEN,2020,28
Vietnam,VNM,2007,18
Vietnam,VNM,2008,97
Vietnam,VNM,2009,96
Vietnam,VNM,2010,98
Vietnam,VNM,2011,93
Vietnam,VNM,2012,83
Vietnam,VNM,2013,86
Vietnam,VNM,2014,94
Vietnam,VNM,2015,92
Vietnam,VNM,2016,95
Vietnam,VNM,2017,93
Vietnam,VNM,2018,90
Vietnam,VNM,2019,92
Vietnam,VNM,2020,93
Western Africa,,2000,0
Western Africa,,2001,0
Western Africa,,2002,0
Western Africa,,2003,0
Western Africa,,2004,0
Western Africa,,2005,0
Western Africa,,2006,0
Western Africa,,2007,0
Western Africa,,2008,0
Western Africa,,2009,0
Western Africa,,2010,0
Western Africa,,2011,0
Western Africa,,2012,4
Western Africa,,2013,4
Western Africa,,2014,7
Western Africa,,2015,12
Western Africa,,2016,14
Western Africa,,2017,16
Western Africa,,2018,17
Western Africa,,2019,24
Western Africa,,2020,26
Western Asia,,2000,18
Western Asia,,2001,68
Western Asia,,2002,66
Western Asia,,2003,69
Western Asia,,2004,68
Western Asia,,2005,75
Western Asia,,2006,71
Western Asia,,2007,77
Western Asia,,2008,80
Western Asia,,2009,81
Western Asia,,2010,82
Western Asia,,2011,79
Western Asia,,2012,75
Western Asia,,2013,78
Western Asia,,2014,77
Western Asia,,2015,77
Western Asia,,2016,78
Western Asia,,2017,81
Western Asia,,2018,80
Western Asia,,2019,81
Western Asia,,2020,82
"Western Asia (exc. Armenia, Azerbaijan, Cyprus, Israel and Georgia)",,2000,18
"Western Asia (exc. Armenia, Azerbaijan, Cyprus, Israel and Georgia)",,2001,68
"Western Asia (exc. Armenia, Azerbaijan, Cyprus, Israel and Georgia)",,2002,65
"Western Asia (exc. Armenia, Azerbaijan, Cyprus, Israel and Georgia)",,2003,69
"Western Asia (exc. Armenia, Azerbaijan, Cyprus, Israel and Georgia)",,2004,68
"Western Asia (exc. Armenia, Azerbaijan, Cyprus, Israel and Georgia)",,2005,75
"Western Asia (exc. Armenia, Azerbaijan, Cyprus, Israel and Georgia)",,2006,70
"Western Asia (exc. Armenia, Azerbaijan, Cyprus, Israel and Georgia)",,2007,77
"Western Asia (exc. Armenia, Azerbaijan, Cyprus, Israel and Georgia)",,2008,79
"Western Asia (exc. Armenia, Azerbaijan, Cyprus, Israel and Georgia)",,2009,81
"Western Asia (exc. Armenia, Azerbaijan, Cyprus, Israel and Georgia)",,2010,81
"Western Asia (exc. Armenia, Azerbaijan, Cyprus, Israel and Georgia)",,2011,78
"Western Asia (exc. Armenia, Azerbaijan, Cyprus, Israel and Georgia)",,2012,74
"Western Asia (exc. Armenia, Azerbaijan, Cyprus, Israel and Georgia)",,2013,76
"Western Asia (exc. Armenia, Azerbaijan, Cyprus, Israel and Georgia)",,2014,75
"Western Asia (exc. Armenia, Azerbaijan, Cyprus, Israel and Georgia)",,2015,76
"Western Asia (exc. Armenia, Azerbaijan, Cyprus, Israel and Georgia)",,2016,77
"Western Asia (exc. Armenia, Azerbaijan, Cyprus, Israel and Georgia)",,2017,79
"Western Asia (exc. Armenia, Azerbaijan, Cyprus, Israel and Georgia)",,2018,79
"Western Asia (exc. Armenia, Azerbaijan, Cyprus, Israel and Georgia)",,2019,80
"Western Asia (exc. Armenia, Azerbaijan, Cyprus, Israel and Georgia)",,2020,82
Western Europe,,2000,2
Western Europe,,2001,2
Western Europe,,2002,41
Western Europe,,2003,43
Western Europe,,2004,45
Western Europe,,2005,48
Western Europe,,2006,52
Western Europe,,2007,51
Western Europe,,2008,53
Western Europe,,2009,53
Western Europe,,2010,78
Western Europe,,2011,80
Western Europe,,2012,83
Western Europe,,2013,84
Western Europe,,2014,86
Western Europe,,2015,86
Western Europe,,2016,87
Western Europe,,2017,87
Western Europe,,2018,88
Western Europe,,2019,88
Western Europe,,2020,88
World,OWID_WRL,2000,18
World,OWID_WRL,2001,20
World,OWID_WRL,2002,20
World,OWID_WRL,2003,21
World,OWID_WRL,2004,22
World,OWID_WRL,2005,33
World,OWID_WRL,2006,35
World,OWID_WRL,2007,36
World,OWID_WRL,2008,38
World,OWID_WRL,2009,41
World,OWID_WRL,2010,42
World,OWID_WRL,2011,48
World,OWID_WRL,2012,51
World,OWID_WRL,2013,57
World,OWID_WRL,2014,59
World,OWID_WRL,2015,63
World,OWID_WRL,2016,67
World,OWID_WRL,2017,68
World,OWID_WRL,2018,70
World,OWID_WRL,2019,71
World,OWID_WRL,2020,70
Yemen,YEM,2005,21
Yemen,YEM,2006,26
Yemen,YEM,2007,32
Yemen,YEM,2008,35
Yemen,YEM,2009,38
Yemen,YEM,2010,43
Yemen,YEM,2011,46
Yemen,YEM,2012,40
Yemen,YEM,2013,47
Yemen,YEM,2014,45
Yemen,YEM,2015,41
Yemen,YEM,2016,49
Yemen,YEM,2017,46
Yemen,YEM,2018,46
Yemen,YEM,2019,46
Yemen,YEM,2020,46
Zambia,ZMB,2014,33
Zambia,ZMB,2015,47
Zambia,ZMB,2016,58
Zambia,ZMB,2017,64
Zambia,ZMB,2018,65
Zambia,ZMB,2019,66
Zambia,ZMB,2020,66
Zimbabwe,ZWE,2016,63
Zimbabwe,ZWE,2017,78
Zimbabwe,ZWE,2018,78
Zimbabwe,ZWE,2019,75
Zimbabwe,ZWE,2020,74