Entity,Code,Year,3.8.1 - Universal health coverage (UHC) service coverage index - SH_ACS_UNHC
Afghanistan,AFG,2000,21
Afghanistan,AFG,2005,26
Afghanistan,AFG,2010,28
Afghanistan,AFG,2015,32
Afghanistan,AFG,2017,36
Afghanistan,AFG,2019,37
Albania,ALB,2000,45
Albania,ALB,2005,55
Albania,ALB,2010,59
Albania,ALB,2015,62
Albania,ALB,2017,62
Albania,ALB,2019,62
Algeria,DZA,2000,61
Algeria,DZA,2005,65
Algeria,DZA,2010,70
Algeria,DZA,2015,75
Algeria,DZA,2017,75
Algeria,DZA,2019,75
Angola,AGO,2000,22
Angola,AGO,2005,23
Angola,AGO,2010,32
Angola,AGO,2015,37
Angola,AGO,2017,39
Angola,AGO,2019,39
Antigua and Barbuda,ATG,2000,44
Antigua and Barbuda,ATG,2005,65
Antigua and Barbuda,ATG,2010,69
Antigua and Barbuda,ATG,2015,72
Antigua and Barbuda,ATG,2017,72
Antigua and Barbuda,ATG,2019,72
Argentina,ARG,2000,68
Argentina,ARG,2005,72
Argentina,ARG,2010,73
Argentina,ARG,2015,74
Argentina,ARG,2017,74
Argentina,ARG,2019,73
Armenia,ARM,2000,46
Armenia,ARM,2005,46
Armenia,ARM,2010,57
Armenia,ARM,2015,65
Armenia,ARM,2017,68
Armenia,ARM,2019,69
Asia,,2000,41
Asia,,2005,47
Asia,,2010,56
Asia,,2015,63
Asia,,2017,66
Asia,,2019,69
Australia,AUS,2000,80
Australia,AUS,2005,82
Australia,AUS,2010,83
Australia,AUS,2015,86
Australia,AUS,2017,87
Australia,AUS,2019,87
Australia and New Zealand,,2000,80
Australia and New Zealand,,2005,81
Australia and New Zealand,,2010,83
Australia and New Zealand,,2015,86
Australia and New Zealand,,2017,86
Australia and New Zealand,,2019,87
Austria,AUT,2000,66
Austria,AUT,2005,72
Austria,AUT,2010,76
Austria,AUT,2015,79
Austria,AUT,2017,81
Austria,AUT,2019,82
Azerbaijan,AZE,2000,44
Azerbaijan,AZE,2005,39
Azerbaijan,AZE,2010,53
Azerbaijan,AZE,2015,61
Azerbaijan,AZE,2017,63
Azerbaijan,AZE,2019,65
Bahamas,BHS,2000,50
Bahamas,BHS,2005,64
Bahamas,BHS,2010,64
Bahamas,BHS,2015,67
Bahamas,BHS,2017,69
Bahamas,BHS,2019,70
Bahrain,BHR,2000,64
Bahrain,BHR,2005,67
Bahrain,BHR,2010,69
Bahrain,BHR,2015,72
Bahrain,BHR,2017,72
Bahrain,BHR,2019,71
Bangladesh,BGD,2000,24
Bangladesh,BGD,2005,26
Bangladesh,BGD,2010,37
Bangladesh,BGD,2015,45
Bangladesh,BGD,2017,48
Bangladesh,BGD,2019,51
Barbados,BRB,2000,41
Barbados,BRB,2005,68
Barbados,BRB,2010,71
Barbados,BRB,2015,73
Barbados,BRB,2017,74
Barbados,BRB,2019,75
Belarus,BLR,2000,50
Belarus,BLR,2005,55
Belarus,BLR,2010,65
Belarus,BLR,2015,69
Belarus,BLR,2017,71
Belarus,BLR,2019,74
Belgium,BEL,2000,76
Belgium,BEL,2005,79
Belgium,BEL,2010,82
Belgium,BEL,2015,84
Belgium,BEL,2017,85
Belgium,BEL,2019,86
Belize,BLZ,2000,46
Belize,BLZ,2005,59
Belize,BLZ,2010,64
Belize,BLZ,2015,64
Belize,BLZ,2017,65
Belize,BLZ,2019,67
Benin,BEN,2000,23
Benin,BEN,2005,24
Benin,BEN,2010,35
Benin,BEN,2015,37
Benin,BEN,2017,38
Benin,BEN,2019,38
Bhutan,BTN,2000,40
Bhutan,BTN,2005,38
Bhutan,BTN,2010,49
Bhutan,BTN,2015,57
Bhutan,BTN,2017,60
Bhutan,BTN,2019,62
Bolivia,BOL,2000,43
Bolivia,BOL,2005,49
Bolivia,BOL,2010,57
Bolivia,BOL,2015,65
Bolivia,BOL,2017,65
Bolivia,BOL,2019,67
Bosnia and Herzegovina,BIH,2000,43
Bosnia and Herzegovina,BIH,2005,59
Bosnia and Herzegovina,BIH,2010,59
Bosnia and Herzegovina,BIH,2015,63
Bosnia and Herzegovina,BIH,2017,65
Bosnia and Herzegovina,BIH,2019,65
Botswana,BWA,2000,32
Botswana,BWA,2005,46
Botswana,BWA,2010,51
Botswana,BWA,2015,53
Botswana,BWA,2017,54
Botswana,BWA,2019,54
Brazil,BRA,2000,69
Brazil,BRA,2005,72
Brazil,BRA,2010,74
Brazil,BRA,2015,75
Brazil,BRA,2017,75
Brazil,BRA,2019,75
Brunei,BRN,2000,55
Brunei,BRN,2005,67
Brunei,BRN,2010,73
Brunei,BRN,2015,73
Brunei,BRN,2017,78
Brunei,BRN,2019,77
Bulgaria,BGR,2000,67
Bulgaria,BGR,2005,63
Bulgaria,BGR,2010,64
Bulgaria,BGR,2015,66
Bulgaria,BGR,2017,67
Bulgaria,BGR,2019,70
Burkina Faso,BFA,2000,19
Burkina Faso,BFA,2005,26
Burkina Faso,BFA,2010,33
Burkina Faso,BFA,2015,39
Burkina Faso,BFA,2017,42
Burkina Faso,BFA,2019,43
Burundi,BDI,2000,17
Burundi,BDI,2005,25
Burundi,BDI,2010,36
Burundi,BDI,2015,40
Burundi,BDI,2017,42
Burundi,BDI,2019,44
Cambodia,KHM,2000,19
Cambodia,KHM,2005,41
Cambodia,KHM,2010,53
Cambodia,KHM,2015,58
Cambodia,KHM,2017,60
Cambodia,KHM,2019,61
Cameroon,CMR,2000,20
Cameroon,CMR,2005,30
Cameroon,CMR,2010,34
Cameroon,CMR,2015,41
Cameroon,CMR,2017,43
Cameroon,CMR,2019,44
Canada,CAN,2000,76
Canada,CAN,2005,81
Canada,CAN,2010,84
Canada,CAN,2015,89
Canada,CAN,2017,89
Canada,CAN,2019,89
Cape Verde,CPV,2000,35
Cape Verde,CPV,2005,54
Cape Verde,CPV,2010,62
Cape Verde,CPV,2015,67
Cape Verde,CPV,2017,68
Cape Verde,CPV,2019,69
Caribbean,,2000,43
Caribbean,,2005,55
Caribbean,,2010,61
Caribbean,,2015,64
Caribbean,,2017,65
Caribbean,,2019,65
Caucasus and Central Asia,,2000,47
Caucasus and Central Asia,,2005,52
Caucasus and Central Asia,,2010,61
Caucasus and Central Asia,,2015,67
Caucasus and Central Asia,,2017,69
Caucasus and Central Asia,,2019,71
Central African Republic,CAF,2000,15
Central African Republic,CAF,2005,20
Central African Republic,CAF,2010,27
Central African Republic,CAF,2015,30
Central African Republic,CAF,2017,30
Central African Republic,CAF,2019,33
Central America,,2000,57
Central America,,2005,63
Central America,,2010,68
Central America,,2015,70
Central America,,2017,71
Central America,,2019,72
Central Asia,,2000,47
Central Asia,,2005,54
Central Asia,,2010,62
Central Asia,,2015,68
Central Asia,,2017,70
Central Asia,,2019,72
Central and Southern Asia,,2000,30
Central and Southern Asia,,2005,34
Central and Southern Asia,,2010,46
Central and Southern Asia,,2015,53
Central and Southern Asia,,2017,55
Central and Southern Asia,,2019,59
Chad,TCD,2000,16
Chad,TCD,2005,16
Chad,TCD,2010,24
Chad,TCD,2015,28
Chad,TCD,2017,29
Chad,TCD,2019,28
Chile,CHL,2000,63
Chile,CHL,2005,71
Chile,CHL,2010,73
Chile,CHL,2015,77
Chile,CHL,2017,78
Chile,CHL,2019,80
China,CHN,2000,50
China,CHN,2005,60
China,CHN,2010,68
China,CHN,2015,77
China,CHN,2017,80
China,CHN,2019,82
Colombia,COL,2000,51
Colombia,COL,2005,64
Colombia,COL,2010,69
Colombia,COL,2015,76
Colombia,COL,2017,77
Colombia,COL,2019,78
Comoros,COM,2000,26
Comoros,COM,2005,32
Comoros,COM,2010,38
Comoros,COM,2015,41
Comoros,COM,2017,42
Comoros,COM,2019,44
Congo,COG,2000,21
Congo,COG,2005,29
Congo,COG,2010,34
Congo,COG,2015,40
Congo,COG,2017,39
Congo,COG,2019,41
Costa Rica,CRI,2000,65
Costa Rica,CRI,2005,69
Costa Rica,CRI,2010,73
Costa Rica,CRI,2015,74
Costa Rica,CRI,2017,77
Costa Rica,CRI,2019,78
Cote d'Ivoire,CIV,2000,19
Cote d'Ivoire,CIV,2005,27
Cote d'Ivoire,CIV,2010,35
Cote d'Ivoire,CIV,2015,43
Cote d'Ivoire,CIV,2017,45
Cote d'Ivoire,CIV,2019,45
Croatia,HRV,2000,67
Croatia,HRV,2005,69
Croatia,HRV,2010,70
Croatia,HRV,2015,71
Croatia,HRV,2017,72
Croatia,HRV,2019,73
Cuba,CUB,2000,57
Cuba,CUB,2005,72
Cuba,CUB,2010,77
Cuba,CUB,2015,80
Cuba,CUB,2017,81
Cuba,CUB,2019,80
Cyprus,CYP,2000,53
Cyprus,CYP,2005,68
Cyprus,CYP,2010,72
Cyprus,CYP,2015,77
Cyprus,CYP,2017,79
Cyprus,CYP,2019,79
Czechia,CZE,2000,72
Czechia,CZE,2005,71
Czechia,CZE,2010,73
Czechia,CZE,2015,76
Czechia,CZE,2017,78
Czechia,CZE,2019,78
Democratic Republic of Congo,COD,2000,22
Democratic Republic of Congo,COD,2005,25
Democratic Republic of Congo,COD,2010,31
Democratic Republic of Congo,COD,2015,35
Democratic Republic of Congo,COD,2017,37
Democratic Republic of Congo,COD,2019,39
Denmark,DNK,2000,77
Denmark,DNK,2005,78
Denmark,DNK,2010,80
Denmark,DNK,2015,83
Denmark,DNK,2017,84
Denmark,DNK,2019,85
"Developed regions (Europe, Cyprus, Israel, Northern America, Japan, Australia & New Zealand)",,2000,69
"Developed regions (Europe, Cyprus, Israel, Northern America, Japan, Australia & New Zealand)",,2005,72
"Developed regions (Europe, Cyprus, Israel, Northern America, Japan, Australia & New Zealand)",,2010,77
"Developed regions (Europe, Cyprus, Israel, Northern America, Japan, Australia & New Zealand)",,2015,80
"Developed regions (Europe, Cyprus, Israel, Northern America, Japan, Australia & New Zealand)",,2017,81
"Developed regions (Europe, Cyprus, Israel, Northern America, Japan, Australia & New Zealand)",,2019,82
Developing regions,,2000,40
Developing regions,,2005,46
Developing regions,,2010,54
Developing regions,,2015,60
Developing regions,,2017,62
Developing regions,,2019,65
Djibouti,DJI,2000,27
Djibouti,DJI,2005,32
Djibouti,DJI,2010,40
Djibouti,DJI,2015,44
Djibouti,DJI,2017,49
Djibouti,DJI,2019,48
Dominican Republic,DOM,2000,46
Dominican Republic,DOM,2005,49
Dominican Republic,DOM,2010,60
Dominican Republic,DOM,2015,63
Dominican Republic,DOM,2017,64
Dominican Republic,DOM,2019,66
Eastern Africa,,2000,22
Eastern Africa,,2005,27
Eastern Africa,,2010,36
Eastern Africa,,2015,42
Eastern Africa,,2017,43
Eastern Africa,,2019,45
Eastern Asia,,2000,53
Eastern Asia,,2005,61
Eastern Asia,,2010,69
Eastern Asia,,2015,77
Eastern Asia,,2017,80
Eastern Asia,,2019,82
Eastern Asia (excluding Japan),,2000,51
Eastern Asia (excluding Japan),,2005,60
Eastern Asia (excluding Japan),,2010,68
Eastern Asia (excluding Japan),,2015,77
Eastern Asia (excluding Japan),,2017,80
Eastern Asia (excluding Japan),,2019,82
Eastern Europe,,2000,55
Eastern Europe,,2005,54
Eastern Europe,,2010,66
Eastern Europe,,2015,70
Eastern Europe,,2017,73
Eastern Europe,,2019,74
Eastern and South-Eastern Asia,,2000,47
Eastern and South-Eastern Asia,,2005,56
Eastern and South-Eastern Asia,,2010,64
Eastern and South-Eastern Asia,,2015,72
Eastern and South-Eastern Asia,,2017,75
Eastern and South-Eastern Asia,,2019,77
Ecuador,ECU,2000,56
Ecuador,ECU,2005,62
Ecuador,ECU,2010,73
Ecuador,ECU,2015,76
Ecuador,ECU,2017,78
Ecuador,ECU,2019,80
Egypt,EGY,2000,42
Egypt,EGY,2005,46
Egypt,EGY,2010,59
Egypt,EGY,2015,62
Egypt,EGY,2017,65
Egypt,EGY,2019,70
El Salvador,SLV,2000,50
El Salvador,SLV,2005,63
El Salvador,SLV,2010,69
El Salvador,SLV,2015,73
El Salvador,SLV,2017,74
El Salvador,SLV,2019,76
Equatorial Guinea,GNQ,2000,27
Equatorial Guinea,GNQ,2005,30
Equatorial Guinea,GNQ,2010,37
Equatorial Guinea,GNQ,2015,40
Equatorial Guinea,GNQ,2017,43
Equatorial Guinea,GNQ,2019,43
Eritrea,ERI,2000,29
Eritrea,ERI,2005,36
Eritrea,ERI,2010,44
Eritrea,ERI,2015,46
Eritrea,ERI,2017,48
Eritrea,ERI,2019,50
Estonia,EST,2000,60
Estonia,EST,2005,61
Estonia,EST,2010,71
Estonia,EST,2015,76
Estonia,EST,2017,77
Estonia,EST,2019,78
Eswatini,SWZ,2000,34
Eswatini,SWZ,2005,46
Eswatini,SWZ,2010,52
Eswatini,SWZ,2015,54
Eswatini,SWZ,2017,57
Eswatini,SWZ,2019,58
Ethiopia,ETH,2000,16
Ethiopia,ETH,2005,20
Ethiopia,ETH,2010,31
Ethiopia,ETH,2015,37
Ethiopia,ETH,2017,37
Ethiopia,ETH,2019,38
Europe,,2000,66
Europe,,2005,68
Europe,,2010,75
Europe,,2015,78
Europe,,2017,79
Europe,,2019,80
Europe and Northern America,,2000,69
Europe and Northern America,,2005,71
Europe and Northern America,,2010,77
Europe and Northern America,,2015,79
Europe and Northern America,,2017,80
Europe and Northern America,,2019,81
Fiji,FJI,2000,45
Fiji,FJI,2005,53
Fiji,FJI,2010,56
Fiji,FJI,2015,58
Fiji,FJI,2017,59
Fiji,FJI,2019,61
Finland,FIN,2000,75
Finland,FIN,2005,80
Finland,FIN,2010,82
Finland,FIN,2015,84
Finland,FIN,2017,83
Finland,FIN,2019,83
France,FRA,2000,81
France,FRA,2005,82
France,FRA,2010,83
France,FRA,2015,83
France,FRA,2017,84
France,FRA,2019,84
Gabon,GAB,2000,30
Gabon,GAB,2005,39
Gabon,GAB,2010,46
Gabon,GAB,2015,51
Gabon,GAB,2017,51
Gabon,GAB,2019,49
Gambia,GMB,2000,31
Gambia,GMB,2005,37
Gambia,GMB,2010,41
Gambia,GMB,2015,45
Gambia,GMB,2017,46
Gambia,GMB,2019,48
Georgia,GEO,2000,45
Georgia,GEO,2005,57
Georgia,GEO,2010,63
Georgia,GEO,2015,65
Georgia,GEO,2017,65
Georgia,GEO,2019,65
Germany,DEU,2000,76
Germany,DEU,2005,80
Germany,DEU,2010,82
Germany,DEU,2015,84
Germany,DEU,2017,85
Germany,DEU,2019,86
Ghana,GHA,2000,24
Ghana,GHA,2005,25
Ghana,GHA,2010,34
Ghana,GHA,2015,41
Ghana,GHA,2017,42
Ghana,GHA,2019,45
Greece,GRC,2000,66
Greece,GRC,2005,70
Greece,GRC,2010,72
Greece,GRC,2015,75
Greece,GRC,2017,77
Greece,GRC,2019,78
Grenada,GRD,2000,41
Grenada,GRD,2005,61
Grenada,GRD,2010,65
Grenada,GRD,2015,67
Grenada,GRD,2017,69
Grenada,GRD,2019,70
Guatemala,GTM,2000,44
Guatemala,GTM,2005,53
Guatemala,GTM,2010,59
Guatemala,GTM,2015,57
Guatemala,GTM,2017,56
Guatemala,GTM,2019,57
Guinea,GIN,2000,16
Guinea,GIN,2005,22
Guinea,GIN,2010,29
Guinea,GIN,2015,33
Guinea,GIN,2017,35
Guinea,GIN,2019,37
Guinea-Bissau,GNB,2000,17
Guinea-Bissau,GNB,2005,22
Guinea-Bissau,GNB,2010,30
Guinea-Bissau,GNB,2015,38
Guinea-Bissau,GNB,2017,38
Guinea-Bissau,GNB,2019,37
Guyana,GUY,2000,49
Guyana,GUY,2005,63
Guyana,GUY,2010,69
Guyana,GUY,2015,72
Guyana,GUY,2017,73
Guyana,GUY,2019,74
Haiti,HTI,2000,23
Haiti,HTI,2005,33
Haiti,HTI,2010,42
Haiti,HTI,2015,44
Haiti,HTI,2017,47
Haiti,HTI,2019,47
Honduras,HND,2000,42
Honduras,HND,2005,52
Honduras,HND,2010,57
Honduras,HND,2015,61
Honduras,HND,2017,60
Honduras,HND,2019,63
Hungary,HUN,2000,67
Hungary,HUN,2005,67
Hungary,HUN,2010,67
Hungary,HUN,2015,70
Hungary,HUN,2017,71
Hungary,HUN,2019,73
Iceland,ISL,2000,77
Iceland,ISL,2005,81
Iceland,ISL,2010,83
Iceland,ISL,2015,85
Iceland,ISL,2017,86
Iceland,ISL,2019,87
India,IND,2000,31
India,IND,2005,33
India,IND,2010,48
India,IND,2015,55
India,IND,2017,57
India,IND,2019,61
Indonesia,IDN,2000,22
Indonesia,IDN,2005,33
Indonesia,IDN,2010,45
Indonesia,IDN,2015,52
Indonesia,IDN,2017,55
Indonesia,IDN,2019,59
Iran,IRN,2000,37
Iran,IRN,2005,49
Iran,IRN,2010,57
Iran,IRN,2015,69
Iran,IRN,2017,74
Iran,IRN,2019,77
Iraq,IRQ,2000,43
Iraq,IRQ,2005,46
Iraq,IRQ,2010,47
Iraq,IRQ,2015,49
Iraq,IRQ,2017,53
Iraq,IRQ,2019,55
Ireland,IRL,2000,75
Ireland,IRL,2005,78
Ireland,IRL,2010,79
Ireland,IRL,2015,82
Ireland,IRL,2017,82
Ireland,IRL,2019,83
Israel,ISR,2000,77
Israel,ISR,2005,80
Israel,ISR,2010,82
Israel,ISR,2015,83
Israel,ISR,2017,84
Israel,ISR,2019,84
Italy,ITA,2000,70
Italy,ITA,2005,76
Italy,ITA,2010,79
Italy,ITA,2015,81
Italy,ITA,2017,82
Italy,ITA,2019,83
Jamaica,JAM,2000,37
Jamaica,JAM,2005,61
Jamaica,JAM,2010,66
Jamaica,JAM,2015,68
Jamaica,JAM,2017,69
Jamaica,JAM,2019,70
Japan,JPN,2000,70
Japan,JPN,2005,77
Japan,JPN,2010,80
Japan,JPN,2015,83
Japan,JPN,2017,84
Japan,JPN,2019,85
Jordan,JOR,2000,57
Jordan,JOR,2005,59
Jordan,JOR,2010,61
Jordan,JOR,2015,60
Jordan,JOR,2017,61
Jordan,JOR,2019,60
Kazakhstan,KAZ,2000,39
Kazakhstan,KAZ,2005,57
Kazakhstan,KAZ,2010,64
Kazakhstan,KAZ,2015,71
Kazakhstan,KAZ,2017,74
Kazakhstan,KAZ,2019,76
Kenya,KEN,2000,31
Kenya,KEN,2005,37
Kenya,KEN,2010,47
Kenya,KEN,2015,52
Kenya,KEN,2017,54
Kenya,KEN,2019,56
Kiribati,KIR,2000,30
Kiribati,KIR,2005,35
Kiribati,KIR,2010,44
Kiribati,KIR,2015,48
Kiribati,KIR,2017,50
Kiribati,KIR,2019,51
Kuwait,KWT,2000,67
Kuwait,KWT,2005,68
Kuwait,KWT,2010,66
Kuwait,KWT,2015,67
Kuwait,KWT,2017,68
Kuwait,KWT,2019,70
Kyrgyzstan,KGZ,2000,52
Kyrgyzstan,KGZ,2005,57
Kyrgyzstan,KGZ,2010,61
Kyrgyzstan,KGZ,2015,69
Kyrgyzstan,KGZ,2017,71
Kyrgyzstan,KGZ,2019,70
Landlocked developing countries (LLDCs),,2000,27
Landlocked developing countries (LLDCs),,2005,32
Landlocked developing countries (LLDCs),,2010,41
Landlocked developing countries (LLDCs),,2015,46
Landlocked developing countries (LLDCs),,2017,47
Landlocked developing countries (LLDCs),,2019,49
Laos,LAO,2000,26
Laos,LAO,2005,34
Laos,LAO,2010,39
Laos,LAO,2015,46
Laos,LAO,2017,48
Laos,LAO,2019,50
Latin America and the Caribbean,,2000,59
Latin America and the Caribbean,,2005,66
Latin America and the Caribbean,,2010,70
Latin America and the Caribbean,,2015,73
Latin America and the Caribbean,,2017,73
Latin America and the Caribbean,,2019,74
Latvia,LVA,2000,51
Latvia,LVA,2005,56
Latvia,LVA,2010,63
Latvia,LVA,2015,66
Latvia,LVA,2017,70
Latvia,LVA,2019,72
Least developed countries (LDCs),,2000,22
Least developed countries (LDCs),,2005,26
Least developed countries (LDCs),,2010,36
Least developed countries (LDCs),,2015,41
Least developed countries (LDCs),,2017,43
Least developed countries (LDCs),,2019,45
Lebanon,LBN,2000,54
Lebanon,LBN,2005,62
Lebanon,LBN,2010,66
Lebanon,LBN,2015,68
Lebanon,LBN,2017,69
Lebanon,LBN,2019,72
Lesotho,LSO,2000,27
Lesotho,LSO,2005,33
Lesotho,LSO,2010,43
Lesotho,LSO,2015,46
Lesotho,LSO,2017,48
Lesotho,LSO,2019,48
Liberia,LBR,2000,23
Liberia,LBR,2005,24
Liberia,LBR,2010,35
Liberia,LBR,2015,38
Liberia,LBR,2017,39
Liberia,LBR,2019,42
Libya,LBY,2000,53
Libya,LBY,2005,55
Libya,LBY,2010,58
Libya,LBY,2015,57
Libya,LBY,2017,60
Libya,LBY,2019,60
Lithuania,LTU,2000,47
Lithuania,LTU,2005,53
Lithuania,LTU,2010,58
Lithuania,LTU,2015,65
Lithuania,LTU,2017,67
Lithuania,LTU,2019,70
Luxembourg,LUX,2000,77
Luxembourg,LUX,2005,79
Luxembourg,LUX,2010,80
Luxembourg,LUX,2015,83
Luxembourg,LUX,2017,84
Luxembourg,LUX,2019,87
Madagascar,MDG,2000,19
Madagascar,MDG,2005,23
Madagascar,MDG,2010,28
Madagascar,MDG,2015,31
Madagascar,MDG,2017,31
Madagascar,MDG,2019,35
Malawi,MWI,2000,25
Malawi,MWI,2005,31
Malawi,MWI,2010,40
Malawi,MWI,2015,43
Malawi,MWI,2017,47
Malawi,MWI,2019,48
Malaysia,MYS,2000,48
Malaysia,MYS,2005,64
Malaysia,MYS,2010,68
Malaysia,MYS,2015,73
Malaysia,MYS,2017,76
Malaysia,MYS,2019,76
Maldives,MDV,2000,46
Maldives,MDV,2005,49
Maldives,MDV,2010,62
Maldives,MDV,2015,68
Maldives,MDV,2017,71
Maldives,MDV,2019,69
Mali,MLI,2000,21
Mali,MLI,2005,26
Mali,MLI,2010,36
Mali,MLI,2015,38
Mali,MLI,2017,39
Mali,MLI,2019,42
Malta,MLT,2000,72
Malta,MLT,2005,72
Malta,MLT,2010,74
Malta,MLT,2015,79
Malta,MLT,2017,80
Malta,MLT,2019,81
Mauritania,MRT,2000,18
Mauritania,MRT,2005,26
Mauritania,MRT,2010,33
Mauritania,MRT,2015,34
Mauritania,MRT,2017,41
Mauritania,MRT,2019,40
Mauritius,MUS,2000,43
Mauritius,MUS,2005,52
Mauritius,MUS,2010,57
Mauritius,MUS,2015,63
Mauritius,MUS,2017,64
Mauritius,MUS,2019,65
Melanesia,OWID_MNS,2000,30
Melanesia,OWID_MNS,2005,32
Melanesia,OWID_MNS,2010,39
Melanesia,OWID_MNS,2015,41
Melanesia,OWID_MNS,2017,40
Melanesia,OWID_MNS,2019,37
Mexico,MEX,2000,60
Mexico,MEX,2005,65
Mexico,MEX,2010,70
Mexico,MEX,2015,73
Mexico,MEX,2017,73
Mexico,MEX,2019,74
Micronesia (country),FSM,2000,41
Micronesia (country),FSM,2005,43
Micronesia (country),FSM,2010,49
Micronesia (country),FSM,2015,46
Micronesia (country),FSM,2017,47
Micronesia (country),FSM,2019,48
Middle Africa,,2000,21
Middle Africa,,2005,25
Middle Africa,,2010,31
Middle Africa,,2015,36
Middle Africa,,2017,38
Middle Africa,,2019,39
Moldova,MDA,2000,49
Moldova,MDA,2005,50
Moldova,MDA,2010,58
Moldova,MDA,2015,64
Moldova,MDA,2017,66
Moldova,MDA,2019,67
Mongolia,MNG,2000,45
Mongolia,MNG,2005,43
Mongolia,MNG,2010,54
Mongolia,MNG,2015,62
Mongolia,MNG,2017,63
Mongolia,MNG,2019,63
Montenegro,MNE,2000,57
Montenegro,MNE,2005,61
Montenegro,MNE,2010,63
Montenegro,MNE,2015,64
Montenegro,MNE,2017,65
Montenegro,MNE,2019,67
Morocco,MAR,2000,45
Morocco,MAR,2005,55
Morocco,MAR,2010,63
Morocco,MAR,2015,70
Morocco,MAR,2017,71
Morocco,MAR,2019,73
Mozambique,MOZ,2000,23
Mozambique,MOZ,2005,27
Mozambique,MOZ,2010,35
Mozambique,MOZ,2015,43
Mozambique,MOZ,2017,46
Mozambique,MOZ,2019,47
Myanmar,MMR,2000,27
Myanmar,MMR,2005,34
Myanmar,MMR,2010,45
Myanmar,MMR,2015,54
Myanmar,MMR,2017,56
Myanmar,MMR,2019,61
Namibia,NAM,2000,38
Namibia,NAM,2005,47
Namibia,NAM,2010,54
Namibia,NAM,2015,59
Namibia,NAM,2017,59
Namibia,NAM,2019,62
Nepal,NPL,2000,20
Nepal,NPL,2005,24
Nepal,NPL,2010,37
Nepal,NPL,2015,45
Nepal,NPL,2017,48
Nepal,NPL,2019,53
Netherlands,NLD,2000,79
Netherlands,NLD,2005,80
Netherlands,NLD,2010,82
Netherlands,NLD,2015,85
Netherlands,NLD,2017,85
Netherlands,NLD,2019,86
New Zealand,NZL,2000,78
New Zealand,NZL,2005,81
New Zealand,NZL,2010,82
New Zealand,NZL,2015,84
New Zealand,NZL,2017,85
New Zealand,NZL,2019,86
Nicaragua,NIC,2000,47
Nicaragua,NIC,2005,52
Nicaragua,NIC,2010,63
Nicaragua,NIC,2015,68
Nicaragua,NIC,2017,68
Nicaragua,NIC,2019,70
Niger,NER,2000,17
Niger,NER,2005,21
Niger,NER,2010,32
Niger,NER,2015,34
Niger,NER,2017,34
Niger,NER,2019,37
Nigeria,NGA,2000,20
Nigeria,NGA,2005,28
Nigeria,NGA,2010,38
Nigeria,NGA,2015,40
Nigeria,NGA,2017,41
Nigeria,NGA,2019,45
North Korea,PRK,2000,43
North Korea,PRK,2005,45
North Korea,PRK,2010,49
North Korea,PRK,2015,39
North Korea,PRK,2017,68
North Korea,PRK,2019,68
North Macedonia,MKD,2000,57
North Macedonia,MKD,2005,57
North Macedonia,MKD,2010,62
North Macedonia,MKD,2015,66
North Macedonia,MKD,2017,67
North Macedonia,MKD,2019,68
Northern Africa,,2000,44
Northern Africa,,2005,49
Northern Africa,,2010,58
Northern Africa,,2015,62
Northern Africa,,2017,64
Northern Africa,,2019,66
Northern Africa (exc. Sudan),,2000,47
Northern Africa (exc. Sudan),,2005,53
Northern Africa (exc. Sudan),,2010,63
Northern Africa (exc. Sudan),,2015,66
Northern Africa (exc. Sudan),,2017,68
Northern Africa (exc. Sudan),,2019,71
Northern Africa and Western Asia,,2000,49
Northern Africa and Western Asia,,2005,54
Northern Africa and Western Asia,,2010,60
Northern Africa and Western Asia,,2015,64
Northern Africa and Western Asia,,2017,65
Northern Africa and Western Asia,,2019,67
Northern America,,2000,76
Northern America,,2005,79
Northern America,,2010,80
Northern America,,2015,82
Northern America,,2017,83
Northern America,,2019,83
Northern Europe,,2000,73
Northern Europe,,2005,78
Northern Europe,,2010,82
Northern Europe,,2015,85
Northern Europe,,2017,85
Northern Europe,,2019,86
Norway,NOR,2000,74
Norway,NOR,2005,80
Norway,NOR,2010,82
Norway,NOR,2015,84
Norway,NOR,2017,85
Norway,NOR,2019,86
Oceania,,2000,67
Oceania,,2005,69
Oceania,,2010,72
Oceania,,2015,74
Oceania,,2017,74
Oceania,,2019,74
Oceania (exc. Australia and New Zealand),,2000,31
Oceania (exc. Australia and New Zealand),,2005,33
Oceania (exc. Australia and New Zealand),,2010,40
Oceania (exc. Australia and New Zealand),,2015,42
Oceania (exc. Australia and New Zealand),,2017,40
Oceania (exc. Australia and New Zealand),,2019,38
Oman,OMN,2000,63
Oman,OMN,2005,64
Oman,OMN,2010,67
Oman,OMN,2015,67
Oman,OMN,2017,69
Oman,OMN,2019,69
Pakistan,PAK,2000,23
Pakistan,PAK,2005,32
Pakistan,PAK,2010,36
Pakistan,PAK,2015,41
Pakistan,PAK,2017,43
Pakistan,PAK,2019,45
Panama,PAN,2000,64
Panama,PAN,2005,69
Panama,PAN,2010,72
Panama,PAN,2015,74
Panama,PAN,2017,76
Panama,PAN,2019,77
Papua New Guinea,PNG,2000,27
Papua New Guinea,PNG,2005,29
Papua New Guinea,PNG,2010,36
Papua New Guinea,PNG,2015,38
Papua New Guinea,PNG,2017,37
Papua New Guinea,PNG,2019,33
Paraguay,PRY,2000,43
Paraguay,PRY,2005,49
Paraguay,PRY,2010,55
Paraguay,PRY,2015,59
Paraguay,PRY,2017,60
Paraguay,PRY,2019,61
Peru,PER,2000,41
Peru,PER,2005,60
Peru,PER,2010,72
Peru,PER,2015,76
Peru,PER,2017,77
Peru,PER,2019,78
Philippines,PHL,2000,35
Philippines,PHL,2005,37
Philippines,PHL,2010,43
Philippines,PHL,2015,49
Philippines,PHL,2017,53
Philippines,PHL,2019,55
Poland,POL,2000,63
Poland,POL,2005,68
Poland,POL,2010,70
Poland,POL,2015,73
Poland,POL,2017,74
Poland,POL,2019,74
Polynesia,OWID_PYA,2000,44
Polynesia,OWID_PYA,2005,43
Polynesia,OWID_PYA,2010,52
Polynesia,OWID_PYA,2015,54
Polynesia,OWID_PYA,2017,55
Polynesia,OWID_PYA,2019,54
Portugal,PRT,2000,71
Portugal,PRT,2005,76
Portugal,PRT,2010,80
Portugal,PRT,2015,83
Portugal,PRT,2017,84
Portugal,PRT,2019,84
Qatar,QAT,2000,51
Qatar,QAT,2005,52
Qatar,QAT,2010,50
Qatar,QAT,2015,66
Qatar,QAT,2017,72
Qatar,QAT,2019,74
Romania,ROU,2000,67
Romania,ROU,2005,69
Romania,ROU,2010,69
Romania,ROU,2015,71
Romania,ROU,2017,71
Romania,ROU,2019,72
Russia,RUS,2000,51
Russia,RUS,2005,45
Russia,RUS,2010,66
Russia,RUS,2015,71
Russia,RUS,2017,74
Russia,RUS,2019,75
Rwanda,RWA,2000,23
Rwanda,RWA,2005,31
Rwanda,RWA,2010,45
Rwanda,RWA,2015,53
Rwanda,RWA,2017,55
Rwanda,RWA,2019,54
Saint Lucia,LCA,2000,42
Saint Lucia,LCA,2005,64
Saint Lucia,LCA,2010,69
Saint Lucia,LCA,2015,71
Saint Lucia,LCA,2017,70
Saint Lucia,LCA,2019,72
Saint Vincent and the Grenadines,VCT,2000,42
Saint Vincent and the Grenadines,VCT,2005,63
Saint Vincent and the Grenadines,VCT,2010,68
Saint Vincent and the Grenadines,VCT,2015,71
Saint Vincent and the Grenadines,VCT,2017,72
Saint Vincent and the Grenadines,VCT,2019,73
Samoa,WSM,2000,43
Samoa,WSM,2005,41
Samoa,WSM,2010,50
Samoa,WSM,2015,53
Samoa,WSM,2017,54
Samoa,WSM,2019,53
Sao Tome and Principe,STP,2000,36
Sao Tome and Principe,STP,2005,42
Sao Tome and Principe,STP,2010,52
Sao Tome and Principe,STP,2015,58
Sao Tome and Principe,STP,2017,60
Sao Tome and Principe,STP,2019,60
Saudi Arabia,SAU,2000,73
Saudi Arabia,SAU,2005,73
Saudi Arabia,SAU,2010,73
Saudi Arabia,SAU,2015,71
Saudi Arabia,SAU,2017,72
Saudi Arabia,SAU,2019,73
Senegal,SEN,2000,21
Senegal,SEN,2005,27
Senegal,SEN,2010,42
Senegal,SEN,2015,46
Senegal,SEN,2017,47
Senegal,SEN,2019,49
Serbia,SRB,2000,49
Serbia,SRB,2005,68
Serbia,SRB,2010,68
Serbia,SRB,2015,69
Serbia,SRB,2017,70
Serbia,SRB,2019,71
Seychelles,SYC,2000,46
Seychelles,SYC,2005,50
Seychelles,SYC,2010,61
Seychelles,SYC,2015,66
Seychelles,SYC,2017,68
Seychelles,SYC,2019,70
Sierra Leone,SLE,2000,17
Sierra Leone,SLE,2005,19
Sierra Leone,SLE,2010,30
Sierra Leone,SLE,2015,35
Sierra Leone,SLE,2017,38
Sierra Leone,SLE,2019,39
Singapore,SGP,2000,62
Singapore,SGP,2005,68
Singapore,SGP,2010,78
Singapore,SGP,2015,84
Singapore,SGP,2017,85
Singapore,SGP,2019,86
Slovakia,SVK,2000,62
Slovakia,SVK,2005,71
Slovakia,SVK,2010,72
Slovakia,SVK,2015,75
Slovakia,SVK,2017,77
Slovakia,SVK,2019,77
Slovenia,SVN,2000,71
Slovenia,SVN,2005,71
Slovenia,SVN,2010,75
Slovenia,SVN,2015,77
Slovenia,SVN,2017,79
Slovenia,SVN,2019,80
Small Island Developing States (SIDS),,2000,42
Small Island Developing States (SIDS),,2005,51
Small Island Developing States (SIDS),,2010,58
Small Island Developing States (SIDS),,2015,61
Small Island Developing States (SIDS),,2017,61
Small Island Developing States (SIDS),,2019,61
Solomon Islands,SLB,2000,35
Solomon Islands,SLB,2005,36
Solomon Islands,SLB,2010,45
Solomon Islands,SLB,2015,48
Solomon Islands,SLB,2017,49
Solomon Islands,SLB,2019,50
Somalia,SOM,2000,14
Somalia,SOM,2005,14
Somalia,SOM,2010,20
Somalia,SOM,2015,24
Somalia,SOM,2017,27
Somalia,SOM,2019,27
South Africa,ZAF,2000,36
South Africa,ZAF,2005,47
South Africa,ZAF,2010,58
South Africa,ZAF,2015,65
South Africa,ZAF,2017,66
South Africa,ZAF,2019,68
South America,,2000,61
South America,,2005,68
South America,,2010,72
South America,,2015,74
South America,,2017,75
South America,,2019,75
South Korea,KOR,2000,75
South Korea,KOR,2005,81
South Korea,KOR,2010,83
South Korea,KOR,2015,85
South Korea,KOR,2017,86
South Korea,KOR,2019,87
South Sudan,SSD,2000,20
South Sudan,SSD,2005,21
South Sudan,SSD,2010,24
South Sudan,SSD,2015,28
South Sudan,SSD,2017,31
South Sudan,SSD,2019,32
South-eastern Asia,,2000,31
South-eastern Asia,,2005,41
South-eastern Asia,,2010,51
South-eastern Asia,,2015,57
South-eastern Asia,,2017,61
South-eastern Asia,,2019,64
Southern Africa,,2000,36
Southern Africa,,2005,47
Southern Africa,,2010,57
Southern Africa,,2015,63
Southern Africa,,2017,65
Southern Africa,,2019,66
Southern Asia,,2000,30
Southern Asia,,2005,33
Southern Asia,,2010,46
Southern Asia,,2015,53
Southern Asia,,2017,55
Southern Asia,,2019,59
Southern Europe,,2000,68
Southern Europe,,2005,74
Southern Europe,,2010,77
Southern Europe,,2015,80
Southern Europe,,2017,81
Southern Europe,,2019,82
Spain,ESP,2000,74
Spain,ESP,2005,78
Spain,ESP,2010,82
Spain,ESP,2015,84
Spain,ESP,2017,85
Spain,ESP,2019,86
Sri Lanka,LKA,2000,45
Sri Lanka,LKA,2005,48
Sri Lanka,LKA,2010,55
Sri Lanka,LKA,2015,60
Sri Lanka,LKA,2017,64
Sri Lanka,LKA,2019,67
Sub-Saharan Africa,,2000,22
Sub-Saharan Africa,,2005,28
Sub-Saharan Africa,,2010,37
Sub-Saharan Africa,,2015,42
Sub-Saharan Africa,,2017,43
Sub-Saharan Africa,,2019,45
Sub-Saharan Africa (inc. Sudan),,2000,23
Sub-Saharan Africa (inc. Sudan),,2005,28
Sub-Saharan Africa (inc. Sudan),,2010,37
Sub-Saharan Africa (inc. Sudan),,2015,42
Sub-Saharan Africa (inc. Sudan),,2017,43
Sub-Saharan Africa (inc. Sudan),,2019,45
Sudan,SDN,2000,27
Sudan,SDN,2005,29
Sudan,SDN,2010,37
Sudan,SDN,2015,42
Sudan,SDN,2017,44
Sudan,SDN,2019,44
Suriname,SUR,2000,41
Suriname,SUR,2005,57
Suriname,SUR,2010,63
Suriname,SUR,2015,67
Suriname,SUR,2017,68
Suriname,SUR,2019,67
Sweden,SWE,2000,75
Sweden,SWE,2005,78
Sweden,SWE,2010,82
Sweden,SWE,2015,86
Sweden,SWE,2017,86
Sweden,SWE,2019,87
Switzerland,CHE,2000,77
Switzerland,CHE,2005,81
Switzerland,CHE,2010,83
Switzerland,CHE,2015,84
Switzerland,CHE,2017,86
Switzerland,CHE,2019,87
Syria,SYR,2000,45
Syria,SYR,2005,51
Syria,SYR,2010,55
Syria,SYR,2015,54
Syria,SYR,2017,56
Syria,SYR,2019,56
Tajikistan,TJK,2000,41
Tajikistan,TJK,2005,44
Tajikistan,TJK,2010,55
Tajikistan,TJK,2015,62
Tajikistan,TJK,2017,65
Tajikistan,TJK,2019,66
Tanzania,TZA,2000,20
Tanzania,TZA,2005,27
Tanzania,TZA,2010,37
Tanzania,TZA,2015,41
Tanzania,TZA,2017,43
Tanzania,TZA,2019,46
Thailand,THA,2000,41
Thailand,THA,2005,63
Thailand,THA,2010,70
Thailand,THA,2015,75
Thailand,THA,2017,80
Thailand,THA,2019,83
Timor,TLS,2000,33
Timor,TLS,2005,32
Timor,TLS,2010,46
Timor,TLS,2015,49
Timor,TLS,2017,50
Timor,TLS,2019,53
Togo,TGO,2000,23
Togo,TGO,2005,30
Togo,TGO,2010,35
Togo,TGO,2015,40
Togo,TGO,2017,42
Togo,TGO,2019,44
Tonga,TON,2000,46
Tonga,TON,2005,47
Tonga,TON,2010,55
Tonga,TON,2015,54
Tonga,TON,2017,55
Tonga,TON,2019,56
Trinidad and Tobago,TTO,2000,44
Trinidad and Tobago,TTO,2005,64
Trinidad and Tobago,TTO,2010,69
Trinidad and Tobago,TTO,2015,72
Trinidad and Tobago,TTO,2017,72
Trinidad and Tobago,TTO,2019,73
Tunisia,TUN,2000,47
Tunisia,TUN,2005,58
Tunisia,TUN,2010,63
Tunisia,TUN,2015,66
Tunisia,TUN,2017,68
Tunisia,TUN,2019,70
Turkey,TUR,2000,61
Turkey,TUR,2005,65
Turkey,TUR,2010,66
Turkey,TUR,2015,77
Turkey,TUR,2017,77
Turkey,TUR,2019,79
Turkmenistan,TKM,2000,54
Turkmenistan,TKM,2005,60
Turkmenistan,TKM,2010,67
Turkmenistan,TKM,2015,69
Turkmenistan,TKM,2017,71
Turkmenistan,TKM,2019,73
Uganda,UGA,2000,22
Uganda,UGA,2005,32
Uganda,UGA,2010,40
Uganda,UGA,2015,45
Uganda,UGA,2017,48
Uganda,UGA,2019,50
Ukraine,UKR,2000,48
Ukraine,UKR,2005,51
Ukraine,UKR,2010,59
Ukraine,UKR,2015,63
Ukraine,UKR,2017,70
Ukraine,UKR,2019,73
United Arab Emirates,ARE,2000,51
United Arab Emirates,ARE,2005,76
United Arab Emirates,ARE,2010,74
United Arab Emirates,ARE,2015,79
United Arab Emirates,ARE,2017,77
United Arab Emirates,ARE,2019,78
United Kingdom,GBR,2000,74
United Kingdom,GBR,2005,80
United Kingdom,GBR,2010,84
United Kingdom,GBR,2015,87
United Kingdom,GBR,2017,87
United Kingdom,GBR,2019,88
United States,USA,2000,76
United States,USA,2005,79
United States,USA,2010,80
United States,USA,2015,81
United States,USA,2017,82
United States,USA,2019,83
Uruguay,URY,2000,65
Uruguay,URY,2005,68
Uruguay,URY,2010,74
Uruguay,URY,2015,78
Uruguay,URY,2017,78
Uruguay,URY,2019,79
Uzbekistan,UZB,2000,52
Uzbekistan,UZB,2005,52
Uzbekistan,UZB,2010,63
Uzbekistan,UZB,2015,67
Uzbekistan,UZB,2017,69
Uzbekistan,UZB,2019,71
Vanuatu,VUT,2000,40
Vanuatu,VUT,2005,39
Vanuatu,VUT,2010,48
Vanuatu,VUT,2015,49
Vanuatu,VUT,2017,50
Vanuatu,VUT,2019,52
Venezuela,VEN,2000,52
Venezuela,VEN,2005,61
Venezuela,VEN,2010,66
Venezuela,VEN,2015,71
Venezuela,VEN,2017,69
Venezuela,VEN,2019,70
Vietnam,VNM,2000,40
Vietnam,VNM,2005,45
Vietnam,VNM,2010,59
Vietnam,VNM,2015,66
Vietnam,VNM,2017,68
Vietnam,VNM,2019,70
Western Africa,,2000,20
Western Africa,,2005,27
Western Africa,,2010,36
Western Africa,,2015,40
Western Africa,,2017,41
Western Africa,,2019,44
Western Asia,,2000,54
Western Asia,,2005,58
Western Asia,,2010,61
Western Asia,,2015,65
Western Asia,,2017,66
Western Asia,,2019,67
"Western Asia (exc. Armenia, Azerbaijan, Cyprus, Israel and Georgia)",,2000,54
"Western Asia (exc. Armenia, Azerbaijan, Cyprus, Israel and Georgia)",,2005,58
"Western Asia (exc. Armenia, Azerbaijan, Cyprus, Israel and Georgia)",,2010,60
"Western Asia (exc. Armenia, Azerbaijan, Cyprus, Israel and Georgia)",,2015,64
"Western Asia (exc. Armenia, Azerbaijan, Cyprus, Israel and Georgia)",,2017,66
"Western Asia (exc. Armenia, Azerbaijan, Cyprus, Israel and Georgia)",,2019,67
Western Europe,,2000,78
Western Europe,,2005,80
Western Europe,,2010,82
Western Europe,,2015,84
Western Europe,,2017,85
Western Europe,,2019,85
World,OWID_WRL,2000,45
World,OWID_WRL,2005,50
World,OWID_WRL,2010,58
World,OWID_WRL,2015,64
World,OWID_WRL,2017,66
World,OWID_WRL,2019,68
Yemen,YEM,2000,31
Yemen,YEM,2005,32
Yemen,YEM,2010,41
Yemen,YEM,2015,43
Yemen,YEM,2017,44
Yemen,YEM,2019,44
Zambia,ZMB,2000,30
Zambia,ZMB,2005,35
Zambia,ZMB,2010,45
Zambia,ZMB,2015,50
Zambia,ZMB,2017,52
Zambia,ZMB,2019,55
Zimbabwe,ZWE,2000,32
Zimbabwe,ZWE,2005,33
Zimbabwe,ZWE,2010,47
Zimbabwe,ZWE,2015,55
Zimbabwe,ZWE,2017,56
Zimbabwe,ZWE,2019,55