Entity,Code,Year,"3.b.2 - Total official development assistance to medical research and basic heath sectors, net disbursement, by recipient countries (millions of constant 2019 United States dollars) - DC_TOF_HLTHNT"
Afghanistan,AFG,2010,130000000
Afghanistan,AFG,2011,141000000
Afghanistan,AFG,2012,148000000
Afghanistan,AFG,2013,227000000
Afghanistan,AFG,2014,247000000
Afghanistan,AFG,2015,175000000
Afghanistan,AFG,2016,210000000
Afghanistan,AFG,2017,208000000
Afghanistan,AFG,2018,234000000
Afghanistan,AFG,2019,228000000
Africa,,2010,2902000000
Africa,,2011,3125000000
Africa,,2012,3710000000
Africa,,2013,4550000000
Africa,,2014,4238000000
Africa,,2015,5199000000
Africa,,2016,4927000000
Africa,,2017,5289000000
Africa,,2018,4728000000
Africa,,2019,5717000000
Albania,ALB,2010,4000000
Albania,ALB,2011,4000000
Albania,ALB,2012,2000000
Albania,ALB,2013,1000000
Albania,ALB,2014,1000000
Albania,ALB,2015,1000000
Albania,ALB,2016,0
Albania,ALB,2017,0
Albania,ALB,2018,6000000
Albania,ALB,2019,4000000
Algeria,DZA,2010,2000000
Algeria,DZA,2011,3000000
Algeria,DZA,2012,0
Algeria,DZA,2013,0
Algeria,DZA,2014,0
Algeria,DZA,2015,0
Algeria,DZA,2016,1000000
Algeria,DZA,2017,0
Algeria,DZA,2018,0
Algeria,DZA,2019,1000000
Angola,AGO,2010,57000000
Angola,AGO,2011,39000000
Angola,AGO,2012,67000000
Angola,AGO,2013,69000000
Angola,AGO,2014,48000000
Angola,AGO,2015,52000000
Angola,AGO,2016,46000000
Angola,AGO,2017,63000000
Angola,AGO,2018,44000000
Angola,AGO,2019,42000000
Anguilla,AIA,2013,0
Antigua and Barbuda,ATG,2015,0
Antigua and Barbuda,ATG,2017,0
Antigua and Barbuda,ATG,2018,0
Antigua and Barbuda,ATG,2019,0
Argentina,ARG,2010,17000000
Argentina,ARG,2011,6000000
Argentina,ARG,2012,1000000
Argentina,ARG,2013,-4000000
Argentina,ARG,2014,1000000
Argentina,ARG,2015,-56000000
Argentina,ARG,2016,-11000000
Argentina,ARG,2017,-10000000
Argentina,ARG,2018,1000000
Argentina,ARG,2019,-4000000
Armenia,ARM,2010,15000000
Armenia,ARM,2011,11000000
Armenia,ARM,2012,9000000
Armenia,ARM,2013,10000000
Armenia,ARM,2014,6000000
Armenia,ARM,2015,6000000
Armenia,ARM,2016,15000000
Armenia,ARM,2017,4000000
Armenia,ARM,2018,6000000
Armenia,ARM,2019,2000000
Asia,,2010,2010000000
Asia,,2011,1508000000
Asia,,2012,1842000000
Asia,,2013,2147000000
Asia,,2014,1816000000
Asia,,2015,1933000000
Asia,,2016,2248000000
Asia,,2017,2933000000
Asia,,2018,1972000000
Asia,,2019,2168000000
Azerbaijan,AZE,2010,9000000
Azerbaijan,AZE,2011,13000000
Azerbaijan,AZE,2012,4000000
Azerbaijan,AZE,2013,10000000
Azerbaijan,AZE,2014,8000000
Azerbaijan,AZE,2015,5000000
Azerbaijan,AZE,2016,4000000
Azerbaijan,AZE,2017,8000000
Azerbaijan,AZE,2018,3000000
Azerbaijan,AZE,2019,4000000
Bangladesh,BGD,2010,180000000
Bangladesh,BGD,2011,150000000
Bangladesh,BGD,2012,125000000
Bangladesh,BGD,2013,256000000
Bangladesh,BGD,2014,141000000
Bangladesh,BGD,2015,218000000
Bangladesh,BGD,2016,204000000
Bangladesh,BGD,2017,223000000
Bangladesh,BGD,2018,207000000
Bangladesh,BGD,2019,267000000
Barbados,BRB,2010,0
Belarus,BLR,2010,10000000
Belarus,BLR,2011,5000000
Belarus,BLR,2012,6000000
Belarus,BLR,2013,6000000
Belarus,BLR,2014,6000000
Belarus,BLR,2015,1000000
Belarus,BLR,2016,6000000
Belarus,BLR,2017,3000000
Belarus,BLR,2018,4000000
Belarus,BLR,2019,6000000
Belize,BLZ,2010,1000000
Belize,BLZ,2011,1000000
Belize,BLZ,2012,1000000
Belize,BLZ,2013,1000000
Belize,BLZ,2014,1000000
Belize,BLZ,2015,3000000
Belize,BLZ,2016,3000000
Belize,BLZ,2017,2000000
Belize,BLZ,2018,4000000
Belize,BLZ,2019,2000000
Benin,BEN,2010,53000000
Benin,BEN,2011,56000000
Benin,BEN,2012,51000000
Benin,BEN,2013,62000000
Benin,BEN,2014,65000000
Benin,BEN,2015,49000000
Benin,BEN,2016,50000000
Benin,BEN,2017,90000000
Benin,BEN,2018,56000000
Benin,BEN,2019,70000000
Bhutan,BTN,2010,0
Bhutan,BTN,2011,1000000
Bhutan,BTN,2012,2000000
Bhutan,BTN,2013,2000000
Bhutan,BTN,2014,3000000
Bhutan,BTN,2015,4000000
Bhutan,BTN,2016,2000000
Bhutan,BTN,2017,3000000
Bhutan,BTN,2018,1000000
Bhutan,BTN,2019,5000000
Bolivia,BOL,2010,29000000
Bolivia,BOL,2011,31000000
Bolivia,BOL,2012,29000000
Bolivia,BOL,2013,21000000
Bolivia,BOL,2014,16000000
Bolivia,BOL,2015,22000000
Bolivia,BOL,2016,19000000
Bolivia,BOL,2017,21000000
Bolivia,BOL,2018,14000000
Bolivia,BOL,2019,17000000
Bosnia and Herzegovina,BIH,2010,8000000
Bosnia and Herzegovina,BIH,2011,6000000
Bosnia and Herzegovina,BIH,2012,6000000
Bosnia and Herzegovina,BIH,2013,5000000
Bosnia and Herzegovina,BIH,2014,10000000
Bosnia and Herzegovina,BIH,2015,4000000
Bosnia and Herzegovina,BIH,2016,35000000
Bosnia and Herzegovina,BIH,2017,33000000
Bosnia and Herzegovina,BIH,2018,10000000
Bosnia and Herzegovina,BIH,2019,5000000
Botswana,BWA,2010,5000000
Botswana,BWA,2011,4000000
Botswana,BWA,2012,3000000
Botswana,BWA,2013,3000000
Botswana,BWA,2014,4000000
Botswana,BWA,2015,3000000
Botswana,BWA,2016,6000000
Botswana,BWA,2017,18000000
Botswana,BWA,2018,15000000
Botswana,BWA,2019,11000000
Brazil,BRA,2010,16000000
Brazil,BRA,2011,20000000
Brazil,BRA,2012,3000000
Brazil,BRA,2013,7000000
Brazil,BRA,2014,1000000
Brazil,BRA,2015,1000000
Brazil,BRA,2016,5000000
Brazil,BRA,2017,5000000
Brazil,BRA,2018,6000000
Brazil,BRA,2019,5000000
Burkina Faso,BFA,2010,98000000
Burkina Faso,BFA,2011,51000000
Burkina Faso,BFA,2012,76000000
Burkina Faso,BFA,2013,52000000
Burkina Faso,BFA,2014,80000000
Burkina Faso,BFA,2015,113000000
Burkina Faso,BFA,2016,177000000
Burkina Faso,BFA,2017,79000000
Burkina Faso,BFA,2018,109000000
Burkina Faso,BFA,2019,180000000
Burundi,BDI,2010,49000000
Burundi,BDI,2011,45000000
Burundi,BDI,2012,39000000
Burundi,BDI,2013,53000000
Burundi,BDI,2014,45000000
Burundi,BDI,2015,52000000
Burundi,BDI,2016,106000000
Burundi,BDI,2017,97000000
Burundi,BDI,2018,99000000
Burundi,BDI,2019,156000000
Cambodia,KHM,2010,103000000
Cambodia,KHM,2011,53000000
Cambodia,KHM,2012,55000000
Cambodia,KHM,2013,65000000
Cambodia,KHM,2014,63000000
Cambodia,KHM,2015,67000000
Cambodia,KHM,2016,48000000
Cambodia,KHM,2017,77000000
Cambodia,KHM,2018,58000000
Cambodia,KHM,2019,84000000
Cameroon,CMR,2010,24000000
Cameroon,CMR,2011,93000000
Cameroon,CMR,2012,41000000
Cameroon,CMR,2013,69000000
Cameroon,CMR,2014,68000000
Cameroon,CMR,2015,98000000
Cameroon,CMR,2016,54000000
Cameroon,CMR,2017,52000000
Cameroon,CMR,2018,72000000
Cameroon,CMR,2019,98000000
Cape Verde,CPV,2010,1000000
Cape Verde,CPV,2011,3000000
Cape Verde,CPV,2012,5000000
Cape Verde,CPV,2013,3000000
Cape Verde,CPV,2014,1000000
Cape Verde,CPV,2015,2000000
Cape Verde,CPV,2016,0
Cape Verde,CPV,2017,2000000
Cape Verde,CPV,2018,5000000
Cape Verde,CPV,2019,2000000
Caribbean,,2010,31000000
Caribbean,,2011,87000000
Caribbean,,2012,68000000
Caribbean,,2013,71000000
Caribbean,,2014,54000000
Caribbean,,2015,65000000
Caribbean,,2016,107000000
Caribbean,,2017,104000000
Caribbean,,2018,74000000
Caribbean,,2019,80000000
Caucasus and Central Asia,,2010,134000000
Caucasus and Central Asia,,2011,123000000
Caucasus and Central Asia,,2012,116000000
Caucasus and Central Asia,,2013,107000000
Caucasus and Central Asia,,2014,119000000
Caucasus and Central Asia,,2015,90000000
Caucasus and Central Asia,,2016,146000000
Caucasus and Central Asia,,2017,136000000
Caucasus and Central Asia,,2018,102000000
Caucasus and Central Asia,,2019,111000000
Central African Republic,CAF,2010,10000000
Central African Republic,CAF,2011,9000000
Central African Republic,CAF,2012,16000000
Central African Republic,CAF,2013,20000000
Central African Republic,CAF,2014,37000000
Central African Republic,CAF,2015,24000000
Central African Republic,CAF,2016,51000000
Central African Republic,CAF,2017,49000000
Central African Republic,CAF,2018,38000000
Central African Republic,CAF,2019,57000000
Central America,,2010,80000000
Central America,,2011,76000000
Central America,,2012,85000000
Central America,,2013,71000000
Central America,,2014,81000000
Central America,,2015,114000000
Central America,,2016,80000000
Central America,,2017,80000000
Central America,,2018,63000000
Central America,,2019,75000000
Central Asia,,2010,92000000
Central Asia,,2011,85000000
Central Asia,,2012,96000000
Central Asia,,2013,79000000
Central Asia,,2014,99000000
Central Asia,,2015,76000000
Central Asia,,2016,118000000
Central Asia,,2017,116000000
Central Asia,,2018,91000000
Central Asia,,2019,100000000
Chad,TCD,2010,41000000
Chad,TCD,2011,20000000
Chad,TCD,2012,25000000
Chad,TCD,2013,60000000
Chad,TCD,2014,43000000
Chad,TCD,2015,21000000
Chad,TCD,2016,62000000
Chad,TCD,2017,34000000
Chad,TCD,2018,48000000
Chad,TCD,2019,86000000
Chile,CHL,2010,1000000
Chile,CHL,2011,1000000
Chile,CHL,2012,1000000
Chile,CHL,2013,0
Chile,CHL,2014,0
Chile,CHL,2015,0
Chile,CHL,2016,0
Chile,CHL,2017,0
China,CHN,2010,109000000
China,CHN,2011,10000000
China,CHN,2012,97000000
China,CHN,2013,67000000
China,CHN,2014,46000000
China,CHN,2015,55000000
China,CHN,2016,128000000
China,CHN,2017,103000000
China,CHN,2018,32000000
China,CHN,2019,11000000
Colombia,COL,2010,15000000
Colombia,COL,2011,13000000
Colombia,COL,2012,6000000
Colombia,COL,2013,9000000
Colombia,COL,2014,9000000
Colombia,COL,2015,2000000
Colombia,COL,2016,2000000
Colombia,COL,2017,10000000
Colombia,COL,2018,3000000
Colombia,COL,2019,1000000
Comoros,COM,2010,8000000
Comoros,COM,2011,4000000
Comoros,COM,2012,10000000
Comoros,COM,2013,7000000
Comoros,COM,2014,4000000
Comoros,COM,2015,2000000
Comoros,COM,2016,7000000
Comoros,COM,2017,2000000
Comoros,COM,2018,7000000
Comoros,COM,2019,4000000
Congo,COG,2010,23000000
Congo,COG,2011,17000000
Congo,COG,2012,27000000
Congo,COG,2013,18000000
Congo,COG,2014,6000000
Congo,COG,2015,9000000
Congo,COG,2016,9000000
Congo,COG,2017,8000000
Congo,COG,2018,11000000
Congo,COG,2019,17000000
Cook Islands,COK,2010,0
Cook Islands,COK,2011,0
Cook Islands,COK,2012,0
Cook Islands,COK,2013,0
Cook Islands,COK,2014,0
Cook Islands,COK,2015,0
Cook Islands,COK,2016,0
Cook Islands,COK,2017,0
Cook Islands,COK,2018,0
Cook Islands,COK,2019,0
Costa Rica,CRI,2010,0
Costa Rica,CRI,2011,0
Costa Rica,CRI,2012,0
Costa Rica,CRI,2013,-1000000
Costa Rica,CRI,2014,0
Costa Rica,CRI,2015,-1000000
Costa Rica,CRI,2016,-1000000
Costa Rica,CRI,2017,-1000000
Costa Rica,CRI,2018,2000000
Costa Rica,CRI,2019,-1000000
Cote d'Ivoire,CIV,2010,72000000
Cote d'Ivoire,CIV,2011,28000000
Cote d'Ivoire,CIV,2012,36000000
Cote d'Ivoire,CIV,2013,58000000
Cote d'Ivoire,CIV,2014,75000000
Cote d'Ivoire,CIV,2015,53000000
Cote d'Ivoire,CIV,2016,105000000
Cote d'Ivoire,CIV,2017,96000000
Cote d'Ivoire,CIV,2018,97000000
Cote d'Ivoire,CIV,2019,121000000
Croatia,HRV,2010,0
Cuba,CUB,2010,5000000
Cuba,CUB,2011,4000000
Cuba,CUB,2012,2000000
Cuba,CUB,2013,2000000
Cuba,CUB,2014,3000000
Cuba,CUB,2015,2000000
Cuba,CUB,2016,1000000
Cuba,CUB,2017,1000000
Cuba,CUB,2018,0
Cuba,CUB,2019,0
Democratic Republic of Congo,COD,2010,273000000
Democratic Republic of Congo,COD,2011,312000000
Democratic Republic of Congo,COD,2012,351000000
Democratic Republic of Congo,COD,2013,398000000
Democratic Republic of Congo,COD,2014,429000000
Democratic Republic of Congo,COD,2015,526000000
Democratic Republic of Congo,COD,2016,431000000
Democratic Republic of Congo,COD,2017,439000000
Democratic Republic of Congo,COD,2018,414000000
Democratic Republic of Congo,COD,2019,620000000
"Developed regions (Europe, Cyprus, Israel, Northern America, Japan, Australia & New Zealand)",,2010,48000000
"Developed regions (Europe, Cyprus, Israel, Northern America, Japan, Australia & New Zealand)",,2011,64000000
"Developed regions (Europe, Cyprus, Israel, Northern America, Japan, Australia & New Zealand)",,2012,63000000
"Developed regions (Europe, Cyprus, Israel, Northern America, Japan, Australia & New Zealand)",,2013,61000000
"Developed regions (Europe, Cyprus, Israel, Northern America, Japan, Australia & New Zealand)",,2014,58000000
"Developed regions (Europe, Cyprus, Israel, Northern America, Japan, Australia & New Zealand)",,2015,72000000
"Developed regions (Europe, Cyprus, Israel, Northern America, Japan, Australia & New Zealand)",,2016,126000000
"Developed regions (Europe, Cyprus, Israel, Northern America, Japan, Australia & New Zealand)",,2017,109000000
"Developed regions (Europe, Cyprus, Israel, Northern America, Japan, Australia & New Zealand)",,2018,76000000
"Developed regions (Europe, Cyprus, Israel, Northern America, Japan, Australia & New Zealand)",,2019,108000000
Developing regions,,2010,6802000000
Developing regions,,2011,6416000000
Developing regions,,2012,7262000000
Developing regions,,2013,8768000000
Developing regions,,2014,7968000000
Developing regions,,2015,9359000000
Developing regions,,2016,9412000000
Developing regions,,2017,11022000000
Developing regions,,2018,9242000000
Developing regions,,2019,10552000000
Djibouti,DJI,2010,4000000
Djibouti,DJI,2011,3000000
Djibouti,DJI,2012,8000000
Djibouti,DJI,2013,4000000
Djibouti,DJI,2014,4000000
Djibouti,DJI,2015,6000000
Djibouti,DJI,2016,11000000
Djibouti,DJI,2017,8000000
Djibouti,DJI,2018,8000000
Djibouti,DJI,2019,4000000
Dominica,DMA,2010,0
Dominica,DMA,2011,0
Dominica,DMA,2013,0
Dominica,DMA,2015,0
Dominica,DMA,2017,0
Dominica,DMA,2018,0
Dominica,DMA,2019,0
Dominican Republic,DOM,2010,10000000
Dominican Republic,DOM,2011,6000000
Dominican Republic,DOM,2012,9000000
Dominican Republic,DOM,2013,5000000
Dominican Republic,DOM,2014,6000000
Dominican Republic,DOM,2015,2000000
Dominican Republic,DOM,2016,1000000
Dominican Republic,DOM,2017,3000000
Dominican Republic,DOM,2018,3000000
Dominican Republic,DOM,2019,3000000
Eastern Africa,,2010,1313000000
Eastern Africa,,2011,1517000000
Eastern Africa,,2012,1895000000
Eastern Africa,,2013,2339000000
Eastern Africa,,2014,1984000000
Eastern Africa,,2015,2265000000
Eastern Africa,,2016,2269000000
Eastern Africa,,2017,2606000000
Eastern Africa,,2018,2246000000
Eastern Africa,,2019,2603000000
Eastern Asia,,2010,147000000
Eastern Asia,,2011,44000000
Eastern Asia,,2012,126000000
Eastern Asia,,2013,101000000
Eastern Asia,,2014,79000000
Eastern Asia,,2015,83000000
Eastern Asia,,2016,172000000
Eastern Asia,,2017,139000000
Eastern Asia,,2018,64000000
Eastern Asia,,2019,40000000
Eastern Asia (excluding Japan and China),,2010,38000000
Eastern Asia (excluding Japan and China),,2011,34000000
Eastern Asia (excluding Japan and China),,2012,29000000
Eastern Asia (excluding Japan and China),,2013,34000000
Eastern Asia (excluding Japan and China),,2014,33000000
Eastern Asia (excluding Japan and China),,2015,29000000
Eastern Asia (excluding Japan and China),,2016,43000000
Eastern Asia (excluding Japan and China),,2017,36000000
Eastern Asia (excluding Japan and China),,2018,32000000
Eastern Asia (excluding Japan and China),,2019,29000000
Eastern Europe,,2010,32000000
Eastern Europe,,2011,49000000
Eastern Europe,,2012,52000000
Eastern Europe,,2013,51000000
Eastern Europe,,2014,44000000
Eastern Europe,,2015,66000000
Eastern Europe,,2016,88000000
Eastern Europe,,2017,50000000
Eastern Europe,,2018,60000000
Eastern Europe,,2019,72000000
Ecuador,ECU,2010,11000000
Ecuador,ECU,2011,9000000
Ecuador,ECU,2012,5000000
Ecuador,ECU,2013,5000000
Ecuador,ECU,2014,7000000
Ecuador,ECU,2015,3000000
Ecuador,ECU,2016,8000000
Ecuador,ECU,2017,7000000
Ecuador,ECU,2018,6000000
Ecuador,ECU,2019,3000000
Egypt,EGY,2010,17000000
Egypt,EGY,2011,12000000
Egypt,EGY,2012,12000000
Egypt,EGY,2013,5000000
Egypt,EGY,2014,4000000
Egypt,EGY,2015,10000000
Egypt,EGY,2016,16000000
Egypt,EGY,2017,1000000
Egypt,EGY,2018,20000000
Egypt,EGY,2019,3000000
El Salvador,SLV,2010,8000000
El Salvador,SLV,2011,5000000
El Salvador,SLV,2012,5000000
El Salvador,SLV,2013,3000000
El Salvador,SLV,2014,2000000
El Salvador,SLV,2015,3000000
El Salvador,SLV,2016,5000000
El Salvador,SLV,2017,6000000
El Salvador,SLV,2018,7000000
El Salvador,SLV,2019,3000000
Equatorial Guinea,GNQ,2010,7000000
Equatorial Guinea,GNQ,2011,7000000
Equatorial Guinea,GNQ,2012,2000000
Equatorial Guinea,GNQ,2013,0
Equatorial Guinea,GNQ,2014,0
Equatorial Guinea,GNQ,2015,1000000
Equatorial Guinea,GNQ,2016,2000000
Equatorial Guinea,GNQ,2017,2000000
Equatorial Guinea,GNQ,2018,1000000
Equatorial Guinea,GNQ,2019,1000000
Eritrea,ERI,2010,28000000
Eritrea,ERI,2011,10000000
Eritrea,ERI,2012,11000000
Eritrea,ERI,2013,19000000
Eritrea,ERI,2014,15000000
Eritrea,ERI,2015,12000000
Eritrea,ERI,2016,13000000
Eritrea,ERI,2017,28000000
Eritrea,ERI,2018,30000000
Eritrea,ERI,2019,25000000
Eswatini,SWZ,2010,4000000
Eswatini,SWZ,2011,13000000
Eswatini,SWZ,2012,5000000
Eswatini,SWZ,2013,7000000
Eswatini,SWZ,2014,3000000
Eswatini,SWZ,2015,6000000
Eswatini,SWZ,2016,19000000
Eswatini,SWZ,2017,14000000
Eswatini,SWZ,2018,16000000
Eswatini,SWZ,2019,14000000
Ethiopia,ETH,2010,198000000
Ethiopia,ETH,2011,314000000
Ethiopia,ETH,2012,332000000
Ethiopia,ETH,2013,583000000
Ethiopia,ETH,2014,417000000
Ethiopia,ETH,2015,398000000
Ethiopia,ETH,2016,376000000
Ethiopia,ETH,2017,388000000
Ethiopia,ETH,2018,445000000
Ethiopia,ETH,2019,377000000
Europe,,2010,48000000
Europe,,2011,64000000
Europe,,2012,63000000
Europe,,2013,61000000
Europe,,2014,58000000
Europe,,2015,72000000
Europe,,2016,126000000
Europe,,2017,109000000
Europe,,2018,76000000
Europe,,2019,108000000
Fiji,FJI,2010,4000000
Fiji,FJI,2011,3000000
Fiji,FJI,2012,10000000
Fiji,FJI,2013,10000000
Fiji,FJI,2014,10000000
Fiji,FJI,2015,15000000
Fiji,FJI,2016,6000000
Fiji,FJI,2017,5000000
Fiji,FJI,2018,7000000
Fiji,FJI,2019,4000000
Gabon,GAB,2010,2000000
Gabon,GAB,2011,2000000
Gabon,GAB,2012,1000000
Gabon,GAB,2013,3000000
Gabon,GAB,2014,2000000
Gabon,GAB,2015,3000000
Gabon,GAB,2016,5000000
Gabon,GAB,2017,3000000
Gabon,GAB,2018,4000000
Gabon,GAB,2019,5000000
Gambia,GMB,2010,16000000
Gambia,GMB,2011,19000000
Gambia,GMB,2012,22000000
Gambia,GMB,2013,24000000
Gambia,GMB,2014,19000000
Gambia,GMB,2015,20000000
Gambia,GMB,2016,26000000
Gambia,GMB,2017,51000000
Gambia,GMB,2018,47000000
Gambia,GMB,2019,32000000
Georgia,GEO,2010,18000000
Georgia,GEO,2011,15000000
Georgia,GEO,2012,6000000
Georgia,GEO,2013,9000000
Georgia,GEO,2014,6000000
Georgia,GEO,2015,3000000
Georgia,GEO,2016,9000000
Georgia,GEO,2017,7000000
Georgia,GEO,2018,2000000
Georgia,GEO,2019,5000000
Ghana,GHA,2010,129000000
Ghana,GHA,2011,99000000
Ghana,GHA,2012,172000000
Ghana,GHA,2013,148000000
Ghana,GHA,2014,125000000
Ghana,GHA,2015,146000000
Ghana,GHA,2016,142000000
Ghana,GHA,2017,127000000
Ghana,GHA,2018,157000000
Ghana,GHA,2019,185000000
Grenada,GRD,2011,0
Grenada,GRD,2012,0
Grenada,GRD,2013,0
Grenada,GRD,2014,0
Grenada,GRD,2015,0
Grenada,GRD,2016,0
Grenada,GRD,2017,-1000000
Grenada,GRD,2018,0
Grenada,GRD,2019,0
Guatemala,GTM,2010,16000000
Guatemala,GTM,2011,29000000
Guatemala,GTM,2012,21000000
Guatemala,GTM,2013,26000000
Guatemala,GTM,2014,27000000
Guatemala,GTM,2015,49000000
Guatemala,GTM,2016,22000000
Guatemala,GTM,2017,26000000
Guatemala,GTM,2018,19000000
Guatemala,GTM,2019,19000000
Guinea,GIN,2010,25000000
Guinea,GIN,2011,7000000
Guinea,GIN,2012,30000000
Guinea,GIN,2013,17000000
Guinea,GIN,2014,99000000
Guinea,GIN,2015,145000000
Guinea,GIN,2016,107000000
Guinea,GIN,2017,81000000
Guinea,GIN,2018,70000000
Guinea,GIN,2019,94000000
Guinea-Bissau,GNB,2010,21000000
Guinea-Bissau,GNB,2011,6000000
Guinea-Bissau,GNB,2012,15000000
Guinea-Bissau,GNB,2013,35000000
Guinea-Bissau,GNB,2014,11000000
Guinea-Bissau,GNB,2015,19000000
Guinea-Bissau,GNB,2016,21000000
Guinea-Bissau,GNB,2017,22000000
Guinea-Bissau,GNB,2018,24000000
Guinea-Bissau,GNB,2019,22000000
Guyana,GUY,2010,5000000
Guyana,GUY,2011,2000000
Guyana,GUY,2012,3000000
Guyana,GUY,2013,1000000
Guyana,GUY,2014,1000000
Guyana,GUY,2015,2000000
Guyana,GUY,2016,2000000
Guyana,GUY,2017,3000000
Guyana,GUY,2018,2000000
Guyana,GUY,2019,2000000
Haiti,HTI,2010,15000000
Haiti,HTI,2011,76000000
Haiti,HTI,2012,56000000
Haiti,HTI,2013,64000000
Haiti,HTI,2014,43000000
Haiti,HTI,2015,60000000
Haiti,HTI,2016,103000000
Haiti,HTI,2017,97000000
Haiti,HTI,2018,69000000
Haiti,HTI,2019,70000000
Honduras,HND,2010,28000000
Honduras,HND,2011,24000000
Honduras,HND,2012,31000000
Honduras,HND,2013,16000000
Honduras,HND,2014,27000000
Honduras,HND,2015,38000000
Honduras,HND,2016,28000000
Honduras,HND,2017,9000000
Honduras,HND,2018,8000000
Honduras,HND,2019,9000000
India,IND,2010,251000000
India,IND,2011,277000000
India,IND,2012,221000000
India,IND,2013,339000000
India,IND,2014,193000000
India,IND,2015,323000000
India,IND,2016,302000000
India,IND,2017,201000000
India,IND,2018,130000000
India,IND,2019,155000000
Indonesia,IDN,2010,105000000
Indonesia,IDN,2011,97000000
Indonesia,IDN,2012,167000000
Indonesia,IDN,2013,137000000
Indonesia,IDN,2014,62000000
Indonesia,IDN,2015,81000000
Indonesia,IDN,2016,116000000
Indonesia,IDN,2017,353000000
Indonesia,IDN,2018,55000000
Indonesia,IDN,2019,66000000
Iran,IRN,2010,5000000
Iran,IRN,2011,5000000
Iran,IRN,2012,10000000
Iran,IRN,2013,5000000
Iran,IRN,2014,4000000
Iran,IRN,2015,4000000
Iran,IRN,2016,3000000
Iran,IRN,2017,2000000
Iran,IRN,2018,0
Iran,IRN,2019,1000000
Iraq,IRQ,2010,53000000
Iraq,IRQ,2011,15000000
Iraq,IRQ,2012,5000000
Iraq,IRQ,2013,24000000
Iraq,IRQ,2014,12000000
Iraq,IRQ,2015,12000000
Iraq,IRQ,2016,5000000
Iraq,IRQ,2017,7000000
Iraq,IRQ,2018,8000000
Iraq,IRQ,2019,39000000
Jamaica,JAM,2010,1000000
Jamaica,JAM,2011,1000000
Jamaica,JAM,2012,0
Jamaica,JAM,2013,0
Jamaica,JAM,2014,0
Jamaica,JAM,2015,0
Jamaica,JAM,2016,0
Jamaica,JAM,2017,3000000
Jamaica,JAM,2018,2000000
Jamaica,JAM,2019,2000000
Jordan,JOR,2010,37000000
Jordan,JOR,2011,21000000
Jordan,JOR,2012,30000000
Jordan,JOR,2013,19000000
Jordan,JOR,2014,25000000
Jordan,JOR,2015,39000000
Jordan,JOR,2016,25000000
Jordan,JOR,2017,34000000
Jordan,JOR,2018,24000000
Jordan,JOR,2019,32000000
Kazakhstan,KAZ,2010,28000000
Kazakhstan,KAZ,2011,18000000
Kazakhstan,KAZ,2012,13000000
Kazakhstan,KAZ,2013,7000000
Kazakhstan,KAZ,2014,9000000
Kazakhstan,KAZ,2015,4000000
Kazakhstan,KAZ,2016,7000000
Kazakhstan,KAZ,2017,11000000
Kazakhstan,KAZ,2018,6000000
Kazakhstan,KAZ,2019,7000000
Kenya,KEN,2010,185000000
Kenya,KEN,2011,193000000
Kenya,KEN,2012,185000000
Kenya,KEN,2013,194000000
Kenya,KEN,2014,200000000
Kenya,KEN,2015,196000000
Kenya,KEN,2016,166000000
Kenya,KEN,2017,248000000
Kenya,KEN,2018,167000000
Kenya,KEN,2019,220000000
Kiribati,KIR,2010,0
Kiribati,KIR,2011,0
Kiribati,KIR,2012,2000000
Kiribati,KIR,2013,1000000
Kiribati,KIR,2014,1000000
Kiribati,KIR,2015,1000000
Kiribati,KIR,2016,1000000
Kiribati,KIR,2017,3000000
Kiribati,KIR,2018,1000000
Kiribati,KIR,2019,2000000
Kyrgyzstan,KGZ,2010,11000000
Kyrgyzstan,KGZ,2011,19000000
Kyrgyzstan,KGZ,2012,19000000
Kyrgyzstan,KGZ,2013,16000000
Kyrgyzstan,KGZ,2014,25000000
Kyrgyzstan,KGZ,2015,22000000
Kyrgyzstan,KGZ,2016,18000000
Kyrgyzstan,KGZ,2017,25000000
Kyrgyzstan,KGZ,2018,24000000
Kyrgyzstan,KGZ,2019,20000000
Landlocked developing countries (LLDCs),,2010,1370000000
Landlocked developing countries (LLDCs),,2011,1588000000
Landlocked developing countries (LLDCs),,2012,1864000000
Landlocked developing countries (LLDCs),,2013,2322000000
Landlocked developing countries (LLDCs),,2014,1966000000
Landlocked developing countries (LLDCs),,2015,2122000000
Landlocked developing countries (LLDCs),,2016,2445000000
Landlocked developing countries (LLDCs),,2017,2578000000
Landlocked developing countries (LLDCs),,2018,2424000000
Landlocked developing countries (LLDCs),,2019,2837000000
Laos,LAO,2010,25000000
Laos,LAO,2011,28000000
Laos,LAO,2012,35000000
Laos,LAO,2013,40000000
Laos,LAO,2014,36000000
Laos,LAO,2015,32000000
Laos,LAO,2016,22000000
Laos,LAO,2017,32000000
Laos,LAO,2018,28000000
Laos,LAO,2019,45000000
Latin America and the Caribbean,,2010,242000000
Latin America and the Caribbean,,2011,272000000
Latin America and the Caribbean,,2012,247000000
Latin America and the Caribbean,,2013,220000000
Latin America and the Caribbean,,2014,184000000
Latin America and the Caribbean,,2015,168000000
Latin America and the Caribbean,,2016,233000000
Latin America and the Caribbean,,2017,243000000
Latin America and the Caribbean,,2018,194000000
Latin America and the Caribbean,,2019,201000000
Least developed countries (LDCs),,2010,2763000000
Least developed countries (LDCs),,2011,2837000000
Least developed countries (LDCs),,2012,3361000000
Least developed countries (LDCs),,2013,4337000000
Least developed countries (LDCs),,2014,4099000000
Least developed countries (LDCs),,2015,4582000000
Least developed countries (LDCs),,2016,4593000000
Least developed countries (LDCs),,2017,4863000000
Least developed countries (LDCs),,2018,4359000000
Least developed countries (LDCs),,2019,5217000000
Lebanon,LBN,2010,21000000
Lebanon,LBN,2011,19000000
Lebanon,LBN,2012,21000000
Lebanon,LBN,2013,24000000
Lebanon,LBN,2014,42000000
Lebanon,LBN,2015,30000000
Lebanon,LBN,2016,36000000
Lebanon,LBN,2017,39000000
Lebanon,LBN,2018,29000000
Lebanon,LBN,2019,36000000
Lesotho,LSO,2010,18000000
Lesotho,LSO,2011,35000000
Lesotho,LSO,2012,29000000
Lesotho,LSO,2013,71000000
Lesotho,LSO,2014,2000000
Lesotho,LSO,2015,2000000
Lesotho,LSO,2016,14000000
Lesotho,LSO,2017,32000000
Lesotho,LSO,2018,24000000
Lesotho,LSO,2019,26000000
Liberia,LBR,2010,49000000
Liberia,LBR,2011,55000000
Liberia,LBR,2012,69000000
Liberia,LBR,2013,60000000
Liberia,LBR,2014,120000000
Liberia,LBR,2015,219000000
Liberia,LBR,2016,71000000
Liberia,LBR,2017,67000000
Liberia,LBR,2018,61000000
Liberia,LBR,2019,62000000
Libya,LBY,2010,1000000
Libya,LBY,2011,3000000
Libya,LBY,2012,1000000
Libya,LBY,2013,3000000
Libya,LBY,2014,0
Libya,LBY,2015,0
Libya,LBY,2016,0
Libya,LBY,2017,6000000
Libya,LBY,2018,5000000
Libya,LBY,2019,3000000
Madagascar,MDG,2010,109000000
Madagascar,MDG,2011,61000000
Madagascar,MDG,2012,59000000
Madagascar,MDG,2013,106000000
Madagascar,MDG,2014,84000000
Madagascar,MDG,2015,115000000
Madagascar,MDG,2016,106000000
Madagascar,MDG,2017,84000000
Madagascar,MDG,2018,111000000
Madagascar,MDG,2019,67000000
Malawi,MWI,2010,61000000
Malawi,MWI,2011,151000000
Malawi,MWI,2012,155000000
Malawi,MWI,2013,165000000
Malawi,MWI,2014,92000000
Malawi,MWI,2015,166000000
Malawi,MWI,2016,237000000
Malawi,MWI,2017,296000000
Malawi,MWI,2018,233000000
Malawi,MWI,2019,272000000
Malaysia,MYS,2010,-4000000
Malaysia,MYS,2011,-4000000
Malaysia,MYS,2012,-4000000
Malaysia,MYS,2013,-4000000
Malaysia,MYS,2014,-4000000
Malaysia,MYS,2015,-3000000
Malaysia,MYS,2016,-3000000
Malaysia,MYS,2017,-1000000
Malaysia,MYS,2018,-2000000
Malaysia,MYS,2019,3000000
Maldives,MDV,2010,0
Maldives,MDV,2011,1000000
Maldives,MDV,2012,0
Maldives,MDV,2013,0
Maldives,MDV,2014,1000000
Maldives,MDV,2015,1000000
Maldives,MDV,2016,1000000
Maldives,MDV,2017,1000000
Maldives,MDV,2018,2000000
Maldives,MDV,2019,0
Mali,MLI,2010,103000000
Mali,MLI,2011,113000000
Mali,MLI,2012,101000000
Mali,MLI,2013,111000000
Mali,MLI,2014,86000000
Mali,MLI,2015,137000000
Mali,MLI,2016,140000000
Mali,MLI,2017,134000000
Mali,MLI,2018,126000000
Mali,MLI,2019,140000000
Marshall Islands,MHL,2010,0
Marshall Islands,MHL,2011,0
Marshall Islands,MHL,2012,0
Marshall Islands,MHL,2013,0
Marshall Islands,MHL,2014,0
Marshall Islands,MHL,2015,0
Marshall Islands,MHL,2016,0
Marshall Islands,MHL,2017,0
Marshall Islands,MHL,2018,0
Marshall Islands,MHL,2019,0
Mauritania,MRT,2010,8000000
Mauritania,MRT,2011,6000000
Mauritania,MRT,2012,2000000
Mauritania,MRT,2013,11000000
Mauritania,MRT,2014,14000000
Mauritania,MRT,2015,13000000
Mauritania,MRT,2016,10000000
Mauritania,MRT,2017,16000000
Mauritania,MRT,2018,18000000
Mauritania,MRT,2019,11000000
Mauritius,MUS,2011,0
Mauritius,MUS,2012,0
Mauritius,MUS,2013,0
Mauritius,MUS,2014,0
Mauritius,MUS,2015,0
Mauritius,MUS,2016,0
Mauritius,MUS,2017,1000000
Mauritius,MUS,2018,1000000
Mauritius,MUS,2019,1000000
Mayotte,MYT,2010,1000000
Melanesia,OWID_MNS,2010,41000000
Melanesia,OWID_MNS,2011,56000000
Melanesia,OWID_MNS,2012,59000000
Melanesia,OWID_MNS,2013,78000000
Melanesia,OWID_MNS,2014,43000000
Melanesia,OWID_MNS,2015,100000000
Melanesia,OWID_MNS,2016,45000000
Melanesia,OWID_MNS,2017,58000000
Melanesia,OWID_MNS,2018,68000000
Melanesia,OWID_MNS,2019,128000000
Mexico,MEX,2010,4000000
Mexico,MEX,2011,3000000
Mexico,MEX,2012,4000000
Mexico,MEX,2013,3000000
Mexico,MEX,2014,1000000
Mexico,MEX,2015,1000000
Mexico,MEX,2016,1000000
Mexico,MEX,2017,4000000
Mexico,MEX,2018,2000000
Mexico,MEX,2019,3000000
Micronesia (country),FSM,2010,0
Micronesia (country),FSM,2011,0
Micronesia (country),FSM,2012,0
Micronesia (country),FSM,2013,1000000
Micronesia (country),FSM,2014,0
Micronesia (country),FSM,2015,0
Micronesia (country),FSM,2016,0
Micronesia (country),FSM,2017,1000000
Micronesia (country),FSM,2018,0
Micronesia (country),FSM,2019,0
Middle Africa,,2010,439000000
Middle Africa,,2011,504000000
Middle Africa,,2012,532000000
Middle Africa,,2013,643000000
Middle Africa,,2014,638000000
Middle Africa,,2015,738000000
Middle Africa,,2016,663000000
Middle Africa,,2017,655000000
Middle Africa,,2018,636000000
Middle Africa,,2019,927000000
Moldova,MDA,2010,17000000
Moldova,MDA,2011,25000000
Moldova,MDA,2012,26000000
Moldova,MDA,2013,24000000
Moldova,MDA,2014,12000000
Moldova,MDA,2015,11000000
Moldova,MDA,2016,14000000
Moldova,MDA,2017,12000000
Moldova,MDA,2018,8000000
Moldova,MDA,2019,9000000
Mongolia,MNG,2010,9000000
Mongolia,MNG,2011,18000000
Mongolia,MNG,2012,12000000
Mongolia,MNG,2013,10000000
Mongolia,MNG,2014,7000000
Mongolia,MNG,2015,4000000
Mongolia,MNG,2016,19000000
Mongolia,MNG,2017,11000000
Mongolia,MNG,2018,22000000
Mongolia,MNG,2019,15000000
Montenegro,MNE,2010,1000000
Montenegro,MNE,2011,0
Montenegro,MNE,2012,0
Montenegro,MNE,2013,0
Montenegro,MNE,2014,0
Montenegro,MNE,2015,0
Montenegro,MNE,2016,1000000
Montenegro,MNE,2017,0
Montenegro,MNE,2018,0
Montenegro,MNE,2019,0
Montserrat,MSR,2010,0
Montserrat,MSR,2011,0
Montserrat,MSR,2013,0
Montserrat,MSR,2014,1000000
Montserrat,MSR,2019,4000000
Morocco,MAR,2010,23000000
Morocco,MAR,2011,19000000
Morocco,MAR,2012,4000000
Morocco,MAR,2013,10000000
Morocco,MAR,2014,8000000
Morocco,MAR,2015,3000000
Morocco,MAR,2016,68000000
Morocco,MAR,2017,19000000
Morocco,MAR,2018,16000000
Morocco,MAR,2019,11000000
Mozambique,MOZ,2010,119000000
Mozambique,MOZ,2011,123000000
Mozambique,MOZ,2012,159000000
Mozambique,MOZ,2013,206000000
Mozambique,MOZ,2014,250000000
Mozambique,MOZ,2015,249000000
Mozambique,MOZ,2016,242000000
Mozambique,MOZ,2017,235000000
Mozambique,MOZ,2018,171000000
Mozambique,MOZ,2019,225000000
Myanmar,MMR,2010,62000000
Myanmar,MMR,2011,38000000
Myanmar,MMR,2012,94000000
Myanmar,MMR,2013,116000000
Myanmar,MMR,2014,146000000
Myanmar,MMR,2015,95000000
Myanmar,MMR,2016,150000000
Myanmar,MMR,2017,121000000
Myanmar,MMR,2018,103000000
Myanmar,MMR,2019,116000000
Namibia,NAM,2010,5000000
Namibia,NAM,2011,5000000
Namibia,NAM,2012,5000000
Namibia,NAM,2013,8000000
Namibia,NAM,2014,9000000
Namibia,NAM,2015,4000000
Namibia,NAM,2016,10000000
Namibia,NAM,2017,14000000
Namibia,NAM,2018,17000000
Namibia,NAM,2019,14000000
Nauru,NRU,2011,0
Nauru,NRU,2012,0
Nauru,NRU,2013,0
Nauru,NRU,2014,0
Nauru,NRU,2015,8000000
Nauru,NRU,2016,1000000
Nauru,NRU,2017,0
Nauru,NRU,2018,0
Nauru,NRU,2019,0
Nepal,NPL,2010,79000000
Nepal,NPL,2011,56000000
Nepal,NPL,2012,56000000
Nepal,NPL,2013,78000000
Nepal,NPL,2014,108000000
Nepal,NPL,2015,102000000
Nepal,NPL,2016,73000000
Nepal,NPL,2017,62000000
Nepal,NPL,2018,53000000
Nepal,NPL,2019,62000000
Nicaragua,NIC,2010,24000000
Nicaragua,NIC,2011,16000000
Nicaragua,NIC,2012,24000000
Nicaragua,NIC,2013,25000000
Nicaragua,NIC,2014,22000000
Nicaragua,NIC,2015,20000000
Nicaragua,NIC,2016,22000000
Nicaragua,NIC,2017,31000000
Nicaragua,NIC,2018,18000000
Nicaragua,NIC,2019,39000000
Niger,NER,2010,66000000
Niger,NER,2011,46000000
Niger,NER,2012,32000000
Niger,NER,2013,56000000
Niger,NER,2014,85000000
Niger,NER,2015,69000000
Niger,NER,2016,75000000
Niger,NER,2017,87000000
Niger,NER,2018,102000000
Niger,NER,2019,111000000
Nigeria,NGA,2010,185000000
Nigeria,NGA,2011,255000000
Nigeria,NGA,2012,329000000
Nigeria,NGA,2013,485000000
Nigeria,NGA,2014,448000000
Nigeria,NGA,2015,726000000
Nigeria,NGA,2016,491000000
Nigeria,NGA,2017,672000000
Nigeria,NGA,2018,427000000
Nigeria,NGA,2019,654000000
Niue,NIU,2010,0
Niue,NIU,2011,0
Niue,NIU,2012,0
Niue,NIU,2013,0
Niue,NIU,2014,0
Niue,NIU,2015,0
Niue,NIU,2016,0
Niue,NIU,2017,0
Niue,NIU,2018,0
Niue,NIU,2019,0
North Korea,PRK,2010,29000000
North Korea,PRK,2011,16000000
North Korea,PRK,2012,17000000
North Korea,PRK,2013,23000000
North Korea,PRK,2014,26000000
North Korea,PRK,2015,24000000
North Korea,PRK,2016,24000000
North Korea,PRK,2017,25000000
North Korea,PRK,2018,10000000
North Korea,PRK,2019,14000000
North Macedonia,MKD,2010,1000000
North Macedonia,MKD,2011,3000000
North Macedonia,MKD,2012,0
North Macedonia,MKD,2013,2000000
North Macedonia,MKD,2014,0
North Macedonia,MKD,2015,1000000
North Macedonia,MKD,2016,1000000
North Macedonia,MKD,2017,1000000
North Macedonia,MKD,2018,0
North Macedonia,MKD,2019,1000000
Northern Africa,,2010,166000000
Northern Africa,,2011,123000000
Northern Africa,,2012,133000000
Northern Africa,,2013,138000000
Northern Africa,,2014,102000000
Northern Africa,,2015,130000000
Northern Africa,,2016,225000000
Northern Africa,,2017,117000000
Northern Africa,,2018,154000000
Northern Africa,,2019,140000000
ODA residual,,2010,1553000000
ODA residual,,2011,1377000000
ODA residual,,2012,1332000000
ODA residual,,2013,1701000000
ODA residual,,2014,1626000000
ODA residual,,2015,1870000000
ODA residual,,2016,1821000000
ODA residual,,2017,2377000000
ODA residual,,2018,2195000000
ODA residual,,2019,2219000000
Oceania,,2010,48000000
Oceania,,2011,70000000
Oceania,,2012,68000000
Oceania,,2013,88000000
Oceania,,2014,46000000
Oceania,,2015,117000000
Oceania,,2016,57000000
Oceania,,2017,70000000
Oceania,,2018,77000000
Oceania,,2019,138000000
Pakistan,PAK,2010,335000000
Pakistan,PAK,2011,126000000
Pakistan,PAK,2012,291000000
Pakistan,PAK,2013,264000000
Pakistan,PAK,2014,149000000
Pakistan,PAK,2015,157000000
Pakistan,PAK,2016,318000000
Pakistan,PAK,2017,390000000
Pakistan,PAK,2018,344000000
Pakistan,PAK,2019,305000000
Palau,PLW,2010,0
Palau,PLW,2011,0
Palau,PLW,2012,0
Palau,PLW,2013,0
Palau,PLW,2014,0
Palau,PLW,2015,0
Palau,PLW,2016,0
Palau,PLW,2017,0
Palau,PLW,2018,0
Palau,PLW,2019,0
Palestine,PSE,2010,76000000
Palestine,PSE,2011,69000000
Palestine,PSE,2012,76000000
Palestine,PSE,2013,50000000
Palestine,PSE,2014,76000000
Palestine,PSE,2015,100000000
Palestine,PSE,2016,81000000
Palestine,PSE,2017,164000000
Palestine,PSE,2018,102000000
Palestine,PSE,2019,106000000
Panama,PAN,2010,-2000000
Panama,PAN,2011,-2000000
Panama,PAN,2012,-1000000
Panama,PAN,2013,-1000000
Panama,PAN,2014,0
Panama,PAN,2015,1000000
Panama,PAN,2016,0
Panama,PAN,2017,3000000
Panama,PAN,2018,3000000
Panama,PAN,2019,1000000
Papua New Guinea,PNG,2010,24000000
Papua New Guinea,PNG,2011,41000000
Papua New Guinea,PNG,2012,39000000
Papua New Guinea,PNG,2013,37000000
Papua New Guinea,PNG,2014,23000000
Papua New Guinea,PNG,2015,62000000
Papua New Guinea,PNG,2016,21000000
Papua New Guinea,PNG,2017,44000000
Papua New Guinea,PNG,2018,49000000
Papua New Guinea,PNG,2019,113000000
Paraguay,PRY,2010,10000000
Paraguay,PRY,2011,4000000
Paraguay,PRY,2012,7000000
Paraguay,PRY,2013,4000000
Paraguay,PRY,2014,3000000
Paraguay,PRY,2015,5000000
Paraguay,PRY,2016,5000000
Paraguay,PRY,2017,7000000
Paraguay,PRY,2018,10000000
Paraguay,PRY,2019,4000000
Peru,PER,2010,17000000
Peru,PER,2011,21000000
Peru,PER,2012,39000000
Peru,PER,2013,33000000
Peru,PER,2014,10000000
Peru,PER,2015,9000000
Peru,PER,2016,15000000
Peru,PER,2017,12000000
Peru,PER,2018,11000000
Peru,PER,2019,16000000
Philippines,PHL,2010,67000000
Philippines,PHL,2011,59000000
Philippines,PHL,2012,32000000
Philippines,PHL,2013,34000000
Philippines,PHL,2014,55000000
Philippines,PHL,2015,98000000
Philippines,PHL,2016,70000000
Philippines,PHL,2017,75000000
Philippines,PHL,2018,60000000
Philippines,PHL,2019,70000000
Polynesia,OWID_PYA,2010,6000000
Polynesia,OWID_PYA,2011,13000000
Polynesia,OWID_PYA,2012,6000000
Polynesia,OWID_PYA,2013,8000000
Polynesia,OWID_PYA,2014,2000000
Polynesia,OWID_PYA,2015,8000000
Polynesia,OWID_PYA,2016,10000000
Polynesia,OWID_PYA,2017,9000000
Polynesia,OWID_PYA,2018,7000000
Polynesia,OWID_PYA,2019,8000000
Rwanda,RWA,2010,72000000
Rwanda,RWA,2011,75000000
Rwanda,RWA,2012,78000000
Rwanda,RWA,2013,86000000
Rwanda,RWA,2014,105000000
Rwanda,RWA,2015,87000000
Rwanda,RWA,2016,83000000
Rwanda,RWA,2017,90000000
Rwanda,RWA,2018,60000000
Rwanda,RWA,2019,117000000
Saint Helena,SHN,2010,0
Saint Helena,SHN,2011,0
Saint Helena,SHN,2012,0
Saint Helena,SHN,2013,0
Saint Helena,SHN,2015,0
Saint Helena,SHN,2016,8000000
Saint Helena,SHN,2017,2000000
Saint Helena,SHN,2018,0
Saint Helena,SHN,2019,0
Saint Lucia,LCA,2011,0
Saint Lucia,LCA,2012,0
Saint Lucia,LCA,2013,0
Saint Lucia,LCA,2014,0
Saint Lucia,LCA,2015,0
Saint Lucia,LCA,2016,1000000
Saint Lucia,LCA,2017,1000000
Saint Lucia,LCA,2018,0
Saint Lucia,LCA,2019,1000000
Saint Vincent and the Grenadines,VCT,2011,0
Saint Vincent and the Grenadines,VCT,2012,0
Saint Vincent and the Grenadines,VCT,2013,0
Saint Vincent and the Grenadines,VCT,2014,0
Saint Vincent and the Grenadines,VCT,2015,0
Saint Vincent and the Grenadines,VCT,2016,0
Saint Vincent and the Grenadines,VCT,2017,0
Saint Vincent and the Grenadines,VCT,2018,0
Saint Vincent and the Grenadines,VCT,2019,0
Samoa,WSM,2010,4000000
Samoa,WSM,2011,2000000
Samoa,WSM,2012,2000000
Samoa,WSM,2013,7000000
Samoa,WSM,2014,1000000
Samoa,WSM,2015,5000000
Samoa,WSM,2016,1000000
Samoa,WSM,2017,4000000
Samoa,WSM,2018,4000000
Samoa,WSM,2019,5000000
Sao Tome and Principe,STP,2010,3000000
Sao Tome and Principe,STP,2011,5000000
Sao Tome and Principe,STP,2012,3000000
Sao Tome and Principe,STP,2013,6000000
Sao Tome and Principe,STP,2014,5000000
Sao Tome and Principe,STP,2015,4000000
Sao Tome and Principe,STP,2016,5000000
Sao Tome and Principe,STP,2017,6000000
Sao Tome and Principe,STP,2018,3000000
Sao Tome and Principe,STP,2019,2000000
Senegal,SEN,2010,56000000
Senegal,SEN,2011,55000000
Senegal,SEN,2012,86000000
Senegal,SEN,2013,74000000
Senegal,SEN,2014,111000000
Senegal,SEN,2015,87000000
Senegal,SEN,2016,86000000
Senegal,SEN,2017,70000000
Senegal,SEN,2018,85000000
Senegal,SEN,2019,93000000
Serbia,SRB,2010,3000000
Serbia,SRB,2011,2000000
Serbia,SRB,2012,1000000
Serbia,SRB,2013,2000000
Serbia,SRB,2014,2000000
Serbia,SRB,2015,1000000
Serbia,SRB,2016,1000000
Serbia,SRB,2017,26000000
Serbia,SRB,2018,0
Serbia,SRB,2019,26000000
Seychelles,SYC,2011,0
Seychelles,SYC,2012,0
Seychelles,SYC,2013,0
Seychelles,SYC,2014,0
Seychelles,SYC,2015,0
Seychelles,SYC,2016,3000000
Seychelles,SYC,2017,0
Sierra Leone,SLE,2010,34000000
Sierra Leone,SLE,2011,26000000
Sierra Leone,SLE,2012,24000000
Sierra Leone,SLE,2013,30000000
Sierra Leone,SLE,2014,104000000
Sierra Leone,SLE,2015,146000000
Sierra Leone,SLE,2016,86000000
Sierra Leone,SLE,2017,67000000
Sierra Leone,SLE,2018,67000000
Sierra Leone,SLE,2019,70000000
Small Island Developing States (SIDS),,2010,132000000
Small Island Developing States (SIDS),,2011,185000000
Small Island Developing States (SIDS),,2012,188000000
Small Island Developing States (SIDS),,2013,221000000
Small Island Developing States (SIDS),,2014,137000000
Small Island Developing States (SIDS),,2015,232000000
Small Island Developing States (SIDS),,2016,220000000
Small Island Developing States (SIDS),,2017,228000000
Small Island Developing States (SIDS),,2018,212000000
Small Island Developing States (SIDS),,2019,271000000
Solomon Islands,SLB,2010,9000000
Solomon Islands,SLB,2011,6000000
Solomon Islands,SLB,2012,5000000
Solomon Islands,SLB,2013,24000000
Solomon Islands,SLB,2014,5000000
Solomon Islands,SLB,2015,18000000
Solomon Islands,SLB,2016,16000000
Solomon Islands,SLB,2017,4000000
Solomon Islands,SLB,2018,7000000
Solomon Islands,SLB,2019,6000000
Somalia,SOM,2010,26000000
Somalia,SOM,2011,26000000
Somalia,SOM,2012,53000000
Somalia,SOM,2013,55000000
Somalia,SOM,2014,64000000
Somalia,SOM,2015,57000000
Somalia,SOM,2016,53000000
Somalia,SOM,2017,55000000
Somalia,SOM,2018,41000000
Somalia,SOM,2019,51000000
South Africa,ZAF,2010,17000000
South Africa,ZAF,2011,69000000
South Africa,ZAF,2012,51000000
South Africa,ZAF,2013,82000000
South Africa,ZAF,2014,32000000
South Africa,ZAF,2015,91000000
South Africa,ZAF,2016,88000000
South Africa,ZAF,2017,124000000
South Africa,ZAF,2018,147000000
South Africa,ZAF,2019,110000000
South America,,2010,131000000
South America,,2011,110000000
South America,,2012,94000000
South America,,2013,78000000
South America,,2014,49000000
South America,,2015,-12000000
South America,,2016,45000000
South America,,2017,60000000
South America,,2018,56000000
South America,,2019,46000000
South Sudan,SSD,2011,46000000
South Sudan,SSD,2012,100000000
South Sudan,SSD,2013,83000000
South Sudan,SSD,2014,95000000
South Sudan,SSD,2015,120000000
South Sudan,SSD,2016,63000000
South Sudan,SSD,2017,177000000
South Sudan,SSD,2018,103000000
South Sudan,SSD,2019,201000000
South-eastern Asia,,2010,488000000
South-eastern Asia,,2011,399000000
South-eastern Asia,,2012,535000000
South-eastern Asia,,2013,545000000
South-eastern Asia,,2014,487000000
South-eastern Asia,,2015,484000000
South-eastern Asia,,2016,520000000
South-eastern Asia,,2017,790000000
South-eastern Asia,,2018,409000000
South-eastern Asia,,2019,489000000
Southern Africa,,2010,49000000
Southern Africa,,2011,125000000
Southern Africa,,2012,94000000
Southern Africa,,2013,171000000
Southern Africa,,2014,51000000
Southern Africa,,2015,106000000
Southern Africa,,2016,137000000
Southern Africa,,2017,202000000
Southern Africa,,2018,219000000
Southern Africa,,2019,175000000
Southern Asia,,2010,1009000000
Southern Asia,,2011,770000000
Southern Asia,,2012,872000000
Southern Asia,,2013,1187000000
Southern Asia,,2014,866000000
Southern Asia,,2015,1013000000
Southern Asia,,2016,1129000000
Southern Asia,,2017,1135000000
Southern Asia,,2018,992000000
Southern Asia,,2019,1033000000
Southern Asia (excluding India),,2010,758000000
Southern Asia (excluding India),,2011,494000000
Southern Asia (excluding India),,2012,651000000
Southern Asia (excluding India),,2013,848000000
Southern Asia (excluding India),,2014,673000000
Southern Asia (excluding India),,2015,690000000
Southern Asia (excluding India),,2016,827000000
Southern Asia (excluding India),,2017,934000000
Southern Asia (excluding India),,2018,863000000
Southern Asia (excluding India),,2019,878000000
Southern Europe,,2010,16000000
Southern Europe,,2011,15000000
Southern Europe,,2012,10000000
Southern Europe,,2013,10000000
Southern Europe,,2014,14000000
Southern Europe,,2015,7000000
Southern Europe,,2016,38000000
Southern Europe,,2017,59000000
Southern Europe,,2018,16000000
Southern Europe,,2019,36000000
Sri Lanka,LKA,2010,29000000
Sri Lanka,LKA,2011,13000000
Sri Lanka,LKA,2012,19000000
Sri Lanka,LKA,2013,16000000
Sri Lanka,LKA,2014,20000000
Sri Lanka,LKA,2015,30000000
Sri Lanka,LKA,2016,17000000
Sri Lanka,LKA,2017,47000000
Sri Lanka,LKA,2018,20000000
Sri Lanka,LKA,2019,10000000
Sub-Saharan Africa,,2010,2737000000
Sub-Saharan Africa,,2011,3002000000
Sub-Saharan Africa,,2012,3578000000
Sub-Saharan Africa,,2013,4413000000
Sub-Saharan Africa,,2014,4136000000
Sub-Saharan Africa,,2015,5070000000
Sub-Saharan Africa,,2016,4703000000
Sub-Saharan Africa,,2017,5172000000
Sub-Saharan Africa,,2018,4575000000
Sub-Saharan Africa,,2019,5578000000
Sudan,SDN,2010,121000000
Sudan,SDN,2011,84000000
Sudan,SDN,2012,115000000
Sudan,SDN,2013,119000000
Sudan,SDN,2014,88000000
Sudan,SDN,2015,114000000
Sudan,SDN,2016,137000000
Sudan,SDN,2017,87000000
Sudan,SDN,2018,109000000
Sudan,SDN,2019,119000000
Suriname,SUR,2010,6000000
Suriname,SUR,2011,2000000
Suriname,SUR,2012,1000000
Suriname,SUR,2013,1000000
Suriname,SUR,2014,1000000
Suriname,SUR,2015,2000000
Suriname,SUR,2016,1000000
Suriname,SUR,2017,3000000
Suriname,SUR,2018,2000000
Suriname,SUR,2019,2000000
Syria,SYR,2010,14000000
Syria,SYR,2011,14000000
Syria,SYR,2012,9000000
Syria,SYR,2013,5000000
Syria,SYR,2014,5000000
Syria,SYR,2015,12000000
Syria,SYR,2016,14000000
Syria,SYR,2017,30000000
Syria,SYR,2018,33000000
Syria,SYR,2019,30000000
Tajikistan,TJK,2010,28000000
Tajikistan,TJK,2011,24000000
Tajikistan,TJK,2012,28000000
Tajikistan,TJK,2013,24000000
Tajikistan,TJK,2014,31000000
Tajikistan,TJK,2015,25000000
Tajikistan,TJK,2016,26000000
Tajikistan,TJK,2017,38000000
Tajikistan,TJK,2018,28000000
Tajikistan,TJK,2019,26000000
Tanzania,TZA,2010,223000000
Tanzania,TZA,2011,214000000
Tanzania,TZA,2012,256000000
Tanzania,TZA,2013,313000000
Tanzania,TZA,2014,283000000
Tanzania,TZA,2015,325000000
Tanzania,TZA,2016,270000000
Tanzania,TZA,2017,298000000
Tanzania,TZA,2018,235000000
Tanzania,TZA,2019,286000000
Thailand,THA,2010,16000000
Thailand,THA,2011,34000000
Thailand,THA,2012,12000000
Thailand,THA,2013,25000000
Thailand,THA,2014,30000000
Thailand,THA,2015,28000000
Thailand,THA,2016,27000000
Thailand,THA,2017,39000000
Thailand,THA,2018,19000000
Thailand,THA,2019,22000000
Timor,TLS,2010,8000000
Timor,TLS,2011,3000000
Timor,TLS,2012,13000000
Timor,TLS,2013,7000000
Timor,TLS,2014,11000000
Timor,TLS,2015,14000000
Timor,TLS,2016,16000000
Timor,TLS,2017,12000000
Timor,TLS,2018,11000000
Timor,TLS,2019,19000000
Togo,TGO,2010,21000000
Togo,TGO,2011,31000000
Togo,TGO,2012,7000000
Togo,TGO,2013,31000000
Togo,TGO,2014,20000000
Togo,TGO,2015,14000000
Togo,TGO,2016,38000000
Togo,TGO,2017,45000000
Togo,TGO,2018,22000000
Togo,TGO,2019,27000000
Tokelau,TKL,2011,0
Tokelau,TKL,2013,0
Tokelau,TKL,2014,0
Tokelau,TKL,2015,0
Tokelau,TKL,2016,0
Tokelau,TKL,2017,0
Tokelau,TKL,2018,0
Tokelau,TKL,2019,0
Tonga,TON,2010,2000000
Tonga,TON,2011,11000000
Tonga,TON,2012,4000000
Tonga,TON,2013,1000000
Tonga,TON,2014,1000000
Tonga,TON,2015,2000000
Tonga,TON,2016,5000000
Tonga,TON,2017,4000000
Tonga,TON,2018,3000000
Tonga,TON,2019,2000000
Trinidad and Tobago,TTO,2010,0
Tunisia,TUN,2010,4000000
Tunisia,TUN,2011,2000000
Tunisia,TUN,2012,1000000
Tunisia,TUN,2013,1000000
Tunisia,TUN,2014,2000000
Tunisia,TUN,2015,3000000
Tunisia,TUN,2016,2000000
Tunisia,TUN,2017,5000000
Tunisia,TUN,2018,3000000
Tunisia,TUN,2019,4000000
Turkey,TUR,2010,1000000
Turkey,TUR,2011,1000000
Turkey,TUR,2012,2000000
Turkey,TUR,2013,3000000
Turkey,TUR,2014,2000000
Turkey,TUR,2015,2000000
Turkey,TUR,2016,30000000
Turkey,TUR,2017,170000000
Turkey,TUR,2018,64000000
Turkey,TUR,2019,73000000
Turkmenistan,TKM,2010,5000000
Turkmenistan,TKM,2011,5000000
Turkmenistan,TKM,2012,2000000
Turkmenistan,TKM,2013,6000000
Turkmenistan,TKM,2014,4000000
Turkmenistan,TKM,2015,3000000
Turkmenistan,TKM,2016,10000000
Turkmenistan,TKM,2017,3000000
Turkmenistan,TKM,2018,2000000
Turkmenistan,TKM,2019,3000000
Tuvalu,TUV,2010,0
Tuvalu,TUV,2011,0
Tuvalu,TUV,2012,0
Tuvalu,TUV,2013,0
Tuvalu,TUV,2014,0
Tuvalu,TUV,2015,0
Tuvalu,TUV,2016,1000000
Tuvalu,TUV,2017,0
Tuvalu,TUV,2018,0
Tuvalu,TUV,2019,0
Uganda,UGA,2010,95000000
Uganda,UGA,2011,102000000
Uganda,UGA,2012,212000000
Uganda,UGA,2013,150000000
Uganda,UGA,2014,196000000
Uganda,UGA,2015,206000000
Uganda,UGA,2016,267000000
Uganda,UGA,2017,224000000
Uganda,UGA,2018,233000000
Uganda,UGA,2019,279000000
Ukraine,UKR,2010,5000000
Ukraine,UKR,2011,19000000
Ukraine,UKR,2012,20000000
Ukraine,UKR,2013,21000000
Ukraine,UKR,2014,26000000
Ukraine,UKR,2015,53000000
Ukraine,UKR,2016,68000000
Ukraine,UKR,2017,35000000
Ukraine,UKR,2018,48000000
Ukraine,UKR,2019,57000000
Uruguay,URY,2010,3000000
Uruguay,URY,2011,0
Uruguay,URY,2012,0
Uruguay,URY,2013,0
Uruguay,URY,2014,0
Uruguay,URY,2015,-1000000
Uruguay,URY,2016,0
Uruguay,URY,2017,0
Uzbekistan,UZB,2010,20000000
Uzbekistan,UZB,2011,17000000
Uzbekistan,UZB,2012,34000000
Uzbekistan,UZB,2013,26000000
Uzbekistan,UZB,2014,30000000
Uzbekistan,UZB,2015,23000000
Uzbekistan,UZB,2016,58000000
Uzbekistan,UZB,2017,39000000
Uzbekistan,UZB,2018,31000000
Uzbekistan,UZB,2019,45000000
Vanuatu,VUT,2010,4000000
Vanuatu,VUT,2011,6000000
Vanuatu,VUT,2012,5000000
Vanuatu,VUT,2013,8000000
Vanuatu,VUT,2014,5000000
Vanuatu,VUT,2015,6000000
Vanuatu,VUT,2016,2000000
Vanuatu,VUT,2017,4000000
Vanuatu,VUT,2018,5000000
Vanuatu,VUT,2019,4000000
Venezuela,VEN,2010,1000000
Venezuela,VEN,2011,0
Venezuela,VEN,2012,0
Venezuela,VEN,2013,0
Venezuela,VEN,2014,0
Venezuela,VEN,2015,0
Venezuela,VEN,2016,0
Venezuela,VEN,2017,1000000
Venezuela,VEN,2018,1000000
Venezuela,VEN,2019,1000000
Vietnam,VNM,2010,106000000
Vietnam,VNM,2011,91000000
Vietnam,VNM,2012,130000000
Vietnam,VNM,2013,124000000
Vietnam,VNM,2014,88000000
Vietnam,VNM,2015,72000000
Vietnam,VNM,2016,74000000
Vietnam,VNM,2017,83000000
Vietnam,VNM,2018,76000000
Vietnam,VNM,2019,63000000
Wallis and Futuna,WLF,2010,0
Wallis and Futuna,WLF,2011,0
Wallis and Futuna,WLF,2012,0
Wallis and Futuna,WLF,2013,0
Wallis and Futuna,WLF,2016,3000000
Wallis and Futuna,WLF,2017,1000000
Wallis and Futuna,WLF,2018,0
Wallis and Futuna,WLF,2019,1000000
Western Africa,,2010,936000000
Western Africa,,2011,855000000
Western Africa,,2012,1057000000
Western Africa,,2013,1259000000
Western Africa,,2014,1463000000
Western Africa,,2015,1960000000
Western Africa,,2016,1634000000
Western Africa,,2017,1709000000
Western Africa,,2018,1473000000
Western Africa,,2019,1872000000
Western Asia,,2010,274000000
Western Asia,,2011,210000000
Western Asia,,2012,212000000
Western Asia,,2013,236000000
Western Asia,,2014,285000000
Western Asia,,2015,276000000
Western Asia,,2016,310000000
Western Asia,,2017,753000000
Western Asia,,2018,416000000
Western Asia,,2019,506000000
Yemen,YEM,2010,30000000
Yemen,YEM,2011,32000000
Yemen,YEM,2012,49000000
Yemen,YEM,2013,83000000
Yemen,YEM,2014,104000000
Yemen,YEM,2015,69000000
Yemen,YEM,2016,92000000
Yemen,YEM,2017,290000000
Yemen,YEM,2018,144000000
Yemen,YEM,2019,179000000
Zambia,ZMB,2010,47000000
Zambia,ZMB,2011,90000000
Zambia,ZMB,2012,121000000
Zambia,ZMB,2013,230000000
Zambia,ZMB,2014,66000000
Zambia,ZMB,2015,149000000
Zambia,ZMB,2016,185000000
Zambia,ZMB,2017,223000000
Zambia,ZMB,2018,193000000
Zambia,ZMB,2019,202000000
Zimbabwe,ZWE,2010,87000000
Zimbabwe,ZWE,2011,58000000
Zimbabwe,ZWE,2012,116000000
Zimbabwe,ZWE,2013,86000000
Zimbabwe,ZWE,2014,65000000
Zimbabwe,ZWE,2015,123000000
Zimbabwe,ZWE,2016,82000000
Zimbabwe,ZWE,2017,151000000
Zimbabwe,ZWE,2018,110000000
Zimbabwe,ZWE,2019,115000000