Entity,Code,Year,"3.7.2 - Adolescent birth rate (per 1,000 women aged 15-19 and 10-14 years) - SP_DYN_ADKL - 10 to 14 years old"
Afghanistan,AFG,2002,12.3
Afghanistan,AFG,2003,8.1
Afghanistan,AFG,2005,8.2
Afghanistan,AFG,2006,4.3
Afghanistan,AFG,2008,1.4
Afghanistan,AFG,2009,0.8
Afghanistan,AFG,2011,2.2
Afghanistan,AFG,2013,0.9
Afghanistan,AFG,2014,0.2
Albania,ALB,2000,0
Albania,ALB,2001,0.3
Albania,ALB,2002,0
Albania,ALB,2003,0
Albania,ALB,2004,0.3
Albania,ALB,2005,1.1
Albania,ALB,2006,0.1
Albania,ALB,2007,0
Albania,ALB,2008,0
Albania,ALB,2009,0
Albania,ALB,2010,0.2
Albania,ALB,2011,0
Albania,ALB,2012,0
Albania,ALB,2013,0.2
Albania,ALB,2014,0.2
Albania,ALB,2015,0.2
Albania,ALB,2016,0.2
Albania,ALB,2017,0.2
Albania,ALB,2018,0.3
Albania,ALB,2019,0.3
Algeria,DZA,2002,0.3
Algeria,DZA,2005,0.3
Algeria,DZA,2006,0.2
Algeria,DZA,2008,0.1
Algeria,DZA,2010,0
Algeria,DZA,2011,0
Algeria,DZA,2014,0.1
Algeria,DZA,2016,0
Algeria,DZA,2017,0
American Samoa,ASM,2000,0.6
American Samoa,ASM,2001,0.7
American Samoa,ASM,2002,0.6
American Samoa,ASM,2003,0.7
American Samoa,ASM,2004,0.4
American Samoa,ASM,2005,0.3
American Samoa,ASM,2006,0.1
American Samoa,ASM,2007,0.2
American Samoa,ASM,2008,0.1
American Samoa,ASM,2009,0.3
American Samoa,ASM,2010,0.3
American Samoa,ASM,2011,0.8
American Samoa,ASM,2012,0.8
American Samoa,ASM,2013,0.7
American Samoa,ASM,2014,0.2
American Samoa,ASM,2015,0
American Samoa,ASM,2016,0
American Samoa,ASM,2017,0.1
American Samoa,ASM,2018,0.2
American Samoa,ASM,2019,0.5
Andorra,AND,2002,0
Andorra,AND,2003,0
Andorra,AND,2004,0
Andorra,AND,2006,0
Andorra,AND,2007,0
Andorra,AND,2008,0
Andorra,AND,2009,0
Andorra,AND,2010,0
Andorra,AND,2011,0
Andorra,AND,2012,0
Andorra,AND,2015,0.5
Andorra,AND,2016,0
Andorra,AND,2017,0
Andorra,AND,2018,0
Angola,AGO,2002,14.6
Angola,AGO,2003,12
Angola,AGO,2004,6.6
Angola,AGO,2005,6.9
Angola,AGO,2006,12.8
Angola,AGO,2008,9.4
Angola,AGO,2009,6.1
Angola,AGO,2011,10.3
Angola,AGO,2013,10.6
Angola,AGO,2014,10.7
Anguilla,AIA,2000,1.8
Anguilla,AIA,2001,1.9
Anguilla,AIA,2002,1.9
Anguilla,AIA,2003,2.3
Anguilla,AIA,2004,2.8
Antigua and Barbuda,ATG,2000,0
Antigua and Barbuda,ATG,2010,0.6
Antigua and Barbuda,ATG,2016,0.6
Antigua and Barbuda,ATG,2017,0
Antigua and Barbuda,ATG,2018,0.3
Antigua and Barbuda,ATG,2019,0
Antigua and Barbuda,ATG,2020,0.3
Argentina,ARG,2000,1.9
Argentina,ARG,2001,1.8
Argentina,ARG,2002,1.9
Argentina,ARG,2003,1.6
Argentina,ARG,2004,1.5
Argentina,ARG,2005,1.6
Argentina,ARG,2006,1.6
Argentina,ARG,2007,1.6
Argentina,ARG,2008,1.7
Argentina,ARG,2009,2
Argentina,ARG,2010,1.8
Argentina,ARG,2011,1.9
Argentina,ARG,2012,1.8
Argentina,ARG,2013,1.9
Argentina,ARG,2014,1.8
Argentina,ARG,2015,1.6
Argentina,ARG,2016,1.4
Argentina,ARG,2017,1.5
Argentina,ARG,2018,1.4
Argentina,ARG,2019,1.1
Armenia,ARM,2000,0
Armenia,ARM,2002,0
Armenia,ARM,2003,0
Armenia,ARM,2004,0
Armenia,ARM,2005,0
Armenia,ARM,2006,0
Armenia,ARM,2007,0
Armenia,ARM,2008,0
Armenia,ARM,2009,0
Armenia,ARM,2011,0
Armenia,ARM,2013,0
Armenia,ARM,2014,0
Armenia,ARM,2015,0
Armenia,ARM,2016,0
Armenia,ARM,2017,0
Armenia,ARM,2018,0
Aruba,ABW,2000,0.6
Aruba,ABW,2001,0.6
Aruba,ABW,2002,0
Aruba,ABW,2003,0.8
Aruba,ABW,2004,2.1
Aruba,ABW,2005,0.3
Aruba,ABW,2006,0.8
Aruba,ABW,2007,0.8
Aruba,ABW,2008,1.4
Aruba,ABW,2009,0.6
Aruba,ABW,2010,0
Aruba,ABW,2011,0.9
Aruba,ABW,2012,0.6
Aruba,ABW,2013,1.1
Aruba,ABW,2014,0.6
Aruba,ABW,2015,0.3
Aruba,ABW,2016,0.3
Aruba,ABW,2017,0.3
Aruba,ABW,2018,0
Aruba,ABW,2019,0
Aruba,ABW,2020,0.3
Australia,AUS,2000,0.1
Australia,AUS,2001,0.1
Australia,AUS,2002,0.1
Australia,AUS,2003,0.1
Australia,AUS,2004,0
Australia,AUS,2005,0.1
Australia,AUS,2006,0.1
Australia,AUS,2007,0.2
Australia,AUS,2008,0.1
Australia,AUS,2009,0.1
Australia,AUS,2010,0.1
Australia,AUS,2011,0.1
Australia,AUS,2012,0.1
Australia,AUS,2013,0.1
Australia,AUS,2014,0.1
Australia,AUS,2015,0.1
Australia,AUS,2016,0.1
Australia,AUS,2017,0.1
Australia,AUS,2018,0.1
Australia,AUS,2019,0.1
Austria,AUT,2000,0
Austria,AUT,2001,0.1
Austria,AUT,2002,0.1
Austria,AUT,2003,0.1
Austria,AUT,2004,0.1
Austria,AUT,2005,0
Austria,AUT,2006,0.1
Austria,AUT,2007,0
Austria,AUT,2008,0.1
Austria,AUT,2009,0.1
Austria,AUT,2010,0.1
Austria,AUT,2011,0.1
Austria,AUT,2012,0.1
Austria,AUT,2013,0.1
Austria,AUT,2014,0.1
Austria,AUT,2015,0.1
Austria,AUT,2016,0.1
Austria,AUT,2017,0.1
Austria,AUT,2018,0
Austria,AUT,2019,0
Azerbaijan,AZE,2000,0
Azerbaijan,AZE,2001,0
Azerbaijan,AZE,2002,0
Azerbaijan,AZE,2003,0
Azerbaijan,AZE,2004,0
Azerbaijan,AZE,2005,0
Azerbaijan,AZE,2006,0
Azerbaijan,AZE,2007,0
Azerbaijan,AZE,2008,0
Azerbaijan,AZE,2009,0
Azerbaijan,AZE,2010,0
Azerbaijan,AZE,2012,0
Azerbaijan,AZE,2013,0
Azerbaijan,AZE,2014,0
Azerbaijan,AZE,2015,0
Azerbaijan,AZE,2016,0
Azerbaijan,AZE,2017,0
Azerbaijan,AZE,2018,0
Azerbaijan,AZE,2019,0
Bahamas,BHS,2000,0
Bahamas,BHS,2001,0
Bahamas,BHS,2002,0
Bahamas,BHS,2003,0
Bahamas,BHS,2004,0
Bahamas,BHS,2005,0
Bahamas,BHS,2006,0.9
Bahamas,BHS,2007,0.4
Bahamas,BHS,2008,0.7
Bahamas,BHS,2009,0.3
Bahamas,BHS,2010,0.8
Bahamas,BHS,2011,0.3
Bahamas,BHS,2012,0.2
Bahamas,BHS,2013,0.3
Bahrain,BHR,2000,0.1
Bahrain,BHR,2001,0
Bahrain,BHR,2002,0
Bahrain,BHR,2003,0.4
Bahrain,BHR,2004,0
Bahrain,BHR,2005,0.1
Bahrain,BHR,2006,0.1
Bahrain,BHR,2007,0.1
Bahrain,BHR,2008,0.1
Bahrain,BHR,2009,0.1
Bahrain,BHR,2010,0
Bahrain,BHR,2011,0
Bahrain,BHR,2012,0
Bahrain,BHR,2013,0
Bahrain,BHR,2014,0
Bahrain,BHR,2015,0.1
Bahrain,BHR,2016,0
Bahrain,BHR,2017,0
Bahrain,BHR,2018,0
Bahrain,BHR,2019,0
Bangladesh,BGD,2001,21.4
Bangladesh,BGD,2002,11.2
Bangladesh,BGD,2004,10.2
Bangladesh,BGD,2005,9.8
Bangladesh,BGD,2006,8.2
Bangladesh,BGD,2007,9.1
Bangladesh,BGD,2008,7.1
Bangladesh,BGD,2009,7.2
Bangladesh,BGD,2010,5.1
Bangladesh,BGD,2011,4.5
Bangladesh,BGD,2012,9
Bangladesh,BGD,2013,10
Bangladesh,BGD,2014,3
Bangladesh,BGD,2015,5.5
Bangladesh,BGD,2016,4.6
Bangladesh,BGD,2017,0.9
Barbados,BRB,2001,0
Barbados,BRB,2002,0
Barbados,BRB,2003,0
Barbados,BRB,2005,0.5
Barbados,BRB,2006,0.3
Barbados,BRB,2007,1
Belarus,BLR,2000,0.1
Belarus,BLR,2001,0.1
Belarus,BLR,2002,0.1
Belarus,BLR,2003,0.1
Belarus,BLR,2004,0.1
Belarus,BLR,2005,0
Belarus,BLR,2006,0.1
Belarus,BLR,2007,0.1
Belarus,BLR,2008,0.1
Belarus,BLR,2009,0.1
Belarus,BLR,2010,0.1
Belarus,BLR,2011,0.1
Belarus,BLR,2012,0.1
Belarus,BLR,2013,0.2
Belarus,BLR,2014,0.1
Belarus,BLR,2015,0.1
Belarus,BLR,2016,0.1
Belarus,BLR,2017,0.1
Belarus,BLR,2018,0
Belgium,BEL,2000,0.1
Belgium,BEL,2001,0.1
Belgium,BEL,2002,0.1
Belgium,BEL,2003,0
Belgium,BEL,2004,0.1
Belgium,BEL,2005,0.1
Belgium,BEL,2006,0.1
Belgium,BEL,2007,0.1
Belgium,BEL,2008,0.1
Belgium,BEL,2009,0.1
Belgium,BEL,2010,0.1
Belgium,BEL,2011,0.1
Belgium,BEL,2012,0.1
Belgium,BEL,2013,0.1
Belgium,BEL,2014,0
Belgium,BEL,2015,0.1
Belgium,BEL,2016,0
Belgium,BEL,2017,0.1
Belgium,BEL,2018,0.1
Belgium,BEL,2019,0
Belize,BLZ,2001,0
Belize,BLZ,2004,1.1
Belize,BLZ,2006,1.4
Belize,BLZ,2007,0.7
Belize,BLZ,2011,2.6
Belize,BLZ,2013,1.9
Belize,BLZ,2014,0.9
Belize,BLZ,2015,1
Belize,BLZ,2016,1.1
Belize,BLZ,2017,1.1
Belize,BLZ,2018,0.7
Belize,BLZ,2019,1.3
Belize,BLZ,2020,1
Benin,BEN,2001,16.5
Benin,BEN,2002,7.5
Benin,BEN,2003,10.8
Benin,BEN,2004,4.3
Benin,BEN,2005,3.9
Benin,BEN,2006,7.8
Benin,BEN,2007,6.1
Benin,BEN,2009,3.2
Benin,BEN,2010,2.4
Benin,BEN,2011,2.7
Benin,BEN,2012,2
Benin,BEN,2013,4.1
Benin,BEN,2015,2
Benin,BEN,2016,1.8
Bermuda,BMU,2000,0
Bermuda,BMU,2001,0
Bermuda,BMU,2002,0
Bermuda,BMU,2003,0
Bermuda,BMU,2006,0
Bermuda,BMU,2007,0
Bermuda,BMU,2008,0
Bermuda,BMU,2009,1
Bermuda,BMU,2010,0.5
Bermuda,BMU,2011,0
Bermuda,BMU,2012,0
Bermuda,BMU,2013,0
Bermuda,BMU,2014,0.6
Bermuda,BMU,2015,0
Bermuda,BMU,2016,0
Bermuda,BMU,2017,0
Bermuda,BMU,2018,0
Bermuda,BMU,2019,0.6
Bermuda,BMU,2020,0
Bhutan,BTN,2019,0
Bolivia,BOL,2002,2.8
Bolivia,BOL,2003,2.9
Bolivia,BOL,2005,2.8
Bolivia,BOL,2006,2.7
Bosnia and Herzegovina,BIH,2000,0
Bosnia and Herzegovina,BIH,2001,0.1
Bosnia and Herzegovina,BIH,2002,0.1
Bosnia and Herzegovina,BIH,2003,0.1
Bosnia and Herzegovina,BIH,2004,0.1
Bosnia and Herzegovina,BIH,2005,0.1
Bosnia and Herzegovina,BIH,2006,0.1
Bosnia and Herzegovina,BIH,2007,0.1
Bosnia and Herzegovina,BIH,2008,0.1
Bosnia and Herzegovina,BIH,2009,0.1
Bosnia and Herzegovina,BIH,2010,0.1
Bosnia and Herzegovina,BIH,2012,0
Bosnia and Herzegovina,BIH,2018,0.1
Bosnia and Herzegovina,BIH,2019,0
Botswana,BWA,2006,0
Botswana,BWA,2011,0.2
Botswana,BWA,2012,0.4
Botswana,BWA,2013,0.3
Botswana,BWA,2014,0.3
Botswana,BWA,2015,1
Botswana,BWA,2016,0.3
Botswana,BWA,2017,0.2
Botswana,BWA,2018,0.4
Botswana,BWA,2019,0.3
Brazil,BRA,2000,3.4
Brazil,BRA,2001,3.3
Brazil,BRA,2002,3.2
Brazil,BRA,2003,3.2
Brazil,BRA,2004,3.1
Brazil,BRA,2005,3.2
Brazil,BRA,2006,3.3
Brazil,BRA,2007,3.3
Brazil,BRA,2008,3.4
Brazil,BRA,2009,3.3
Brazil,BRA,2010,3.2
Brazil,BRA,2011,3.3
Brazil,BRA,2012,3.4
Brazil,BRA,2013,3.4
Brazil,BRA,2014,3.5
Brazil,BRA,2015,3.4
Brazil,BRA,2016,3.1
Brazil,BRA,2017,2.9
Brazil,BRA,2018,2.8
Brazil,BRA,2019,2.6
Bulgaria,BGR,2000,2.7
Bulgaria,BGR,2001,2.5
Bulgaria,BGR,2002,2.1
Bulgaria,BGR,2003,2.3
Bulgaria,BGR,2004,2.6
Bulgaria,BGR,2005,3.2
Bulgaria,BGR,2006,3.3
Bulgaria,BGR,2007,3.7
Bulgaria,BGR,2008,4.4
Bulgaria,BGR,2009,4.8
Bulgaria,BGR,2010,2.3
Bulgaria,BGR,2011,2.2
Bulgaria,BGR,2012,1.6
Bulgaria,BGR,2013,1.9
Bulgaria,BGR,2014,2.1
Bulgaria,BGR,2015,1.9
Bulgaria,BGR,2016,1.7
Bulgaria,BGR,2017,1.7
Bulgaria,BGR,2018,1.6
Bulgaria,BGR,2019,1.5
Burkina Faso,BFA,2002,0.3
Burkina Faso,BFA,2003,5.1
Burkina Faso,BFA,2006,2.6
Burkina Faso,BFA,2008,1.2
Burkina Faso,BFA,2009,0.6
Burkina Faso,BFA,2015,4.7
Burkina Faso,BFA,2016,2.6
Burundi,BDI,2003,1.6
Burundi,BDI,2004,3.1
Burundi,BDI,2006,1.5
Burundi,BDI,2008,0.6
Burundi,BDI,2009,0.3
Burundi,BDI,2010,1
Burundi,BDI,2011,0.8
Burundi,BDI,2012,1
Burundi,BDI,2014,0.7
Burundi,BDI,2015,0.7
Cambodia,KHM,2003,0.4
Cambodia,KHM,2004,0.3
Cambodia,KHM,2006,0.3
Cambodia,KHM,2007,0.9
Cambodia,KHM,2008,0.2
Cambodia,KHM,2009,0.3
Cambodia,KHM,2010,0.8
Cambodia,KHM,2012,0.3
Cambodia,KHM,2013,0.1
Cameroon,CMR,2002,4.1
Cameroon,CMR,2003,12.9
Cameroon,CMR,2004,14.2
Cameroon,CMR,2005,14.8
Cameroon,CMR,2006,9.2
Cameroon,CMR,2007,10.7
Cameroon,CMR,2008,7.8
Cameroon,CMR,2009,6.1
Cameroon,CMR,2010,10.9
Cameroon,CMR,2011,10
Cameroon,CMR,2012,7.5
Cameroon,CMR,2013,6.3
Cameroon,CMR,2014,7
Cameroon,CMR,2016,4.4
Cameroon,CMR,2017,2.9
Canada,CAN,2000,0.3
Canada,CAN,2001,0.2
Canada,CAN,2002,0.2
Canada,CAN,2003,0.2
Canada,CAN,2004,0.2
Canada,CAN,2005,0.2
Canada,CAN,2006,0.2
Canada,CAN,2007,0.2
Canada,CAN,2008,0.2
Canada,CAN,2009,0.2
Canada,CAN,2010,0.2
Canada,CAN,2011,0.2
Canada,CAN,2012,0.1
Canada,CAN,2013,0.1
Canada,CAN,2014,0.1
Canada,CAN,2015,0.1
Canada,CAN,2016,0.1
Canada,CAN,2017,0.1
Canada,CAN,2018,0.1
Canada,CAN,2019,0.1
Cape Verde,CPV,2006,1.4
Cape Verde,CPV,2007,1.6
Cape Verde,CPV,2008,1.5
Cape Verde,CPV,2009,0.5
Cape Verde,CPV,2010,0.7
Cape Verde,CPV,2011,1.2
Cape Verde,CPV,2012,0.9
Cape Verde,CPV,2013,0.8
Cape Verde,CPV,2014,0.9
Cape Verde,CPV,2015,1
Cape Verde,CPV,2016,0.8
Cape Verde,CPV,2017,1.1
Cape Verde,CPV,2018,1
Central African Republic,CAF,2003,22.9
Central African Republic,CAF,2006,24.8
Central African Republic,CAF,2007,26
Central African Republic,CAF,2009,25.8
Central African Republic,CAF,2012,26.9
Central African Republic,CAF,2015,19
Central African Republic,CAF,2017,11.5
Central African Republic,CAF,2018,8
Chad,TCD,2001,26.2
Chad,TCD,2002,27
Chad,TCD,2003,6.6
Chad,TCD,2004,25.4
Chad,TCD,2006,20.2
Chad,TCD,2007,28.6
Chad,TCD,2009,28.6
Chad,TCD,2010,17.6
Chad,TCD,2012,9.9
Chad,TCD,2013,6
Chad,TCD,2015,11.4
Chad,TCD,2017,5.3
Chad,TCD,2018,3.9
Chile,CHL,2000,2.7
Chile,CHL,2001,2.8
Chile,CHL,2002,2.7
Chile,CHL,2003,2.4
Chile,CHL,2004,2.2
Chile,CHL,2005,2.3
Chile,CHL,2006,1.3
Chile,CHL,2007,1.4
Chile,CHL,2008,1.5
Chile,CHL,2009,1.6
Chile,CHL,2010,1.5
Chile,CHL,2011,1.4
Chile,CHL,2012,1.4
Chile,CHL,2013,1.5
Chile,CHL,2014,1.4
Chile,CHL,2015,1.2
Chile,CHL,2016,1.1
Chile,CHL,2017,0.8
Chile,CHL,2018,0.6
"China, Hong Kong Special Administrative Region",,2000,0.1
"China, Hong Kong Special Administrative Region",,2001,0.1
"China, Hong Kong Special Administrative Region",,2002,0
"China, Hong Kong Special Administrative Region",,2003,0.1
"China, Hong Kong Special Administrative Region",,2004,0
"China, Hong Kong Special Administrative Region",,2005,0
"China, Hong Kong Special Administrative Region",,2006,0
"China, Hong Kong Special Administrative Region",,2007,0
"China, Hong Kong Special Administrative Region",,2008,0
"China, Hong Kong Special Administrative Region",,2009,0.1
"China, Hong Kong Special Administrative Region",,2010,0
"China, Hong Kong Special Administrative Region",,2011,0.1
"China, Hong Kong Special Administrative Region",,2012,0.1
"China, Hong Kong Special Administrative Region",,2013,0.1
"China, Hong Kong Special Administrative Region",,2014,0
"China, Hong Kong Special Administrative Region",,2015,0.1
"China, Hong Kong Special Administrative Region",,2016,0
"China, Hong Kong Special Administrative Region",,2017,0
"China, Hong Kong Special Administrative Region",,2018,0
"China, Hong Kong Special Administrative Region",,2019,0
"China, Hong Kong Special Administrative Region",,2020,0
Colombia,COL,2000,2.9
Colombia,COL,2001,2.8
Colombia,COL,2002,3.2
Colombia,COL,2003,3
Colombia,COL,2004,2.9
Colombia,COL,2005,3.4
Colombia,COL,2006,3
Colombia,COL,2007,3.5
Colombia,COL,2008,3.8
Colombia,COL,2010,3
Colombia,COL,2011,2.7
Colombia,COL,2012,3.1
Colombia,COL,2013,2.8
Colombia,COL,2014,2.5
Colombia,COL,2015,3
Colombia,COL,2016,2.8
Colombia,COL,2017,3
Colombia,COL,2018,2.8
Colombia,COL,2019,2.5
Colombia,COL,2020,2.2
Comoros,COM,2002,7.7
Comoros,COM,2005,7.5
Comoros,COM,2008,2.4
Comoros,COM,2010,1.6
Comoros,COM,2011,1.7
Congo,COG,2001,6.6
Congo,COG,2002,7.9
Congo,COG,2003,3.5
Congo,COG,2004,1.4
Congo,COG,2007,5.4
Congo,COG,2009,4.7
Congo,COG,2010,4.6
Congo,COG,2012,6.8
Congo,COG,2013,6.2
Congo,COG,2014,2.5
Cook Islands,COK,2009,0.7
Cook Islands,COK,2010,0.2
Cook Islands,COK,2011,0
Cook Islands,COK,2012,0
Cook Islands,COK,2013,0
Cook Islands,COK,2014,0.3
Cook Islands,COK,2015,0.3
Cook Islands,COK,2016,0.3
Cook Islands,COK,2017,0.3
Costa Rica,CRI,2000,3
Costa Rica,CRI,2001,2.9
Costa Rica,CRI,2002,2.3
Costa Rica,CRI,2003,2.3
Costa Rica,CRI,2004,2.2
Costa Rica,CRI,2006,2.3
Costa Rica,CRI,2007,2.5
Costa Rica,CRI,2008,2.6
Costa Rica,CRI,2009,2.8
Costa Rica,CRI,2010,2.2
Costa Rica,CRI,2012,4.6
Costa Rica,CRI,2013,2.6
Costa Rica,CRI,2014,2.8
Costa Rica,CRI,2015,2.5
Costa Rica,CRI,2016,2
Costa Rica,CRI,2017,1.7
Costa Rica,CRI,2018,1.5
Costa Rica,CRI,2019,1.5
Costa Rica,CRI,2020,1.3
Cote d'Ivoire,CIV,2001,16.8
Cote d'Ivoire,CIV,2003,8.8
Cote d'Ivoire,CIV,2004,6.3
Cote d'Ivoire,CIV,2006,7.7
Cote d'Ivoire,CIV,2007,9.2
Cote d'Ivoire,CIV,2009,7
Cote d'Ivoire,CIV,2010,5.3
Cote d'Ivoire,CIV,2012,6.4
Cote d'Ivoire,CIV,2013,3
Cote d'Ivoire,CIV,2014,6
Cote d'Ivoire,CIV,2015,5
Croatia,HRV,2000,0.1
Croatia,HRV,2001,0.1
Croatia,HRV,2002,0.1
Croatia,HRV,2003,0.1
Croatia,HRV,2004,0.2
Croatia,HRV,2005,0.1
Croatia,HRV,2006,0.1
Croatia,HRV,2007,0.1
Croatia,HRV,2008,0.1
Croatia,HRV,2009,0.1
Croatia,HRV,2010,0.2
Croatia,HRV,2011,0.1
Croatia,HRV,2012,0.2
Croatia,HRV,2013,0.1
Croatia,HRV,2014,0.1
Croatia,HRV,2015,0.1
Croatia,HRV,2016,0.1
Croatia,HRV,2017,0.1
Croatia,HRV,2018,0.1
Croatia,HRV,2019,0.1
Cuba,CUB,2000,1.2
Cuba,CUB,2001,1.2
Cuba,CUB,2002,1.1
Cuba,CUB,2003,1.2
Cuba,CUB,2004,1.2
Cuba,CUB,2005,1.2
Cuba,CUB,2006,1
Cuba,CUB,2007,0.9
Cuba,CUB,2008,1
Cuba,CUB,2009,0.9
Cuba,CUB,2010,1
Cuba,CUB,2011,1.2
Cuba,CUB,2012,1.2
Cuba,CUB,2013,1.3
Cuba,CUB,2014,1.4
Cuba,CUB,2015,1.2
Cuba,CUB,2016,1.2
Cuba,CUB,2017,1.3
Cuba,CUB,2018,1.5
Cuba,CUB,2019,1.5
Cuba,CUB,2020,1.3
Curacao,CUW,2009,0.8
Curacao,CUW,2010,1.2
Curacao,CUW,2011,1.2
Curacao,CUW,2012,0.6
Curacao,CUW,2013,0.6
Curacao,CUW,2014,0.9
Curacao,CUW,2015,0.6
Curacao,CUW,2016,0.8
Curacao,CUW,2017,0
Curacao,CUW,2018,0
Cyprus,CYP,2000,0
Cyprus,CYP,2001,0
Cyprus,CYP,2002,0
Cyprus,CYP,2003,0
Cyprus,CYP,2004,0
Cyprus,CYP,2005,0
Cyprus,CYP,2006,0
Cyprus,CYP,2007,0
Cyprus,CYP,2008,0
Cyprus,CYP,2009,0.1
Cyprus,CYP,2010,0
Cyprus,CYP,2011,0.1
Cyprus,CYP,2012,0
Cyprus,CYP,2013,0
Cyprus,CYP,2014,0
Cyprus,CYP,2015,0
Cyprus,CYP,2016,0
Cyprus,CYP,2017,0
Cyprus,CYP,2018,0.2
Cyprus,CYP,2019,0
Czechia,CZE,2000,0.1
Czechia,CZE,2001,0.1
Czechia,CZE,2002,0.1
Czechia,CZE,2003,0.1
Czechia,CZE,2004,0.1
Czechia,CZE,2005,0.1
Czechia,CZE,2006,0.1
Czechia,CZE,2007,0.1
Czechia,CZE,2008,0.1
Czechia,CZE,2009,0.1
Czechia,CZE,2010,0.1
Czechia,CZE,2011,0.1
Czechia,CZE,2012,0.1
Czechia,CZE,2013,0.1
Czechia,CZE,2014,0
Czechia,CZE,2015,0.1
Czechia,CZE,2016,0.1
Czechia,CZE,2017,0.1
Czechia,CZE,2018,0.1
Czechia,CZE,2019,0.1
Democratic Republic of Congo,COD,2001,13.1
Democratic Republic of Congo,COD,2002,5
Democratic Republic of Congo,COD,2004,4.4
Democratic Republic of Congo,COD,2005,4.4
Democratic Republic of Congo,COD,2007,9.1
Democratic Republic of Congo,COD,2009,7.6
Democratic Republic of Congo,COD,2010,7.4
Democratic Republic of Congo,COD,2011,5.5
Democratic Republic of Congo,COD,2012,3.5
Democratic Republic of Congo,COD,2013,6.1
Democratic Republic of Congo,COD,2015,3.8
Democratic Republic of Congo,COD,2016,3.4
Denmark,DNK,2000,0
Denmark,DNK,2001,0
Denmark,DNK,2002,0
Denmark,DNK,2003,0
Denmark,DNK,2004,0.1
Denmark,DNK,2005,0.1
Denmark,DNK,2006,0
Denmark,DNK,2007,0
Denmark,DNK,2008,0
Denmark,DNK,2009,0
Denmark,DNK,2010,0
Denmark,DNK,2011,0
Denmark,DNK,2012,0
Denmark,DNK,2013,0
Denmark,DNK,2014,0
Denmark,DNK,2015,0
Denmark,DNK,2016,0
Denmark,DNK,2017,0
Denmark,DNK,2018,0
Denmark,DNK,2019,0
Denmark,DNK,2020,0
Djibouti,DJI,2002,2.3
Djibouti,DJI,2005,2.8
Djibouti,DJI,2008,1.7
Djibouti,DJI,2010,0.1
Djibouti,DJI,2011,0.1
Dominica,DMA,2001,0
Dominica,DMA,2002,0
Dominica,DMA,2003,0
Dominica,DMA,2005,1.3
Dominica,DMA,2006,0.8
Dominican Republic,DOM,2001,6.3
Dominican Republic,DOM,2002,4.7
Dominican Republic,DOM,2004,3.5
Dominican Republic,DOM,2005,2.5
Dominican Republic,DOM,2006,4.8
Dominican Republic,DOM,2007,5.2
Dominican Republic,DOM,2009,4.4
Dominican Republic,DOM,2010,4
Dominican Republic,DOM,2011,3.9
Dominican Republic,DOM,2012,2.4
Dominican Republic,DOM,2013,5.8
Dominican Republic,DOM,2015,3.9
Dominican Republic,DOM,2017,3.4
Dominican Republic,DOM,2018,3.6
Dominican Republic,DOM,2019,1.7
Dominican Republic,DOM,2020,0.8
Ecuador,ECU,2000,2
Ecuador,ECU,2001,1.8
Ecuador,ECU,2002,3.6
Ecuador,ECU,2003,2.1
Ecuador,ECU,2004,2
Ecuador,ECU,2005,1.8
Ecuador,ECU,2006,2.2
Ecuador,ECU,2007,2.5
Ecuador,ECU,2008,2.8
Ecuador,ECU,2009,3.2
Ecuador,ECU,2010,3.3
Ecuador,ECU,2011,3.4
Ecuador,ECU,2012,3.7
Ecuador,ECU,2013,3.2
Ecuador,ECU,2014,3.3
Ecuador,ECU,2015,3.4
Ecuador,ECU,2016,2.9
Ecuador,ECU,2017,3
Ecuador,ECU,2018,2.8
Ecuador,ECU,2019,2.4
Ecuador,ECU,2020,2.2
Egypt,EGY,2001,0.3
Egypt,EGY,2002,0.3
Egypt,EGY,2003,0
Egypt,EGY,2005,0.1
Egypt,EGY,2006,0.2
Egypt,EGY,2007,0
Egypt,EGY,2008,0
Egypt,EGY,2009,1
Egypt,EGY,2010,0
Egypt,EGY,2011,0.5
Egypt,EGY,2012,0.5
El Salvador,SLV,2000,4.3
El Salvador,SLV,2001,5.1
El Salvador,SLV,2002,3.5
El Salvador,SLV,2003,3.3
El Salvador,SLV,2004,4.6
El Salvador,SLV,2005,0
El Salvador,SLV,2006,5
El Salvador,SLV,2007,5.1
El Salvador,SLV,2009,4.1
El Salvador,SLV,2010,2.9
El Salvador,SLV,2011,3.3
El Salvador,SLV,2012,3.1
El Salvador,SLV,2014,2.8
El Salvador,SLV,2015,3
El Salvador,SLV,2016,2.4
El Salvador,SLV,2017,2.3
El Salvador,SLV,2018,2
Eritrea,ERI,2002,5.5
Eritrea,ERI,2005,2.8
Eritrea,ERI,2007,1.3
Eritrea,ERI,2008,0.9
Estonia,EST,2000,0.1
Estonia,EST,2001,0.1
Estonia,EST,2002,0.1
Estonia,EST,2003,0.1
Estonia,EST,2004,0.1
Estonia,EST,2005,0.1
Estonia,EST,2006,0.1
Estonia,EST,2007,0.2
Estonia,EST,2008,0.1
Estonia,EST,2009,0.2
Estonia,EST,2010,0
Estonia,EST,2011,0.1
Estonia,EST,2012,0.1
Estonia,EST,2013,0.1
Estonia,EST,2014,0.1
Estonia,EST,2015,0.1
Estonia,EST,2016,0.3
Estonia,EST,2017,0.1
Estonia,EST,2018,0.1
Estonia,EST,2019,0.1
Eswatini,SWZ,2002,3.1
Eswatini,SWZ,2003,3.5
Eswatini,SWZ,2004,2.5
Eswatini,SWZ,2005,3.5
Eswatini,SWZ,2006,0.9
Eswatini,SWZ,2007,2.6
Eswatini,SWZ,2008,1.2
Eswatini,SWZ,2009,1.5
Eswatini,SWZ,2010,1.4
Eswatini,SWZ,2012,1.6
Eswatini,SWZ,2013,1.2
Ethiopia,ETH,2002,3.1
Ethiopia,ETH,2003,2.3
Ethiopia,ETH,2006,3.8
Ethiopia,ETH,2008,1.5
Ethiopia,ETH,2009,0.4
Ethiopia,ETH,2011,1.3
Ethiopia,ETH,2012,0.1
Ethiopia,ETH,2013,1
Ethiopia,ETH,2014,0.6
Ethiopia,ETH,2016,1.9
Ethiopia,ETH,2017,0.5
Faeroe Islands,FRO,2005,0
Faeroe Islands,FRO,2006,0
Faeroe Islands,FRO,2007,0
Faeroe Islands,FRO,2013,0
Faeroe Islands,FRO,2014,0
Faeroe Islands,FRO,2015,0
Faeroe Islands,FRO,2016,0
Faeroe Islands,FRO,2017,0
Faeroe Islands,FRO,2018,0
Faeroe Islands,FRO,2019,0
Fiji,FJI,2004,0.2
Fiji,FJI,2008,0.1
Fiji,FJI,2015,0.1
Fiji,FJI,2016,0.1
Fiji,FJI,2017,0.1
Finland,FIN,2000,0
Finland,FIN,2001,0.1
Finland,FIN,2002,0
Finland,FIN,2003,0
Finland,FIN,2004,0
Finland,FIN,2005,0.1
Finland,FIN,2006,0
Finland,FIN,2007,0
Finland,FIN,2008,0
Finland,FIN,2009,0
Finland,FIN,2010,0
Finland,FIN,2011,0
Finland,FIN,2012,0
Finland,FIN,2013,0
Finland,FIN,2014,0
Finland,FIN,2015,0.1
Finland,FIN,2016,0
Finland,FIN,2017,0
Finland,FIN,2018,0
Finland,FIN,2019,0
France,FRA,2000,0.1
France,FRA,2001,0.1
France,FRA,2002,0.1
France,FRA,2003,0.1
France,FRA,2004,0.1
France,FRA,2005,0.1
France,FRA,2006,0.1
France,FRA,2007,0.1
France,FRA,2008,0.1
France,FRA,2009,0.1
France,FRA,2010,0.1
France,FRA,2011,0.1
France,FRA,2012,0.1
France,FRA,2013,0.1
France,FRA,2014,0.1
France,FRA,2015,0.1
France,FRA,2016,0.1
France,FRA,2017,0.1
France,FRA,2018,0.1
France,FRA,2019,0.1
French Guiana,GUF,2000,8
French Guiana,GUF,2001,8.1
French Guiana,GUF,2002,6.9
French Guiana,GUF,2003,6.2
French Guiana,GUF,2005,3.3
French Guiana,GUF,2006,2.5
French Guiana,GUF,2007,2
French Guiana,GUF,2010,0
French Guiana,GUF,2011,0
French Guiana,GUF,2012,0
French Guiana,GUF,2013,0
French Guiana,GUF,2014,0
French Guiana,GUF,2015,0
French Guiana,GUF,2016,0
French Guiana,GUF,2017,0
French Guiana,GUF,2018,0
French Guiana,GUF,2019,0
French Polynesia,PYF,2013,0
French Polynesia,PYF,2014,0
French Polynesia,PYF,2017,0.4
French Polynesia,PYF,2018,0.3
French Polynesia,PYF,2019,0.3
French Polynesia,PYF,2020,0.2
Gabon,GAB,2001,9.7
Gabon,GAB,2004,9.6
Gabon,GAB,2007,7.5
Gabon,GAB,2009,6.5
Gabon,GAB,2010,6.5
Gambia,GMB,2001,13.8
Gambia,GMB,2002,9.2
Gambia,GMB,2003,6.3
Gambia,GMB,2004,12
Gambia,GMB,2005,7.3
Gambia,GMB,2006,5.9
Gambia,GMB,2007,9
Gambia,GMB,2008,5.4
Gambia,GMB,2009,3.3
Gambia,GMB,2010,2.8
Gambia,GMB,2011,1.9
Gambia,GMB,2012,4.1
Gambia,GMB,2013,4.4
Gambia,GMB,2015,2
Gambia,GMB,2016,1.1
Gambia,GMB,2017,1.3
Gambia,GMB,2018,1.1
Georgia,GEO,2000,0.6
Georgia,GEO,2001,0.6
Georgia,GEO,2002,0
Georgia,GEO,2003,0.4
Georgia,GEO,2004,0
Georgia,GEO,2005,0
Georgia,GEO,2006,0.2
Georgia,GEO,2007,0.1
Georgia,GEO,2008,0.2
Georgia,GEO,2009,0.3
Georgia,GEO,2010,0.2
Georgia,GEO,2011,0
Georgia,GEO,2012,0.2
Georgia,GEO,2013,0.2
Georgia,GEO,2014,0.2
Georgia,GEO,2015,0.3
Georgia,GEO,2016,0.2
Georgia,GEO,2017,0.1
Georgia,GEO,2018,0
Georgia,GEO,2019,0
Georgia,GEO,2020,0
Germany,DEU,2000,0.2
Germany,DEU,2001,0.2
Germany,DEU,2002,0.2
Germany,DEU,2003,0.2
Germany,DEU,2004,0.2
Germany,DEU,2005,0.2
Germany,DEU,2006,0.2
Germany,DEU,2007,0.2
Germany,DEU,2008,0.2
Germany,DEU,2009,0.1
Germany,DEU,2010,0.1
Germany,DEU,2011,0.1
Germany,DEU,2012,0.1
Germany,DEU,2013,0.1
Germany,DEU,2014,0.2
Germany,DEU,2015,0.2
Germany,DEU,2016,0.2
Germany,DEU,2017,0.1
Germany,DEU,2018,0.1
Germany,DEU,2019,0.1
Ghana,GHA,2002,0.4
Ghana,GHA,2003,2.2
Ghana,GHA,2004,2
Ghana,GHA,2005,1.7
Ghana,GHA,2006,1.2
Ghana,GHA,2007,0.2
Ghana,GHA,2009,2.2
Ghana,GHA,2010,3.8
Ghana,GHA,2012,0.9
Ghana,GHA,2013,1.1
Ghana,GHA,2014,5.5
Ghana,GHA,2015,2.7
Ghana,GHA,2016,1.4
Ghana,GHA,2017,0.9
Ghana,GHA,2018,0.7
Greece,GRC,2000,0.3
Greece,GRC,2001,0.4
Greece,GRC,2002,0.5
Greece,GRC,2003,0.5
Greece,GRC,2004,0.4
Greece,GRC,2005,0.4
Greece,GRC,2006,0.5
Greece,GRC,2007,0.5
Greece,GRC,2008,0.5
Greece,GRC,2009,0.6
Greece,GRC,2010,0.4
Greece,GRC,2011,0.4
Greece,GRC,2012,0.3
Greece,GRC,2013,0.4
Greece,GRC,2014,0.5
Greece,GRC,2015,0.2
Greece,GRC,2016,0.3
Greece,GRC,2017,0.3
Greece,GRC,2018,0.4
Greece,GRC,2019,0.4
Greece,GRC,2020,0.4
Greenland,GRL,2000,0.8
Greenland,GRL,2001,0.1
Greenland,GRL,2002,0.3
Greenland,GRL,2003,0.3
Greenland,GRL,2004,0.1
Greenland,GRL,2005,0
Greenland,GRL,2006,0
Greenland,GRL,2007,0
Greenland,GRL,2008,0.3
Greenland,GRL,2009,1.2
Greenland,GRL,2010,1.4
Greenland,GRL,2011,1.2
Greenland,GRL,2012,0.3
Greenland,GRL,2013,0.3
Greenland,GRL,2014,0.3
Greenland,GRL,2015,0.2
Greenland,GRL,2016,0
Greenland,GRL,2017,0.2
Greenland,GRL,2018,0.2
Grenada,GRD,2000,1.4
Grenada,GRD,2013,0.5
Grenada,GRD,2014,1.1
Guadeloupe,GLP,2000,0.5
Guadeloupe,GLP,2001,0.7
Guadeloupe,GLP,2002,0.7
Guadeloupe,GLP,2003,0.4
Guadeloupe,GLP,2010,0
Guadeloupe,GLP,2011,0
Guadeloupe,GLP,2012,0
Guadeloupe,GLP,2013,0
Guadeloupe,GLP,2014,0
Guadeloupe,GLP,2015,0
Guadeloupe,GLP,2016,0
Guadeloupe,GLP,2017,0
Guadeloupe,GLP,2018,0
Guadeloupe,GLP,2019,0
Guam,GUM,2000,1.6
Guam,GUM,2001,1.5
Guam,GUM,2002,1
Guam,GUM,2003,0.8
Guam,GUM,2004,0.3
Guam,GUM,2005,1.1
Guam,GUM,2006,1.4
Guam,GUM,2007,0.4
Guam,GUM,2008,0.4
Guam,GUM,2009,0.8
Guam,GUM,2010,1
Guam,GUM,2011,1.1
Guam,GUM,2012,0.9
Guam,GUM,2013,0.1
Guam,GUM,2015,0.1
Guam,GUM,2016,0.1
Guam,GUM,2017,0
Guam,GUM,2018,0.5
Guatemala,GTM,2001,4.3
Guatemala,GTM,2002,4
Guatemala,GTM,2004,4.1
Guatemala,GTM,2006,3.5
Guatemala,GTM,2007,2.5
Guatemala,GTM,2010,3.3
Guatemala,GTM,2011,3.1
Guatemala,GTM,2012,3.2
Guatemala,GTM,2013,3.5
Guatemala,GTM,2014,2.4
Guatemala,GTM,2015,1.9
Guatemala,GTM,2016,2.2
Guatemala,GTM,2017,2.1
Guatemala,GTM,2018,2.1
Guatemala,GTM,2019,2
Guatemala,GTM,2020,1.7
Guinea,GIN,2001,17.8
Guinea,GIN,2002,8.4
Guinea,GIN,2003,4.2
Guinea,GIN,2004,20.8
Guinea,GIN,2005,22.2
Guinea,GIN,2006,19.1
Guinea,GIN,2007,16.4
Guinea,GIN,2008,12.3
Guinea,GIN,2009,19.2
Guinea,GIN,2010,10.1
Guinea,GIN,2011,8.5
Guinea,GIN,2012,16.4
Guinea,GIN,2013,11.3
Guinea,GIN,2014,12.5
Guinea,GIN,2015,9.5
Guinea,GIN,2016,4.4
Guinea-Bissau,GNB,2002,13.7
Guinea-Bissau,GNB,2003,14.3
Guinea-Bissau,GNB,2005,18.3
Guinea-Bissau,GNB,2006,11.1
Guinea-Bissau,GNB,2008,17.5
Guinea-Bissau,GNB,2009,6.9
Guinea-Bissau,GNB,2011,3.5
Guinea-Bissau,GNB,2012,1.7
Guinea-Bissau,GNB,2014,3.6
Guinea-Bissau,GNB,2016,1.9
Guinea-Bissau,GNB,2017,1.6
Guyana,GUY,2001,5.1
Guyana,GUY,2002,7.9
Guyana,GUY,2003,0.7
Guyana,GUY,2004,0
Guyana,GUY,2006,3.1
Guyana,GUY,2007,1
Guyana,GUY,2009,2.2
Guyana,GUY,2010,1.4
Guyana,GUY,2012,0.6
Guyana,GUY,2013,0.3
Guyana,GUY,2015,1.2
Guyana,GUY,2017,1.3
Guyana,GUY,2018,1.3
Haiti,HTI,2001,2
Haiti,HTI,2003,1.6
Haiti,HTI,2004,0.9
Haiti,HTI,2006,2.2
Haiti,HTI,2007,2
Haiti,HTI,2009,1.5
Haiti,HTI,2010,1.1
Haiti,HTI,2012,0.8
Haiti,HTI,2014,0.7
Haiti,HTI,2015,1.3
Honduras,HND,2001,4.1
Honduras,HND,2003,2.8
Honduras,HND,2004,2.5
Honduras,HND,2006,5.4
Honduras,HND,2007,3.9
Honduras,HND,2008,2.7
Honduras,HND,2009,3.7
Honduras,HND,2010,3.8
Honduras,HND,2011,3.3
Honduras,HND,2012,5.2
Honduras,HND,2013,3.7
Honduras,HND,2014,3.3
Honduras,HND,2015,3.9
Honduras,HND,2016,0
Honduras,HND,2017,3.4
Honduras,HND,2018,2.5
Hungary,HUN,2000,0.5
Hungary,HUN,2001,0.6
Hungary,HUN,2002,0.5
Hungary,HUN,2003,0.6
Hungary,HUN,2004,0.5
Hungary,HUN,2005,0.7
Hungary,HUN,2006,0.5
Hungary,HUN,2007,0.6
Hungary,HUN,2008,0.6
Hungary,HUN,2009,0.6
Hungary,HUN,2010,0.5
Hungary,HUN,2011,0.6
Hungary,HUN,2012,0.6
Hungary,HUN,2013,0.6
Hungary,HUN,2014,0.4
Hungary,HUN,2015,0.6
Hungary,HUN,2016,0.5
Hungary,HUN,2017,0.5
Hungary,HUN,2018,0.3
Hungary,HUN,2019,0.2
Iceland,ISL,2000,0
Iceland,ISL,2001,0.2
Iceland,ISL,2002,0
Iceland,ISL,2003,0
Iceland,ISL,2004,0.3
Iceland,ISL,2005,0
Iceland,ISL,2006,0
Iceland,ISL,2007,0
Iceland,ISL,2008,0
Iceland,ISL,2009,0
Iceland,ISL,2010,0.2
Iceland,ISL,2011,0
Iceland,ISL,2012,0
Iceland,ISL,2013,0
Iceland,ISL,2014,0.2
Iceland,ISL,2015,0
Iceland,ISL,2016,0
Iceland,ISL,2017,0
Iceland,ISL,2018,0.2
Iceland,ISL,2019,0
India,IND,2001,3.6
India,IND,2002,5.5
India,IND,2003,2.4
India,IND,2004,1.7
India,IND,2005,3.7
India,IND,2008,2
India,IND,2011,0.8
India,IND,2013,0.4
India,IND,2014,0.2
Indonesia,IDN,2001,0.3
Indonesia,IDN,2002,1.5
Indonesia,IDN,2003,1.4
Indonesia,IDN,2004,1.5
Indonesia,IDN,2005,0.8
Indonesia,IDN,2006,0.4
Indonesia,IDN,2007,1.2
Indonesia,IDN,2008,0.8
Indonesia,IDN,2009,0.1
Indonesia,IDN,2010,0.4
Indonesia,IDN,2011,0.3
Indonesia,IDN,2013,0.5
Indonesia,IDN,2015,0.4
Indonesia,IDN,2016,0.3
Iran,IRN,2006,0.7
Iran,IRN,2011,0.6
Iran,IRN,2012,0.6
Iran,IRN,2013,0.7
Iran,IRN,2014,0.7
Iran,IRN,2016,0.6
Iran,IRN,2017,0.6
Iran,IRN,2018,0.5
Iran,IRN,2019,0.5
Iraq,IRQ,2000,0
Iraq,IRQ,2001,0.8
Iraq,IRQ,2003,1.5
Iraq,IRQ,2004,2.4
Iraq,IRQ,2005,2.7
Iraq,IRQ,2006,1.8
Iraq,IRQ,2007,3.3
Iraq,IRQ,2008,1.8
Iraq,IRQ,2009,2.1
Iraq,IRQ,2010,2.4
Iraq,IRQ,2013,2
Iraq,IRQ,2015,1.8
Iraq,IRQ,2016,1.6
Ireland,IRL,2000,0.1
Ireland,IRL,2001,0.1
Ireland,IRL,2002,0.1
Ireland,IRL,2003,0.1
Ireland,IRL,2004,0
Ireland,IRL,2005,0.1
Ireland,IRL,2006,0.1
Ireland,IRL,2007,0.1
Ireland,IRL,2008,0.1
Ireland,IRL,2009,0.1
Ireland,IRL,2010,0.1
Ireland,IRL,2011,0.1
Ireland,IRL,2012,0
Ireland,IRL,2013,0
Ireland,IRL,2014,0
Ireland,IRL,2015,0
Ireland,IRL,2016,0
Ireland,IRL,2017,0
Ireland,IRL,2018,0
Ireland,IRL,2019,0
Isle of Man,IMN,2015,0.5
Israel,ISR,2000,0
Israel,ISR,2001,0
Israel,ISR,2002,0
Israel,ISR,2003,0
Israel,ISR,2004,0
Israel,ISR,2005,0
Israel,ISR,2006,0
Israel,ISR,2007,0
Israel,ISR,2008,0
Israel,ISR,2009,0
Israel,ISR,2010,0
Israel,ISR,2011,0
Israel,ISR,2012,0
Israel,ISR,2013,0
Israel,ISR,2014,0
Israel,ISR,2015,0
Israel,ISR,2016,0
Israel,ISR,2017,0
Israel,ISR,2018,0
Israel,ISR,2019,0
Italy,ITA,2000,0
Italy,ITA,2001,0
Italy,ITA,2002,0
Italy,ITA,2003,0
Italy,ITA,2004,0
Italy,ITA,2005,0
Italy,ITA,2006,0
Italy,ITA,2007,0
Italy,ITA,2008,0
Italy,ITA,2009,0
Italy,ITA,2010,0
Italy,ITA,2011,0
Italy,ITA,2012,0
Italy,ITA,2013,0
Italy,ITA,2014,0
Italy,ITA,2015,0
Italy,ITA,2016,0
Italy,ITA,2017,0
Italy,ITA,2018,0
Italy,ITA,2019,0
Jamaica,JAM,2000,2.6
Jamaica,JAM,2001,2.5
Jamaica,JAM,2002,2.2
Jamaica,JAM,2003,2.5
Jamaica,JAM,2004,2.3
Jamaica,JAM,2005,0
Jamaica,JAM,2006,1.7
Jamaica,JAM,2007,0
Jamaica,JAM,2008,0
Jamaica,JAM,2009,0
Jamaica,JAM,2010,0
Jamaica,JAM,2011,0
Jamaica,JAM,2012,0
Jamaica,JAM,2013,0
Jamaica,JAM,2014,0
Jamaica,JAM,2015,0
Jamaica,JAM,2016,0
Jamaica,JAM,2017,0
Jamaica,JAM,2018,0
Japan,JPN,2000,0
Japan,JPN,2001,0
Japan,JPN,2002,0
Japan,JPN,2003,0
Japan,JPN,2004,0
Japan,JPN,2005,0
Japan,JPN,2006,0
Japan,JPN,2007,0
Japan,JPN,2008,0
Japan,JPN,2009,0
Japan,JPN,2010,0
Japan,JPN,2011,0
Japan,JPN,2012,0
Japan,JPN,2013,0
Japan,JPN,2014,0
Japan,JPN,2015,0
Japan,JPN,2016,0
Japan,JPN,2017,0
Japan,JPN,2018,0
Japan,JPN,2019,0
Jordan,JOR,2002,0.1
Jordan,JOR,2003,0
Jordan,JOR,2004,0.7
Jordan,JOR,2005,0
Jordan,JOR,2006,0
Jordan,JOR,2007,0
Jordan,JOR,2008,0
Jordan,JOR,2010,0
Jordan,JOR,2011,0.1
Jordan,JOR,2013,0.1
Jordan,JOR,2015,0.2
Jordan,JOR,2016,0.4
Kazakhstan,KAZ,2000,0
Kazakhstan,KAZ,2001,0
Kazakhstan,KAZ,2002,0
Kazakhstan,KAZ,2003,0
Kazakhstan,KAZ,2004,0
Kazakhstan,KAZ,2005,0
Kazakhstan,KAZ,2006,0
Kazakhstan,KAZ,2007,0
Kazakhstan,KAZ,2008,0.1
Kazakhstan,KAZ,2009,0
Kazakhstan,KAZ,2010,0
Kazakhstan,KAZ,2011,0
Kazakhstan,KAZ,2012,0
Kazakhstan,KAZ,2013,0
Kazakhstan,KAZ,2014,0
Kazakhstan,KAZ,2015,0
Kazakhstan,KAZ,2016,0
Kazakhstan,KAZ,2017,0
Kazakhstan,KAZ,2018,0
Kazakhstan,KAZ,2019,0
Kazakhstan,KAZ,2020,0
Kenya,KEN,2000,0.5
Kenya,KEN,2001,8.1
Kenya,KEN,2002,2.7
Kenya,KEN,2004,3.5
Kenya,KEN,2006,2.8
Kenya,KEN,2007,2.4
Kenya,KEN,2008,1.3
Kenya,KEN,2009,1.6
Kenya,KEN,2011,1.4
Kenya,KEN,2012,2.1
Kenya,KEN,2013,2
Kenya,KEN,2014,2
Kenya,KEN,2016,1.1
Kenya,KEN,2017,1.1
Kenya,KEN,2018,0.7
Kenya,KEN,2019,0.6
Kenya,KEN,2020,0.7
Kiribati,KIR,2002,0.3
Kiribati,KIR,2005,2.4
Kiribati,KIR,2006,2.4
Kiribati,KIR,2008,1.7
Kiribati,KIR,2011,1.4
Kiribati,KIR,2014,0.8
Kiribati,KIR,2016,1.3
Kiribati,KIR,2017,1.8
Kuwait,KWT,2000,0
Kuwait,KWT,2002,0
Kuwait,KWT,2003,0
Kuwait,KWT,2004,0
Kuwait,KWT,2005,0
Kuwait,KWT,2006,0
Kuwait,KWT,2007,0
Kuwait,KWT,2008,0
Kuwait,KWT,2009,0
Kuwait,KWT,2010,0
Kuwait,KWT,2011,0
Kuwait,KWT,2012,0
Kuwait,KWT,2013,0
Kuwait,KWT,2014,0
Kuwait,KWT,2015,0
Kuwait,KWT,2016,0
Kuwait,KWT,2017,0
Kuwait,KWT,2018,0
Kuwait,KWT,2019,0
Kyrgyzstan,KGZ,2000,0
Kyrgyzstan,KGZ,2001,0
Kyrgyzstan,KGZ,2002,0
Kyrgyzstan,KGZ,2003,0.1
Kyrgyzstan,KGZ,2004,0
Kyrgyzstan,KGZ,2005,0
Kyrgyzstan,KGZ,2006,0.6
Kyrgyzstan,KGZ,2007,0
Kyrgyzstan,KGZ,2008,0
Kyrgyzstan,KGZ,2009,0.2
Kyrgyzstan,KGZ,2010,0
Kyrgyzstan,KGZ,2011,0
Kyrgyzstan,KGZ,2012,0
Kyrgyzstan,KGZ,2013,0
Kyrgyzstan,KGZ,2014,0
Kyrgyzstan,KGZ,2015,0
Kyrgyzstan,KGZ,2016,0
Kyrgyzstan,KGZ,2017,0
Kyrgyzstan,KGZ,2018,0
Kyrgyzstan,KGZ,2019,0
Kyrgyzstan,KGZ,2020,0
Laos,LAO,2004,5.1
Laos,LAO,2005,7.1
Laos,LAO,2007,3.7
Laos,LAO,2009,2
Laos,LAO,2010,1.3
Laos,LAO,2013,4.4
Laos,LAO,2015,3.1
Laos,LAO,2016,2.6
Latvia,LVA,2000,0.1
Latvia,LVA,2001,0.1
Latvia,LVA,2002,0
Latvia,LVA,2003,0
Latvia,LVA,2004,0
Latvia,LVA,2005,0
Latvia,LVA,2006,0.1
Latvia,LVA,2007,0.1
Latvia,LVA,2008,0.1
Latvia,LVA,2009,0
Latvia,LVA,2010,0
Latvia,LVA,2011,0
Latvia,LVA,2012,0.1
Latvia,LVA,2013,0.1
Latvia,LVA,2014,0.1
Latvia,LVA,2015,0.2
Latvia,LVA,2016,0.2
Latvia,LVA,2017,0.3
Latvia,LVA,2018,0
Latvia,LVA,2019,0
Latvia,LVA,2020,0
Lebanon,LBN,2003,0
Lesotho,LSO,2002,1.4
Lesotho,LSO,2003,0
Lesotho,LSO,2004,0
Lesotho,LSO,2005,1.1
Lesotho,LSO,2006,1.5
Lesotho,LSO,2007,1.6
Lesotho,LSO,2008,3.8
Lesotho,LSO,2010,0.4
Lesotho,LSO,2011,1.7
Lesotho,LSO,2012,0.7
Lesotho,LSO,2013,1
Lesotho,LSO,2014,0.5
Lesotho,LSO,2016,0.6
Lesotho,LSO,2017,0.5
Lesotho,LSO,2020,0.1
Liberia,LBR,2001,11.1
Liberia,LBR,2002,4.3
Liberia,LBR,2003,20.7
Liberia,LBR,2004,5.5
Liberia,LBR,2005,6.1
Liberia,LBR,2006,6.3
Liberia,LBR,2007,5.1
Liberia,LBR,2008,7.6
Liberia,LBR,2009,7.3
Liberia,LBR,2010,4.4
Liberia,LBR,2011,3
Liberia,LBR,2012,6.6
Liberia,LBR,2014,5.9
Liberia,LBR,2015,4.7
Liberia,LBR,2017,4.7
Liberia,LBR,2018,3.8
Libya,LBY,2000,0
Libya,LBY,2002,0
Libya,LBY,2009,0
Liechtenstein,LIE,2000,0
Liechtenstein,LIE,2001,0
Liechtenstein,LIE,2002,0
Liechtenstein,LIE,2003,0
Liechtenstein,LIE,2004,0
Liechtenstein,LIE,2005,0
Liechtenstein,LIE,2006,0
Liechtenstein,LIE,2007,0
Liechtenstein,LIE,2008,0
Liechtenstein,LIE,2009,0
Liechtenstein,LIE,2010,0
Liechtenstein,LIE,2011,0
Liechtenstein,LIE,2012,0
Liechtenstein,LIE,2013,0
Liechtenstein,LIE,2014,0
Liechtenstein,LIE,2015,0
Liechtenstein,LIE,2016,0
Liechtenstein,LIE,2017,0
Liechtenstein,LIE,2018,0
Liechtenstein,LIE,2019,1.1
Lithuania,LTU,2000,0.1
Lithuania,LTU,2001,0.1
Lithuania,LTU,2002,0.1
Lithuania,LTU,2003,0.1
Lithuania,LTU,2004,0.2
Lithuania,LTU,2005,0.1
Lithuania,LTU,2006,0.1
Lithuania,LTU,2007,0.2
Lithuania,LTU,2008,0.2
Lithuania,LTU,2009,0.1
Lithuania,LTU,2010,0.1
Lithuania,LTU,2011,0.2
Lithuania,LTU,2012,0.1
Lithuania,LTU,2013,0.1
Lithuania,LTU,2014,0.3
Lithuania,LTU,2015,0.2
Lithuania,LTU,2016,0.2
Lithuania,LTU,2017,0.1
Lithuania,LTU,2018,0.1
Lithuania,LTU,2019,0.1
Luxembourg,LUX,2000,0.3
Luxembourg,LUX,2001,0
Luxembourg,LUX,2002,0.3
Luxembourg,LUX,2003,0
Luxembourg,LUX,2004,0.1
Luxembourg,LUX,2005,0
Luxembourg,LUX,2006,0.1
Luxembourg,LUX,2007,0
Luxembourg,LUX,2008,0
Luxembourg,LUX,2009,0
Luxembourg,LUX,2010,0.1
Luxembourg,LUX,2011,0
Luxembourg,LUX,2012,0
Luxembourg,LUX,2013,0.2
Luxembourg,LUX,2014,0.2
Luxembourg,LUX,2015,0.1
Luxembourg,LUX,2016,0
Luxembourg,LUX,2017,0
Luxembourg,LUX,2018,0.1
Luxembourg,LUX,2019,0
Luxembourg,LUX,2020,0
Macao,MAC,2000,0.1
Macao,MAC,2001,0
Macao,MAC,2002,0
Macao,MAC,2003,0
Macao,MAC,2004,0
Macao,MAC,2005,0
Macao,MAC,2006,0
Macao,MAC,2007,0
Macao,MAC,2008,0.1
Macao,MAC,2009,0.1
Macao,MAC,2010,0
Macao,MAC,2013,0
Macao,MAC,2014,0
Macao,MAC,2015,0
Macao,MAC,2016,0
Macao,MAC,2017,0
Macao,MAC,2018,0
Macao,MAC,2019,0
Macao,MAC,2020,0
Madagascar,MDG,2001,17.4
Madagascar,MDG,2002,9.5
Madagascar,MDG,2004,11.3
Madagascar,MDG,2005,19.2
Madagascar,MDG,2006,9.5
Madagascar,MDG,2007,7.7
Madagascar,MDG,2008,9.1
Madagascar,MDG,2009,11.2
Madagascar,MDG,2010,15
Madagascar,MDG,2011,10.6
Madagascar,MDG,2013,12.1
Madagascar,MDG,2014,8.4
Madagascar,MDG,2016,9.9
Madagascar,MDG,2017,6.9
Malawi,MWI,2002,5.5
Malawi,MWI,2003,1.8
Malawi,MWI,2004,3.1
Malawi,MWI,2005,2.4
Malawi,MWI,2006,2.7
Malawi,MWI,2008,2.1
Malawi,MWI,2009,1.8
Malawi,MWI,2010,3.1
Malawi,MWI,2011,2.4
Malawi,MWI,2012,0.3
Malawi,MWI,2013,2.6
Malawi,MWI,2014,3
Malawi,MWI,2015,2.8
Malaysia,MYS,2001,0.2
Malaysia,MYS,2002,0.2
Malaysia,MYS,2003,0.5
Malaysia,MYS,2004,0.5
Malaysia,MYS,2005,0.2
Malaysia,MYS,2006,0.5
Malaysia,MYS,2007,0.5
Malaysia,MYS,2008,0.1
Malaysia,MYS,2009,0.2
Malaysia,MYS,2011,0.2
Malaysia,MYS,2012,0.2
Malaysia,MYS,2013,0.1
Malaysia,MYS,2014,0.2
Malaysia,MYS,2015,0.2
Malaysia,MYS,2016,0.1
Malaysia,MYS,2017,0.1
Malaysia,MYS,2018,0.1
Malaysia,MYS,2019,0.1
Maldives,MDV,2000,0.3
Maldives,MDV,2001,0.1
Maldives,MDV,2002,0.2
Maldives,MDV,2003,0
Maldives,MDV,2004,0
Maldives,MDV,2006,0
Maldives,MDV,2007,0
Maldives,MDV,2008,0.1
Maldives,MDV,2009,0
Maldives,MDV,2010,0.1
Maldives,MDV,2011,0
Maldives,MDV,2012,0
Maldives,MDV,2013,0.1
Maldives,MDV,2014,0
Maldives,MDV,2015,0
Maldives,MDV,2016,0.1
Maldives,MDV,2017,0.1
Maldives,MDV,2019,0.1
Mali,MLI,2002,14.6
Mali,MLI,2003,24.8
Mali,MLI,2004,9.3
Mali,MLI,2005,6.7
Mali,MLI,2006,16.9
Mali,MLI,2008,23.4
Mali,MLI,2010,17.1
Mali,MLI,2011,11.4
Mali,MLI,2013,9.8
Mali,MLI,2014,6
Mali,MLI,2016,8.5
Mali,MLI,2017,6.8
Malta,MLT,2000,1.3
Malta,MLT,2001,1.2
Malta,MLT,2002,0.3
Malta,MLT,2003,0.4
Malta,MLT,2004,1.6
Malta,MLT,2005,1.1
Malta,MLT,2006,0.3
Malta,MLT,2007,0.3
Malta,MLT,2008,0.7
Malta,MLT,2009,0.5
Malta,MLT,2010,0.4
Malta,MLT,2011,0
Malta,MLT,2012,0.3
Malta,MLT,2013,0.3
Malta,MLT,2014,0
Malta,MLT,2015,0.3
Malta,MLT,2016,0.3
Malta,MLT,2017,0.1
Malta,MLT,2018,0.1
Malta,MLT,2019,0.1
Marshall Islands,MHL,2002,1.2
Marshall Islands,MHL,2003,1.1
Marshall Islands,MHL,2004,0.7
Marshall Islands,MHL,2005,0.1
Martinique,MTQ,2000,0.7
Martinique,MTQ,2001,0.1
Martinique,MTQ,2002,0.4
Martinique,MTQ,2003,0.4
Martinique,MTQ,2005,0.1
Martinique,MTQ,2006,0.2
Martinique,MTQ,2007,0.1
Martinique,MTQ,2010,0
Martinique,MTQ,2011,0
Martinique,MTQ,2012,0
Martinique,MTQ,2013,0
Martinique,MTQ,2014,0
Martinique,MTQ,2015,0
Martinique,MTQ,2016,0
Martinique,MTQ,2017,0
Martinique,MTQ,2018,0
Martinique,MTQ,2019,0
Mauritania,MRT,2002,4
Mauritania,MRT,2003,17.9
Mauritania,MRT,2004,18
Mauritania,MRT,2005,16.6
Mauritania,MRT,2007,8.9
Mauritania,MRT,2008,12.7
Mauritania,MRT,2009,7.6
Mauritania,MRT,2010,10.8
Mauritania,MRT,2011,11.1
Mauritania,MRT,2013,9.4
Mauritania,MRT,2014,8.4
Mauritius,MUS,2000,0.7
Mauritius,MUS,2001,0.6
Mauritius,MUS,2002,0.7
Mauritius,MUS,2003,0.5
Mauritius,MUS,2004,0
Mauritius,MUS,2005,0.5
Mauritius,MUS,2006,0.5
Mauritius,MUS,2007,0.8
Mauritius,MUS,2008,0.8
Mauritius,MUS,2009,0.8
Mauritius,MUS,2010,0.5
Mauritius,MUS,2011,0.5
Mauritius,MUS,2012,0.4
Mauritius,MUS,2013,0.6
Mauritius,MUS,2014,0.6
Mauritius,MUS,2015,0.6
Mauritius,MUS,2016,0.6
Mauritius,MUS,2017,0.7
Mauritius,MUS,2018,0.7
Mauritius,MUS,2019,0.8
Mauritius,MUS,2020,0.6
Mayotte,MYT,2014,0
Mayotte,MYT,2015,0
Mayotte,MYT,2016,0
Mayotte,MYT,2017,0
Mayotte,MYT,2018,0
Mayotte,MYT,2019,0
Mexico,MEX,2000,1.9
Mexico,MEX,2001,1.7
Mexico,MEX,2002,1.6
Mexico,MEX,2003,1.5
Mexico,MEX,2004,1.6
Mexico,MEX,2005,1.6
Mexico,MEX,2006,1.6
Mexico,MEX,2007,1.6
Mexico,MEX,2008,1.7
Mexico,MEX,2009,1.8
Mexico,MEX,2010,1.7
Mexico,MEX,2011,1.6
Mexico,MEX,2012,1.7
Mexico,MEX,2013,1.6
Mexico,MEX,2014,1.6
Mexico,MEX,2015,1.3
Mexico,MEX,2016,1.2
Mexico,MEX,2017,1.2
Mexico,MEX,2018,1.1
Mexico,MEX,2019,0.8
Micronesia (country),FSM,2000,2.7
Micronesia (country),FSM,2001,2.7
Micronesia (country),FSM,2002,2.1
Micronesia (country),FSM,2003,3
Micronesia (country),FSM,2004,2.2
Micronesia (country),FSM,2005,2.5
Micronesia (country),FSM,2006,1.3
Moldova,MDA,2000,0.1
Moldova,MDA,2001,0.3
Moldova,MDA,2002,0.1
Moldova,MDA,2003,0
Moldova,MDA,2004,0
Moldova,MDA,2006,0
Moldova,MDA,2007,0.1
Moldova,MDA,2008,0
Moldova,MDA,2009,0.1
Moldova,MDA,2010,0.1
Moldova,MDA,2011,0.1
Moldova,MDA,2012,0.1
Moldova,MDA,2016,0.1
Moldova,MDA,2017,0.1
Moldova,MDA,2018,0
Moldova,MDA,2019,0.1
Moldova,MDA,2020,0.1
Mongolia,MNG,2000,0.1
Mongolia,MNG,2001,0
Mongolia,MNG,2002,0.1
Mongolia,MNG,2003,0
Mongolia,MNG,2004,0
Mongolia,MNG,2005,0.7
Mongolia,MNG,2006,0
Mongolia,MNG,2007,0
Mongolia,MNG,2008,0.2
Mongolia,MNG,2009,0.2
Mongolia,MNG,2010,0
Mongolia,MNG,2011,0.1
Mongolia,MNG,2012,0
Mongolia,MNG,2013,0
Mongolia,MNG,2014,0
Mongolia,MNG,2015,0
Mongolia,MNG,2016,0
Mongolia,MNG,2017,0
Mongolia,MNG,2018,0
Mongolia,MNG,2019,0
Mongolia,MNG,2020,0.1
Montenegro,MNE,2000,0
Montenegro,MNE,2003,0
Montenegro,MNE,2004,0.1
Montenegro,MNE,2005,0.1
Montenegro,MNE,2006,0
Montenegro,MNE,2007,0
Montenegro,MNE,2008,0.2
Montenegro,MNE,2009,0.5
Montenegro,MNE,2010,0.3
Montenegro,MNE,2011,0.3
Montenegro,MNE,2012,0
Montenegro,MNE,2013,0.2
Montenegro,MNE,2014,0.2
Montenegro,MNE,2015,0.1
Montenegro,MNE,2016,0.2
Montenegro,MNE,2017,0.1
Montenegro,MNE,2018,0
Montenegro,MNE,2019,0.1
Montenegro,MNE,2020,0.1
Montserrat,MSR,2000,0
Montserrat,MSR,2002,0
Montserrat,MSR,2003,0
Montserrat,MSR,2004,1.5
Montserrat,MSR,2010,3.3
Montserrat,MSR,2011,3.5
Montserrat,MSR,2012,3.6
Montserrat,MSR,2013,3.3
Montserrat,MSR,2014,1.5
Montserrat,MSR,2015,0
Montserrat,MSR,2016,0
Morocco,MAR,2000,0.4
Morocco,MAR,2001,0.6
Morocco,MAR,2002,0.1
Morocco,MAR,2008,0.3
Morocco,MAR,2009,0.1
Morocco,MAR,2018,0
Mozambique,MOZ,2002,9.9
Mozambique,MOZ,2004,12.3
Mozambique,MOZ,2006,8.8
Mozambique,MOZ,2007,8.7
Mozambique,MOZ,2009,5.8
Mozambique,MOZ,2010,5.5
Mozambique,MOZ,2013,12
Mozambique,MOZ,2014,14.5
Mozambique,MOZ,2015,9.7
Mozambique,MOZ,2016,4.4
Mozambique,MOZ,2017,5.5
Myanmar,MMR,2002,1.3
Myanmar,MMR,2003,1.3
Myanmar,MMR,2005,1.3
Myanmar,MMR,2008,0.8
Myanmar,MMR,2011,0.7
Myanmar,MMR,2013,0.6
Myanmar,MMR,2014,0.8
Myanmar,MMR,2018,0.1
Namibia,NAM,2002,3.3
Namibia,NAM,2003,2.8
Namibia,NAM,2004,2.8
Namibia,NAM,2005,1.9
Namibia,NAM,2006,1.9
Namibia,NAM,2009,1.5
Namibia,NAM,2011,2.3
Namibia,NAM,2012,4
Nauru,NRU,2000,0
Nauru,NRU,2001,0
Nauru,NRU,2002,0
Nauru,NRU,2006,0
Nauru,NRU,2007,0
Nauru,NRU,2008,0
Nauru,NRU,2009,0
Nepal,NPL,2001,2
Nepal,NPL,2003,0.8
Nepal,NPL,2004,0.3
Nepal,NPL,2006,0.8
Nepal,NPL,2007,3.9
Nepal,NPL,2008,0.6
Nepal,NPL,2009,0.4
Nepal,NPL,2011,1.2
Nepal,NPL,2012,0.7
Nepal,NPL,2014,1.4
Nepal,NPL,2015,0.5
Nepal,NPL,2017,1.3
Nepal,NPL,2018,0.4
Netherlands,NLD,2000,0.1
Netherlands,NLD,2001,0.1
Netherlands,NLD,2002,0.1
Netherlands,NLD,2003,0.1
Netherlands,NLD,2004,0
Netherlands,NLD,2005,0
Netherlands,NLD,2006,0
Netherlands,NLD,2007,0
Netherlands,NLD,2008,0
Netherlands,NLD,2009,0.1
Netherlands,NLD,2010,0
Netherlands,NLD,2011,0
Netherlands,NLD,2012,0
Netherlands,NLD,2013,0
Netherlands,NLD,2014,0
Netherlands,NLD,2015,0
Netherlands,NLD,2016,0
Netherlands,NLD,2017,0
Netherlands,NLD,2018,0
Netherlands,NLD,2019,0
New Caledonia,NCL,2000,0.1
New Caledonia,NCL,2001,0
New Caledonia,NCL,2002,0.2
New Caledonia,NCL,2003,0
New Caledonia,NCL,2005,0
New Caledonia,NCL,2006,0
New Caledonia,NCL,2007,0
New Caledonia,NCL,2010,0
New Caledonia,NCL,2012,0
New Caledonia,NCL,2015,0
New Zealand,NZL,2000,0.2
New Zealand,NZL,2001,0.2
New Zealand,NZL,2002,0.2
New Zealand,NZL,2003,0.2
New Zealand,NZL,2004,0.2
New Zealand,NZL,2005,0.2
New Zealand,NZL,2006,0.2
New Zealand,NZL,2007,0.3
New Zealand,NZL,2008,0.3
New Zealand,NZL,2009,0.2
New Zealand,NZL,2010,0.2
New Zealand,NZL,2011,0.2
New Zealand,NZL,2012,0.1
New Zealand,NZL,2013,0.1
New Zealand,NZL,2014,0.2
New Zealand,NZL,2015,0.2
New Zealand,NZL,2016,0.1
New Zealand,NZL,2017,0.1
New Zealand,NZL,2018,0.1
New Zealand,NZL,2019,0
New Zealand,NZL,2020,0
Nicaragua,NIC,2000,3.3
Nicaragua,NIC,2001,3.4
Nicaragua,NIC,2002,6.1
Nicaragua,NIC,2003,3.5
Nicaragua,NIC,2004,4.5
Nicaragua,NIC,2005,4.1
Nicaragua,NIC,2006,4.4
Nicaragua,NIC,2007,4.7
Nicaragua,NIC,2008,4.6
Nicaragua,NIC,2009,5.1
Nicaragua,NIC,2010,5
Niger,NER,2001,14.7
Niger,NER,2003,10.1
Niger,NER,2004,7.2
Niger,NER,2007,17
Niger,NER,2009,8.9
Niger,NER,2010,5.7
Niger,NER,2020,4
Nigeria,NGA,2001,5.8
Nigeria,NGA,2002,14
Nigeria,NGA,2003,34.2
Nigeria,NGA,2004,8.9
Nigeria,NGA,2005,12.2
Nigeria,NGA,2006,5.8
Nigeria,NGA,2007,5.4
Nigeria,NGA,2008,13.4
Nigeria,NGA,2009,10.6
Nigeria,NGA,2010,4.1
Nigeria,NGA,2011,3
Nigeria,NGA,2013,14.7
Nigeria,NGA,2014,13.6
Nigeria,NGA,2016,2.4
Nigeria,NGA,2017,2
North Korea,PRK,2008,0
North Macedonia,MKD,2000,0.4
North Macedonia,MKD,2001,0.5
North Macedonia,MKD,2002,0.4
North Macedonia,MKD,2003,0.3
North Macedonia,MKD,2004,0.3
North Macedonia,MKD,2005,0.3
North Macedonia,MKD,2006,0.4
North Macedonia,MKD,2007,0.3
North Macedonia,MKD,2008,0.3
North Macedonia,MKD,2009,0.5
North Macedonia,MKD,2010,0.4
North Macedonia,MKD,2011,0.4
North Macedonia,MKD,2012,0.4
North Macedonia,MKD,2013,0.4
North Macedonia,MKD,2014,0.5
North Macedonia,MKD,2015,0.2
North Macedonia,MKD,2016,0.5
North Macedonia,MKD,2017,0.4
North Macedonia,MKD,2018,0.3
North Macedonia,MKD,2019,0.3
Northern Mariana Islands,MNP,2000,1.1
Northern Mariana Islands,MNP,2001,1.4
Northern Mariana Islands,MNP,2002,1.6
Northern Mariana Islands,MNP,2003,1.5
Northern Mariana Islands,MNP,2004,0.7
Northern Mariana Islands,MNP,2005,1
Northern Mariana Islands,MNP,2006,1.1
Northern Mariana Islands,MNP,2007,1.1
Northern Mariana Islands,MNP,2008,0.6
Northern Mariana Islands,MNP,2009,0.9
Northern Mariana Islands,MNP,2010,0.9
Northern Mariana Islands,MNP,2011,0.7
Northern Mariana Islands,MNP,2012,0.9
Norway,NOR,2000,0
Norway,NOR,2001,0.1
Norway,NOR,2002,0
Norway,NOR,2003,0
Norway,NOR,2004,0
Norway,NOR,2005,0
Norway,NOR,2006,0
Norway,NOR,2007,0
Norway,NOR,2008,0
Norway,NOR,2009,0
Norway,NOR,2010,0
Norway,NOR,2011,0
Norway,NOR,2012,0
Norway,NOR,2013,0
Norway,NOR,2014,0
Norway,NOR,2015,0
Norway,NOR,2016,0
Norway,NOR,2017,0
Norway,NOR,2018,0
Norway,NOR,2019,0
Oman,OMN,2006,0.2
Oman,OMN,2007,0.3
Oman,OMN,2008,0
Oman,OMN,2009,0
Oman,OMN,2010,0
Oman,OMN,2011,0
Oman,OMN,2012,0
Oman,OMN,2013,0
Oman,OMN,2014,0
Oman,OMN,2015,0
Oman,OMN,2016,0
Oman,OMN,2017,0
Oman,OMN,2018,0
Oman,OMN,2019,0
Oman,OMN,2020,0.1
Other non-specified areas in Eastern Asia,,2000,0.4
Other non-specified areas in Eastern Asia,,2001,0.4
Other non-specified areas in Eastern Asia,,2002,0.3
Other non-specified areas in Eastern Asia,,2003,0.2
Other non-specified areas in Eastern Asia,,2004,0.2
Other non-specified areas in Eastern Asia,,2005,0.2
Other non-specified areas in Eastern Asia,,2006,0.2
Other non-specified areas in Eastern Asia,,2007,0.1
Other non-specified areas in Eastern Asia,,2008,0.1
Other non-specified areas in Eastern Asia,,2009,0.1
Other non-specified areas in Eastern Asia,,2010,0.1
Other non-specified areas in Eastern Asia,,2011,0.1
Other non-specified areas in Eastern Asia,,2012,0.1
Other non-specified areas in Eastern Asia,,2013,0.1
Other non-specified areas in Eastern Asia,,2014,0.1
Other non-specified areas in Eastern Asia,,2015,0.1
Other non-specified areas in Eastern Asia,,2016,0.1
Other non-specified areas in Eastern Asia,,2017,0.1
Other non-specified areas in Eastern Asia,,2018,0.1
Other non-specified areas in Eastern Asia,,2019,0.1
Pakistan,PAK,2002,1.6
Pakistan,PAK,2004,0.8
Pakistan,PAK,2005,0.6
Pakistan,PAK,2007,1.4
Pakistan,PAK,2008,0.7
Pakistan,PAK,2010,0.4
Pakistan,PAK,2011,0
Pakistan,PAK,2013,1.2
Pakistan,PAK,2015,0.6
Pakistan,PAK,2016,0.4
Palau,PLW,2000,0.2
Palau,PLW,2001,0
Palau,PLW,2002,0
Palau,PLW,2003,0
Palau,PLW,2004,0
Palau,PLW,2005,0
Palau,PLW,2012,0
Palau,PLW,2013,0
Palau,PLW,2014,0
Palau,PLW,2015,0
Palau,PLW,2016,0
Palestine,PSE,2002,0.3
Palestine,PSE,2003,0.9
Palestine,PSE,2006,0.1
Palestine,PSE,2007,0.3
Palestine,PSE,2008,0.1
Palestine,PSE,2009,0.1
Palestine,PSE,2011,0
Palestine,PSE,2012,0
Palestine,PSE,2015,0
Palestine,PSE,2017,0
Palestine,PSE,2018,0
Panama,PAN,2000,3.5
Panama,PAN,2002,3.1
Panama,PAN,2003,3.2
Panama,PAN,2005,3.2
Panama,PAN,2006,3.2
Panama,PAN,2007,3.4
Panama,PAN,2008,3.2
Panama,PAN,2009,3.7
Panama,PAN,2010,3.6
Panama,PAN,2011,3.8
Panama,PAN,2012,3.4
Panama,PAN,2013,3.9
Panama,PAN,2014,3.9
Panama,PAN,2015,3.5
Panama,PAN,2016,2.9
Panama,PAN,2017,2.9
Panama,PAN,2018,2.9
Panama,PAN,2019,2.6
Papua New Guinea,PNG,2004,8.1
Papua New Guinea,PNG,2005,7.3
Papua New Guinea,PNG,2007,5.7
Papua New Guinea,PNG,2010,5.6
Papua New Guinea,PNG,2013,1.7
Papua New Guinea,PNG,2015,1
Papua New Guinea,PNG,2016,1.1
Paraguay,PRY,2002,1.9
Paraguay,PRY,2003,4.4
Paraguay,PRY,2004,0.8
Paraguay,PRY,2006,0.6
Paraguay,PRY,2007,0.4
Paraguay,PRY,2008,1.6
Paraguay,PRY,2009,3.5
Paraguay,PRY,2012,3.3
Paraguay,PRY,2014,3
Paraguay,PRY,2015,3.2
Paraguay,PRY,2016,0.7
Peru,PER,2000,0.7
Peru,PER,2001,0.7
Peru,PER,2002,1.2
Peru,PER,2003,1.5
Peru,PER,2004,2.1
Peru,PER,2005,1.3
Peru,PER,2006,1.2
Peru,PER,2007,1.6
Peru,PER,2008,1.3
Peru,PER,2009,2
Peru,PER,2010,0.9
Peru,PER,2011,1.5
Peru,PER,2012,1.1
Peru,PER,2013,0.8
Peru,PER,2014,1.1
Peru,PER,2015,1.1
Peru,PER,2016,1
Peru,PER,2017,1.1
Peru,PER,2018,1.1
Peru,PER,2019,1.8
Peru,PER,2020,0.8
Philippines,PHL,2000,0.2
Philippines,PHL,2001,0.2
Philippines,PHL,2002,0.3
Philippines,PHL,2003,0.8
Philippines,PHL,2004,0.4
Philippines,PHL,2005,1.2
Philippines,PHL,2006,0.5
Philippines,PHL,2007,0.4
Philippines,PHL,2009,0.9
Philippines,PHL,2010,0.8
Philippines,PHL,2011,0.6
Philippines,PHL,2012,0.8
Philippines,PHL,2013,1.4
Philippines,PHL,2014,0.4
Philippines,PHL,2015,0.8
Philippines,PHL,2016,0.1
Philippines,PHL,2017,0.4
Philippines,PHL,2018,0.4
Philippines,PHL,2019,0.5
Poland,POL,2000,0.1
Poland,POL,2001,0.1
Poland,POL,2002,0.1
Poland,POL,2003,0.1
Poland,POL,2004,0
Poland,POL,2005,0.1
Poland,POL,2006,0.1
Poland,POL,2007,0.1
Poland,POL,2008,0.1
Poland,POL,2009,0.1
Poland,POL,2010,0.1
Poland,POL,2011,0.1
Poland,POL,2012,0.1
Poland,POL,2013,0.1
Poland,POL,2014,0.1
Poland,POL,2015,0.1
Poland,POL,2016,0.1
Poland,POL,2017,0
Poland,POL,2018,0
Poland,POL,2019,0
Portugal,PRT,2000,0.7
Portugal,PRT,2001,0.5
Portugal,PRT,2002,0.5
Portugal,PRT,2003,0.5
Portugal,PRT,2004,0.4
Portugal,PRT,2005,0.4
Portugal,PRT,2006,0.4
Portugal,PRT,2007,0.4
Portugal,PRT,2008,0.5
Portugal,PRT,2009,0.4
Portugal,PRT,2010,0.3
Portugal,PRT,2011,0.4
Portugal,PRT,2012,0.3
Portugal,PRT,2013,0.3
Portugal,PRT,2014,0.3
Portugal,PRT,2015,0.3
Portugal,PRT,2016,0.3
Portugal,PRT,2017,0.3
Portugal,PRT,2018,0.2
Portugal,PRT,2019,0.1
Puerto Rico,PRI,2000,1.9
Puerto Rico,PRI,2001,1.8
Puerto Rico,PRI,2002,1.8
Puerto Rico,PRI,2003,1.3
Puerto Rico,PRI,2004,1.5
Puerto Rico,PRI,2005,1.5
Puerto Rico,PRI,2006,1.2
Puerto Rico,PRI,2007,1.2
Puerto Rico,PRI,2008,1.1
Puerto Rico,PRI,2009,1.1
Puerto Rico,PRI,2010,0.8
Puerto Rico,PRI,2011,0.8
Puerto Rico,PRI,2012,0.7
Puerto Rico,PRI,2013,0.5
Puerto Rico,PRI,2014,0.4
Puerto Rico,PRI,2015,0.4
Puerto Rico,PRI,2016,0.2
Puerto Rico,PRI,2017,0.3
Puerto Rico,PRI,2018,0.1
Puerto Rico,PRI,2019,0.2
Puerto Rico,PRI,2020,0.1
Qatar,QAT,2000,0
Qatar,QAT,2001,0
Qatar,QAT,2002,0
Qatar,QAT,2003,0
Qatar,QAT,2004,0
Qatar,QAT,2005,0
Qatar,QAT,2006,0
Qatar,QAT,2007,0
Qatar,QAT,2008,0
Qatar,QAT,2009,0
Qatar,QAT,2010,0
Qatar,QAT,2012,0
Qatar,QAT,2013,0
Qatar,QAT,2014,0
Qatar,QAT,2015,0
Qatar,QAT,2016,0
Qatar,QAT,2017,0
Qatar,QAT,2018,0
Qatar,QAT,2019,0
Reunion,REU,2000,0
Reunion,REU,2001,0
Reunion,REU,2002,0
Reunion,REU,2003,0
Reunion,REU,2005,1.2
Reunion,REU,2006,1.1
Reunion,REU,2007,0.7
Reunion,REU,2010,0
Reunion,REU,2011,0
Reunion,REU,2012,0
Reunion,REU,2013,0
Reunion,REU,2014,0
Reunion,REU,2015,0
Reunion,REU,2016,0
Reunion,REU,2017,0
Reunion,REU,2018,0
Reunion,REU,2019,0
Romania,ROU,2000,0.6
Romania,ROU,2001,0.8
Romania,ROU,2002,0.7
Romania,ROU,2003,0.7
Romania,ROU,2004,0.8
Romania,ROU,2005,0.7
Romania,ROU,2006,0.8
Romania,ROU,2007,0.9
Romania,ROU,2008,1.2
Romania,ROU,2009,1.4
Romania,ROU,2010,1.4
Romania,ROU,2011,1.4
Romania,ROU,2012,1.5
Romania,ROU,2013,1.4
Romania,ROU,2014,1.4
Romania,ROU,2015,1.4
Romania,ROU,2016,1.4
Romania,ROU,2017,1.5
Romania,ROU,2018,1.4
Romania,ROU,2019,1.4
Russia,RUS,2000,0.1
Russia,RUS,2001,0.1
Russia,RUS,2002,0.1
Russia,RUS,2003,0.1
Russia,RUS,2004,0.1
Russia,RUS,2005,0.2
Russia,RUS,2006,0.1
Russia,RUS,2007,0.2
Russia,RUS,2008,0.2
Russia,RUS,2009,0.2
Russia,RUS,2010,0.2
Russia,RUS,2011,0.2
Russia,RUS,2012,0.2
Russia,RUS,2013,0.2
Russia,RUS,2014,0.2
Russia,RUS,2015,0.1
Russia,RUS,2016,0.1
Russia,RUS,2017,0.1
Russia,RUS,2018,0.1
Rwanda,RWA,2001,0.9
Rwanda,RWA,2002,0.4
Rwanda,RWA,2003,0
Rwanda,RWA,2004,0.5
Rwanda,RWA,2005,0.4
Rwanda,RWA,2006,0.4
Rwanda,RWA,2007,0.2
Rwanda,RWA,2008,0.2
Rwanda,RWA,2009,0
Rwanda,RWA,2010,0.2
Rwanda,RWA,2011,0.1
Rwanda,RWA,2012,0.4
Rwanda,RWA,2013,0.8
Rwanda,RWA,2015,0.3
Rwanda,RWA,2016,0
Rwanda,RWA,2017,0.3
Rwanda,RWA,2018,0.3
Saint Barthlemy,,2012,0
Saint Kitts and Nevis,KNA,2000,0.5
Saint Lucia,LCA,2000,0
Saint Lucia,LCA,2001,1.9
Saint Lucia,LCA,2002,0
Saint Lucia,LCA,2004,0.9
Saint Lucia,LCA,2005,0.8
Saint Lucia,LCA,2007,0.1
Saint Lucia,LCA,2008,0.6
Saint Lucia,LCA,2013,0.8
Saint Lucia,LCA,2014,0.9
Saint Martin (French part),MAF,2011,0
Saint Martin (French part),MAF,2012,0
Saint Martin (French part),MAF,2013,0
Saint Martin (French part),MAF,2014,0
Saint Martin (French part),MAF,2018,0
Saint Pierre and Miquelon,SPM,2010,0.8
Saint Pierre and Miquelon,SPM,2011,0.9
Saint Pierre and Miquelon,SPM,2012,0
Saint Pierre and Miquelon,SPM,2013,0
Saint Pierre and Miquelon,SPM,2014,0
Saint Vincent and the Grenadines,VCT,2000,1.8
Saint Vincent and the Grenadines,VCT,2001,2.7
Saint Vincent and the Grenadines,VCT,2002,2.3
Saint Vincent and the Grenadines,VCT,2003,1.8
Saint Vincent and the Grenadines,VCT,2004,1.5
Saint Vincent and the Grenadines,VCT,2005,3.3
Saint Vincent and the Grenadines,VCT,2008,1.5
Saint Vincent and the Grenadines,VCT,2009,1.8
Saint Vincent and the Grenadines,VCT,2010,2.4
Saint Vincent and the Grenadines,VCT,2011,1.5
Saint Vincent and the Grenadines,VCT,2012,1.5
Saint Vincent and the Grenadines,VCT,2013,1.1
Saint Vincent and the Grenadines,VCT,2014,2.2
Saint Vincent and the Grenadines,VCT,2015,1.1
Saint Vincent and the Grenadines,VCT,2016,2.1
Saint Vincent and the Grenadines,VCT,2017,2.6
Saint Vincent and the Grenadines,VCT,2018,1.4
Saint Vincent and the Grenadines,VCT,2019,0.7
Samoa,WSM,2002,1.9
Samoa,WSM,2003,1.9
Samoa,WSM,2006,1
Samoa,WSM,2007,0.8
Samoa,WSM,2009,0.9
Samoa,WSM,2012,0.2
Samoa,WSM,2015,0.1
Samoa,WSM,2017,0.2
Samoa,WSM,2018,0.4
San Marino,SMR,2003,0.3
San Marino,SMR,2004,0.3
San Marino,SMR,2012,0
Sao Tome and Principe,STP,2003,5.1
Sao Tome and Principe,STP,2004,1.5
Sao Tome and Principe,STP,2006,1.8
Sao Tome and Principe,STP,2007,1.6
Sao Tome and Principe,STP,2009,3.1
Sao Tome and Principe,STP,2010,1.6
Sao Tome and Principe,STP,2012,1.3
Sao Tome and Principe,STP,2013,1.4
Sao Tome and Principe,STP,2015,1.1
Sao Tome and Principe,STP,2017,1.1
Sao Tome and Principe,STP,2018,0.4
Saudi Arabia,SAU,2000,0
Saudi Arabia,SAU,2005,0
Senegal,SEN,2001,3.9
Senegal,SEN,2002,3.9
Senegal,SEN,2003,4.8
Senegal,SEN,2004,5.1
Senegal,SEN,2005,2.8
Senegal,SEN,2006,4.9
Senegal,SEN,2007,2.8
Senegal,SEN,2008,7.1
Senegal,SEN,2009,3.7
Senegal,SEN,2010,1.9
Senegal,SEN,2011,1
Senegal,SEN,2012,0.5
Senegal,SEN,2013,1.5
Senegal,SEN,2014,1.7
Senegal,SEN,2015,1.5
Senegal,SEN,2016,0.9
Senegal,SEN,2017,0.9
Senegal,SEN,2018,0.9
Serbia,SRB,2000,1.3
Serbia,SRB,2001,0.3
Serbia,SRB,2002,0.3
Serbia,SRB,2003,0.2
Serbia,SRB,2004,0.2
Serbia,SRB,2005,0.3
Serbia,SRB,2006,0.3
Serbia,SRB,2007,0.3
Serbia,SRB,2008,0.3
Serbia,SRB,2009,0.4
Serbia,SRB,2010,0.3
Serbia,SRB,2011,0.3
Serbia,SRB,2012,0.4
Serbia,SRB,2013,0.3
Serbia,SRB,2014,0.3
Serbia,SRB,2015,0.2
Serbia,SRB,2016,0.3
Serbia,SRB,2017,0.3
Serbia,SRB,2018,0.3
Serbia,SRB,2019,0.3
Seychelles,SYC,2000,1
Seychelles,SYC,2001,1
Seychelles,SYC,2002,1
Seychelles,SYC,2003,1
Seychelles,SYC,2004,0
Seychelles,SYC,2005,1
Seychelles,SYC,2006,1
Seychelles,SYC,2007,2
Seychelles,SYC,2008,1
Seychelles,SYC,2009,1
Seychelles,SYC,2010,1
Seychelles,SYC,2011,1
Seychelles,SYC,2012,1
Seychelles,SYC,2013,0.9
Seychelles,SYC,2014,1.6
Seychelles,SYC,2015,1.6
Seychelles,SYC,2016,0.9
Seychelles,SYC,2017,0.9
Seychelles,SYC,2018,1.5
Seychelles,SYC,2019,2.5
Seychelles,SYC,2020,1.1
Sierra Leone,SLE,2003,16.4
Sierra Leone,SLE,2004,24.8
Sierra Leone,SLE,2005,11.2
Sierra Leone,SLE,2006,14.9
Sierra Leone,SLE,2007,22.5
Sierra Leone,SLE,2009,10.7
Sierra Leone,SLE,2010,17.4
Sierra Leone,SLE,2011,5.9
Sierra Leone,SLE,2012,4.7
Sierra Leone,SLE,2013,10
Sierra Leone,SLE,2014,11.2
Sierra Leone,SLE,2015,8.5
Sierra Leone,SLE,2016,3.3
Sierra Leone,SLE,2017,4.4
Sierra Leone,SLE,2018,3.9
Singapore,SGP,2006,0.1
Singapore,SGP,2007,0.1
Singapore,SGP,2008,0.1
Singapore,SGP,2009,0.1
Singapore,SGP,2010,0
Singapore,SGP,2011,0.1
Singapore,SGP,2012,0.1
Singapore,SGP,2013,0
Singapore,SGP,2014,0
Singapore,SGP,2015,0.1
Singapore,SGP,2016,0.1
Singapore,SGP,2017,0.1
Singapore,SGP,2018,0
Singapore,SGP,2019,0
Slovakia,SVK,2000,0.3
Slovakia,SVK,2001,0.3
Slovakia,SVK,2002,0.3
Slovakia,SVK,2003,0.3
Slovakia,SVK,2004,0.3
Slovakia,SVK,2005,0.3
Slovakia,SVK,2006,0.3
Slovakia,SVK,2007,0.4
Slovakia,SVK,2008,0.4
Slovakia,SVK,2009,0.3
Slovakia,SVK,2010,0.5
Slovakia,SVK,2011,0.5
Slovakia,SVK,2012,0.6
Slovakia,SVK,2013,0.5
Slovakia,SVK,2014,0.6
Slovakia,SVK,2015,0.4
Slovakia,SVK,2016,0.4
Slovakia,SVK,2017,0.3
Slovakia,SVK,2018,0.3
Slovakia,SVK,2019,0.3
Slovenia,SVN,2000,0
Slovenia,SVN,2001,0
Slovenia,SVN,2002,0.1
Slovenia,SVN,2003,0.1
Slovenia,SVN,2004,0
Slovenia,SVN,2005,0.1
Slovenia,SVN,2006,0
Slovenia,SVN,2007,0
Slovenia,SVN,2008,0.1
Slovenia,SVN,2009,0
Slovenia,SVN,2010,0
Slovenia,SVN,2011,0
Slovenia,SVN,2012,0.1
Slovenia,SVN,2013,0.1
Slovenia,SVN,2014,0
Slovenia,SVN,2015,0.1
Slovenia,SVN,2016,0.1
Slovenia,SVN,2017,0.1
Slovenia,SVN,2018,0
Slovenia,SVN,2019,0.1
Slovenia,SVN,2020,0.1
Somalia,SOM,2002,3.9
Somalia,SOM,2004,2.2
Somalia,SOM,2005,1.8
Somalia,SOM,2006,8.6
Somalia,SOM,2008,8.2
Somalia,SOM,2009,87.2
Somalia,SOM,2011,4.8
Somalia,SOM,2014,4.2
Somalia,SOM,2016,2.4
Somalia,SOM,2017,1.2
South Africa,ZAF,2003,2.5
South Africa,ZAF,2004,1.6
South Africa,ZAF,2005,0.2
South Africa,ZAF,2006,1.9
South Africa,ZAF,2007,0.4
South Africa,ZAF,2008,0
South Africa,ZAF,2009,3.4
South Africa,ZAF,2010,0.4
South Africa,ZAF,2011,0.5
South Africa,ZAF,2012,1
South Africa,ZAF,2014,1
South Africa,ZAF,2015,1.3
South Africa,ZAF,2016,0.8
South Africa,ZAF,2017,0.5
South Africa,ZAF,2018,0.5
South Africa,ZAF,2019,1.2
South Korea,KOR,2000,0
South Korea,KOR,2001,0
South Korea,KOR,2002,0.1
South Korea,KOR,2003,0.1
South Korea,KOR,2004,0
South Korea,KOR,2005,0
South Korea,KOR,2006,0
South Korea,KOR,2007,0
South Korea,KOR,2008,0
South Korea,KOR,2009,0
South Korea,KOR,2010,0
South Korea,KOR,2011,0
South Korea,KOR,2012,0
South Korea,KOR,2013,0
South Korea,KOR,2014,0
South Korea,KOR,2015,0
South Korea,KOR,2016,0
South Korea,KOR,2017,0
South Korea,KOR,2018,0
South Korea,KOR,2019,0
South Sudan,SSD,2002,21.7
South Sudan,SSD,2005,12.8
South Sudan,SSD,2007,8.3
South Sudan,SSD,2008,6.4
Spain,ESP,2000,0.2
Spain,ESP,2001,0.2
Spain,ESP,2002,0.2
Spain,ESP,2003,0.3
Spain,ESP,2004,0.2
Spain,ESP,2005,0.2
Spain,ESP,2006,0.3
Spain,ESP,2007,0.2
Spain,ESP,2008,0.3
Spain,ESP,2009,0.2
Spain,ESP,2010,0.2
Spain,ESP,2011,0.2
Spain,ESP,2012,0.2
Spain,ESP,2013,0.2
Spain,ESP,2014,0.2
Spain,ESP,2015,0.1
Spain,ESP,2016,0.2
Spain,ESP,2017,0.2
Spain,ESP,2018,0.1
Spain,ESP,2019,0.1
Sri Lanka,LKA,2000,0.1
Sri Lanka,LKA,2001,0.1
Sri Lanka,LKA,2002,0
Sri Lanka,LKA,2003,0
Sri Lanka,LKA,2004,0.2
Sri Lanka,LKA,2005,0.1
Sri Lanka,LKA,2006,0.1
Sri Lanka,LKA,2007,0.1
Sri Lanka,LKA,2008,0.1
Sri Lanka,LKA,2009,0.2
Sri Lanka,LKA,2010,0.1
Sri Lanka,LKA,2012,0.1
Sri Lanka,LKA,2013,0.1
Sri Lanka,LKA,2014,0.1
Sri Lanka,LKA,2015,0
Sudan,SDN,2003,7.1
Sudan,SDN,2004,14.9
Sudan,SDN,2006,5.2
Sudan,SDN,2007,10.8
Sudan,SDN,2008,3.5
Sudan,SDN,2009,2.2
Sudan,SDN,2010,5.9
Sudan,SDN,2012,2.9
Sudan,SDN,2013,2.3
Suriname,SUR,2000,2.3
Suriname,SUR,2001,5.8
Suriname,SUR,2002,2.7
Suriname,SUR,2003,3.4
Suriname,SUR,2004,2.6
Suriname,SUR,2005,3.1
Suriname,SUR,2006,2.6
Suriname,SUR,2007,3.4
Suriname,SUR,2010,2.8
Suriname,SUR,2012,2.8
Suriname,SUR,2013,1.5
Suriname,SUR,2014,0
Suriname,SUR,2015,2.1
Suriname,SUR,2016,2.6
Suriname,SUR,2017,1.8
Suriname,SUR,2018,2.2
Suriname,SUR,2019,2
Sweden,SWE,2000,0.1
Sweden,SWE,2001,0
Sweden,SWE,2002,0
Sweden,SWE,2003,0
Sweden,SWE,2004,0.1
Sweden,SWE,2005,0
Sweden,SWE,2006,0.1
Sweden,SWE,2007,0
Sweden,SWE,2008,0
Sweden,SWE,2009,0
Sweden,SWE,2010,0.1
Sweden,SWE,2011,0
Sweden,SWE,2012,0
Sweden,SWE,2013,0
Sweden,SWE,2014,0
Sweden,SWE,2015,0
Sweden,SWE,2016,0
Sweden,SWE,2017,0
Sweden,SWE,2018,0
Sweden,SWE,2019,0
Switzerland,CHE,2000,0
Switzerland,CHE,2001,0
Switzerland,CHE,2002,0
Switzerland,CHE,2003,0
Switzerland,CHE,2004,0
Switzerland,CHE,2005,0.1
Switzerland,CHE,2006,0
Switzerland,CHE,2007,0
Switzerland,CHE,2008,0
Switzerland,CHE,2009,0
Switzerland,CHE,2010,0
Switzerland,CHE,2011,0
Switzerland,CHE,2012,0
Switzerland,CHE,2013,0
Switzerland,CHE,2014,0.1
Switzerland,CHE,2015,0
Switzerland,CHE,2016,0
Switzerland,CHE,2017,0
Switzerland,CHE,2018,0
Switzerland,CHE,2019,0
Tajikistan,TJK,2002,0
Tajikistan,TJK,2004,0
Tajikistan,TJK,2005,0.3
Tajikistan,TJK,2007,0
Tajikistan,TJK,2008,0
Tajikistan,TJK,2010,0.1
Tajikistan,TJK,2011,0.2
Tajikistan,TJK,2013,0
Tajikistan,TJK,2015,0
Tajikistan,TJK,2016,0
Tajikistan,TJK,2017,0
Tajikistan,TJK,2019,0
Tanzania,TZA,2002,5.4
Tanzania,TZA,2003,1.5
Tanzania,TZA,2005,2.4
Tanzania,TZA,2006,1.4
Tanzania,TZA,2007,2.1
Tanzania,TZA,2008,2.3
Tanzania,TZA,2009,1.2
Tanzania,TZA,2010,0.8
Tanzania,TZA,2011,2.5
Tanzania,TZA,2013,0.9
Tanzania,TZA,2014,0.6
Tanzania,TZA,2015,2.4
Tanzania,TZA,2016,1.5
Thailand,THA,2015,0
Thailand,THA,2016,0
Thailand,THA,2017,0
Thailand,THA,2018,0
Thailand,THA,2019,0
Timor,TLS,2002,1.1
Timor,TLS,2003,3.1
Timor,TLS,2004,2.1
Timor,TLS,2005,1
Timor,TLS,2006,0.6
Timor,TLS,2007,0.6
Timor,TLS,2008,0.3
Timor,TLS,2009,0.6
Timor,TLS,2012,0.5
Timor,TLS,2014,0.4
Timor,TLS,2015,0.4
Togo,TGO,2003,5
Togo,TGO,2004,10.3
Togo,TGO,2005,7
Togo,TGO,2006,4.6
Togo,TGO,2007,4.9
Togo,TGO,2009,3.4
Togo,TGO,2010,8.2
Togo,TGO,2011,2.7
Togo,TGO,2012,2.1
Togo,TGO,2013,3.1
Togo,TGO,2015,1.3
Togo,TGO,2016,1.5
Tonga,TON,2000,0.4
Tonga,TON,2002,0
Tonga,TON,2003,1.4
Tonga,TON,2006,0
Tonga,TON,2007,0
Tonga,TON,2009,0
Tonga,TON,2012,0
Tonga,TON,2015,0
Tonga,TON,2017,0
Tonga,TON,2018,0
Trinidad and Tobago,TTO,2000,0
Trinidad and Tobago,TTO,2001,0
Trinidad and Tobago,TTO,2002,0
Trinidad and Tobago,TTO,2004,0.6
Trinidad and Tobago,TTO,2005,0.5
Trinidad and Tobago,TTO,2006,0.6
Trinidad and Tobago,TTO,2009,0.5
Tunisia,TUN,2001,0.2
Tunisia,TUN,2002,0
Tunisia,TUN,2003,0
Tunisia,TUN,2004,0
Tunisia,TUN,2005,0.1
Tunisia,TUN,2006,0
Tunisia,TUN,2007,0
Tunisia,TUN,2008,0
Tunisia,TUN,2009,0
Tunisia,TUN,2010,0
Tunisia,TUN,2011,0
Tunisia,TUN,2012,0
Tunisia,TUN,2013,0
Tunisia,TUN,2014,0
Tunisia,TUN,2015,0
Tunisia,TUN,2016,0
Tunisia,TUN,2017,0
Tunisia,TUN,2018,0
Tunisia,TUN,2019,0
Turkey,TUR,2002,0.2
Turkey,TUR,2004,0.3
Turkey,TUR,2005,0.3
Turkey,TUR,2006,0.3
Turkey,TUR,2007,0.1
Turkey,TUR,2008,0.1
Turkey,TUR,2009,0.3
Turkey,TUR,2010,0.1
Turkey,TUR,2011,0.1
Turkey,TUR,2012,0.1
Turkey,TUR,2013,0.1
Turkey,TUR,2014,0.1
Turkey,TUR,2015,0.1
Turkey,TUR,2016,0.1
Turkey,TUR,2017,0.1
Turkey,TUR,2018,0.1
Turkey,TUR,2019,0.1
Turkey,TUR,2020,0
Turkmenistan,TKM,2003,0
Turkmenistan,TKM,2006,0
Turkmenistan,TKM,2007,0
Turkmenistan,TKM,2009,0
Turkmenistan,TKM,2012,0
Turkmenistan,TKM,2015,0
Turkmenistan,TKM,2017,0
Turkmenistan,TKM,2018,0
Turks and Caicos Islands,TCA,2002,1.1
Turks and Caicos Islands,TCA,2003,1
Turks and Caicos Islands,TCA,2004,0.3
Turks and Caicos Islands,TCA,2005,0.6
Turks and Caicos Islands,TCA,2006,0
Turks and Caicos Islands,TCA,2007,0
Turks and Caicos Islands,TCA,2009,0
Turks and Caicos Islands,TCA,2010,1.2
Turks and Caicos Islands,TCA,2011,1.1
Turks and Caicos Islands,TCA,2012,0
Turks and Caicos Islands,TCA,2013,0.3
Turks and Caicos Islands,TCA,2014,0
Turks and Caicos Islands,TCA,2015,0
Turks and Caicos Islands,TCA,2016,0.2
Turks and Caicos Islands,TCA,2017,0
Turks and Caicos Islands,TCA,2018,0
Turks and Caicos Islands,TCA,2019,0.2
Tuvalu,TUV,2000,0
Tuvalu,TUV,2001,0
Tuvalu,TUV,2002,2.7
Tuvalu,TUV,2003,4.3
Tuvalu,TUV,2005,0.4
Tuvalu,TUV,2006,0
Tuvalu,TUV,2007,0
Tuvalu,TUV,2009,0
Tuvalu,TUV,2012,2.6
Tuvalu,TUV,2013,0.4
Tuvalu,TUV,2014,0.4
Tuvalu,TUV,2015,0
Tuvalu,TUV,2016,0
Tuvalu,TUV,2017,0
Tuvalu,TUV,2018,0
Uganda,UGA,2002,5.2
Uganda,UGA,2003,13.9
Uganda,UGA,2004,2.4
Uganda,UGA,2005,1.8
Uganda,UGA,2006,10
Uganda,UGA,2007,1.2
Uganda,UGA,2008,0.8
Uganda,UGA,2009,2.6
Uganda,UGA,2010,1.2
Uganda,UGA,2012,2.6
Uganda,UGA,2013,0.6
Uganda,UGA,2014,2.4
Uganda,UGA,2015,2
Uganda,UGA,2016,2.3
Uganda,UGA,2017,1.1
Ukraine,UKR,2000,0.1
Ukraine,UKR,2001,0.1
Ukraine,UKR,2002,0.1
Ukraine,UKR,2003,0.1
Ukraine,UKR,2004,0.1
Ukraine,UKR,2005,0.1
Ukraine,UKR,2006,0.1
Ukraine,UKR,2007,0.1
Ukraine,UKR,2008,0.1
Ukraine,UKR,2009,0.1
Ukraine,UKR,2010,0.2
Ukraine,UKR,2011,0.2
Ukraine,UKR,2012,0.3
Ukraine,UKR,2013,0.3
Ukraine,UKR,2014,0.1
Ukraine,UKR,2015,0.2
Ukraine,UKR,2016,0.2
Ukraine,UKR,2017,0.2
Ukraine,UKR,2018,0.2
Ukraine,UKR,2019,0.1
United Arab Emirates,ARE,2000,0
United Arab Emirates,ARE,2001,0
United Arab Emirates,ARE,2002,0
United Arab Emirates,ARE,2003,0
United Arab Emirates,ARE,2016,0
United Arab Emirates,ARE,2017,0
United Arab Emirates,ARE,2018,0
United Arab Emirates,ARE,2019,0
United Kingdom,GBR,2000,0.3
United Kingdom,GBR,2001,0.3
United Kingdom,GBR,2002,0.3
United Kingdom,GBR,2003,0.2
United Kingdom,GBR,2004,0.2
United Kingdom,GBR,2005,0.2
United Kingdom,GBR,2006,0.2
United Kingdom,GBR,2007,0.2
United Kingdom,GBR,2008,0.2
United Kingdom,GBR,2009,0.2
United Kingdom,GBR,2010,0.2
United Kingdom,GBR,2011,0.2
United Kingdom,GBR,2012,0.2
United Kingdom,GBR,2013,0.1
United Kingdom,GBR,2014,0.1
United Kingdom,GBR,2015,0.1
United Kingdom,GBR,2016,0.1
United Kingdom,GBR,2017,0.1
United Kingdom,GBR,2018,0.1
United Kingdom,GBR,2019,0
United States,USA,2000,1.4
United States,USA,2001,1.3
United States,USA,2002,1.2
United States,USA,2003,1.1
United States,USA,2004,1.1
United States,USA,2005,1.1
United States,USA,2006,1
United States,USA,2007,1
United States,USA,2008,0.9
United States,USA,2009,0.8
United States,USA,2010,0.7
United States,USA,2011,0.7
United States,USA,2012,0.6
United States,USA,2013,0.5
United States,USA,2014,0.5
United States,USA,2015,0.4
United States,USA,2016,0.4
United States,USA,2017,0.3
United States,USA,2018,0.3
United States,USA,2019,0.3
United States Virgin Islands,VIR,2000,0.6
United States Virgin Islands,VIR,2001,1.5
United States Virgin Islands,VIR,2002,0.4
United States Virgin Islands,VIR,2003,0.9
United States Virgin Islands,VIR,2004,0.7
United States Virgin Islands,VIR,2005,1.1
United States Virgin Islands,VIR,2006,0.5
United States Virgin Islands,VIR,2007,0.7
United States Virgin Islands,VIR,2008,1.8
United States Virgin Islands,VIR,2009,1.1
United States Virgin Islands,VIR,2010,0.3
United States Virgin Islands,VIR,2011,0.3
United States Virgin Islands,VIR,2012,1.2
Uruguay,URY,2000,1.6
Uruguay,URY,2001,1.4
Uruguay,URY,2002,1.6
Uruguay,URY,2003,1.4
Uruguay,URY,2004,1.4
Uruguay,URY,2005,1.3
Uruguay,URY,2006,1.6
Uruguay,URY,2007,1.6
Uruguay,URY,2011,0
Uruguay,URY,2012,1.4
Uruguay,URY,2013,1.5
Uruguay,URY,2014,1.4
Uruguay,URY,2015,1
Uruguay,URY,2016,1
Uruguay,URY,2018,0.6
Uruguay,URY,2019,0.7
Uzbekistan,UZB,2000,0
Uzbekistan,UZB,2001,0
Uzbekistan,UZB,2002,0
Uzbekistan,UZB,2003,0
Uzbekistan,UZB,2004,0
Uzbekistan,UZB,2005,0
Uzbekistan,UZB,2006,0
Uzbekistan,UZB,2007,0
Uzbekistan,UZB,2008,0
Uzbekistan,UZB,2009,0
Uzbekistan,UZB,2010,0
Uzbekistan,UZB,2011,0
Uzbekistan,UZB,2012,0
Uzbekistan,UZB,2013,0
Uzbekistan,UZB,2014,0
Uzbekistan,UZB,2015,0
Uzbekistan,UZB,2016,0
Uzbekistan,UZB,2017,0
Uzbekistan,UZB,2018,0
Uzbekistan,UZB,2019,0
Uzbekistan,UZB,2020,0
Venezuela,VEN,2000,4.3
Venezuela,VEN,2001,4.1
Venezuela,VEN,2002,3.9
Venezuela,VEN,2005,5.6
Venezuela,VEN,2006,5.9
Venezuela,VEN,2007,5.6
Venezuela,VEN,2009,5.8
Venezuela,VEN,2010,5.8
Venezuela,VEN,2011,5.7
Venezuela,VEN,2012,5.5
Venezuela,VEN,2013,5.2
Venezuela,VEN,2014,5.3
Venezuela,VEN,2015,4.9
Venezuela,VEN,2016,4.3
Venezuela,VEN,2017,3.2
Vietnam,VNM,2003,0
Vietnam,VNM,2006,0.6
Vietnam,VNM,2009,0.6
Vietnam,VNM,2011,0.2
Vietnam,VNM,2012,0
Wallis and Futuna,WLF,2000,0
Wallis and Futuna,WLF,2001,0
Wallis and Futuna,WLF,2002,0
Wallis and Futuna,WLF,2003,0
Wallis and Futuna,WLF,2004,0
Wallis and Futuna,WLF,2005,0
Wallis and Futuna,WLF,2006,0
Yemen,YEM,2002,1.9
Yemen,YEM,2003,9.1
Yemen,YEM,2004,1
Yemen,YEM,2005,1.1
Yemen,YEM,2006,6.5
Yemen,YEM,2009,2.5
Yemen,YEM,2011,1.2
Yemen,YEM,2012,1
Zambia,ZMB,2002,7.3
Zambia,ZMB,2003,3.6
Zambia,ZMB,2005,3.3
Zambia,ZMB,2006,3
Zambia,ZMB,2008,7.4
Zambia,ZMB,2009,3.2
Zambia,ZMB,2011,2.4
Zambia,ZMB,2012,2.1
Zambia,ZMB,2014,3.7
Zambia,ZMB,2016,3.1
Zambia,ZMB,2017,2.9
Zimbabwe,ZWE,2001,2.6
Zimbabwe,ZWE,2002,3.4
Zimbabwe,ZWE,2003,1.7
Zimbabwe,ZWE,2004,1.4
Zimbabwe,ZWE,2005,3.1
Zimbabwe,ZWE,2006,1.2
Zimbabwe,ZWE,2007,1
Zimbabwe,ZWE,2008,1.9
Zimbabwe,ZWE,2009,1.6
Zimbabwe,ZWE,2011,1
Zimbabwe,ZWE,2012,0.6
Zimbabwe,ZWE,2013,1
Zimbabwe,ZWE,2014,1.7
Zimbabwe,ZWE,2016,1.2
Zimbabwe,ZWE,2017,1.1