Entity,Code,Year,3.b.1 - Proportion of the target population with access to pneumococcal conjugate 3rd dose (PCV3) (%) - SH_ACS_PCV3
Afghanistan,AFG,2014,49
Afghanistan,AFG,2015,65
Afghanistan,AFG,2016,62
Afghanistan,AFG,2017,66
Afghanistan,AFG,2018,69
Afghanistan,AFG,2019,68
Afghanistan,AFG,2020,68
Africa,,2008,0
Africa,,2009,0
Africa,,2010,3
Africa,,2011,11
Africa,,2012,19
Africa,,2013,32
Africa,,2014,46
Africa,,2015,56
Africa,,2016,62
Africa,,2017,64
Africa,,2018,65
Africa,,2019,66
Africa,,2020,64
Albania,ALB,2011,99
Albania,ALB,2012,99
Albania,ALB,2013,99
Albania,ALB,2014,99
Albania,ALB,2015,99
Albania,ALB,2016,98
Albania,ALB,2017,99
Albania,ALB,2018,98
Albania,ALB,2019,96
Albania,ALB,2020,92
Algeria,DZA,2016,61
Algeria,DZA,2017,89
Algeria,DZA,2018,91
Algeria,DZA,2019,91
Americas,,2008,28
Americas,,2009,34
Americas,,2010,51
Americas,,2011,69
Americas,,2012,77
Americas,,2013,79
Americas,,2014,83
Americas,,2015,85
Americas,,2016,82
Americas,,2017,82
Americas,,2018,82
Americas,,2019,82
Americas,,2020,76
Andorra,AND,2014,93
Andorra,AND,2015,92
Andorra,AND,2016,92
Andorra,AND,2017,98
Andorra,AND,2018,94
Andorra,AND,2019,96
Andorra,AND,2020,96
Angola,AGO,2013,9
Angola,AGO,2014,45
Angola,AGO,2015,55
Angola,AGO,2016,55
Angola,AGO,2017,52
Angola,AGO,2018,59
Angola,AGO,2019,53
Angola,AGO,2020,47
Argentina,ARG,2012,41
Argentina,ARG,2013,86
Argentina,ARG,2014,89
Argentina,ARG,2015,82
Argentina,ARG,2016,82
Argentina,ARG,2017,76
Argentina,ARG,2018,88
Argentina,ARG,2019,80
Argentina,ARG,2020,75
Armenia,ARM,2015,44
Armenia,ARM,2016,94
Armenia,ARM,2017,94
Armenia,ARM,2018,92
Armenia,ARM,2019,92
Armenia,ARM,2020,92
Asia,,2008,0
Asia,,2009,3
Asia,,2010,3
Asia,,2011,5
Asia,,2012,6
Asia,,2013,10
Asia,,2014,13
Asia,,2015,17
Asia,,2016,20
Asia,,2017,23
Asia,,2018,25
Asia,,2019,29
Asia,,2020,31
Australia,AUS,2008,91
Australia,AUS,2009,91
Australia,AUS,2010,91
Australia,AUS,2011,91
Australia,AUS,2012,91
Australia,AUS,2013,91
Australia,AUS,2014,91
Australia,AUS,2015,93
Australia,AUS,2016,94
Australia,AUS,2017,94
Australia,AUS,2018,95
Australia,AUS,2019,96
Australia,AUS,2020,97
Australia and New Zealand,,2008,75
Australia and New Zealand,,2009,90
Australia and New Zealand,,2010,91
Australia and New Zealand,,2011,91
Australia and New Zealand,,2012,91
Australia and New Zealand,,2013,91
Australia and New Zealand,,2014,91
Australia and New Zealand,,2015,93
Australia and New Zealand,,2016,94
Australia and New Zealand,,2017,94
Australia and New Zealand,,2018,95
Australia and New Zealand,,2019,95
Australia and New Zealand,,2020,96
Azerbaijan,AZE,2014,64
Azerbaijan,AZE,2015,94
Azerbaijan,AZE,2016,97
Azerbaijan,AZE,2017,96
Azerbaijan,AZE,2018,95
Azerbaijan,AZE,2019,95
Azerbaijan,AZE,2020,79
Bahamas,BHS,2009,3
Bahamas,BHS,2010,1
Bahamas,BHS,2011,1
Bahamas,BHS,2012,37
Bahamas,BHS,2013,97
Bahamas,BHS,2014,96
Bahamas,BHS,2015,95
Bahamas,BHS,2016,94
Bahamas,BHS,2017,93
Bahamas,BHS,2018,90
Bahamas,BHS,2019,89
Bahamas,BHS,2020,83
Bahrain,BHR,2008,14
Bahrain,BHR,2009,96
Bahrain,BHR,2010,99
Bahrain,BHR,2011,99
Bahrain,BHR,2012,99
Bahrain,BHR,2013,99
Bahrain,BHR,2014,98
Bahrain,BHR,2015,98
Bahrain,BHR,2016,99
Bahrain,BHR,2017,97
Bahrain,BHR,2018,98
Bahrain,BHR,2019,97
Bahrain,BHR,2020,99
Bangladesh,BGD,2015,48
Bangladesh,BGD,2016,97
Bangladesh,BGD,2017,99
Bangladesh,BGD,2018,99
Bangladesh,BGD,2019,99
Bangladesh,BGD,2020,99
Barbados,BRB,2009,75
Barbados,BRB,2010,78
Barbados,BRB,2011,81
Barbados,BRB,2012,84
Barbados,BRB,2013,87
Barbados,BRB,2014,90
Barbados,BRB,2015,97
Barbados,BRB,2016,96
Barbados,BRB,2017,89
Barbados,BRB,2018,89
Barbados,BRB,2019,93
Barbados,BRB,2020,86
Belgium,BEL,2012,93
Belgium,BEL,2013,93
Belgium,BEL,2014,93
Belgium,BEL,2015,94
Belgium,BEL,2016,94
Belgium,BEL,2017,94
Belgium,BEL,2018,94
Belgium,BEL,2019,94
Belgium,BEL,2020,94
Benin,BEN,2011,36
Benin,BEN,2012,67
Benin,BEN,2013,70
Benin,BEN,2014,69
Benin,BEN,2015,72
Benin,BEN,2016,73
Benin,BEN,2017,73
Benin,BEN,2018,73
Benin,BEN,2019,73
Benin,BEN,2020,68
Bhutan,BTN,2019,26
Bhutan,BTN,2020,90
Bolivia,BOL,2014,56
Bolivia,BOL,2015,86
Bolivia,BOL,2016,87
Bolivia,BOL,2017,83
Bolivia,BOL,2018,83
Bolivia,BOL,2019,75
Bolivia,BOL,2020,68
Botswana,BWA,2012,52
Botswana,BWA,2013,72
Botswana,BWA,2014,95
Botswana,BWA,2015,93
Botswana,BWA,2016,91
Botswana,BWA,2017,89
Botswana,BWA,2018,91
Botswana,BWA,2019,92
Botswana,BWA,2020,90
Brazil,BRA,2010,24
Brazil,BRA,2011,82
Brazil,BRA,2012,88
Brazil,BRA,2013,94
Brazil,BRA,2014,93
Brazil,BRA,2015,94
Brazil,BRA,2016,84
Brazil,BRA,2017,84
Brazil,BRA,2018,84
Brazil,BRA,2019,84
Brazil,BRA,2020,79
Bulgaria,BGR,2010,69
Bulgaria,BGR,2011,94
Bulgaria,BGR,2012,94
Bulgaria,BGR,2013,94
Bulgaria,BGR,2014,92
Bulgaria,BGR,2015,90
Bulgaria,BGR,2016,90
Bulgaria,BGR,2017,91
Bulgaria,BGR,2018,88
Bulgaria,BGR,2019,88
Bulgaria,BGR,2020,85
Burkina Faso,BFA,2014,91
Burkina Faso,BFA,2015,91
Burkina Faso,BFA,2016,91
Burkina Faso,BFA,2017,91
Burkina Faso,BFA,2018,91
Burkina Faso,BFA,2019,91
Burkina Faso,BFA,2020,91
Burundi,BDI,2011,14
Burundi,BDI,2012,96
Burundi,BDI,2013,96
Burundi,BDI,2014,95
Burundi,BDI,2015,94
Burundi,BDI,2016,94
Burundi,BDI,2017,91
Burundi,BDI,2018,90
Burundi,BDI,2019,93
Burundi,BDI,2020,93
Cambodia,KHM,2015,68
Cambodia,KHM,2016,87
Cambodia,KHM,2017,82
Cambodia,KHM,2018,84
Cambodia,KHM,2019,89
Cambodia,KHM,2020,90
Cameroon,CMR,2011,23
Cameroon,CMR,2012,84
Cameroon,CMR,2013,88
Cameroon,CMR,2014,83
Cameroon,CMR,2015,77
Cameroon,CMR,2016,72
Cameroon,CMR,2017,72
Cameroon,CMR,2018,67
Cameroon,CMR,2019,67
Cameroon,CMR,2020,69
Canada,CAN,2008,42
Canada,CAN,2009,50
Canada,CAN,2010,58
Canada,CAN,2011,66
Canada,CAN,2012,73
Canada,CAN,2013,79
Canada,CAN,2014,79
Canada,CAN,2015,80
Canada,CAN,2016,80
Canada,CAN,2017,81
Canada,CAN,2018,81
Canada,CAN,2019,84
Canada,CAN,2020,84
Caribbean,,2008,0
Caribbean,,2009,0
Caribbean,,2010,0
Caribbean,,2011,0
Caribbean,,2012,2
Caribbean,,2013,3
Caribbean,,2014,12
Caribbean,,2015,11
Caribbean,,2016,13
Caribbean,,2017,23
Caribbean,,2018,30
Caribbean,,2019,42
Caribbean,,2020,45
Caucasus and Central Asia,,2008,0
Caucasus and Central Asia,,2009,0
Caucasus and Central Asia,,2010,0
Caucasus and Central Asia,,2011,0
Caucasus and Central Asia,,2012,8
Caucasus and Central Asia,,2013,11
Caucasus and Central Asia,,2014,18
Caucasus and Central Asia,,2015,25
Caucasus and Central Asia,,2016,33
Caucasus and Central Asia,,2017,76
Caucasus and Central Asia,,2018,74
Caucasus and Central Asia,,2019,74
Caucasus and Central Asia,,2020,72
Central African Republic,CAF,2011,8
Central African Republic,CAF,2012,47
Central African Republic,CAF,2013,23
Central African Republic,CAF,2014,45
Central African Republic,CAF,2015,44
Central African Republic,CAF,2016,43
Central African Republic,CAF,2017,40
Central African Republic,CAF,2018,40
Central African Republic,CAF,2019,40
Central African Republic,CAF,2020,40
Central America,,2008,10
Central America,,2009,33
Central America,,2010,69
Central America,,2011,82
Central America,,2012,86
Central America,,2013,79
Central America,,2014,88
Central America,,2015,92
Central America,,2016,91
Central America,,2017,91
Central America,,2018,88
Central America,,2019,87
Central America,,2020,78
Central Asia,,2008,0
Central Asia,,2009,0
Central Asia,,2010,0
Central Asia,,2011,0
Central Asia,,2012,9
Central Asia,,2013,12
Central Asia,,2014,14
Central Asia,,2015,18
Central Asia,,2016,23
Central Asia,,2017,73
Central Asia,,2018,71
Central Asia,,2019,71
Central Asia,,2020,70
Central and Southern Asia,,2008,0
Central and Southern Asia,,2009,0
Central and Southern Asia,,2010,0
Central and Southern Asia,,2011,0
Central and Southern Asia,,2012,0
Central and Southern Asia,,2013,10
Central and Southern Asia,,2014,12
Central and Southern Asia,,2015,18
Central and Southern Asia,,2016,23
Central and Southern Asia,,2017,26
Central and Southern Asia,,2018,30
Central and Southern Asia,,2019,36
Central and Southern Asia,,2020,39
Chile,CHL,2011,54
Chile,CHL,2012,82
Chile,CHL,2013,79
Chile,CHL,2014,92
Chile,CHL,2015,90
Chile,CHL,2016,93
Chile,CHL,2017,93
Chile,CHL,2018,93
Chile,CHL,2019,95
Chile,CHL,2020,89
Colombia,COL,2010,22
Colombia,COL,2011,46
Colombia,COL,2012,84
Colombia,COL,2013,87
Colombia,COL,2014,89
Colombia,COL,2015,91
Colombia,COL,2016,89
Colombia,COL,2017,91
Colombia,COL,2018,94
Colombia,COL,2019,93
Colombia,COL,2020,89
Congo,COG,2012,10
Congo,COG,2013,85
Congo,COG,2014,85
Congo,COG,2015,80
Congo,COG,2016,67
Congo,COG,2017,66
Congo,COG,2018,73
Congo,COG,2019,68
Congo,COG,2020,71
Costa Rica,CRI,2009,48
Costa Rica,CRI,2010,94
Costa Rica,CRI,2011,68
Costa Rica,CRI,2012,89
Costa Rica,CRI,2013,94
Costa Rica,CRI,2014,83
Costa Rica,CRI,2015,94
Costa Rica,CRI,2016,94
Costa Rica,CRI,2017,96
Costa Rica,CRI,2018,96
Costa Rica,CRI,2019,95
Costa Rica,CRI,2020,95
Cote d'Ivoire,CIV,2014,2
Cote d'Ivoire,CIV,2015,70
Cote d'Ivoire,CIV,2016,80
Cote d'Ivoire,CIV,2017,82
Cote d'Ivoire,CIV,2018,81
Cote d'Ivoire,CIV,2019,84
Cote d'Ivoire,CIV,2020,79
Cyprus,CYP,2015,81
Cyprus,CYP,2016,81
Cyprus,CYP,2017,81
Cyprus,CYP,2018,81
Cyprus,CYP,2019,81
Democratic Republic of Congo,COD,2011,9
Democratic Republic of Congo,COD,2012,13
Democratic Republic of Congo,COD,2013,29
Democratic Republic of Congo,COD,2014,56
Democratic Republic of Congo,COD,2015,66
Democratic Republic of Congo,COD,2016,58
Democratic Republic of Congo,COD,2017,58
Democratic Republic of Congo,COD,2018,58
Democratic Republic of Congo,COD,2019,58
Democratic Republic of Congo,COD,2020,58
Denmark,DNK,2009,86
Denmark,DNK,2010,88
Denmark,DNK,2011,90
Denmark,DNK,2012,93
Denmark,DNK,2013,90
Denmark,DNK,2014,93
Denmark,DNK,2015,91
Denmark,DNK,2016,94
Denmark,DNK,2017,97
Denmark,DNK,2018,96
Denmark,DNK,2019,97
Denmark,DNK,2020,96
"Developed regions (Europe, Cyprus, Israel, Northern America, Japan, Australia & New Zealand)",,2008,37
"Developed regions (Europe, Cyprus, Israel, Northern America, Japan, Australia & New Zealand)",,2009,41
"Developed regions (Europe, Cyprus, Israel, Northern America, Japan, Australia & New Zealand)",,2010,52
"Developed regions (Europe, Cyprus, Israel, Northern America, Japan, Australia & New Zealand)",,2011,63
"Developed regions (Europe, Cyprus, Israel, Northern America, Japan, Australia & New Zealand)",,2012,64
"Developed regions (Europe, Cyprus, Israel, Northern America, Japan, Australia & New Zealand)",,2013,64
"Developed regions (Europe, Cyprus, Israel, Northern America, Japan, Australia & New Zealand)",,2014,65
"Developed regions (Europe, Cyprus, Israel, Northern America, Japan, Australia & New Zealand)",,2015,65
"Developed regions (Europe, Cyprus, Israel, Northern America, Japan, Australia & New Zealand)",,2016,71
"Developed regions (Europe, Cyprus, Israel, Northern America, Japan, Australia & New Zealand)",,2017,78
"Developed regions (Europe, Cyprus, Israel, Northern America, Japan, Australia & New Zealand)",,2018,82
"Developed regions (Europe, Cyprus, Israel, Northern America, Japan, Australia & New Zealand)",,2019,84
"Developed regions (Europe, Cyprus, Israel, Northern America, Japan, Australia & New Zealand)",,2020,81
Developing regions,,2008,0
Developing regions,,2009,3
Developing regions,,2010,6
Developing regions,,2011,11
Developing regions,,2012,15
Developing regions,,2013,22
Developing regions,,2014,28
Developing regions,,2015,34
Developing regions,,2016,38
Developing regions,,2017,41
Developing regions,,2018,42
Developing regions,,2019,45
Developing regions,,2020,45
Djibouti,DJI,2013,82
Djibouti,DJI,2014,78
Djibouti,DJI,2015,82
Djibouti,DJI,2016,68
Djibouti,DJI,2017,76
Djibouti,DJI,2018,84
Djibouti,DJI,2019,85
Djibouti,DJI,2020,70
Dominican Republic,DOM,2014,27
Dominican Republic,DOM,2015,22
Dominican Republic,DOM,2016,30
Dominican Republic,DOM,2017,64
Dominican Republic,DOM,2018,70
Dominican Republic,DOM,2019,70
Dominican Republic,DOM,2020,69
Eastern Africa,,2008,0
Eastern Africa,,2009,0
Eastern Africa,,2010,3
Eastern Africa,,2011,16
Eastern Africa,,2012,27
Eastern Africa,,2013,52
Eastern Africa,,2014,67
Eastern Africa,,2015,68
Eastern Africa,,2016,72
Eastern Africa,,2017,74
Eastern Africa,,2018,74
Eastern Africa,,2019,75
Eastern Africa,,2020,73
Eastern Asia,,2008,0
Eastern Asia,,2009,0
Eastern Asia,,2010,0
Eastern Asia,,2011,6
Eastern Asia,,2012,5
Eastern Asia,,2013,5
Eastern Asia,,2014,5
Eastern Asia,,2015,7
Eastern Asia,,2016,7
Eastern Asia,,2017,7
Eastern Asia,,2018,7
Eastern Asia,,2019,7
Eastern Asia,,2020,7
Eastern Asia (excluding Japan),,2008,0
Eastern Asia (excluding Japan),,2009,0
Eastern Asia (excluding Japan),,2010,0
Eastern Asia (excluding Japan),,2011,0
Eastern Asia (excluding Japan),,2012,0
Eastern Asia (excluding Japan),,2013,0
Eastern Asia (excluding Japan),,2014,0
Eastern Asia (excluding Japan),,2015,2
Eastern Asia (excluding Japan),,2016,2
Eastern Asia (excluding Japan),,2017,2
Eastern Asia (excluding Japan),,2018,2
Eastern Asia (excluding Japan),,2019,2
Eastern Asia (excluding Japan),,2020,2
Eastern Europe,,2008,0
Eastern Europe,,2009,2
Eastern Europe,,2010,3
Eastern Europe,,2011,6
Eastern Europe,,2012,6
Eastern Europe,,2013,6
Eastern Europe,,2014,6
Eastern Europe,,2015,7
Eastern Europe,,2016,26
Eastern Europe,,2017,46
Eastern Europe,,2018,60
Eastern Europe,,2019,66
Eastern Europe,,2020,68
Eastern and South-Eastern Asia,,2008,0
Eastern and South-Eastern Asia,,2009,0
Eastern and South-Eastern Asia,,2010,0
Eastern and South-Eastern Asia,,2011,4
Eastern and South-Eastern Asia,,2012,4
Eastern and South-Eastern Asia,,2013,3
Eastern and South-Eastern Asia,,2014,6
Eastern and South-Eastern Asia,,2015,7
Eastern and South-Eastern Asia,,2016,9
Eastern and South-Eastern Asia,,2017,11
Eastern and South-Eastern Asia,,2018,12
Eastern and South-Eastern Asia,,2019,13
Eastern and South-Eastern Asia,,2020,14
Ecuador,ECU,2010,17
Ecuador,ECU,2011,71
Ecuador,ECU,2012,94
Ecuador,ECU,2013,90
Ecuador,ECU,2014,86
Ecuador,ECU,2015,81
Ecuador,ECU,2016,84
Ecuador,ECU,2017,84
Ecuador,ECU,2018,85
Ecuador,ECU,2019,83
Ecuador,ECU,2020,76
El Salvador,SLV,2010,69
El Salvador,SLV,2011,98
El Salvador,SLV,2012,94
El Salvador,SLV,2013,92
El Salvador,SLV,2014,86
El Salvador,SLV,2015,98
El Salvador,SLV,2016,90
El Salvador,SLV,2017,87
El Salvador,SLV,2018,75
El Salvador,SLV,2019,82
El Salvador,SLV,2020,78
Eritrea,ERI,2016,95
Eritrea,ERI,2017,95
Eritrea,ERI,2018,95
Eritrea,ERI,2019,95
Eritrea,ERI,2020,95
Eswatini,SWZ,2014,67
Eswatini,SWZ,2015,90
Eswatini,SWZ,2016,90
Eswatini,SWZ,2017,87
Eswatini,SWZ,2018,88
Eswatini,SWZ,2019,87
Eswatini,SWZ,2020,83
Ethiopia,ETH,2011,12
Ethiopia,ETH,2012,30
Ethiopia,ETH,2013,48
Ethiopia,ETH,2014,54
Ethiopia,ETH,2015,57
Ethiopia,ETH,2016,61
Ethiopia,ETH,2017,64
Ethiopia,ETH,2018,63
Ethiopia,ETH,2019,64
Ethiopia,ETH,2020,67
Europe,,2008,12
Europe,,2009,18
Europe,,2010,37
Europe,,2011,40
Europe,,2012,43
Europe,,2013,43
Europe,,2014,44
Europe,,2015,45
Europe,,2016,54
Europe,,2017,68
Europe,,2018,75
Europe,,2019,78
Europe,,2020,78
Europe and Northern America,,2008,40
Europe and Northern America,,2009,43
Europe and Northern America,,2010,56
Europe and Northern America,,2011,58
Europe and Northern America,,2012,59
Europe and Northern America,,2013,60
Europe and Northern America,,2014,61
Europe and Northern America,,2015,61
Europe and Northern America,,2016,67
Europe and Northern America,,2017,76
Europe and Northern America,,2018,81
Europe and Northern America,,2019,83
Europe and Northern America,,2020,80
Fiji,FJI,2013,87
Fiji,FJI,2014,99
Fiji,FJI,2015,99
Fiji,FJI,2016,99
Fiji,FJI,2017,99
Fiji,FJI,2018,99
Fiji,FJI,2019,99
Fiji,FJI,2020,99
Finland,FIN,2010,92
Finland,FIN,2011,92
Finland,FIN,2012,92
Finland,FIN,2013,92
Finland,FIN,2014,92
Finland,FIN,2015,92
Finland,FIN,2016,87
Finland,FIN,2017,85
Finland,FIN,2018,88
Finland,FIN,2019,89
Finland,FIN,2020,89
France,FRA,2010,89
France,FRA,2011,89
France,FRA,2012,89
France,FRA,2013,89
France,FRA,2014,89
France,FRA,2015,91
France,FRA,2016,92
France,FRA,2017,92
France,FRA,2018,92
France,FRA,2019,92
Gambia,GMB,2010,99
Gambia,GMB,2011,95
Gambia,GMB,2012,98
Gambia,GMB,2013,96
Gambia,GMB,2014,96
Gambia,GMB,2015,97
Gambia,GMB,2016,95
Gambia,GMB,2017,90
Gambia,GMB,2018,93
Gambia,GMB,2019,87
Georgia,GEO,2015,16
Georgia,GEO,2016,75
Georgia,GEO,2017,80
Georgia,GEO,2018,81
Georgia,GEO,2019,84
Georgia,GEO,2020,82
Germany,DEU,2008,68
Germany,DEU,2009,84
Germany,DEU,2010,85
Germany,DEU,2011,86
Germany,DEU,2012,84
Germany,DEU,2013,84
Germany,DEU,2014,83
Germany,DEU,2015,83
Germany,DEU,2016,83
Germany,DEU,2017,83
Germany,DEU,2018,83
Germany,DEU,2019,83
Germany,DEU,2020,83
Ghana,GHA,2012,43
Ghana,GHA,2013,89
Ghana,GHA,2014,99
Ghana,GHA,2015,88
Ghana,GHA,2016,93
Ghana,GHA,2017,99
Ghana,GHA,2018,96
Ghana,GHA,2019,97
Ghana,GHA,2020,95
Greece,GRC,2012,32
Greece,GRC,2013,32
Greece,GRC,2014,96
Greece,GRC,2015,96
Greece,GRC,2016,96
Greece,GRC,2017,96
Greece,GRC,2018,96
Greece,GRC,2019,96
Greece,GRC,2020,96
Guatemala,GTM,2013,24
Guatemala,GTM,2014,51
Guatemala,GTM,2015,82
Guatemala,GTM,2016,81
Guatemala,GTM,2017,84
Guatemala,GTM,2018,85
Guatemala,GTM,2019,88
Guatemala,GTM,2020,86
Guinea-Bissau,GNB,2015,10
Guinea-Bissau,GNB,2016,83
Guinea-Bissau,GNB,2017,79
Guinea-Bissau,GNB,2018,82
Guinea-Bissau,GNB,2019,78
Guinea-Bissau,GNB,2020,74
Guyana,GUY,2011,50
Guyana,GUY,2012,90
Guyana,GUY,2013,96
Guyana,GUY,2014,97
Guyana,GUY,2015,94
Guyana,GUY,2016,92
Guyana,GUY,2017,97
Guyana,GUY,2018,91
Guyana,GUY,2019,98
Guyana,GUY,2020,89
Haiti,HTI,2018,12
Haiti,HTI,2019,42
Haiti,HTI,2020,51
Honduras,HND,2011,78
Honduras,HND,2012,97
Honduras,HND,2013,99
Honduras,HND,2014,99
Honduras,HND,2015,99
Honduras,HND,2016,94
Honduras,HND,2017,90
Honduras,HND,2018,91
Honduras,HND,2019,88
Honduras,HND,2020,80
Hungary,HUN,2011,84
Hungary,HUN,2012,90
Hungary,HUN,2013,92
Hungary,HUN,2014,93
Hungary,HUN,2015,91
Hungary,HUN,2016,98
Hungary,HUN,2017,99
Hungary,HUN,2018,99
Hungary,HUN,2019,99
Hungary,HUN,2020,99
Iceland,ISL,2012,86
Iceland,ISL,2013,88
Iceland,ISL,2014,90
Iceland,ISL,2015,91
Iceland,ISL,2016,90
Iceland,ISL,2017,88
Iceland,ISL,2018,90
Iceland,ISL,2019,92
Iceland,ISL,2020,93
India,IND,2018,6
India,IND,2019,15
India,IND,2020,21
Indonesia,IDN,2018,0
Indonesia,IDN,2019,3
Indonesia,IDN,2020,4
Iraq,IRQ,2017,33
Iraq,IRQ,2018,33
Iraq,IRQ,2019,37
Iraq,IRQ,2020,0
Ireland,IRL,2010,43
Ireland,IRL,2011,90
Ireland,IRL,2012,91
Ireland,IRL,2013,91
Ireland,IRL,2014,92
Ireland,IRL,2015,92
Ireland,IRL,2016,91
Ireland,IRL,2017,91
Ireland,IRL,2018,90
Ireland,IRL,2019,86
Ireland,IRL,2020,86
Israel,ISR,2011,92
Israel,ISR,2012,93
Israel,ISR,2013,94
Israel,ISR,2014,94
Israel,ISR,2015,94
Israel,ISR,2016,93
Israel,ISR,2017,94
Israel,ISR,2018,95
Israel,ISR,2019,95
Israel,ISR,2020,94
Italy,ITA,2008,60
Italy,ITA,2009,66
Italy,ITA,2010,71
Italy,ITA,2011,76
Italy,ITA,2012,82
Italy,ITA,2013,87
Italy,ITA,2014,87
Italy,ITA,2015,89
Italy,ITA,2016,88
Italy,ITA,2017,91
Italy,ITA,2018,92
Italy,ITA,2019,92
Italy,ITA,2020,91
Japan,JPN,2011,98
Japan,JPN,2012,98
Japan,JPN,2013,98
Japan,JPN,2014,98
Japan,JPN,2015,96
Japan,JPN,2016,99
Japan,JPN,2017,99
Japan,JPN,2018,98
Japan,JPN,2019,97
Japan,JPN,2020,95
Kazakhstan,KAZ,2012,37
Kazakhstan,KAZ,2013,52
Kazakhstan,KAZ,2014,58
Kazakhstan,KAZ,2015,74
Kazakhstan,KAZ,2016,97
Kazakhstan,KAZ,2017,98
Kazakhstan,KAZ,2018,95
Kazakhstan,KAZ,2019,89
Kazakhstan,KAZ,2020,89
Kenya,KEN,2011,85
Kenya,KEN,2012,82
Kenya,KEN,2013,75
Kenya,KEN,2014,81
Kenya,KEN,2015,75
Kenya,KEN,2016,78
Kenya,KEN,2017,82
Kenya,KEN,2018,92
Kenya,KEN,2019,91
Kenya,KEN,2020,90
Kiribati,KIR,2013,40
Kiribati,KIR,2014,57
Kiribati,KIR,2015,74
Kiribati,KIR,2016,79
Kiribati,KIR,2017,91
Kiribati,KIR,2018,94
Kiribati,KIR,2019,97
Kiribati,KIR,2020,91
Kuwait,KWT,2008,99
Kuwait,KWT,2009,99
Kuwait,KWT,2010,98
Kuwait,KWT,2011,99
Kuwait,KWT,2012,99
Kuwait,KWT,2013,99
Kuwait,KWT,2014,94
Kuwait,KWT,2015,99
Kuwait,KWT,2016,99
Kuwait,KWT,2017,99
Kuwait,KWT,2018,91
Kuwait,KWT,2019,91
Kyrgyzstan,KGZ,2017,88
Kyrgyzstan,KGZ,2018,92
Kyrgyzstan,KGZ,2019,96
Kyrgyzstan,KGZ,2020,90
Landlocked developing countries (LLDCs),,2008,0
Landlocked developing countries (LLDCs),,2009,0
Landlocked developing countries (LLDCs),,2010,2
Landlocked developing countries (LLDCs),,2011,8
Landlocked developing countries (LLDCs),,2012,21
Landlocked developing countries (LLDCs),,2013,27
Landlocked developing countries (LLDCs),,2014,49
Landlocked developing countries (LLDCs),,2015,56
Landlocked developing countries (LLDCs),,2016,63
Landlocked developing countries (LLDCs),,2017,73
Landlocked developing countries (LLDCs),,2018,72
Landlocked developing countries (LLDCs),,2019,73
Landlocked developing countries (LLDCs),,2020,72
Laos,LAO,2014,60
Laos,LAO,2015,74
Laos,LAO,2016,78
Laos,LAO,2017,82
Laos,LAO,2018,84
Laos,LAO,2019,81
Laos,LAO,2020,77
Latin America and the Caribbean,,2008,3
Latin America and the Caribbean,,2009,11
Latin America and the Caribbean,,2010,35
Latin America and the Caribbean,,2011,60
Latin America and the Caribbean,,2012,71
Latin America and the Caribbean,,2013,74
Latin America and the Caribbean,,2014,79
Latin America and the Caribbean,,2015,82
Latin America and the Caribbean,,2016,78
Latin America and the Caribbean,,2017,78
Latin America and the Caribbean,,2018,79
Latin America and the Caribbean,,2019,78
Latin America and the Caribbean,,2020,73
Latvia,LVA,2011,76
Latvia,LVA,2012,55
Latvia,LVA,2013,87
Latvia,LVA,2014,84
Latvia,LVA,2015,85
Latvia,LVA,2016,84
Latvia,LVA,2017,87
Latvia,LVA,2018,84
Latvia,LVA,2019,84
Latvia,LVA,2020,91
Least developed countries (LDCs),,2008,0
Least developed countries (LDCs),,2009,0
Least developed countries (LDCs),,2010,1
Least developed countries (LDCs),,2011,7
Least developed countries (LDCs),,2012,14
Least developed countries (LDCs),,2013,28
Least developed countries (LDCs),,2014,49
Least developed countries (LDCs),,2015,59
Least developed countries (LDCs),,2016,68
Least developed countries (LDCs),,2017,72
Least developed countries (LDCs),,2018,72
Least developed countries (LDCs),,2019,73
Least developed countries (LDCs),,2020,71
Lebanon,LBN,2017,82
Lebanon,LBN,2018,82
Lebanon,LBN,2019,82
Lebanon,LBN,2020,74
Lesotho,LSO,2015,29
Lesotho,LSO,2016,87
Lesotho,LSO,2017,87
Lesotho,LSO,2018,87
Lesotho,LSO,2019,87
Lesotho,LSO,2020,87
Liberia,LBR,2014,25
Liberia,LBR,2015,36
Liberia,LBR,2016,73
Liberia,LBR,2017,78
Liberia,LBR,2018,78
Liberia,LBR,2019,68
Liberia,LBR,2020,65
Libya,LBY,2014,39
Libya,LBY,2015,71
Libya,LBY,2016,96
Libya,LBY,2017,94
Libya,LBY,2018,72
Libya,LBY,2019,73
Libya,LBY,2020,73
Lithuania,LTU,2016,82
Lithuania,LTU,2017,82
Lithuania,LTU,2018,82
Lithuania,LTU,2019,82
Lithuania,LTU,2020,83
Luxembourg,LUX,2008,86
Luxembourg,LUX,2009,86
Luxembourg,LUX,2010,86
Luxembourg,LUX,2011,86
Luxembourg,LUX,2012,95
Luxembourg,LUX,2013,95
Luxembourg,LUX,2014,95
Luxembourg,LUX,2015,95
Luxembourg,LUX,2016,95
Luxembourg,LUX,2017,95
Luxembourg,LUX,2018,96
Luxembourg,LUX,2019,96
Luxembourg,LUX,2020,96
Madagascar,MDG,2013,76
Madagascar,MDG,2014,68
Madagascar,MDG,2015,62
Madagascar,MDG,2016,65
Madagascar,MDG,2017,62
Madagascar,MDG,2018,63
Madagascar,MDG,2019,67
Madagascar,MDG,2020,65
Malawi,MWI,2012,99
Malawi,MWI,2013,89
Malawi,MWI,2014,87
Malawi,MWI,2015,88
Malawi,MWI,2016,83
Malawi,MWI,2017,88
Malawi,MWI,2018,92
Malawi,MWI,2019,95
Malawi,MWI,2020,93
Mali,MLI,2011,56
Mali,MLI,2012,58
Mali,MLI,2013,59
Mali,MLI,2014,57
Mali,MLI,2015,67
Mali,MLI,2016,76
Mali,MLI,2017,74
Mali,MLI,2018,74
Mali,MLI,2019,74
Mali,MLI,2020,66
Marshall Islands,MHL,2009,49
Marshall Islands,MHL,2010,24
Marshall Islands,MHL,2011,35
Marshall Islands,MHL,2012,46
Marshall Islands,MHL,2013,38
Marshall Islands,MHL,2014,29
Marshall Islands,MHL,2015,75
Marshall Islands,MHL,2016,65
Marshall Islands,MHL,2017,72
Marshall Islands,MHL,2018,67
Marshall Islands,MHL,2019,63
Mauritania,MRT,2013,1
Mauritania,MRT,2014,71
Mauritania,MRT,2015,71
Mauritania,MRT,2016,73
Mauritania,MRT,2017,77
Mauritania,MRT,2018,77
Mauritania,MRT,2019,77
Mauritania,MRT,2020,70
Mauritius,MUS,2016,10
Mauritius,MUS,2017,84
Mauritius,MUS,2018,96
Mauritius,MUS,2019,97
Mauritius,MUS,2020,86
Melanesia,OWID_MNS,2008,0
Melanesia,OWID_MNS,2009,0
Melanesia,OWID_MNS,2010,0
Melanesia,OWID_MNS,2011,0
Melanesia,OWID_MNS,2012,0
Melanesia,OWID_MNS,2013,6
Melanesia,OWID_MNS,2014,7
Melanesia,OWID_MNS,2015,27
Melanesia,OWID_MNS,2016,30
Melanesia,OWID_MNS,2017,43
Melanesia,OWID_MNS,2018,42
Melanesia,OWID_MNS,2019,43
Melanesia,OWID_MNS,2020,46
Mexico,MEX,2008,14
Mexico,MEX,2009,46
Mexico,MEX,2010,92
Mexico,MEX,2011,98
Mexico,MEX,2012,99
Mexico,MEX,2013,84
Mexico,MEX,2014,94
Mexico,MEX,2015,93
Mexico,MEX,2016,92
Mexico,MEX,2017,92
Mexico,MEX,2018,88
Mexico,MEX,2019,86
Mexico,MEX,2020,75
Micronesia (country),FSM,2008,0
Micronesia (country),FSM,2009,11
Micronesia (country),FSM,2010,70
Micronesia (country),FSM,2011,63
Micronesia (country),FSM,2012,60
Micronesia (country),FSM,2013,61
Micronesia (country),FSM,2014,64
Micronesia (country),FSM,2015,67
Micronesia (country),FSM,2016,63
Micronesia (country),FSM,2017,65
Micronesia (country),FSM,2018,67
Micronesia (country),FSM,2019,73
Micronesia (country),FSM,2020,79
Middle Africa,,2008,0
Middle Africa,,2009,0
Middle Africa,,2010,0
Middle Africa,,2011,8
Middle Africa,,2012,20
Middle Africa,,2013,32
Middle Africa,,2014,52
Middle Africa,,2015,58
Middle Africa,,2016,53
Middle Africa,,2017,52
Middle Africa,,2018,53
Middle Africa,,2019,52
Middle Africa,,2020,51
Moldova,MDA,2013,1
Moldova,MDA,2014,28
Moldova,MDA,2015,72
Moldova,MDA,2016,77
Moldova,MDA,2017,79
Moldova,MDA,2018,85
Moldova,MDA,2019,80
Moldova,MDA,2020,72
Mongolia,MNG,2017,13
Mongolia,MNG,2018,26
Mongolia,MNG,2019,49
Mongolia,MNG,2020,92
Morocco,MAR,2010,1
Morocco,MAR,2011,23
Morocco,MAR,2012,72
Morocco,MAR,2013,80
Morocco,MAR,2014,90
Morocco,MAR,2015,95
Morocco,MAR,2016,98
Morocco,MAR,2017,99
Morocco,MAR,2018,99
Morocco,MAR,2019,98
Mozambique,MOZ,2013,45
Mozambique,MOZ,2014,73
Mozambique,MOZ,2015,80
Mozambique,MOZ,2016,80
Mozambique,MOZ,2017,80
Mozambique,MOZ,2018,80
Mozambique,MOZ,2019,80
Mozambique,MOZ,2020,65
Myanmar,MMR,2016,14
Myanmar,MMR,2017,89
Myanmar,MMR,2018,91
Myanmar,MMR,2019,90
Myanmar,MMR,2020,86
Namibia,NAM,2015,81
Namibia,NAM,2016,84
Namibia,NAM,2017,67
Namibia,NAM,2018,61
Namibia,NAM,2019,57
Nepal,NPL,2015,5
Nepal,NPL,2016,46
Nepal,NPL,2017,80
Nepal,NPL,2018,82
Nepal,NPL,2019,83
Nepal,NPL,2020,80
Netherlands,NLD,2009,96
Netherlands,NLD,2010,96
Netherlands,NLD,2011,96
Netherlands,NLD,2012,96
Netherlands,NLD,2013,96
Netherlands,NLD,2014,95
Netherlands,NLD,2015,94
Netherlands,NLD,2016,94
Netherlands,NLD,2017,93
Netherlands,NLD,2018,93
Netherlands,NLD,2019,93
Netherlands,NLD,2020,93
New Zealand,NZL,2009,87
New Zealand,NZL,2010,89
New Zealand,NZL,2011,92
New Zealand,NZL,2012,92
New Zealand,NZL,2013,93
New Zealand,NZL,2014,93
New Zealand,NZL,2015,93
New Zealand,NZL,2016,93
New Zealand,NZL,2017,94
New Zealand,NZL,2018,96
New Zealand,NZL,2019,91
New Zealand,NZL,2020,92
Nicaragua,NIC,2011,61
Nicaragua,NIC,2012,98
Nicaragua,NIC,2013,98
Nicaragua,NIC,2014,98
Nicaragua,NIC,2015,98
Nicaragua,NIC,2016,98
Nicaragua,NIC,2017,98
Nicaragua,NIC,2018,98
Nicaragua,NIC,2019,98
Nicaragua,NIC,2020,92
Niger,NER,2014,13
Niger,NER,2015,49
Niger,NER,2016,76
Niger,NER,2017,85
Niger,NER,2018,79
Niger,NER,2019,81
Niger,NER,2020,81
Nigeria,NGA,2015,36
Nigeria,NGA,2016,49
Nigeria,NGA,2017,53
Nigeria,NGA,2018,55
Nigeria,NGA,2019,57
Nigeria,NGA,2020,57
Niue,NIU,2009,99
Niue,NIU,2010,99
Niue,NIU,2011,99
Niue,NIU,2012,99
Niue,NIU,2013,99
Niue,NIU,2014,99
Niue,NIU,2015,99
Niue,NIU,2016,99
Niue,NIU,2017,99
Niue,NIU,2018,99
Niue,NIU,2019,99
North Macedonia,MKD,2020,30
Northern Africa,,2008,0
Northern Africa,,2009,0
Northern Africa,,2010,0
Northern Africa,,2011,3
Northern Africa,,2012,9
Northern Africa,,2013,16
Northern Africa,,2014,32
Northern Africa,,2015,33
Northern Africa,,2016,44
Northern Africa,,2017,49
Northern Africa,,2018,49
Northern Africa,,2019,49
Northern Africa,,2020,51
Northern Africa (exc. Sudan),,2008,0
Northern Africa (exc. Sudan),,2009,0
Northern Africa (exc. Sudan),,2010,0
Northern Africa (exc. Sudan),,2011,4
Northern Africa (exc. Sudan),,2012,11
Northern Africa (exc. Sudan),,2013,12
Northern Africa (exc. Sudan),,2014,15
Northern Africa (exc. Sudan),,2015,16
Northern Africa (exc. Sudan),,2016,31
Northern Africa (exc. Sudan),,2017,37
Northern Africa (exc. Sudan),,2018,37
Northern Africa (exc. Sudan),,2019,36
Northern Africa (exc. Sudan),,2020,40
Northern Africa and Western Asia,,2008,1
Northern Africa and Western Asia,,2009,19
Northern Africa and Western Asia,,2010,19
Northern Africa and Western Asia,,2011,25
Northern Africa and Western Asia,,2012,30
Northern Africa and Western Asia,,2013,35
Northern Africa and Western Asia,,2014,44
Northern Africa and Western Asia,,2015,45
Northern Africa and Western Asia,,2016,52
Northern Africa and Western Asia,,2017,58
Northern Africa and Western Asia,,2018,58
Northern Africa and Western Asia,,2019,59
Northern Africa and Western Asia,,2020,55
Northern America,,2008,89
Northern America,,2009,89
Northern America,,2010,90
Northern America,,2011,92
Northern America,,2012,90
Northern America,,2013,91
Northern America,,2014,92
Northern America,,2015,92
Northern America,,2016,92
Northern America,,2017,91
Northern America,,2018,91
Northern America,,2019,91
Northern America,,2020,82
Northern Europe,,2008,10
Northern Europe,,2009,18
Northern Europe,,2010,82
Northern Europe,,2011,87
Northern Europe,,2012,88
Northern Europe,,2013,90
Northern Europe,,2014,89
Northern Europe,,2015,90
Northern Europe,,2016,91
Northern Europe,,2017,91
Northern Europe,,2018,91
Northern Europe,,2019,90
Northern Europe,,2020,91
Norway,NOR,2008,86
Norway,NOR,2009,91
Norway,NOR,2010,91
Norway,NOR,2011,92
Norway,NOR,2012,93
Norway,NOR,2013,93
Norway,NOR,2014,91
Norway,NOR,2015,93
Norway,NOR,2016,94
Norway,NOR,2017,94
Norway,NOR,2018,94
Norway,NOR,2019,95
Norway,NOR,2020,96
Oceania,,2008,43
Oceania,,2009,52
Oceania,,2010,53
Oceania,,2011,53
Oceania,,2012,53
Oceania,,2013,56
Oceania,,2014,56
Oceania,,2015,65
Oceania,,2016,67
Oceania,,2017,72
Oceania,,2018,72
Oceania,,2019,72
Oceania,,2020,74
Oceania (exc. Australia and New Zealand),,2008,0
Oceania (exc. Australia and New Zealand),,2009,0
Oceania (exc. Australia and New Zealand),,2010,1
Oceania (exc. Australia and New Zealand),,2011,1
Oceania (exc. Australia and New Zealand),,2012,1
Oceania (exc. Australia and New Zealand),,2013,7
Oceania (exc. Australia and New Zealand),,2014,8
Oceania (exc. Australia and New Zealand),,2015,27
Oceania (exc. Australia and New Zealand),,2016,30
Oceania (exc. Australia and New Zealand),,2017,42
Oceania (exc. Australia and New Zealand),,2018,42
Oceania (exc. Australia and New Zealand),,2019,43
Oceania (exc. Australia and New Zealand),,2020,45
Oman,OMN,2009,96
Oman,OMN,2010,99
Oman,OMN,2011,99
Oman,OMN,2012,99
Oman,OMN,2013,99
Oman,OMN,2014,98
Oman,OMN,2015,98
Oman,OMN,2016,99
Oman,OMN,2017,99
Oman,OMN,2018,99
Oman,OMN,2019,99
Oman,OMN,2020,99
Pakistan,PAK,2013,65
Pakistan,PAK,2014,68
Pakistan,PAK,2015,80
Pakistan,PAK,2016,78
Pakistan,PAK,2017,81
Pakistan,PAK,2018,81
Pakistan,PAK,2019,81
Pakistan,PAK,2020,80
Palau,PLW,2008,7
Palau,PLW,2009,18
Palau,PLW,2010,45
Palau,PLW,2011,61
Palau,PLW,2012,82
Palau,PLW,2013,93
Palau,PLW,2014,93
Palau,PLW,2015,95
Palau,PLW,2016,98
Palau,PLW,2017,89
Palau,PLW,2018,82
Palau,PLW,2019,74
Palau,PLW,2020,75
Palestine,PSE,2012,25
Palestine,PSE,2013,97
Palestine,PSE,2014,99
Palestine,PSE,2015,99
Palestine,PSE,2016,99
Palestine,PSE,2017,99
Palestine,PSE,2018,96
Palestine,PSE,2019,99
Palestine,PSE,2020,99
Panama,PAN,2010,48
Panama,PAN,2011,63
Panama,PAN,2012,76
Panama,PAN,2013,88
Panama,PAN,2014,91
Panama,PAN,2015,92
Panama,PAN,2016,94
Panama,PAN,2017,97
Panama,PAN,2018,97
Panama,PAN,2019,96
Panama,PAN,2020,74
Papua New Guinea,PNG,2015,20
Papua New Guinea,PNG,2016,20
Papua New Guinea,PNG,2017,36
Papua New Guinea,PNG,2018,35
Papua New Guinea,PNG,2019,35
Papua New Guinea,PNG,2020,39
Paraguay,PRY,2012,82
Paraguay,PRY,2013,90
Paraguay,PRY,2014,86
Paraguay,PRY,2015,90
Paraguay,PRY,2016,99
Paraguay,PRY,2017,93
Paraguay,PRY,2018,94
Paraguay,PRY,2019,89
Paraguay,PRY,2020,82
Peru,PER,2009,9
Peru,PER,2010,83
Peru,PER,2011,82
Peru,PER,2012,89
Peru,PER,2013,85
Peru,PER,2014,86
Peru,PER,2015,90
Peru,PER,2016,86
Peru,PER,2017,80
Peru,PER,2018,82
Peru,PER,2019,80
Peru,PER,2020,74
Philippines,PHL,2014,35
Philippines,PHL,2015,17
Philippines,PHL,2016,36
Philippines,PHL,2017,36
Philippines,PHL,2018,43
Philippines,PHL,2019,51
Philippines,PHL,2020,66
Poland,POL,2018,60
Poland,POL,2019,60
Poland,POL,2020,62
Polynesia,OWID_PYA,2008,0
Polynesia,OWID_PYA,2009,0
Polynesia,OWID_PYA,2010,0
Polynesia,OWID_PYA,2011,0
Polynesia,OWID_PYA,2012,0
Polynesia,OWID_PYA,2013,0
Polynesia,OWID_PYA,2014,0
Polynesia,OWID_PYA,2015,0
Polynesia,OWID_PYA,2016,0
Polynesia,OWID_PYA,2017,0
Polynesia,OWID_PYA,2018,0
Polynesia,OWID_PYA,2019,0
Polynesia,OWID_PYA,2020,0
Portugal,PRT,2016,73
Portugal,PRT,2017,96
Portugal,PRT,2018,98
Portugal,PRT,2019,98
Portugal,PRT,2020,98
Qatar,QAT,2009,99
Qatar,QAT,2010,97
Qatar,QAT,2011,98
Qatar,QAT,2012,92
Qatar,QAT,2013,99
Qatar,QAT,2014,94
Qatar,QAT,2015,95
Qatar,QAT,2016,97
Qatar,QAT,2017,98
Qatar,QAT,2018,98
Qatar,QAT,2019,98
Qatar,QAT,2020,70
Romania,ROU,2019,88
Romania,ROU,2020,85
Russia,RUS,2016,35
Russia,RUS,2017,70
Russia,RUS,2018,82
Russia,RUS,2019,85
Russia,RUS,2020,87
Rwanda,RWA,2010,97
Rwanda,RWA,2011,97
Rwanda,RWA,2012,98
Rwanda,RWA,2013,98
Rwanda,RWA,2014,98
Rwanda,RWA,2015,98
Rwanda,RWA,2016,98
Rwanda,RWA,2017,98
Rwanda,RWA,2018,97
Rwanda,RWA,2019,98
Rwanda,RWA,2020,91
San Marino,SMR,2016,53
San Marino,SMR,2017,56
San Marino,SMR,2018,58
San Marino,SMR,2019,76
San Marino,SMR,2020,82
Sao Tome and Principe,STP,2013,97
Sao Tome and Principe,STP,2014,95
Sao Tome and Principe,STP,2015,96
Sao Tome and Principe,STP,2016,96
Sao Tome and Principe,STP,2017,95
Sao Tome and Principe,STP,2018,95
Sao Tome and Principe,STP,2019,95
Saudi Arabia,SAU,2009,98
Saudi Arabia,SAU,2010,98
Saudi Arabia,SAU,2011,98
Saudi Arabia,SAU,2012,98
Saudi Arabia,SAU,2013,98
Saudi Arabia,SAU,2014,98
Saudi Arabia,SAU,2015,98
Saudi Arabia,SAU,2016,98
Saudi Arabia,SAU,2017,98
Saudi Arabia,SAU,2018,98
Saudi Arabia,SAU,2019,96
Saudi Arabia,SAU,2020,95
Senegal,SEN,2014,81
Senegal,SEN,2015,89
Senegal,SEN,2016,93
Senegal,SEN,2017,92
Senegal,SEN,2018,92
Senegal,SEN,2019,96
Senegal,SEN,2020,92
Serbia,SRB,2018,67
Serbia,SRB,2019,92
Serbia,SRB,2020,87
Seychelles,SYC,2018,16
Seychelles,SYC,2019,92
Seychelles,SYC,2020,94
Sierra Leone,SLE,2011,75
Sierra Leone,SLE,2012,92
Sierra Leone,SLE,2013,92
Sierra Leone,SLE,2014,83
Sierra Leone,SLE,2015,86
Sierra Leone,SLE,2016,84
Sierra Leone,SLE,2017,90
Sierra Leone,SLE,2018,92
Sierra Leone,SLE,2019,94
Sierra Leone,SLE,2020,91
Singapore,SGP,2009,17
Singapore,SGP,2010,22
Singapore,SGP,2011,40
Singapore,SGP,2012,52
Singapore,SGP,2013,60
Singapore,SGP,2014,68
Singapore,SGP,2015,75
Singapore,SGP,2016,78
Singapore,SGP,2017,83
Singapore,SGP,2018,82
Singapore,SGP,2019,82
Slovakia,SVK,2009,99
Slovakia,SVK,2010,99
Slovakia,SVK,2011,99
Slovakia,SVK,2012,99
Slovakia,SVK,2013,98
Slovakia,SVK,2014,96
Slovakia,SVK,2015,96
Slovakia,SVK,2016,96
Slovakia,SVK,2017,96
Slovakia,SVK,2018,96
Slovakia,SVK,2019,96
Slovakia,SVK,2020,96
Slovenia,SVN,2015,49
Slovenia,SVN,2016,49
Slovenia,SVN,2017,55
Slovenia,SVN,2018,60
Slovenia,SVN,2019,65
Slovenia,SVN,2020,70
Small Island Developing States (SIDS),,2008,0
Small Island Developing States (SIDS),,2009,1
Small Island Developing States (SIDS),,2010,1
Small Island Developing States (SIDS),,2011,3
Small Island Developing States (SIDS),,2012,5
Small Island Developing States (SIDS),,2013,8
Small Island Developing States (SIDS),,2014,13
Small Island Developing States (SIDS),,2015,18
Small Island Developing States (SIDS),,2016,24
Small Island Developing States (SIDS),,2017,33
Small Island Developing States (SIDS),,2018,37
Small Island Developing States (SIDS),,2019,44
Small Island Developing States (SIDS),,2020,46
Solomon Islands,SLB,2015,42
Solomon Islands,SLB,2016,87
Solomon Islands,SLB,2017,81
Solomon Islands,SLB,2018,84
Solomon Islands,SLB,2019,94
Solomon Islands,SLB,2020,93
South Africa,ZAF,2009,10
South Africa,ZAF,2010,58
South Africa,ZAF,2011,62
South Africa,ZAF,2012,75
South Africa,ZAF,2013,77
South Africa,ZAF,2014,85
South Africa,ZAF,2015,85
South Africa,ZAF,2016,82
South Africa,ZAF,2017,78
South Africa,ZAF,2018,83
South Africa,ZAF,2019,86
South Africa,ZAF,2020,83
South America,,2008,0
South America,,2009,1
South America,,2010,22
South America,,2011,55
South America,,2012,71
South America,,2013,79
South America,,2014,82
South America,,2015,85
South America,,2016,79
South America,,2017,77
South America,,2018,79
South America,,2019,78
South America,,2020,73
South Korea,KOR,2015,97
South Korea,KOR,2016,98
South Korea,KOR,2017,97
South Korea,KOR,2018,97
South Korea,KOR,2019,98
South-eastern Asia,,2008,0
South-eastern Asia,,2009,0
South-eastern Asia,,2010,0
South-eastern Asia,,2011,0
South-eastern Asia,,2012,0
South-eastern Asia,,2013,0
South-eastern Asia,,2014,8
South-eastern Asia,,2015,7
South-eastern Asia,,2016,12
South-eastern Asia,,2017,18
South-eastern Asia,,2018,20
South-eastern Asia,,2019,23
South-eastern Asia,,2020,26
Southern Africa,,2008,0
Southern Africa,,2009,9
Southern Africa,,2010,49
Southern Africa,,2011,53
Southern Africa,,2012,66
Southern Africa,,2013,68
Southern Africa,,2014,78
Southern Africa,,2015,83
Southern Africa,,2016,83
Southern Africa,,2017,78
Southern Africa,,2018,82
Southern Africa,,2019,85
Southern Africa,,2020,82
Southern Asia,,2008,0
Southern Asia,,2009,0
Southern Asia,,2010,0
Southern Asia,,2011,0
Southern Asia,,2012,0
Southern Asia,,2013,10
Southern Asia,,2014,12
Southern Asia,,2015,18
Southern Asia,,2016,23
Southern Asia,,2017,24
Southern Asia,,2018,28
Southern Asia,,2019,34
Southern Asia,,2020,38
Southern Europe,,2008,22
Southern Europe,,2009,24
Southern Europe,,2010,26
Southern Europe,,2011,31
Southern Europe,,2012,35
Southern Europe,,2013,37
Southern Europe,,2014,41
Southern Europe,,2015,43
Southern Europe,,2016,47
Southern Europe,,2017,77
Southern Europe,,2018,84
Southern Europe,,2019,86
Southern Europe,,2020,84
Spain,ESP,2017,88
Spain,ESP,2018,95
Spain,ESP,2019,95
Spain,ESP,2020,88
Sub-Saharan Africa,,2008,0
Sub-Saharan Africa,,2009,0
Sub-Saharan Africa,,2010,4
Sub-Saharan Africa,,2011,12
Sub-Saharan Africa,,2012,21
Sub-Saharan Africa,,2013,34
Sub-Saharan Africa,,2014,49
Sub-Saharan Africa,,2015,60
Sub-Saharan Africa,,2016,65
Sub-Saharan Africa,,2017,67
Sub-Saharan Africa,,2018,68
Sub-Saharan Africa,,2019,68
Sub-Saharan Africa,,2020,67
Sub-Saharan Africa (inc. Sudan),,2008,0
Sub-Saharan Africa (inc. Sudan),,2009,0
Sub-Saharan Africa (inc. Sudan),,2010,3
Sub-Saharan Africa (inc. Sudan),,2011,12
Sub-Saharan Africa (inc. Sudan),,2012,20
Sub-Saharan Africa (inc. Sudan),,2013,34
Sub-Saharan Africa (inc. Sudan),,2014,50
Sub-Saharan Africa (inc. Sudan),,2015,62
Sub-Saharan Africa (inc. Sudan),,2016,66
Sub-Saharan Africa (inc. Sudan),,2017,68
Sub-Saharan Africa (inc. Sudan),,2018,69
Sub-Saharan Africa (inc. Sudan),,2019,69
Sub-Saharan Africa (inc. Sudan),,2020,67
Sudan,SDN,2013,30
Sudan,SDN,2014,97
Sudan,SDN,2015,93
Sudan,SDN,2016,93
Sudan,SDN,2017,95
Sudan,SDN,2018,93
Sudan,SDN,2019,93
Sudan,SDN,2020,90
Sweden,SWE,2008,60
Sweden,SWE,2009,98
Sweden,SWE,2010,98
Sweden,SWE,2011,98
Sweden,SWE,2012,97
Sweden,SWE,2013,97
Sweden,SWE,2014,96
Sweden,SWE,2015,97
Sweden,SWE,2016,97
Sweden,SWE,2017,97
Sweden,SWE,2018,97
Sweden,SWE,2019,97
Sweden,SWE,2020,97
Switzerland,CHE,2008,13
Switzerland,CHE,2009,25
Switzerland,CHE,2010,37
Switzerland,CHE,2011,50
Switzerland,CHE,2012,62
Switzerland,CHE,2013,75
Switzerland,CHE,2014,80
Switzerland,CHE,2015,80
Switzerland,CHE,2016,80
Switzerland,CHE,2017,84
Switzerland,CHE,2018,84
Switzerland,CHE,2019,84
Switzerland,CHE,2020,86
Tanzania,TZA,2013,80
Tanzania,TZA,2014,93
Tanzania,TZA,2015,92
Tanzania,TZA,2016,89
Tanzania,TZA,2017,86
Tanzania,TZA,2018,84
Tanzania,TZA,2019,83
Tanzania,TZA,2020,80
Togo,TGO,2014,25
Togo,TGO,2015,77
Togo,TGO,2016,82
Togo,TGO,2017,83
Togo,TGO,2018,81
Togo,TGO,2019,83
Togo,TGO,2020,82
Trinidad and Tobago,TTO,2012,39
Trinidad and Tobago,TTO,2013,80
Trinidad and Tobago,TTO,2014,95
Trinidad and Tobago,TTO,2015,93
Trinidad and Tobago,TTO,2016,91
Trinidad and Tobago,TTO,2017,93
Trinidad and Tobago,TTO,2018,99
Trinidad and Tobago,TTO,2019,93
Tunisia,TUN,2020,82
Turkey,TUR,2009,97
Turkey,TUR,2010,93
Turkey,TUR,2011,96
Turkey,TUR,2012,97
Turkey,TUR,2013,97
Turkey,TUR,2014,96
Turkey,TUR,2015,97
Turkey,TUR,2016,98
Turkey,TUR,2017,96
Turkey,TUR,2018,97
Turkey,TUR,2019,97
Turkey,TUR,2020,95
Turkmenistan,TKM,2020,23
Uganda,UGA,2014,60
Uganda,UGA,2015,64
Uganda,UGA,2016,77
Uganda,UGA,2017,90
Uganda,UGA,2018,92
Uganda,UGA,2019,92
Uganda,UGA,2020,89
United Arab Emirates,ARE,2010,94
United Arab Emirates,ARE,2011,95
United Arab Emirates,ARE,2012,96
United Arab Emirates,ARE,2013,98
United Arab Emirates,ARE,2014,99
United Arab Emirates,ARE,2015,99
United Arab Emirates,ARE,2016,99
United Arab Emirates,ARE,2017,96
United Arab Emirates,ARE,2018,99
United Arab Emirates,ARE,2019,99
United Arab Emirates,ARE,2020,84
United Kingdom,GBR,2010,89
United Kingdom,GBR,2011,90
United Kingdom,GBR,2012,92
United Kingdom,GBR,2013,93
United Kingdom,GBR,2014,93
United Kingdom,GBR,2015,93
United Kingdom,GBR,2016,92
United Kingdom,GBR,2017,92
United Kingdom,GBR,2018,92
United Kingdom,GBR,2019,91
United Kingdom,GBR,2020,91
United States,USA,2008,93
United States,USA,2009,93
United States,USA,2010,93
United States,USA,2011,94
United States,USA,2012,92
United States,USA,2013,92
United States,USA,2014,93
United States,USA,2015,93
United States,USA,2016,93
United States,USA,2017,92
United States,USA,2018,92
United States,USA,2019,92
United States,USA,2020,82
Uruguay,URY,2010,91
Uruguay,URY,2011,92
Uruguay,URY,2012,93
Uruguay,URY,2013,93
Uruguay,URY,2014,95
Uruguay,URY,2015,94
Uruguay,URY,2016,94
Uruguay,URY,2017,94
Uruguay,URY,2018,93
Uruguay,URY,2019,95
Uruguay,URY,2020,94
Uzbekistan,UZB,2017,99
Uzbekistan,UZB,2018,96
Uzbekistan,UZB,2019,99
Uzbekistan,UZB,2020,93
Venezuela,VEN,2015,24
Venezuela,VEN,2016,7
Venezuela,VEN,2017,0
Venezuela,VEN,2018,0
Venezuela,VEN,2019,0
Venezuela,VEN,2020,0
Western Africa,,2008,0
Western Africa,,2009,0
Western Africa,,2010,1
Western Africa,,2011,6
Western Africa,,2012,10
Western Africa,,2013,13
Western Africa,,2014,24
Western Africa,,2015,51
Western Africa,,2016,62
Western Africa,,2017,66
Western Africa,,2018,66
Western Africa,,2019,68
Western Africa,,2020,66
Western Asia,,2008,1
Western Asia,,2009,38
Western Asia,,2010,38
Western Asia,,2011,48
Western Asia,,2012,52
Western Asia,,2013,55
Western Asia,,2014,57
Western Asia,,2015,59
Western Asia,,2016,60
Western Asia,,2017,68
Western Asia,,2018,67
Western Asia,,2019,69
Western Asia,,2020,60
"Western Asia (exc. Armenia, Azerbaijan, Cyprus, Israel and Georgia)",,2008,1
"Western Asia (exc. Armenia, Azerbaijan, Cyprus, Israel and Georgia)",,2009,41
"Western Asia (exc. Armenia, Azerbaijan, Cyprus, Israel and Georgia)",,2010,42
"Western Asia (exc. Armenia, Azerbaijan, Cyprus, Israel and Georgia)",,2011,49
"Western Asia (exc. Armenia, Azerbaijan, Cyprus, Israel and Georgia)",,2012,54
"Western Asia (exc. Armenia, Azerbaijan, Cyprus, Israel and Georgia)",,2013,57
"Western Asia (exc. Armenia, Azerbaijan, Cyprus, Israel and Georgia)",,2014,57
"Western Asia (exc. Armenia, Azerbaijan, Cyprus, Israel and Georgia)",,2015,57
"Western Asia (exc. Armenia, Azerbaijan, Cyprus, Israel and Georgia)",,2016,58
"Western Asia (exc. Armenia, Azerbaijan, Cyprus, Israel and Georgia)",,2017,66
"Western Asia (exc. Armenia, Azerbaijan, Cyprus, Israel and Georgia)",,2018,65
"Western Asia (exc. Armenia, Azerbaijan, Cyprus, Israel and Georgia)",,2019,67
"Western Asia (exc. Armenia, Azerbaijan, Cyprus, Israel and Georgia)",,2020,57
Western Europe,,2008,24
Western Europe,,2009,39
Western Europe,,2010,77
Western Europe,,2011,78
Western Europe,,2012,83
Western Europe,,2013,84
Western Europe,,2014,83
Western Europe,,2015,84
Western Europe,,2016,84
Western Europe,,2017,84
Western Europe,,2018,84
Western Europe,,2019,84
Western Europe,,2020,84
World,OWID_WRL,2008,4
World,OWID_WRL,2009,7
World,OWID_WRL,2010,11
World,OWID_WRL,2011,16
World,OWID_WRL,2012,20
World,OWID_WRL,2013,26
World,OWID_WRL,2014,32
World,OWID_WRL,2015,37
World,OWID_WRL,2016,41
World,OWID_WRL,2017,45
World,OWID_WRL,2018,46
World,OWID_WRL,2019,49
World,OWID_WRL,2020,49
Yemen,YEM,2011,41
Yemen,YEM,2012,67
Yemen,YEM,2013,73
Yemen,YEM,2014,73
Yemen,YEM,2015,69
Yemen,YEM,2016,71
Yemen,YEM,2017,68
Yemen,YEM,2018,64
Yemen,YEM,2019,72
Yemen,YEM,2020,72
Zambia,ZMB,2014,77
Zambia,ZMB,2015,81
Zambia,ZMB,2016,94
Zambia,ZMB,2017,94
Zambia,ZMB,2018,90
Zambia,ZMB,2019,89
Zambia,ZMB,2020,85
Zimbabwe,ZWE,2012,21
Zimbabwe,ZWE,2013,95
Zimbabwe,ZWE,2014,91
Zimbabwe,ZWE,2015,87
Zimbabwe,ZWE,2016,90
Zimbabwe,ZWE,2017,89
Zimbabwe,ZWE,2018,89
Zimbabwe,ZWE,2019,90
Zimbabwe,ZWE,2020,86