Entity,Code,Year,"3.b.1 - Proportion of the target population with access to affordable medicines and vaccines on a sustainable basis, human papillomavirus (HPV) (%) - SH_ACS_HPV"
Africa,,2011,0
Africa,,2012,0
Africa,,2013,1
Africa,,2014,3
Africa,,2015,3
Africa,,2016,4
Africa,,2017,5
Africa,,2018,6
Africa,,2019,16
Africa,,2020,15
Americas,,2010,7
Americas,,2011,7
Americas,,2012,24
Americas,,2013,29
Americas,,2014,42
Americas,,2015,44
Americas,,2016,51
Americas,,2017,60
Americas,,2018,55
Americas,,2019,56
Americas,,2020,40
Andorra,AND,2018,49
Andorra,AND,2019,64
Andorra,AND,2020,77
Argentina,ARG,2012,37
Argentina,ARG,2013,57
Argentina,ARG,2014,54
Argentina,ARG,2015,49
Argentina,ARG,2016,56
Argentina,ARG,2017,49
Argentina,ARG,2018,58
Argentina,ARG,2019,59
Argentina,ARG,2020,46
Armenia,ARM,2018,2
Armenia,ARM,2019,7
Armenia,ARM,2020,8
Asia,,2010,0
Asia,,2011,1
Asia,,2012,1
Asia,,2013,1
Asia,,2014,1
Asia,,2015,1
Asia,,2016,1
Asia,,2017,2
Asia,,2018,2
Asia,,2019,2
Asia,,2020,3
Australia,AUS,2010,67
Australia,AUS,2011,63
Australia,AUS,2012,65
Australia,AUS,2013,65
Australia,AUS,2014,66
Australia,AUS,2015,67
Australia,AUS,2016,71
Australia,AUS,2017,72
Australia,AUS,2018,74
Australia,AUS,2019,79
Australia,AUS,2020,66
Australia and New Zealand,,2010,63
Australia and New Zealand,,2011,60
Australia and New Zealand,,2012,63
Australia and New Zealand,,2013,64
Australia and New Zealand,,2014,65
Australia and New Zealand,,2015,66
Australia and New Zealand,,2016,69
Australia and New Zealand,,2017,69
Australia and New Zealand,,2018,71
Australia and New Zealand,,2019,77
Australia and New Zealand,,2020,66
Bahamas,BHS,2015,2
Bahamas,BHS,2016,19
Bahamas,BHS,2017,17
Bahamas,BHS,2018,10
Bahamas,BHS,2019,9
Bahamas,BHS,2020,4
Barbados,BRB,2014,8
Barbados,BRB,2015,30
Barbados,BRB,2016,15
Barbados,BRB,2017,14
Barbados,BRB,2018,26
Barbados,BRB,2019,29
Barbados,BRB,2020,7
Belgium,BEL,2012,61
Belgium,BEL,2013,63
Belgium,BEL,2014,64
Belgium,BEL,2015,66
Belgium,BEL,2016,67
Belgium,BEL,2017,67
Belgium,BEL,2018,67
Belgium,BEL,2019,67
Belize,BLZ,2017,51
Belize,BLZ,2018,54
Belize,BLZ,2019,63
Belize,BLZ,2020,11
Bhutan,BTN,2010,88
Bhutan,BTN,2011,69
Bhutan,BTN,2012,73
Bhutan,BTN,2013,68
Bhutan,BTN,2014,94
Bhutan,BTN,2015,96
Bhutan,BTN,2016,98
Bhutan,BTN,2018,96
Bhutan,BTN,2019,73
Bhutan,BTN,2020,81
Bolivia,BOL,2017,66
Bolivia,BOL,2018,62
Bolivia,BOL,2019,70
Bolivia,BOL,2020,24
Botswana,BWA,2015,67
Botswana,BWA,2016,78
Botswana,BWA,2019,47
Brazil,BRA,2014,59
Brazil,BRA,2015,50
Brazil,BRA,2016,72
Brazil,BRA,2017,97
Brazil,BRA,2018,72
Brazil,BRA,2019,62
Brazil,BRA,2020,72
Brunei,BRN,2012,98
Brunei,BRN,2013,85
Brunei,BRN,2014,81
Brunei,BRN,2015,77
Brunei,BRN,2016,87
Brunei,BRN,2017,88
Brunei,BRN,2018,89
Brunei,BRN,2019,90
Brunei,BRN,2020,86
Bulgaria,BGR,2013,22
Bulgaria,BGR,2014,14
Bulgaria,BGR,2015,4
Bulgaria,BGR,2016,3
Bulgaria,BGR,2017,3
Bulgaria,BGR,2018,5
Bulgaria,BGR,2019,4
Bulgaria,BGR,2020,2
Canada,CAN,2013,73
Canada,CAN,2014,74
Canada,CAN,2015,75
Canada,CAN,2016,79
Canada,CAN,2017,83
Canada,CAN,2018,83
Canada,CAN,2019,83
Canada,CAN,2020,87
Caribbean,,2013,0
Caribbean,,2014,0
Caribbean,,2015,0
Caribbean,,2016,0
Caribbean,,2017,11
Caribbean,,2018,11
Caribbean,,2019,4
Caribbean,,2020,3
Caucasus and Central Asia,,2017,7
Caucasus and Central Asia,,2018,7
Caucasus and Central Asia,,2019,8
Caucasus and Central Asia,,2020,44
Central America,,2010,1
Central America,,2011,2
Central America,,2012,59
Central America,,2013,66
Central America,,2014,70
Central America,,2015,67
Central America,,2016,74
Central America,,2017,73
Central America,,2018,75
Central America,,2019,75
Central America,,2020,12
Central Asia,,2017,8
Central Asia,,2018,8
Central Asia,,2019,8
Central Asia,,2020,51
Central and Southern Asia,,2010,0
Central and Southern Asia,,2011,0
Central and Southern Asia,,2012,0
Central and Southern Asia,,2013,0
Central and Southern Asia,,2014,0
Central and Southern Asia,,2015,0
Central and Southern Asia,,2016,0
Central and Southern Asia,,2017,0
Central and Southern Asia,,2018,1
Central and Southern Asia,,2019,1
Central and Southern Asia,,2020,3
Chile,CHL,2015,73
Chile,CHL,2016,75
Chile,CHL,2017,68
Chile,CHL,2018,75
Chile,CHL,2019,82
Chile,CHL,2020,74
Colombia,COL,2012,85
Colombia,COL,2013,51
Colombia,COL,2014,29
Colombia,COL,2015,24
Colombia,COL,2016,8
Colombia,COL,2017,15
Colombia,COL,2018,30
Colombia,COL,2019,38
Colombia,COL,2020,34
Cook Islands,COK,2011,74
Cook Islands,COK,2013,48
Cook Islands,COK,2014,99
Cook Islands,COK,2015,83
Cook Islands,COK,2016,41
Cook Islands,COK,2017,69
Cook Islands,COK,2018,70
Cook Islands,COK,2019,73
Costa Rica,CRI,2019,39
Costa Rica,CRI,2020,77
Cote d'Ivoire,CIV,2020,13
Cyprus,CYP,2017,57
Cyprus,CYP,2018,64
Cyprus,CYP,2019,64
Denmark,DNK,2011,68
Denmark,DNK,2012,72
Denmark,DNK,2013,75
Denmark,DNK,2014,66
Denmark,DNK,2015,55
Denmark,DNK,2016,16
Denmark,DNK,2017,36
Denmark,DNK,2018,54
Denmark,DNK,2019,62
Denmark,DNK,2020,70
"Developed regions (Europe, Cyprus, Israel, Northern America, Japan, Australia & New Zealand)",,2010,21
"Developed regions (Europe, Cyprus, Israel, Northern America, Japan, Australia & New Zealand)",,2011,23
"Developed regions (Europe, Cyprus, Israel, Northern America, Japan, Australia & New Zealand)",,2012,23
"Developed regions (Europe, Cyprus, Israel, Northern America, Japan, Australia & New Zealand)",,2013,28
"Developed regions (Europe, Cyprus, Israel, Northern America, Japan, Australia & New Zealand)",,2014,27
"Developed regions (Europe, Cyprus, Israel, Northern America, Japan, Australia & New Zealand)",,2015,30
"Developed regions (Europe, Cyprus, Israel, Northern America, Japan, Australia & New Zealand)",,2016,32
"Developed regions (Europe, Cyprus, Israel, Northern America, Japan, Australia & New Zealand)",,2017,35
"Developed regions (Europe, Cyprus, Israel, Northern America, Japan, Australia & New Zealand)",,2018,33
"Developed regions (Europe, Cyprus, Israel, Northern America, Japan, Australia & New Zealand)",,2019,38
"Developed regions (Europe, Cyprus, Israel, Northern America, Japan, Australia & New Zealand)",,2020,35
Developing regions,,2010,0
Developing regions,,2011,1
Developing regions,,2012,3
Developing regions,,2013,3
Developing regions,,2014,6
Developing regions,,2015,6
Developing regions,,2016,7
Developing regions,,2017,9
Developing regions,,2018,9
Developing regions,,2019,11
Developing regions,,2020,9
Dominica,DMA,2020,69
Dominican Republic,DOM,2017,34
Dominican Republic,DOM,2018,31
Dominican Republic,DOM,2019,7
Dominican Republic,DOM,2020,7
Eastern Africa,,2011,1
Eastern Africa,,2012,1
Eastern Africa,,2013,2
Eastern Africa,,2014,2
Eastern Africa,,2015,2
Eastern Africa,,2016,6
Eastern Africa,,2017,9
Eastern Africa,,2018,13
Eastern Africa,,2019,40
Eastern Africa,,2020,40
Eastern Asia,,2013,1
Eastern Asia,,2014,0
Eastern Asia,,2015,0
Eastern Asia,,2016,0
Eastern Asia,,2017,1
Eastern Asia,,2018,2
Eastern Asia,,2019,1
Eastern Asia,,2020,0
Eastern Asia (excluding Japan),,2017,1
Eastern Asia (excluding Japan),,2018,2
Eastern Asia (excluding Japan),,2019,1
Eastern Europe,,2013,0
Eastern Europe,,2014,0
Eastern Europe,,2015,2
Eastern Europe,,2016,2
Eastern Europe,,2017,2
Eastern Europe,,2018,3
Eastern Europe,,2019,3
Eastern Europe,,2020,1
Eastern and South-Eastern Asia,,2011,1
Eastern and South-Eastern Asia,,2012,1
Eastern and South-Eastern Asia,,2013,2
Eastern and South-Eastern Asia,,2014,2
Eastern and South-Eastern Asia,,2015,3
Eastern and South-Eastern Asia,,2016,3
Eastern and South-Eastern Asia,,2017,5
Eastern and South-Eastern Asia,,2018,4
Eastern and South-Eastern Asia,,2019,3
Eastern and South-Eastern Asia,,2020,3
Ecuador,ECU,2014,81
Ecuador,ECU,2015,99
Ecuador,ECU,2016,95
Ecuador,ECU,2017,86
Ecuador,ECU,2018,72
Ecuador,ECU,2019,54
Ecuador,ECU,2020,36
Estonia,EST,2018,45
Estonia,EST,2019,54
Estonia,EST,2020,55
Ethiopia,ETH,2019,84
Ethiopia,ETH,2020,76
Europe,,2010,23
Europe,,2011,26
Europe,,2012,28
Europe,,2013,28
Europe,,2014,27
Europe,,2015,30
Europe,,2016,30
Europe,,2017,30
Europe,,2018,30
Europe,,2019,33
Europe,,2020,27
Europe and Northern America,,2010,22
Europe and Northern America,,2011,24
Europe and Northern America,,2012,24
Europe and Northern America,,2013,29
Europe and Northern America,,2014,28
Europe and Northern America,,2015,31
Europe and Northern America,,2016,33
Europe and Northern America,,2017,36
Europe and Northern America,,2018,35
Europe and Northern America,,2019,40
Europe and Northern America,,2020,36
Fiji,FJI,2013,59
Fiji,FJI,2014,89
Fiji,FJI,2015,67
Fiji,FJI,2016,53
Fiji,FJI,2017,56
Fiji,FJI,2018,48
Fiji,FJI,2019,56
Fiji,FJI,2020,89
Finland,FIN,2018,62
Finland,FIN,2019,60
France,FRA,2010,25
France,FRA,2011,22
France,FRA,2012,17
France,FRA,2013,16
France,FRA,2014,13
France,FRA,2015,20
France,FRA,2016,21
France,FRA,2017,24
France,FRA,2018,24
France,FRA,2019,33
France,FRA,2020,33
Georgia,GEO,2019,11
Georgia,GEO,2020,22
Germany,DEU,2010,27
Germany,DEU,2011,27
Germany,DEU,2012,27
Germany,DEU,2013,29
Germany,DEU,2014,31
Germany,DEU,2015,33
Germany,DEU,2016,37
Germany,DEU,2017,40
Germany,DEU,2018,43
Germany,DEU,2019,43
Germany,DEU,2020,43
Grenada,GRD,2019,41
Grenada,GRD,2020,32
Guatemala,GTM,2018,31
Guatemala,GTM,2019,24
Guatemala,GTM,2020,20
Guyana,GUY,2012,2
Guyana,GUY,2013,9
Guyana,GUY,2014,4
Guyana,GUY,2015,3
Guyana,GUY,2016,8
Guyana,GUY,2017,13
Guyana,GUY,2018,20
Guyana,GUY,2019,20
Guyana,GUY,2020,25
Honduras,HND,2016,53
Honduras,HND,2017,62
Honduras,HND,2018,53
Honduras,HND,2019,59
Honduras,HND,2020,47
Hungary,HUN,2015,75
Hungary,HUN,2016,72
Hungary,HUN,2017,72
Hungary,HUN,2018,71
Hungary,HUN,2019,78
Iceland,ISL,2012,92
Iceland,ISL,2013,90
Iceland,ISL,2014,89
Iceland,ISL,2015,88
Iceland,ISL,2016,91
Iceland,ISL,2017,89
Iceland,ISL,2018,85
Iceland,ISL,2019,93
Iceland,ISL,2020,91
Indonesia,IDN,2017,3
Indonesia,IDN,2018,5
Indonesia,IDN,2019,6
Indonesia,IDN,2020,7
Ireland,IRL,2011,82
Ireland,IRL,2012,89
Ireland,IRL,2013,89
Ireland,IRL,2014,87
Ireland,IRL,2015,90
Ireland,IRL,2016,75
Ireland,IRL,2017,53
Ireland,IRL,2018,62
Ireland,IRL,2019,69
Ireland,IRL,2020,77
Israel,ISR,2014,51
Israel,ISR,2015,52
Israel,ISR,2016,57
Israel,ISR,2017,50
Israel,ISR,2018,52
Israel,ISR,2019,54
Israel,ISR,2020,55
Italy,ITA,2010,45
Italy,ITA,2011,53
Italy,ITA,2012,56
Italy,ITA,2013,56
Italy,ITA,2014,50
Italy,ITA,2015,56
Italy,ITA,2016,53
Italy,ITA,2017,49
Italy,ITA,2018,40
Italy,ITA,2019,52
Italy,ITA,2020,27
Jamaica,JAM,2018,8
Jamaica,JAM,2019,9
Jamaica,JAM,2020,3
Japan,JPN,2013,15
Japan,JPN,2014,1
Japan,JPN,2015,1
Japan,JPN,2016,0
Japan,JPN,2017,0
Japan,JPN,2018,0
Japan,JPN,2019,0
Japan,JPN,2020,1
Kenya,KEN,2020,16
Landlocked developing countries (LLDCs),,2010,0
Landlocked developing countries (LLDCs),,2011,1
Landlocked developing countries (LLDCs),,2012,1
Landlocked developing countries (LLDCs),,2013,2
Landlocked developing countries (LLDCs),,2014,2
Landlocked developing countries (LLDCs),,2015,3
Landlocked developing countries (LLDCs),,2016,6
Landlocked developing countries (LLDCs),,2017,10
Landlocked developing countries (LLDCs),,2018,12
Landlocked developing countries (LLDCs),,2019,33
Landlocked developing countries (LLDCs),,2020,34
Latin America and the Caribbean,,2010,0
Latin America and the Caribbean,,2011,1
Latin America and the Caribbean,,2012,27
Latin America and the Caribbean,,2013,29
Latin America and the Caribbean,,2014,47
Latin America and the Caribbean,,2015,48
Latin America and the Caribbean,,2016,56
Latin America and the Caribbean,,2017,65
Latin America and the Caribbean,,2018,60
Latin America and the Caribbean,,2019,58
Latin America and the Caribbean,,2020,35
Latvia,LVA,2011,66
Latvia,LVA,2012,56
Latvia,LVA,2013,59
Latvia,LVA,2014,54
Latvia,LVA,2015,46
Latvia,LVA,2016,38
Latvia,LVA,2017,39
Latvia,LVA,2018,45
Latvia,LVA,2019,51
Latvia,LVA,2020,57
Least developed countries (LDCs),,2010,0
Least developed countries (LDCs),,2011,0
Least developed countries (LDCs),,2012,1
Least developed countries (LDCs),,2013,1
Least developed countries (LDCs),,2014,1
Least developed countries (LDCs),,2015,1
Least developed countries (LDCs),,2016,3
Least developed countries (LDCs),,2017,4
Least developed countries (LDCs),,2018,6
Least developed countries (LDCs),,2019,17
Least developed countries (LDCs),,2020,18
Liberia,LBR,2020,18
Lithuania,LTU,2017,28
Lithuania,LTU,2018,65
Lithuania,LTU,2019,66
Lithuania,LTU,2020,68
Luxembourg,LUX,2010,16
Luxembourg,LUX,2011,19
Luxembourg,LUX,2012,20
Luxembourg,LUX,2013,20
Luxembourg,LUX,2014,10
Luxembourg,LUX,2015,14
Luxembourg,LUX,2016,14
Luxembourg,LUX,2017,14
Luxembourg,LUX,2018,14
Luxembourg,LUX,2019,14
Malawi,MWI,2020,77
Malaysia,MYS,2011,80
Malaysia,MYS,2012,84
Malaysia,MYS,2013,90
Malaysia,MYS,2014,85
Malaysia,MYS,2015,84
Malaysia,MYS,2016,83
Malaysia,MYS,2017,96
Malaysia,MYS,2018,83
Malaysia,MYS,2019,85
Malaysia,MYS,2020,84
Maldives,MDV,2020,68
Malta,MLT,2013,28
Malta,MLT,2014,87
Malta,MLT,2015,88
Malta,MLT,2016,83
Malta,MLT,2017,78
Malta,MLT,2018,80
Malta,MLT,2019,81
Malta,MLT,2020,85
Marshall Islands,MHL,2010,46
Marshall Islands,MHL,2012,3
Marshall Islands,MHL,2013,10
Marshall Islands,MHL,2014,14
Marshall Islands,MHL,2015,23
Marshall Islands,MHL,2016,31
Marshall Islands,MHL,2017,21
Marshall Islands,MHL,2018,28
Marshall Islands,MHL,2019,24
Marshall Islands,MHL,2020,17
Mauritius,MUS,2017,77
Mauritius,MUS,2018,81
Mauritius,MUS,2019,80
Mauritius,MUS,2020,74
Melanesia,OWID_MNS,2013,4
Melanesia,OWID_MNS,2014,6
Melanesia,OWID_MNS,2015,5
Melanesia,OWID_MNS,2016,4
Melanesia,OWID_MNS,2017,4
Melanesia,OWID_MNS,2018,3
Melanesia,OWID_MNS,2019,4
Melanesia,OWID_MNS,2020,8
Mexico,MEX,2012,83
Mexico,MEX,2013,93
Mexico,MEX,2014,98
Mexico,MEX,2015,95
Mexico,MEX,2016,99
Mexico,MEX,2017,97
Mexico,MEX,2018,96
Mexico,MEX,2019,95
Mexico,MEX,2020,5
Micronesia (country),FSM,2010,11
Micronesia (country),FSM,2011,0
Micronesia (country),FSM,2012,1
Micronesia (country),FSM,2013,3
Micronesia (country),FSM,2014,4
Micronesia (country),FSM,2015,6
Micronesia (country),FSM,2016,8
Micronesia (country),FSM,2017,66
Micronesia (country),FSM,2018,57
Micronesia (country),FSM,2019,57
Micronesia (country),FSM,2020,37
Moldova,MDA,2018,43
Moldova,MDA,2019,31
Moldova,MDA,2020,40
Netherlands,NLD,2010,52
Netherlands,NLD,2011,56
Netherlands,NLD,2012,58
Netherlands,NLD,2013,59
Netherlands,NLD,2014,61
Netherlands,NLD,2015,61
Netherlands,NLD,2016,53
Netherlands,NLD,2017,46
Netherlands,NLD,2018,45
Netherlands,NLD,2019,53
Netherlands,NLD,2020,63
New Zealand,NZL,2010,46
New Zealand,NZL,2011,44
New Zealand,NZL,2012,55
New Zealand,NZL,2013,57
New Zealand,NZL,2014,59
New Zealand,NZL,2015,59
New Zealand,NZL,2016,60
New Zealand,NZL,2017,56
New Zealand,NZL,2018,58
New Zealand,NZL,2019,67
New Zealand,NZL,2020,67
North Macedonia,MKD,2010,33
North Macedonia,MKD,2011,48
North Macedonia,MKD,2012,31
North Macedonia,MKD,2013,34
North Macedonia,MKD,2014,47
North Macedonia,MKD,2015,31
North Macedonia,MKD,2016,44
North Macedonia,MKD,2017,38
North Macedonia,MKD,2018,40
North Macedonia,MKD,2019,40
North Macedonia,MKD,2020,30
Northern Africa and Western Asia,,2014,1
Northern Africa and Western Asia,,2015,1
Northern Africa and Western Asia,,2016,1
Northern Africa and Western Asia,,2017,1
Northern Africa and Western Asia,,2018,1
Northern Africa and Western Asia,,2019,1
Northern Africa and Western Asia,,2020,1
Northern America,,2010,21
Northern America,,2011,21
Northern America,,2012,18
Northern America,,2013,30
Northern America,,2014,30
Northern America,,2015,34
Northern America,,2016,40
Northern America,,2017,47
Northern America,,2018,43
Northern America,,2019,52
Northern America,,2020,52
Northern Europe,,2010,53
Northern Europe,,2011,66
Northern Europe,,2012,70
Northern Europe,,2013,68
Northern Europe,,2014,68
Northern Europe,,2015,67
Northern Europe,,2016,70
Northern Europe,,2017,70
Northern Europe,,2018,77
Northern Europe,,2019,78
Northern Europe,,2020,65
Norway,NOR,2010,57
Norway,NOR,2011,72
Norway,NOR,2012,73
Norway,NOR,2013,75
Norway,NOR,2014,80
Norway,NOR,2015,82
Norway,NOR,2016,84
Norway,NOR,2017,85
Norway,NOR,2018,86
Norway,NOR,2019,91
Norway,NOR,2020,90
Oceania,,2010,37
Oceania,,2011,35
Oceania,,2012,37
Oceania,,2013,39
Oceania,,2014,41
Oceania,,2015,41
Oceania,,2016,42
Oceania,,2017,43
Oceania,,2018,44
Oceania,,2019,48
Oceania,,2020,42
Oceania (exc. Australia and New Zealand),,2010,0
Oceania (exc. Australia and New Zealand),,2011,0
Oceania (exc. Australia and New Zealand),,2012,0
Oceania (exc. Australia and New Zealand),,2013,4
Oceania (exc. Australia and New Zealand),,2014,6
Oceania (exc. Australia and New Zealand),,2015,5
Oceania (exc. Australia and New Zealand),,2016,4
Oceania (exc. Australia and New Zealand),,2017,5
Oceania (exc. Australia and New Zealand),,2018,4
Oceania (exc. Australia and New Zealand),,2019,4
Oceania (exc. Australia and New Zealand),,2020,8
Palau,PLW,2010,9
Palau,PLW,2011,4
Palau,PLW,2012,11
Palau,PLW,2013,23
Palau,PLW,2014,26
Palau,PLW,2015,24
Palau,PLW,2016,31
Palau,PLW,2017,36
Palau,PLW,2018,47
Palau,PLW,2019,67
Panama,PAN,2010,65
Panama,PAN,2011,79
Panama,PAN,2012,78
Panama,PAN,2013,75
Panama,PAN,2014,81
Panama,PAN,2015,58
Panama,PAN,2016,77
Panama,PAN,2017,71
Panama,PAN,2018,69
Panama,PAN,2019,73
Panama,PAN,2020,44
Paraguay,PRY,2013,71
Paraguay,PRY,2014,30
Paraguay,PRY,2015,38
Paraguay,PRY,2016,62
Paraguay,PRY,2017,64
Paraguay,PRY,2018,55
Paraguay,PRY,2019,61
Paraguay,PRY,2020,37
Peru,PER,2013,0
Peru,PER,2014,2
Peru,PER,2015,52
Peru,PER,2016,51
Peru,PER,2017,57
Peru,PER,2018,64
Peru,PER,2019,76
Peru,PER,2020,16
Philippines,PHL,2015,24
Philippines,PHL,2016,24
Philippines,PHL,2017,4
Philippines,PHL,2018,1
Philippines,PHL,2019,2
Philippines,PHL,2020,5
Polynesia,OWID_PYA,2011,3
Polynesia,OWID_PYA,2013,2
Polynesia,OWID_PYA,2014,4
Polynesia,OWID_PYA,2015,3
Polynesia,OWID_PYA,2016,2
Polynesia,OWID_PYA,2017,3
Polynesia,OWID_PYA,2018,3
Polynesia,OWID_PYA,2019,3
Portugal,PRT,2010,88
Portugal,PRT,2011,85
Portugal,PRT,2012,87
Portugal,PRT,2013,88
Portugal,PRT,2014,87
Portugal,PRT,2015,88
Portugal,PRT,2016,85
Portugal,PRT,2017,83
Portugal,PRT,2018,80
Portugal,PRT,2019,81
Portugal,PRT,2020,78
Rwanda,RWA,2011,35
Rwanda,RWA,2012,45
Rwanda,RWA,2013,56
Rwanda,RWA,2014,67
Rwanda,RWA,2015,78
Rwanda,RWA,2016,86
Rwanda,RWA,2017,83
Rwanda,RWA,2018,87
Rwanda,RWA,2019,94
Rwanda,RWA,2020,68
Saint Lucia,LCA,2019,46
Saint Lucia,LCA,2020,74
Saint Vincent and the Grenadines,VCT,2018,4
Saint Vincent and the Grenadines,VCT,2019,10
Saint Vincent and the Grenadines,VCT,2020,12
San Marino,SMR,2012,20
San Marino,SMR,2013,15
San Marino,SMR,2014,17
San Marino,SMR,2015,15
San Marino,SMR,2016,12
San Marino,SMR,2017,14
San Marino,SMR,2018,41
San Marino,SMR,2019,50
San Marino,SMR,2020,50
Senegal,SEN,2019,25
Senegal,SEN,2020,31
Seychelles,SYC,2014,83
Seychelles,SYC,2015,93
Seychelles,SYC,2016,99
Seychelles,SYC,2017,82
Seychelles,SYC,2018,96
Seychelles,SYC,2019,68
Seychelles,SYC,2020,24
Singapore,SGP,2012,0
Singapore,SGP,2013,0
Singapore,SGP,2014,0
Singapore,SGP,2015,0
Singapore,SGP,2016,0
Singapore,SGP,2017,0
Singapore,SGP,2018,0
Singapore,SGP,2019,0
Slovenia,SVN,2010,49
Slovenia,SVN,2011,55
Slovenia,SVN,2012,55
Slovenia,SVN,2013,49
Slovenia,SVN,2014,46
Slovenia,SVN,2015,45
Slovenia,SVN,2016,44
Slovenia,SVN,2017,46
Slovenia,SVN,2018,50
Slovenia,SVN,2019,59
Slovenia,SVN,2020,59
Small Island Developing States (SIDS),,2010,0
Small Island Developing States (SIDS),,2011,0
Small Island Developing States (SIDS),,2012,0
Small Island Developing States (SIDS),,2013,1
Small Island Developing States (SIDS),,2014,2
Small Island Developing States (SIDS),,2015,2
Small Island Developing States (SIDS),,2016,2
Small Island Developing States (SIDS),,2017,9
Small Island Developing States (SIDS),,2018,9
Small Island Developing States (SIDS),,2019,5
Small Island Developing States (SIDS),,2020,5
Solomon Islands,SLB,2020,22
South Africa,ZAF,2014,65
South Africa,ZAF,2015,61
South Africa,ZAF,2016,61
South Africa,ZAF,2017,56
South Africa,ZAF,2018,43
South Africa,ZAF,2019,43
South America,,2012,14
South America,,2013,13
South America,,2014,41
South America,,2015,44
South America,,2016,53
South America,,2017,67
South America,,2018,58
South America,,2019,55
South America,,2020,49
South Korea,KOR,2017,49
South Korea,KOR,2018,64
South Korea,KOR,2019,52
South-eastern Asia,,2011,4
South-eastern Asia,,2012,4
South-eastern Asia,,2013,4
South-eastern Asia,,2014,4
South-eastern Asia,,2015,9
South-eastern Asia,,2016,8
South-eastern Asia,,2017,11
South-eastern Asia,,2018,8
South-eastern Asia,,2019,7
South-eastern Asia,,2020,8
Southern Africa,,2014,56
Southern Africa,,2015,55
Southern Africa,,2016,55
Southern Africa,,2017,48
Southern Africa,,2018,37
Southern Africa,,2019,39
Southern Asia,,2010,0
Southern Asia,,2011,0
Southern Asia,,2012,0
Southern Asia,,2013,0
Southern Asia,,2014,0
Southern Asia,,2015,0
Southern Asia,,2016,0
Southern Asia,,2018,1
Southern Asia,,2019,1
Southern Asia,,2020,1
Southern Europe,,2010,42
Southern Europe,,2011,46
Southern Europe,,2012,49
Southern Europe,,2013,51
Southern Europe,,2014,49
Southern Europe,,2015,54
Southern Europe,,2016,51
Southern Europe,,2017,51
Southern Europe,,2018,46
Southern Europe,,2019,51
Southern Europe,,2020,42
Spain,ESP,2010,59
Spain,ESP,2011,64
Spain,ESP,2012,70
Spain,ESP,2013,74
Spain,ESP,2014,74
Spain,ESP,2015,82
Spain,ESP,2016,78
Spain,ESP,2017,82
Spain,ESP,2018,76
Spain,ESP,2019,79
Spain,ESP,2020,79
Sri Lanka,LKA,2018,58
Sri Lanka,LKA,2019,82
Sri Lanka,LKA,2020,51
Sub-Saharan Africa,,2011,0
Sub-Saharan Africa,,2012,1
Sub-Saharan Africa,,2013,1
Sub-Saharan Africa,,2014,3
Sub-Saharan Africa,,2015,3
Sub-Saharan Africa,,2016,5
Sub-Saharan Africa,,2017,6
Sub-Saharan Africa,,2018,7
Sub-Saharan Africa,,2019,18
Sub-Saharan Africa,,2020,17
Sub-Saharan Africa (inc. Sudan),,2011,0
Sub-Saharan Africa (inc. Sudan),,2012,0
Sub-Saharan Africa (inc. Sudan),,2013,1
Sub-Saharan Africa (inc. Sudan),,2014,3
Sub-Saharan Africa (inc. Sudan),,2015,3
Sub-Saharan Africa (inc. Sudan),,2016,5
Sub-Saharan Africa (inc. Sudan),,2017,5
Sub-Saharan Africa (inc. Sudan),,2018,7
Sub-Saharan Africa (inc. Sudan),,2019,18
Sub-Saharan Africa (inc. Sudan),,2020,17
Suriname,SUR,2014,40
Suriname,SUR,2015,68
Suriname,SUR,2016,37
Suriname,SUR,2017,55
Suriname,SUR,2018,55
Suriname,SUR,2019,38
Suriname,SUR,2020,4
Sweden,SWE,2016,73
Sweden,SWE,2017,72
Sweden,SWE,2018,75
Sweden,SWE,2019,80
Sweden,SWE,2020,82
Switzerland,CHE,2010,20
Switzerland,CHE,2011,51
Switzerland,CHE,2012,51
Switzerland,CHE,2013,51
Switzerland,CHE,2014,56
Switzerland,CHE,2015,56
Switzerland,CHE,2016,56
Switzerland,CHE,2017,59
Switzerland,CHE,2018,59
Switzerland,CHE,2019,59
Switzerland,CHE,2020,63
Tanzania,TZA,2018,19
Tanzania,TZA,2019,49
Tanzania,TZA,2020,58
Thailand,THA,2017,68
Thailand,THA,2018,29
Trinidad and Tobago,TTO,2013,8
Trinidad and Tobago,TTO,2015,6
Trinidad and Tobago,TTO,2016,6
Trinidad and Tobago,TTO,2017,12
Trinidad and Tobago,TTO,2018,14
Trinidad and Tobago,TTO,2019,9
Turkmenistan,TKM,2017,95
Turkmenistan,TKM,2018,99
Turkmenistan,TKM,2019,99
Turkmenistan,TKM,2020,99
Uganda,UGA,2016,30
Uganda,UGA,2017,57
Uganda,UGA,2018,74
Uganda,UGA,2019,64
Uganda,UGA,2020,30
United Arab Emirates,ARE,2018,27
United Arab Emirates,ARE,2019,27
United Arab Emirates,ARE,2020,29
United Kingdom,GBR,2010,78
United Kingdom,GBR,2011,83
United Kingdom,GBR,2012,87
United Kingdom,GBR,2013,84
United Kingdom,GBR,2014,85
United Kingdom,GBR,2015,84
United Kingdom,GBR,2016,83
United Kingdom,GBR,2017,82
United Kingdom,GBR,2018,82
United Kingdom,GBR,2019,82
United Kingdom,GBR,2020,64
United States,USA,2010,23
United States,USA,2011,23
United States,USA,2012,20
United States,USA,2013,26
United States,USA,2014,26
United States,USA,2015,30
United States,USA,2016,36
United States,USA,2017,44
United States,USA,2018,39
United States,USA,2019,49
United States,USA,2020,49
Uruguay,URY,2015,26
Uruguay,URY,2016,45
Uruguay,URY,2017,44
Uruguay,URY,2018,43
Uruguay,URY,2019,38
Uruguay,URY,2020,25
Uzbekistan,UZB,2020,100
Western Africa,,2019,1
Western Africa,,2020,2
Western Asia,,2014,1
Western Asia,,2015,2
Western Asia,,2016,2
Western Asia,,2017,2
Western Asia,,2018,2
Western Asia,,2019,2
Western Asia,,2020,3
"Western Asia (exc. Armenia, Azerbaijan, Cyprus, Israel and Georgia)",,2018,1
"Western Asia (exc. Armenia, Azerbaijan, Cyprus, Israel and Georgia)",,2019,1
"Western Asia (exc. Armenia, Azerbaijan, Cyprus, Israel and Georgia)",,2020,1
Western Europe,,2010,26
Western Europe,,2011,26
Western Europe,,2012,28
Western Europe,,2013,29
Western Europe,,2014,29
Western Europe,,2015,32
Western Europe,,2016,33
Western Europe,,2017,35
Western Europe,,2018,36
Western Europe,,2019,40
Western Europe,,2020,37
World,OWID_WRL,2010,2
World,OWID_WRL,2011,3
World,OWID_WRL,2012,5
World,OWID_WRL,2013,6
World,OWID_WRL,2014,8
World,OWID_WRL,2015,9
World,OWID_WRL,2016,10
World,OWID_WRL,2017,12
World,OWID_WRL,2018,11
World,OWID_WRL,2019,14
World,OWID_WRL,2020,12
Zambia,ZMB,2020,69
Zimbabwe,ZWE,2019,67