Entity,Code,Year,"6.2.1 - Proportion of population with basic handwashing facilities on premises, by urban/rural (%) - SH_SAN_HNDWSH - All areas"
Afghanistan,AFG,2005,37
Afghanistan,AFG,2006,37
Afghanistan,AFG,2007,37
Afghanistan,AFG,2008,37
Afghanistan,AFG,2009,37
Afghanistan,AFG,2010,37
Afghanistan,AFG,2011,37
Afghanistan,AFG,2012,37
Afghanistan,AFG,2013,38
Afghanistan,AFG,2014,38
Afghanistan,AFG,2015,38
Afghanistan,AFG,2016,38
Afghanistan,AFG,2017,38
Afghanistan,AFG,2018,38
Afghanistan,AFG,2019,38
Afghanistan,AFG,2020,38
Algeria,DZA,2007,83
Algeria,DZA,2008,83
Algeria,DZA,2009,83
Algeria,DZA,2010,83
Algeria,DZA,2011,83
Algeria,DZA,2012,84
Algeria,DZA,2013,84
Algeria,DZA,2014,84
Algeria,DZA,2015,84
Algeria,DZA,2016,84
Algeria,DZA,2017,84
Algeria,DZA,2018,84
Algeria,DZA,2019,85
Algeria,DZA,2020,85
Angola,AGO,2012,26
Angola,AGO,2013,26
Angola,AGO,2014,26
Angola,AGO,2015,26
Angola,AGO,2016,27
Angola,AGO,2017,27
Angola,AGO,2018,27
Angola,AGO,2019,27
Angola,AGO,2020,27
Armenia,ARM,2000,83
Armenia,ARM,2001,84
Armenia,ARM,2002,84
Armenia,ARM,2003,85
Armenia,ARM,2004,86
Armenia,ARM,2005,86
Armenia,ARM,2006,87
Armenia,ARM,2007,88
Armenia,ARM,2008,88
Armenia,ARM,2009,89
Armenia,ARM,2010,89
Armenia,ARM,2011,90
Armenia,ARM,2012,91
Armenia,ARM,2013,91
Armenia,ARM,2014,92
Armenia,ARM,2015,93
Armenia,ARM,2016,93
Armenia,ARM,2017,94
Armenia,ARM,2018,95
Armenia,ARM,2019,95
Armenia,ARM,2020,95
Asia,,2010,64
Asia,,2011,66
Asia,,2012,68
Asia,,2013,69
Asia,,2014,71
Asia,,2015,72
Asia,,2016,74
Asia,,2017,75
Asia,,2018,77
Asia,,2019,78
Asia,,2020,79
Azerbaijan,AZE,2009,89
Azerbaijan,AZE,2010,89
Azerbaijan,AZE,2011,89
Azerbaijan,AZE,2012,89
Azerbaijan,AZE,2013,89
Azerbaijan,AZE,2014,89
Azerbaijan,AZE,2015,89
Azerbaijan,AZE,2016,89
Azerbaijan,AZE,2017,89
Bangladesh,BGD,2005,20
Bangladesh,BGD,2006,20
Bangladesh,BGD,2007,20
Bangladesh,BGD,2008,21
Bangladesh,BGD,2009,21
Bangladesh,BGD,2010,24
Bangladesh,BGD,2011,28
Bangladesh,BGD,2012,31
Bangladesh,BGD,2013,35
Bangladesh,BGD,2014,38
Bangladesh,BGD,2015,42
Bangladesh,BGD,2016,45
Bangladesh,BGD,2017,48
Bangladesh,BGD,2018,52
Bangladesh,BGD,2019,55
Bangladesh,BGD,2020,58
Barbados,BRB,2008,88
Barbados,BRB,2009,88
Barbados,BRB,2010,88
Barbados,BRB,2011,88
Barbados,BRB,2012,88
Barbados,BRB,2013,88
Barbados,BRB,2014,88
Barbados,BRB,2015,88
Barbados,BRB,2016,88
Belize,BLZ,2005,83
Belize,BLZ,2006,83
Belize,BLZ,2007,83
Belize,BLZ,2008,83
Belize,BLZ,2009,83
Belize,BLZ,2010,83
Belize,BLZ,2011,84
Belize,BLZ,2012,85
Belize,BLZ,2013,86
Belize,BLZ,2014,87
Belize,BLZ,2015,88
Belize,BLZ,2016,89
Belize,BLZ,2017,89
Belize,BLZ,2018,90
Belize,BLZ,2019,90
Belize,BLZ,2020,90
Benin,BEN,2000,2
Benin,BEN,2001,2
Benin,BEN,2002,2
Benin,BEN,2003,3
Benin,BEN,2004,3
Benin,BEN,2005,4
Benin,BEN,2006,4
Benin,BEN,2007,5
Benin,BEN,2008,5
Benin,BEN,2009,6
Benin,BEN,2010,6
Benin,BEN,2011,7
Benin,BEN,2012,8
Benin,BEN,2013,8
Benin,BEN,2014,9
Benin,BEN,2015,9
Benin,BEN,2016,10
Benin,BEN,2017,10
Benin,BEN,2018,11
Benin,BEN,2019,11
Benin,BEN,2020,12
Bhutan,BTN,2004,76
Bhutan,BTN,2005,76
Bhutan,BTN,2006,76
Bhutan,BTN,2007,76
Bhutan,BTN,2008,76
Bhutan,BTN,2009,78
Bhutan,BTN,2010,79
Bhutan,BTN,2011,81
Bhutan,BTN,2012,82
Bhutan,BTN,2013,83
Bhutan,BTN,2014,84
Bhutan,BTN,2015,86
Bhutan,BTN,2016,87
Bhutan,BTN,2017,88
Bhutan,BTN,2018,89
Bhutan,BTN,2019,91
Bhutan,BTN,2020,92
Bolivia,BOL,2010,27
Bolivia,BOL,2011,27
Bolivia,BOL,2012,27
Bolivia,BOL,2013,27
Bolivia,BOL,2014,27
Bolivia,BOL,2015,27
Bolivia,BOL,2016,27
Bolivia,BOL,2017,27
Bolivia,BOL,2018,27
Bolivia,BOL,2019,27
Bolivia,BOL,2020,27
Bosnia and Herzegovina,BIH,2008,97
Bosnia and Herzegovina,BIH,2009,97
Bosnia and Herzegovina,BIH,2010,97
Bosnia and Herzegovina,BIH,2011,97
Bosnia and Herzegovina,BIH,2012,97
Bosnia and Herzegovina,BIH,2013,97
Bosnia and Herzegovina,BIH,2014,97
Bosnia and Herzegovina,BIH,2015,97
Bosnia and Herzegovina,BIH,2016,97
Burkina Faso,BFA,2000,7
Burkina Faso,BFA,2001,7
Burkina Faso,BFA,2002,7
Burkina Faso,BFA,2003,8
Burkina Faso,BFA,2004,8
Burkina Faso,BFA,2005,8
Burkina Faso,BFA,2006,8
Burkina Faso,BFA,2007,8
Burkina Faso,BFA,2008,8
Burkina Faso,BFA,2009,8
Burkina Faso,BFA,2010,8
Burkina Faso,BFA,2011,9
Burkina Faso,BFA,2012,9
Burkina Faso,BFA,2013,9
Burkina Faso,BFA,2014,9
Burkina Faso,BFA,2015,9
Burkina Faso,BFA,2016,9
Burkina Faso,BFA,2017,9
Burkina Faso,BFA,2018,9
Burkina Faso,BFA,2019,9
Burkina Faso,BFA,2020,9
Burundi,BDI,2004,6
Burundi,BDI,2005,6
Burundi,BDI,2006,6
Burundi,BDI,2007,6
Burundi,BDI,2008,6
Burundi,BDI,2009,6
Burundi,BDI,2010,6
Burundi,BDI,2011,6
Burundi,BDI,2012,6
Burundi,BDI,2013,6
Burundi,BDI,2014,6
Burundi,BDI,2015,6
Burundi,BDI,2016,6
Burundi,BDI,2017,6
Burundi,BDI,2018,6
Burundi,BDI,2019,6
Burundi,BDI,2020,6
Cambodia,KHM,2008,63
Cambodia,KHM,2009,63
Cambodia,KHM,2010,63
Cambodia,KHM,2011,63
Cambodia,KHM,2012,63
Cambodia,KHM,2013,64
Cambodia,KHM,2014,66
Cambodia,KHM,2015,67
Cambodia,KHM,2016,69
Cambodia,KHM,2017,70
Cambodia,KHM,2018,71
Cambodia,KHM,2019,73
Cambodia,KHM,2020,74
Cameroon,CMR,2015,36
Cameroon,CMR,2016,36
Cameroon,CMR,2017,36
Cameroon,CMR,2018,36
Cameroon,CMR,2019,36
Cameroon,CMR,2020,36
Caribbean,,2008,56
Caribbean,,2009,56
Caribbean,,2010,56
Caribbean,,2011,56
Caribbean,,2012,56
Caribbean,,2013,56
Caribbean,,2014,56
Caribbean,,2015,56
Caribbean,,2016,54
Caribbean,,2017,53
Caribbean,,2018,53
Caribbean,,2019,53
Caribbean,,2020,54
Central African Republic,CAF,2004,16
Central African Republic,CAF,2005,16
Central African Republic,CAF,2006,16
Central African Republic,CAF,2007,16
Central African Republic,CAF,2008,16
Central African Republic,CAF,2009,16
Central African Republic,CAF,2010,17
Central African Republic,CAF,2011,17
Central African Republic,CAF,2012,18
Central African Republic,CAF,2013,18
Central African Republic,CAF,2014,18
Central African Republic,CAF,2015,19
Central African Republic,CAF,2016,19
Central African Republic,CAF,2017,20
Central African Republic,CAF,2018,20
Central African Republic,CAF,2019,21
Central African Republic,CAF,2020,22
Central America,,2011,88
Central America,,2012,88
Central America,,2013,88
Central America,,2014,88
Central America,,2015,88
Central America,,2016,88
Central America,,2017,88
Central America,,2018,88
Central America,,2019,88
Central Asia,,2011,90
Central Asia,,2012,90
Central Asia,,2013,91
Central Asia,,2014,91
Central Asia,,2015,92
Central Asia,,2016,92
Central Asia,,2017,93
Central Asia,,2018,93
Central Asia,,2019,93
Central and Southern Asia,,2010,62
Central and Southern Asia,,2011,62
Central and Southern Asia,,2012,63
Central and Southern Asia,,2013,64
Central and Southern Asia,,2014,65
Central and Southern Asia,,2015,65
Central and Southern Asia,,2016,66
Central and Southern Asia,,2017,67
Central and Southern Asia,,2018,67
Central and Southern Asia,,2019,68
Central and Southern Asia,,2020,69
Chad,TCD,2004,15
Chad,TCD,2005,15
Chad,TCD,2006,15
Chad,TCD,2007,15
Chad,TCD,2008,15
Chad,TCD,2009,16
Chad,TCD,2010,16
Chad,TCD,2011,17
Chad,TCD,2012,18
Chad,TCD,2013,19
Chad,TCD,2014,20
Chad,TCD,2015,21
Chad,TCD,2016,22
Chad,TCD,2017,23
Chad,TCD,2018,24
Chad,TCD,2019,24
Chad,TCD,2020,25
Colombia,COL,2011,67
Colombia,COL,2012,67
Colombia,COL,2013,67
Colombia,COL,2014,67
Colombia,COL,2015,67
Colombia,COL,2016,67
Colombia,COL,2017,68
Colombia,COL,2018,68
Colombia,COL,2019,68
Colombia,COL,2020,68
Comoros,COM,2008,16
Comoros,COM,2009,16
Comoros,COM,2010,16
Comoros,COM,2011,16
Comoros,COM,2012,16
Comoros,COM,2013,16
Comoros,COM,2014,16
Comoros,COM,2015,16
Comoros,COM,2016,16
Congo,COG,2011,47
Congo,COG,2012,47
Congo,COG,2013,48
Congo,COG,2014,48
Congo,COG,2015,48
Congo,COG,2016,48
Congo,COG,2017,48
Congo,COG,2018,48
Congo,COG,2019,48
Costa Rica,CRI,2005,83
Costa Rica,CRI,2006,83
Costa Rica,CRI,2007,83
Costa Rica,CRI,2008,83
Costa Rica,CRI,2009,83
Costa Rica,CRI,2010,84
Costa Rica,CRI,2011,84
Costa Rica,CRI,2012,84
Costa Rica,CRI,2013,84
Costa Rica,CRI,2014,85
Costa Rica,CRI,2015,85
Costa Rica,CRI,2016,85
Costa Rica,CRI,2017,85
Costa Rica,CRI,2018,85
Costa Rica,CRI,2019,86
Costa Rica,CRI,2020,86
Cote d'Ivoire,CIV,2006,15
Cote d'Ivoire,CIV,2007,15
Cote d'Ivoire,CIV,2008,15
Cote d'Ivoire,CIV,2009,15
Cote d'Ivoire,CIV,2010,15
Cote d'Ivoire,CIV,2011,16
Cote d'Ivoire,CIV,2012,16
Cote d'Ivoire,CIV,2013,17
Cote d'Ivoire,CIV,2014,18
Cote d'Ivoire,CIV,2015,18
Cote d'Ivoire,CIV,2016,19
Cote d'Ivoire,CIV,2017,20
Cote d'Ivoire,CIV,2018,20
Cote d'Ivoire,CIV,2019,21
Cote d'Ivoire,CIV,2020,22
Cuba,CUB,2008,83
Cuba,CUB,2009,83
Cuba,CUB,2010,83
Cuba,CUB,2011,83
Cuba,CUB,2012,83
Cuba,CUB,2013,84
Cuba,CUB,2014,85
Cuba,CUB,2015,86
Cuba,CUB,2016,88
Cuba,CUB,2017,89
Cuba,CUB,2018,90
Cuba,CUB,2019,91
Cuba,CUB,2020,92
Democratic Republic of Congo,COD,2014,19
Democratic Republic of Congo,COD,2015,19
Democratic Republic of Congo,COD,2016,19
Democratic Republic of Congo,COD,2017,19
Democratic Republic of Congo,COD,2018,19
Democratic Republic of Congo,COD,2019,19
Democratic Republic of Congo,COD,2020,19
Dominican Republic,DOM,2008,45
Dominican Republic,DOM,2009,45
Dominican Republic,DOM,2010,45
Dominican Republic,DOM,2011,46
Dominican Republic,DOM,2012,46
Dominican Republic,DOM,2013,46
Dominican Republic,DOM,2014,46
Dominican Republic,DOM,2015,46
Dominican Republic,DOM,2016,46
Dominican Republic,DOM,2017,47
Dominican Republic,DOM,2018,47
Dominican Republic,DOM,2019,47
Dominican Republic,DOM,2020,47
Eastern Africa,,2010,13
Eastern Africa,,2011,16
Eastern Africa,,2012,20
Eastern Africa,,2013,20
Eastern Africa,,2014,20
Eastern Africa,,2015,21
Eastern Africa,,2016,22
Eastern Africa,,2017,22
Eastern Africa,,2018,22
Eastern Africa,,2019,22
Eastern Africa,,2020,22
Ecuador,ECU,2010,87
Ecuador,ECU,2011,87
Ecuador,ECU,2012,87
Ecuador,ECU,2013,87
Ecuador,ECU,2014,87
Ecuador,ECU,2015,87
Ecuador,ECU,2016,87
Ecuador,ECU,2017,87
Ecuador,ECU,2018,87
Ecuador,ECU,2019,87
Ecuador,ECU,2020,87
Egypt,EGY,2000,66
Egypt,EGY,2001,68
Egypt,EGY,2002,69
Egypt,EGY,2003,71
Egypt,EGY,2004,72
Egypt,EGY,2005,74
Egypt,EGY,2006,75
Egypt,EGY,2007,77
Egypt,EGY,2008,78
Egypt,EGY,2009,79
Egypt,EGY,2010,81
Egypt,EGY,2011,82
Egypt,EGY,2012,84
Egypt,EGY,2013,85
Egypt,EGY,2014,87
Egypt,EGY,2015,88
Egypt,EGY,2016,90
Egypt,EGY,2017,90
Egypt,EGY,2018,90
Egypt,EGY,2019,90
Egypt,EGY,2020,90
El Salvador,SLV,2010,90
El Salvador,SLV,2011,90
El Salvador,SLV,2012,90
El Salvador,SLV,2013,90
El Salvador,SLV,2014,91
El Salvador,SLV,2015,91
El Salvador,SLV,2016,91
El Salvador,SLV,2017,91
El Salvador,SLV,2018,91
Equatorial Guinea,GNQ,2007,24
Equatorial Guinea,GNQ,2008,24
Equatorial Guinea,GNQ,2009,24
Equatorial Guinea,GNQ,2010,24
Equatorial Guinea,GNQ,2011,24
Equatorial Guinea,GNQ,2012,24
Equatorial Guinea,GNQ,2013,24
Equatorial Guinea,GNQ,2014,24
Equatorial Guinea,GNQ,2015,24
Eswatini,SWZ,2004,24
Eswatini,SWZ,2005,24
Eswatini,SWZ,2006,24
Eswatini,SWZ,2007,24
Eswatini,SWZ,2008,24
Eswatini,SWZ,2009,24
Eswatini,SWZ,2010,24
Eswatini,SWZ,2011,24
Eswatini,SWZ,2012,24
Eswatini,SWZ,2013,24
Eswatini,SWZ,2014,24
Eswatini,SWZ,2015,24
Eswatini,SWZ,2016,24
Eswatini,SWZ,2017,24
Eswatini,SWZ,2018,24
Eswatini,SWZ,2019,24
Eswatini,SWZ,2020,24
Ethiopia,ETH,2010,7
Ethiopia,ETH,2011,8
Ethiopia,ETH,2012,8
Ethiopia,ETH,2013,8
Ethiopia,ETH,2014,8
Ethiopia,ETH,2015,8
Ethiopia,ETH,2016,8
Ethiopia,ETH,2017,8
Ethiopia,ETH,2018,8
Ethiopia,ETH,2019,8
Ethiopia,ETH,2020,8
Gambia,GMB,2014,18
Gambia,GMB,2015,18
Gambia,GMB,2016,18
Gambia,GMB,2017,18
Gambia,GMB,2018,18
Gambia,GMB,2019,18
Gambia,GMB,2020,18
Georgia,GEO,2014,92
Georgia,GEO,2015,92
Georgia,GEO,2016,92
Georgia,GEO,2017,92
Georgia,GEO,2018,92
Georgia,GEO,2019,92
Georgia,GEO,2020,92
Ghana,GHA,2011,41
Ghana,GHA,2012,41
Ghana,GHA,2013,41
Ghana,GHA,2014,41
Ghana,GHA,2015,41
Ghana,GHA,2016,41
Ghana,GHA,2017,41
Ghana,GHA,2018,41
Ghana,GHA,2019,41
Ghana,GHA,2020,42
Guatemala,GTM,2011,76
Guatemala,GTM,2012,76
Guatemala,GTM,2013,76
Guatemala,GTM,2014,77
Guatemala,GTM,2015,77
Guatemala,GTM,2016,77
Guatemala,GTM,2017,77
Guatemala,GTM,2018,77
Guatemala,GTM,2019,77
Guinea,GIN,2014,20
Guinea,GIN,2015,20
Guinea,GIN,2016,20
Guinea,GIN,2017,20
Guinea,GIN,2018,20
Guinea,GIN,2019,20
Guinea,GIN,2020,20
Guinea-Bissau,GNB,2004,1
Guinea-Bissau,GNB,2005,1
Guinea-Bissau,GNB,2006,1
Guinea-Bissau,GNB,2007,1
Guinea-Bissau,GNB,2008,1
Guinea-Bissau,GNB,2009,1
Guinea-Bissau,GNB,2010,3
Guinea-Bissau,GNB,2011,4
Guinea-Bissau,GNB,2012,6
Guinea-Bissau,GNB,2013,7
Guinea-Bissau,GNB,2014,9
Guinea-Bissau,GNB,2015,10
Guinea-Bissau,GNB,2016,12
Guinea-Bissau,GNB,2017,14
Guinea-Bissau,GNB,2018,15
Guinea-Bissau,GNB,2019,17
Guinea-Bissau,GNB,2020,18
Guyana,GUY,2010,77
Guyana,GUY,2011,77
Guyana,GUY,2012,77
Guyana,GUY,2013,77
Guyana,GUY,2014,77
Guyana,GUY,2015,77
Guyana,GUY,2016,77
Guyana,GUY,2017,77
Guyana,GUY,2018,77
Haiti,HTI,2006,24
Haiti,HTI,2007,24
Haiti,HTI,2008,24
Haiti,HTI,2009,25
Haiti,HTI,2010,25
Haiti,HTI,2011,24
Haiti,HTI,2012,24
Haiti,HTI,2013,24
Haiti,HTI,2014,24
Haiti,HTI,2015,23
Haiti,HTI,2016,23
Haiti,HTI,2017,23
Haiti,HTI,2018,23
Haiti,HTI,2019,22
Haiti,HTI,2020,22
Honduras,HND,2008,84
Honduras,HND,2009,84
Honduras,HND,2010,84
Honduras,HND,2011,84
Honduras,HND,2012,84
Honduras,HND,2013,84
Honduras,HND,2014,84
Honduras,HND,2015,84
Honduras,HND,2016,84
India,IND,2010,67
India,IND,2011,67
India,IND,2012,67
India,IND,2013,67
India,IND,2014,67
India,IND,2015,67
India,IND,2016,67
India,IND,2017,67
India,IND,2018,68
India,IND,2019,68
India,IND,2020,68
Indonesia,IDN,2006,70
Indonesia,IDN,2007,70
Indonesia,IDN,2008,70
Indonesia,IDN,2009,70
Indonesia,IDN,2010,71
Indonesia,IDN,2011,73
Indonesia,IDN,2012,76
Indonesia,IDN,2013,79
Indonesia,IDN,2014,81
Indonesia,IDN,2015,84
Indonesia,IDN,2016,87
Indonesia,IDN,2017,89
Indonesia,IDN,2018,92
Indonesia,IDN,2019,94
Indonesia,IDN,2020,94
Iraq,IRQ,2005,89
Iraq,IRQ,2006,89
Iraq,IRQ,2007,89
Iraq,IRQ,2008,90
Iraq,IRQ,2009,90
Iraq,IRQ,2010,90
Iraq,IRQ,2011,91
Iraq,IRQ,2012,92
Iraq,IRQ,2013,92
Iraq,IRQ,2014,93
Iraq,IRQ,2015,94
Iraq,IRQ,2016,95
Iraq,IRQ,2017,95
Iraq,IRQ,2018,96
Iraq,IRQ,2019,97
Iraq,IRQ,2020,97
Jamaica,JAM,2007,67
Jamaica,JAM,2008,67
Jamaica,JAM,2009,67
Jamaica,JAM,2010,67
Jamaica,JAM,2011,67
Jamaica,JAM,2012,67
Jamaica,JAM,2013,67
Jamaica,JAM,2014,67
Jamaica,JAM,2015,67
Kazakhstan,KAZ,2011,99
Kazakhstan,KAZ,2012,99
Kazakhstan,KAZ,2013,99
Kazakhstan,KAZ,2014,99
Kazakhstan,KAZ,2015,99
Kazakhstan,KAZ,2016,99
Kazakhstan,KAZ,2017,99
Kazakhstan,KAZ,2018,99
Kazakhstan,KAZ,2019,99
Kenya,KEN,2011,26
Kenya,KEN,2012,26
Kenya,KEN,2013,26
Kenya,KEN,2014,27
Kenya,KEN,2015,27
Kenya,KEN,2016,27
Kenya,KEN,2017,27
Kenya,KEN,2018,27
Kenya,KEN,2019,27
Kenya,KEN,2020,27
Kiribati,KIR,2015,55
Kiribati,KIR,2016,55
Kiribati,KIR,2017,55
Kiribati,KIR,2018,55
Kiribati,KIR,2019,56
Kiribati,KIR,2020,56
Kyrgyzstan,KGZ,2006,84
Kyrgyzstan,KGZ,2007,84
Kyrgyzstan,KGZ,2008,84
Kyrgyzstan,KGZ,2009,84
Kyrgyzstan,KGZ,2010,84
Kyrgyzstan,KGZ,2011,85
Kyrgyzstan,KGZ,2012,87
Kyrgyzstan,KGZ,2013,89
Kyrgyzstan,KGZ,2014,90
Kyrgyzstan,KGZ,2015,92
Kyrgyzstan,KGZ,2016,93
Kyrgyzstan,KGZ,2017,95
Kyrgyzstan,KGZ,2018,97
Kyrgyzstan,KGZ,2019,98
Kyrgyzstan,KGZ,2020,100
Landlocked developing countries (LLDCs),,2008,32
Landlocked developing countries (LLDCs),,2009,35
Landlocked developing countries (LLDCs),,2010,33
Landlocked developing countries (LLDCs),,2011,34
Landlocked developing countries (LLDCs),,2012,35
Landlocked developing countries (LLDCs),,2013,35
Landlocked developing countries (LLDCs),,2014,35
Landlocked developing countries (LLDCs),,2015,35
Landlocked developing countries (LLDCs),,2016,35
Landlocked developing countries (LLDCs),,2017,35
Landlocked developing countries (LLDCs),,2018,35
Landlocked developing countries (LLDCs),,2019,35
Landlocked developing countries (LLDCs),,2020,35
Laos,LAO,2013,54
Laos,LAO,2014,55
Laos,LAO,2015,55
Laos,LAO,2016,55
Laos,LAO,2017,55
Laos,LAO,2018,55
Laos,LAO,2019,55
Laos,LAO,2020,56
Least developed countries (LDCs),,2008,26
Least developed countries (LDCs),,2009,26
Least developed countries (LDCs),,2010,26
Least developed countries (LDCs),,2011,28
Least developed countries (LDCs),,2012,31
Least developed countries (LDCs),,2013,31
Least developed countries (LDCs),,2014,31
Least developed countries (LDCs),,2015,32
Least developed countries (LDCs),,2016,33
Least developed countries (LDCs),,2017,34
Least developed countries (LDCs),,2018,36
Least developed countries (LDCs),,2019,36
Least developed countries (LDCs),,2020,37
Lesotho,LSO,2008,5
Lesotho,LSO,2009,5
Lesotho,LSO,2010,5
Lesotho,LSO,2011,5
Lesotho,LSO,2012,5
Lesotho,LSO,2013,5
Lesotho,LSO,2014,5
Lesotho,LSO,2015,5
Lesotho,LSO,2016,5
Lesotho,LSO,2017,5
Lesotho,LSO,2018,5
Lesotho,LSO,2019,5
Lesotho,LSO,2020,6
Liberia,LBR,2009,1
Liberia,LBR,2010,1
Liberia,LBR,2011,1
Liberia,LBR,2012,1
Liberia,LBR,2013,1
Liberia,LBR,2014,1
Liberia,LBR,2015,1
Liberia,LBR,2016,1
Liberia,LBR,2017,1
Madagascar,MDG,2000,22
Madagascar,MDG,2001,22
Madagascar,MDG,2002,22
Madagascar,MDG,2003,23
Madagascar,MDG,2004,23
Madagascar,MDG,2005,23
Madagascar,MDG,2006,23
Madagascar,MDG,2007,24
Madagascar,MDG,2008,24
Madagascar,MDG,2009,24
Madagascar,MDG,2010,24
Madagascar,MDG,2011,25
Madagascar,MDG,2012,25
Madagascar,MDG,2013,25
Madagascar,MDG,2014,25
Madagascar,MDG,2015,26
Madagascar,MDG,2016,26
Madagascar,MDG,2017,26
Madagascar,MDG,2018,26
Madagascar,MDG,2019,26
Madagascar,MDG,2020,27
Malawi,MWI,2000,17
Malawi,MWI,2001,16
Malawi,MWI,2002,16
Malawi,MWI,2003,15
Malawi,MWI,2004,15
Malawi,MWI,2005,14
Malawi,MWI,2006,14
Malawi,MWI,2007,13
Malawi,MWI,2008,13
Malawi,MWI,2009,12
Malawi,MWI,2010,12
Malawi,MWI,2011,12
Malawi,MWI,2012,11
Malawi,MWI,2013,11
Malawi,MWI,2014,10
Malawi,MWI,2015,10
Malawi,MWI,2016,9
Malawi,MWI,2017,9
Malawi,MWI,2018,8
Malawi,MWI,2019,8
Malawi,MWI,2020,8
Maldives,MDV,2013,96
Maldives,MDV,2014,96
Maldives,MDV,2015,96
Maldives,MDV,2016,96
Maldives,MDV,2017,96
Maldives,MDV,2018,96
Maldives,MDV,2019,96
Maldives,MDV,2020,96
Mali,MLI,2014,16
Mali,MLI,2015,16
Mali,MLI,2016,16
Mali,MLI,2017,17
Mali,MLI,2018,17
Mali,MLI,2019,17
Mali,MLI,2020,17
Marshall Islands,MHL,2013,85
Marshall Islands,MHL,2014,85
Marshall Islands,MHL,2015,85
Marshall Islands,MHL,2016,85
Marshall Islands,MHL,2017,85
Marshall Islands,MHL,2018,85
Marshall Islands,MHL,2019,85
Marshall Islands,MHL,2020,85
Mauritania,MRT,2011,51
Mauritania,MRT,2012,51
Mauritania,MRT,2013,51
Mauritania,MRT,2014,51
Mauritania,MRT,2015,52
Mauritania,MRT,2016,52
Mauritania,MRT,2017,52
Mauritania,MRT,2018,52
Mauritania,MRT,2019,53
Melanesia,OWID_MNS,2014,32
Melanesia,OWID_MNS,2015,32
Melanesia,OWID_MNS,2016,32
Melanesia,OWID_MNS,2017,32
Melanesia,OWID_MNS,2018,32
Melanesia,OWID_MNS,2019,32
Melanesia,OWID_MNS,2020,32
Mexico,MEX,2011,90
Mexico,MEX,2012,90
Mexico,MEX,2013,90
Mexico,MEX,2014,90
Mexico,MEX,2015,90
Mexico,MEX,2016,90
Mexico,MEX,2017,90
Mexico,MEX,2018,90
Mexico,MEX,2019,90
Middle Africa,,2014,22
Middle Africa,,2015,24
Middle Africa,,2016,24
Middle Africa,,2017,24
Middle Africa,,2018,25
Middle Africa,,2019,25
Middle Africa,,2020,24
Moldova,MDA,2008,87
Moldova,MDA,2009,87
Moldova,MDA,2010,87
Moldova,MDA,2011,87
Moldova,MDA,2012,87
Moldova,MDA,2013,87
Moldova,MDA,2014,87
Moldova,MDA,2015,87
Moldova,MDA,2016,87
Mongolia,MNG,2004,59
Mongolia,MNG,2005,60
Mongolia,MNG,2006,60
Mongolia,MNG,2007,61
Mongolia,MNG,2008,61
Mongolia,MNG,2009,64
Mongolia,MNG,2010,66
Mongolia,MNG,2011,68
Mongolia,MNG,2012,70
Mongolia,MNG,2013,72
Mongolia,MNG,2014,74
Mongolia,MNG,2015,76
Mongolia,MNG,2016,78
Mongolia,MNG,2017,80
Mongolia,MNG,2018,82
Mongolia,MNG,2019,84
Mongolia,MNG,2020,86
Montenegro,MNE,2014,99
Montenegro,MNE,2015,99
Montenegro,MNE,2016,99
Montenegro,MNE,2017,99
Montenegro,MNE,2018,99
Montenegro,MNE,2019,99
Montenegro,MNE,2020,99
Mozambique,MOZ,2007,12
Mozambique,MOZ,2008,12
Mozambique,MOZ,2009,12
Mozambique,MOZ,2010,12
Mozambique,MOZ,2011,12
Mozambique,MOZ,2012,12
Mozambique,MOZ,2013,12
Mozambique,MOZ,2014,12
Mozambique,MOZ,2015,12
Myanmar,MMR,2010,74
Myanmar,MMR,2011,74
Myanmar,MMR,2012,74
Myanmar,MMR,2013,74
Myanmar,MMR,2014,74
Myanmar,MMR,2015,74
Myanmar,MMR,2016,74
Myanmar,MMR,2017,74
Myanmar,MMR,2018,74
Myanmar,MMR,2019,74
Myanmar,MMR,2020,75
Namibia,NAM,2009,42
Namibia,NAM,2010,42
Namibia,NAM,2011,42
Namibia,NAM,2012,43
Namibia,NAM,2013,43
Namibia,NAM,2014,43
Namibia,NAM,2015,44
Namibia,NAM,2016,44
Namibia,NAM,2017,45
Nepal,NPL,2005,46
Nepal,NPL,2006,46
Nepal,NPL,2007,47
Nepal,NPL,2008,47
Nepal,NPL,2009,47
Nepal,NPL,2010,48
Nepal,NPL,2011,50
Nepal,NPL,2012,51
Nepal,NPL,2013,53
Nepal,NPL,2014,54
Nepal,NPL,2015,55
Nepal,NPL,2016,57
Nepal,NPL,2017,58
Nepal,NPL,2018,59
Nepal,NPL,2019,61
Nepal,NPL,2020,62
Niger,NER,2000,6
Niger,NER,2001,6
Niger,NER,2002,6
Niger,NER,2003,6
Niger,NER,2004,6
Niger,NER,2005,7
Niger,NER,2006,8
Niger,NER,2007,9
Niger,NER,2008,10
Niger,NER,2009,11
Niger,NER,2010,13
Niger,NER,2011,14
Niger,NER,2012,15
Niger,NER,2013,16
Niger,NER,2014,17
Niger,NER,2015,18
Niger,NER,2016,19
Niger,NER,2017,20
Niger,NER,2018,21
Niger,NER,2019,22
Niger,NER,2020,23
Nigeria,NGA,2011,32
Nigeria,NGA,2012,32
Nigeria,NGA,2013,32
Nigeria,NGA,2014,32
Nigeria,NGA,2015,33
Nigeria,NGA,2016,33
Nigeria,NGA,2017,33
Nigeria,NGA,2018,33
Nigeria,NGA,2019,33
Nigeria,NGA,2020,33
North Macedonia,MKD,2000,100
North Macedonia,MKD,2001,100
North Macedonia,MKD,2002,100
North Macedonia,MKD,2003,100
North Macedonia,MKD,2004,100
North Macedonia,MKD,2005,100
North Macedonia,MKD,2006,100
North Macedonia,MKD,2007,100
North Macedonia,MKD,2008,100
North Macedonia,MKD,2009,100
North Macedonia,MKD,2010,100
North Macedonia,MKD,2011,100
North Macedonia,MKD,2012,100
North Macedonia,MKD,2013,100
North Macedonia,MKD,2014,100
North Macedonia,MKD,2015,100
North Macedonia,MKD,2016,100
North Macedonia,MKD,2017,100
North Macedonia,MKD,2018,100
North Macedonia,MKD,2019,100
North Macedonia,MKD,2020,100
Northern Africa,,2007,79
Northern Africa,,2008,80
Northern Africa,,2009,81
Northern Africa,,2010,82
Northern Africa,,2011,83
Northern Africa,,2012,84
Northern Africa,,2013,85
Northern Africa,,2014,86
Northern Africa,,2015,87
Northern Africa,,2016,88
Northern Africa,,2017,88
Northern Africa,,2018,88
Northern Africa,,2019,88
Northern Africa,,2020,88
Northern Africa and Western Asia,,2009,80
Northern Africa and Western Asia,,2010,81
Northern Africa and Western Asia,,2011,81
Northern Africa and Western Asia,,2012,82
Northern Africa and Western Asia,,2013,83
Northern Africa and Western Asia,,2014,84
Northern Africa and Western Asia,,2015,84
Northern Africa and Western Asia,,2016,85
Northern Africa and Western Asia,,2017,85
Northern Africa and Western Asia,,2018,90
Northern Africa and Western Asia,,2019,91
Northern Africa and Western Asia,,2020,91
Oceania (exc. Australia and New Zealand),,2014,35
Oceania (exc. Australia and New Zealand),,2015,36
Oceania (exc. Australia and New Zealand),,2016,36
Oceania (exc. Australia and New Zealand),,2017,36
Oceania (exc. Australia and New Zealand),,2018,36
Oceania (exc. Australia and New Zealand),,2019,36
Oceania (exc. Australia and New Zealand),,2020,36
Oman,OMN,2013,97
Oman,OMN,2014,97
Oman,OMN,2015,97
Oman,OMN,2016,97
Oman,OMN,2017,97
Oman,OMN,2018,97
Oman,OMN,2019,97
Oman,OMN,2020,97
Pakistan,PAK,2007,51
Pakistan,PAK,2008,51
Pakistan,PAK,2009,51
Pakistan,PAK,2010,51
Pakistan,PAK,2011,51
Pakistan,PAK,2012,55
Pakistan,PAK,2013,58
Pakistan,PAK,2014,61
Pakistan,PAK,2015,64
Pakistan,PAK,2016,67
Pakistan,PAK,2017,71
Pakistan,PAK,2018,74
Pakistan,PAK,2019,77
Pakistan,PAK,2020,80
Palestine,PSE,2016,92
Palestine,PSE,2017,92
Palestine,PSE,2018,92
Palestine,PSE,2019,92
Palestine,PSE,2020,92
Papua New Guinea,PNG,2014,30
Papua New Guinea,PNG,2015,30
Papua New Guinea,PNG,2016,30
Papua New Guinea,PNG,2017,30
Papua New Guinea,PNG,2018,30
Papua New Guinea,PNG,2019,30
Papua New Guinea,PNG,2020,30
Paraguay,PRY,2012,80
Paraguay,PRY,2013,80
Paraguay,PRY,2014,80
Paraguay,PRY,2015,80
Paraguay,PRY,2016,80
Paraguay,PRY,2017,80
Paraguay,PRY,2018,80
Paraguay,PRY,2019,80
Paraguay,PRY,2020,80
Philippines,PHL,2011,82
Philippines,PHL,2012,82
Philippines,PHL,2013,82
Philippines,PHL,2014,82
Philippines,PHL,2015,82
Philippines,PHL,2016,82
Philippines,PHL,2017,82
Philippines,PHL,2018,82
Philippines,PHL,2019,82
Philippines,PHL,2020,82
Rwanda,RWA,2000,1
Rwanda,RWA,2001,1
Rwanda,RWA,2002,2
Rwanda,RWA,2003,2
Rwanda,RWA,2004,2
Rwanda,RWA,2005,2
Rwanda,RWA,2006,3
Rwanda,RWA,2007,3
Rwanda,RWA,2008,3
Rwanda,RWA,2009,3
Rwanda,RWA,2010,3
Rwanda,RWA,2011,3
Rwanda,RWA,2012,4
Rwanda,RWA,2013,4
Rwanda,RWA,2014,4
Rwanda,RWA,2015,4
Rwanda,RWA,2016,4
Rwanda,RWA,2017,5
Rwanda,RWA,2018,5
Rwanda,RWA,2019,5
Rwanda,RWA,2020,5
Saint Lucia,LCA,2008,87
Saint Lucia,LCA,2009,87
Saint Lucia,LCA,2010,87
Saint Lucia,LCA,2011,87
Saint Lucia,LCA,2012,87
Saint Lucia,LCA,2013,87
Saint Lucia,LCA,2014,87
Saint Lucia,LCA,2015,87
Saint Lucia,LCA,2016,87
Samoa,WSM,2016,79
Samoa,WSM,2017,79
Samoa,WSM,2018,79
Samoa,WSM,2019,79
Samoa,WSM,2020,79
Sao Tome and Principe,STP,2008,39
Sao Tome and Principe,STP,2009,38
Sao Tome and Principe,STP,2010,38
Sao Tome and Principe,STP,2011,38
Sao Tome and Principe,STP,2012,38
Sao Tome and Principe,STP,2013,40
Sao Tome and Principe,STP,2014,42
Sao Tome and Principe,STP,2015,44
Sao Tome and Principe,STP,2016,46
Sao Tome and Principe,STP,2017,48
Sao Tome and Principe,STP,2018,51
Sao Tome and Principe,STP,2019,53
Sao Tome and Principe,STP,2020,55
Senegal,SEN,2011,21
Senegal,SEN,2012,21
Senegal,SEN,2013,21
Senegal,SEN,2014,21
Senegal,SEN,2015,21
Senegal,SEN,2016,22
Senegal,SEN,2017,22
Senegal,SEN,2018,22
Senegal,SEN,2019,22
Senegal,SEN,2020,22
Serbia,SRB,2006,98
Serbia,SRB,2007,98
Serbia,SRB,2008,98
Serbia,SRB,2009,98
Serbia,SRB,2010,98
Serbia,SRB,2011,98
Serbia,SRB,2012,98
Serbia,SRB,2013,98
Serbia,SRB,2014,98
Sierra Leone,SLE,2004,8
Sierra Leone,SLE,2005,8
Sierra Leone,SLE,2006,8
Sierra Leone,SLE,2007,8
Sierra Leone,SLE,2008,8
Sierra Leone,SLE,2009,9
Sierra Leone,SLE,2010,10
Sierra Leone,SLE,2011,11
Sierra Leone,SLE,2012,12
Sierra Leone,SLE,2013,13
Sierra Leone,SLE,2014,15
Sierra Leone,SLE,2015,16
Sierra Leone,SLE,2016,17
Sierra Leone,SLE,2017,18
Sierra Leone,SLE,2018,19
Sierra Leone,SLE,2019,20
Sierra Leone,SLE,2020,21
Small Island Developing States (SIDS),,2008,54
Small Island Developing States (SIDS),,2009,52
Small Island Developing States (SIDS),,2010,52
Small Island Developing States (SIDS),,2011,53
Small Island Developing States (SIDS),,2012,52
Small Island Developing States (SIDS),,2013,53
Small Island Developing States (SIDS),,2014,53
Small Island Developing States (SIDS),,2015,53
Small Island Developing States (SIDS),,2016,52
Small Island Developing States (SIDS),,2017,52
Small Island Developing States (SIDS),,2018,52
Small Island Developing States (SIDS),,2019,52
Small Island Developing States (SIDS),,2020,52
Solomon Islands,SLB,2011,37
Solomon Islands,SLB,2012,37
Solomon Islands,SLB,2013,37
Solomon Islands,SLB,2014,38
Solomon Islands,SLB,2015,38
Solomon Islands,SLB,2016,38
Solomon Islands,SLB,2017,38
Solomon Islands,SLB,2018,38
Solomon Islands,SLB,2019,39
Somalia,SOM,2013,24
Somalia,SOM,2014,25
Somalia,SOM,2015,25
Somalia,SOM,2016,25
Somalia,SOM,2017,25
Somalia,SOM,2018,25
Somalia,SOM,2019,25
Somalia,SOM,2020,25
South Africa,ZAF,2012,43
South Africa,ZAF,2013,43
South Africa,ZAF,2014,44
South Africa,ZAF,2015,44
South Africa,ZAF,2016,44
South Africa,ZAF,2017,44
South Africa,ZAF,2018,44
South Africa,ZAF,2019,44
South Africa,ZAF,2020,44
South-eastern Asia,,2006,74
South-eastern Asia,,2007,74
South-eastern Asia,,2008,74
South-eastern Asia,,2009,74
South-eastern Asia,,2010,76
South-eastern Asia,,2011,78
South-eastern Asia,,2012,79
South-eastern Asia,,2013,80
South-eastern Asia,,2014,81
South-eastern Asia,,2015,82
South-eastern Asia,,2016,84
South-eastern Asia,,2017,85
South-eastern Asia,,2018,86
South-eastern Asia,,2019,87
South-eastern Asia,,2020,87
Southern Africa,,2012,42
Southern Africa,,2013,42
Southern Africa,,2014,42
Southern Africa,,2015,42
Southern Africa,,2016,42
Southern Africa,,2017,42
Southern Africa,,2018,42
Southern Africa,,2019,42
Southern Africa,,2020,43
Southern Asia,,2010,61
Southern Asia,,2011,61
Southern Asia,,2012,62
Southern Asia,,2013,63
Southern Asia,,2014,64
Southern Asia,,2015,64
Southern Asia,,2016,65
Southern Asia,,2017,66
Southern Asia,,2018,67
Southern Asia,,2019,67
Southern Asia,,2020,68
Sub-Saharan Africa,,2011,22
Sub-Saharan Africa,,2012,25
Sub-Saharan Africa,,2013,25
Sub-Saharan Africa,,2014,24
Sub-Saharan Africa,,2015,25
Sub-Saharan Africa,,2016,25
Sub-Saharan Africa,,2017,26
Sub-Saharan Africa,,2018,26
Sub-Saharan Africa,,2019,26
Sub-Saharan Africa,,2020,26
Sudan,SDN,2008,27
Sudan,SDN,2009,27
Sudan,SDN,2010,27
Sudan,SDN,2011,27
Sudan,SDN,2012,27
Sudan,SDN,2013,25
Sudan,SDN,2014,23
Sudan,SDN,2015,21
Sudan,SDN,2016,20
Sudan,SDN,2017,18
Sudan,SDN,2018,16
Sudan,SDN,2019,14
Sudan,SDN,2020,13
Suriname,SUR,2014,72
Suriname,SUR,2015,72
Suriname,SUR,2016,72
Suriname,SUR,2017,72
Suriname,SUR,2018,72
Suriname,SUR,2019,72
Suriname,SUR,2020,72
Syria,SYR,2014,83
Syria,SYR,2015,83
Syria,SYR,2016,83
Syria,SYR,2017,83
Syria,SYR,2018,83
Syria,SYR,2019,83
Syria,SYR,2020,83
Tajikistan,TJK,2006,72
Tajikistan,TJK,2007,72
Tajikistan,TJK,2008,72
Tajikistan,TJK,2009,72
Tajikistan,TJK,2010,72
Tajikistan,TJK,2011,72
Tajikistan,TJK,2012,72
Tajikistan,TJK,2013,72
Tajikistan,TJK,2014,73
Tajikistan,TJK,2015,73
Tajikistan,TJK,2016,73
Tajikistan,TJK,2017,73
Tajikistan,TJK,2018,73
Tajikistan,TJK,2019,73
Tajikistan,TJK,2020,73
Tanzania,TZA,2012,47
Tanzania,TZA,2013,47
Tanzania,TZA,2014,47
Tanzania,TZA,2015,48
Tanzania,TZA,2016,48
Tanzania,TZA,2017,48
Tanzania,TZA,2018,48
Tanzania,TZA,2019,48
Tanzania,TZA,2020,48
Thailand,THA,2010,85
Thailand,THA,2011,85
Thailand,THA,2012,85
Thailand,THA,2013,85
Thailand,THA,2014,85
Thailand,THA,2015,85
Thailand,THA,2016,85
Thailand,THA,2017,85
Thailand,THA,2018,85
Thailand,THA,2019,85
Thailand,THA,2020,85
Timor,TLS,2012,28
Timor,TLS,2013,28
Timor,TLS,2014,28
Timor,TLS,2015,28
Timor,TLS,2016,28
Timor,TLS,2017,28
Timor,TLS,2018,28
Timor,TLS,2019,28
Timor,TLS,2020,28
Togo,TGO,2004,7
Togo,TGO,2005,7
Togo,TGO,2006,8
Togo,TGO,2007,8
Togo,TGO,2008,8
Togo,TGO,2009,9
Togo,TGO,2010,9
Togo,TGO,2011,10
Togo,TGO,2012,11
Togo,TGO,2013,12
Togo,TGO,2014,13
Togo,TGO,2015,14
Togo,TGO,2016,14
Togo,TGO,2017,15
Togo,TGO,2018,16
Togo,TGO,2019,17
Togo,TGO,2020,17
Tonga,TON,2015,70
Tonga,TON,2016,70
Tonga,TON,2017,70
Tonga,TON,2018,70
Tonga,TON,2019,70
Tonga,TON,2020,70
Trinidad and Tobago,TTO,2007,90
Trinidad and Tobago,TTO,2008,90
Trinidad and Tobago,TTO,2009,90
Trinidad and Tobago,TTO,2010,90
Trinidad and Tobago,TTO,2011,90
Trinidad and Tobago,TTO,2012,90
Trinidad and Tobago,TTO,2013,90
Trinidad and Tobago,TTO,2014,90
Trinidad and Tobago,TTO,2015,90
Tunisia,TUN,2006,87
Tunisia,TUN,2007,87
Tunisia,TUN,2008,87
Tunisia,TUN,2009,87
Tunisia,TUN,2010,87
Tunisia,TUN,2011,87
Tunisia,TUN,2012,86
Tunisia,TUN,2013,86
Tunisia,TUN,2014,86
Tunisia,TUN,2015,86
Tunisia,TUN,2016,85
Tunisia,TUN,2017,85
Tunisia,TUN,2018,85
Tunisia,TUN,2019,84
Tunisia,TUN,2020,84
Turkmenistan,TKM,2000,71
Turkmenistan,TKM,2001,73
Turkmenistan,TKM,2002,74
Turkmenistan,TKM,2003,76
Turkmenistan,TKM,2004,78
Turkmenistan,TKM,2005,80
Turkmenistan,TKM,2006,82
Turkmenistan,TKM,2007,83
Turkmenistan,TKM,2008,85
Turkmenistan,TKM,2009,87
Turkmenistan,TKM,2010,89
Turkmenistan,TKM,2011,91
Turkmenistan,TKM,2012,92
Turkmenistan,TKM,2013,94
Turkmenistan,TKM,2014,96
Turkmenistan,TKM,2015,98
Turkmenistan,TKM,2016,99
Turkmenistan,TKM,2017,100
Turkmenistan,TKM,2018,100
Turkmenistan,TKM,2019,100
Turkmenistan,TKM,2020,100
Uganda,UGA,2000,3
Uganda,UGA,2001,4
Uganda,UGA,2002,5
Uganda,UGA,2003,6
Uganda,UGA,2004,7
Uganda,UGA,2005,8
Uganda,UGA,2006,9
Uganda,UGA,2007,10
Uganda,UGA,2008,11
Uganda,UGA,2009,12
Uganda,UGA,2010,13
Uganda,UGA,2011,14
Uganda,UGA,2012,16
Uganda,UGA,2013,17
Uganda,UGA,2014,18
Uganda,UGA,2015,19
Uganda,UGA,2016,20
Uganda,UGA,2017,21
Uganda,UGA,2018,22
Uganda,UGA,2019,22
Uganda,UGA,2020,23
Vanuatu,VUT,2009,25
Vanuatu,VUT,2010,25
Vanuatu,VUT,2011,25
Vanuatu,VUT,2012,25
Vanuatu,VUT,2013,25
Vanuatu,VUT,2014,25
Vanuatu,VUT,2015,25
Vanuatu,VUT,2016,25
Vanuatu,VUT,2017,25
Vietnam,VNM,2005,85
Vietnam,VNM,2006,85
Vietnam,VNM,2007,85
Vietnam,VNM,2008,85
Vietnam,VNM,2009,85
Vietnam,VNM,2010,85
Vietnam,VNM,2011,85
Vietnam,VNM,2012,85
Vietnam,VNM,2013,86
Vietnam,VNM,2014,86
Vietnam,VNM,2015,86
Vietnam,VNM,2016,86
Vietnam,VNM,2017,86
Vietnam,VNM,2018,86
Vietnam,VNM,2019,86
Vietnam,VNM,2020,86
Western Africa,,2011,26
Western Africa,,2012,27
Western Africa,,2013,27
Western Africa,,2014,27
Western Africa,,2015,27
Western Africa,,2016,27
Western Africa,,2017,27
Western Africa,,2018,28
Western Africa,,2019,28
Western Africa,,2020,28
World,OWID_WRL,2013,65
World,OWID_WRL,2014,66
World,OWID_WRL,2015,67
World,OWID_WRL,2016,68
World,OWID_WRL,2017,68
World,OWID_WRL,2018,69
World,OWID_WRL,2019,70
World,OWID_WRL,2020,71
Yemen,YEM,2009,47
Yemen,YEM,2010,47
Yemen,YEM,2011,47
Yemen,YEM,2012,48
Yemen,YEM,2013,48
Yemen,YEM,2014,48
Yemen,YEM,2015,48
Yemen,YEM,2016,48
Yemen,YEM,2017,49
Zambia,ZMB,2008,17
Zambia,ZMB,2009,17
Zambia,ZMB,2010,17
Zambia,ZMB,2011,17
Zambia,ZMB,2012,17
Zambia,ZMB,2013,17
Zambia,ZMB,2014,17
Zambia,ZMB,2015,17
Zambia,ZMB,2016,18
Zambia,ZMB,2017,18
Zambia,ZMB,2018,18
Zambia,ZMB,2019,18
Zambia,ZMB,2020,18
Zimbabwe,ZWE,2009,43
Zimbabwe,ZWE,2010,43
Zimbabwe,ZWE,2011,43
Zimbabwe,ZWE,2012,43
Zimbabwe,ZWE,2013,43
Zimbabwe,ZWE,2014,42
Zimbabwe,ZWE,2015,42
Zimbabwe,ZWE,2016,42
Zimbabwe,ZWE,2017,42
Zimbabwe,ZWE,2018,42
Zimbabwe,ZWE,2019,42
Zimbabwe,ZWE,2020,42