Entity,Code,Year,wat_sm
Afghanistan,AFG,2000,10.93
Afghanistan,AFG,2001,10.94
Afghanistan,AFG,2002,11.73
Afghanistan,AFG,2003,12.51
Afghanistan,AFG,2004,13.31
Afghanistan,AFG,2005,14.11
Afghanistan,AFG,2006,14.91
Afghanistan,AFG,2007,16.09
Afghanistan,AFG,2008,17.32
Afghanistan,AFG,2009,18.26
Afghanistan,AFG,2010,19.12
Afghanistan,AFG,2011,19.97
Afghanistan,AFG,2012,20.82
Afghanistan,AFG,2013,21.67
Afghanistan,AFG,2014,22.52
Afghanistan,AFG,2015,23.38
Afghanistan,AFG,2016,24.23
Afghanistan,AFG,2017,25.08
Afghanistan,AFG,2018,25.94
Afghanistan,AFG,2019,26.8
Afghanistan,AFG,2020,27.59
Albania,ALB,2000,49.14
Albania,ALB,2001,49.08
Albania,ALB,2002,48.98
Albania,ALB,2003,48.89
Albania,ALB,2004,50.72
Albania,ALB,2005,52.58
Albania,ALB,2006,54.47
Albania,ALB,2007,56.38
Albania,ALB,2008,58.33
Albania,ALB,2009,60.3
Albania,ALB,2010,62.3
Albania,ALB,2011,64.33
Albania,ALB,2012,66.38
Albania,ALB,2013,68.46
Albania,ALB,2014,70.56
Albania,ALB,2015,70.59
Albania,ALB,2016,70.62
Albania,ALB,2017,70.64
Albania,ALB,2018,70.65
Albania,ALB,2019,70.67
Albania,ALB,2020,70.67
Algeria,DZA,2000,70.08
Algeria,DZA,2001,70.64
Algeria,DZA,2002,71.19
Algeria,DZA,2003,71.73
Algeria,DZA,2004,72.25
Algeria,DZA,2005,72.75
Algeria,DZA,2006,73.24
Algeria,DZA,2007,73.72
Algeria,DZA,2008,74.18
Algeria,DZA,2009,74.63
Algeria,DZA,2010,75.06
Algeria,DZA,2011,75.47
Algeria,DZA,2012,75.87
Algeria,DZA,2013,76.25
Algeria,DZA,2014,75.97
Algeria,DZA,2015,75.53
Algeria,DZA,2016,75.07
Algeria,DZA,2017,74.57
Algeria,DZA,2018,73.88
Algeria,DZA,2019,73.14
Algeria,DZA,2020,72.38
American Samoa,ASM,2000,77.83
American Samoa,ASM,2001,79.03
American Samoa,ASM,2002,80.24
American Samoa,ASM,2003,81.45
American Samoa,ASM,2004,82.66
American Samoa,ASM,2005,83.87
American Samoa,ASM,2006,85.08
American Samoa,ASM,2007,86.29
American Samoa,ASM,2008,87.51
American Samoa,ASM,2009,88.73
American Samoa,ASM,2010,89.95
American Samoa,ASM,2011,91.17
American Samoa,ASM,2012,92.39
American Samoa,ASM,2013,93.62
American Samoa,ASM,2014,94.84
American Samoa,ASM,2015,96.07
American Samoa,ASM,2016,97.3
American Samoa,ASM,2017,98.36
American Samoa,ASM,2018,98.36
American Samoa,ASM,2019,98.36
American Samoa,ASM,2020,98.36
Andorra,AND,2000,90.64
Andorra,AND,2001,90.64
Andorra,AND,2002,90.64
Andorra,AND,2003,90.64
Andorra,AND,2004,90.64
Andorra,AND,2005,90.64
Andorra,AND,2006,90.64
Andorra,AND,2007,90.64
Andorra,AND,2008,90.64
Andorra,AND,2009,90.64
Andorra,AND,2010,90.64
Andorra,AND,2011,90.64
Andorra,AND,2012,90.64
Andorra,AND,2013,90.64
Andorra,AND,2014,90.64
Andorra,AND,2015,90.64
Andorra,AND,2016,90.64
Andorra,AND,2017,90.64
Andorra,AND,2018,90.64
Andorra,AND,2019,90.64
Andorra,AND,2020,90.64
Armenia,ARM,2000,79.88
Armenia,ARM,2001,80
Armenia,ARM,2002,80.13
Armenia,ARM,2003,80.26
Armenia,ARM,2004,80.39
Armenia,ARM,2005,80.52
Armenia,ARM,2006,80.65
Armenia,ARM,2007,80.78
Armenia,ARM,2008,80.91
Armenia,ARM,2009,81.05
Armenia,ARM,2010,81.18
Armenia,ARM,2011,81.8
Armenia,ARM,2012,82.41
Armenia,ARM,2013,83.03
Armenia,ARM,2014,83.64
Armenia,ARM,2015,84.13
Armenia,ARM,2016,84.62
Armenia,ARM,2017,85.42
Armenia,ARM,2018,85.92
Armenia,ARM,2019,86.42
Armenia,ARM,2020,86.91
Austria,AUT,2000,96.45
Austria,AUT,2001,96.66
Austria,AUT,2002,96.87
Austria,AUT,2003,97.07
Austria,AUT,2004,97.28
Austria,AUT,2005,97.49
Austria,AUT,2006,97.69
Austria,AUT,2007,97.9
Austria,AUT,2008,98.1
Austria,AUT,2009,98.31
Austria,AUT,2010,98.52
Austria,AUT,2011,98.72
Austria,AUT,2012,98.91
Austria,AUT,2013,98.91
Austria,AUT,2014,98.91
Austria,AUT,2015,98.91
Austria,AUT,2016,98.91
Austria,AUT,2017,98.91
Austria,AUT,2018,98.9
Austria,AUT,2019,98.9
Austria,AUT,2020,98.9
Azerbaijan,AZE,2000,57.84
Azerbaijan,AZE,2001,59.61
Azerbaijan,AZE,2002,61.4
Azerbaijan,AZE,2003,63.22
Azerbaijan,AZE,2004,65.06
Azerbaijan,AZE,2005,66.93
Azerbaijan,AZE,2006,68.83
Azerbaijan,AZE,2007,70.75
Azerbaijan,AZE,2008,72.69
Azerbaijan,AZE,2009,74.66
Azerbaijan,AZE,2010,76.67
Azerbaijan,AZE,2011,78.69
Azerbaijan,AZE,2012,80.47
Azerbaijan,AZE,2013,81.96
Azerbaijan,AZE,2014,83.47
Azerbaijan,AZE,2015,85
Azerbaijan,AZE,2016,85.69
Azerbaijan,AZE,2017,86.39
Azerbaijan,AZE,2018,87.08
Azerbaijan,AZE,2019,87.74
Azerbaijan,AZE,2020,88.32
Bahrain,BHR,2000,98.83
Bahrain,BHR,2001,98.85
Bahrain,BHR,2002,98.87
Bahrain,BHR,2003,98.88
Bahrain,BHR,2004,98.9
Bahrain,BHR,2005,98.91
Bahrain,BHR,2006,98.93
Bahrain,BHR,2007,98.94
Bahrain,BHR,2008,98.95
Bahrain,BHR,2009,98.96
Bahrain,BHR,2010,98.97
Bahrain,BHR,2011,98.98
Bahrain,BHR,2012,98.98
Bahrain,BHR,2013,98.98
Bahrain,BHR,2014,98.98
Bahrain,BHR,2015,98.98
Bahrain,BHR,2016,98.98
Bahrain,BHR,2017,98.98
Bahrain,BHR,2018,98.98
Bahrain,BHR,2019,98.98
Bahrain,BHR,2020,98.98
Bangladesh,BGD,2000,55.27
Bangladesh,BGD,2001,55.27
Bangladesh,BGD,2002,55.25
Bangladesh,BGD,2003,55.22
Bangladesh,BGD,2004,55.19
Bangladesh,BGD,2005,55.15
Bangladesh,BGD,2006,55.11
Bangladesh,BGD,2007,55.07
Bangladesh,BGD,2008,55.02
Bangladesh,BGD,2009,54.98
Bangladesh,BGD,2010,54.92
Bangladesh,BGD,2011,54.87
Bangladesh,BGD,2012,55.21
Bangladesh,BGD,2013,55.57
Bangladesh,BGD,2014,55.94
Bangladesh,BGD,2015,56.33
Bangladesh,BGD,2016,56.73
Bangladesh,BGD,2017,57.15
Bangladesh,BGD,2018,57.59
Bangladesh,BGD,2019,58.04
Bangladesh,BGD,2020,58.51
Belarus,BLR,2000,80.61
Belarus,BLR,2001,80.8
Belarus,BLR,2002,80.98
Belarus,BLR,2003,81.16
Belarus,BLR,2004,82.53
Belarus,BLR,2005,83.86
Belarus,BLR,2006,85.16
Belarus,BLR,2007,86.43
Belarus,BLR,2008,87.66
Belarus,BLR,2009,88.87
Belarus,BLR,2010,90.05
Belarus,BLR,2011,91.21
Belarus,BLR,2012,92.33
Belarus,BLR,2013,93.41
Belarus,BLR,2014,94.46
Belarus,BLR,2015,94.49
Belarus,BLR,2016,94.51
Belarus,BLR,2017,94.54
Belarus,BLR,2018,94.56
Belarus,BLR,2019,94.59
Belarus,BLR,2020,94.61
Belgium,BEL,2000,99.42
Belgium,BEL,2001,99.42
Belgium,BEL,2002,99.42
Belgium,BEL,2003,99.42
Belgium,BEL,2004,99.42
Belgium,BEL,2005,99.42
Belgium,BEL,2006,99.42
Belgium,BEL,2007,99.42
Belgium,BEL,2008,99.42
Belgium,BEL,2009,99.42
Belgium,BEL,2010,99.47
Belgium,BEL,2011,99.52
Belgium,BEL,2012,99.57
Belgium,BEL,2013,99.62
Belgium,BEL,2014,99.67
Belgium,BEL,2015,99.72
Belgium,BEL,2016,99.77
Belgium,BEL,2017,99.81
Belgium,BEL,2018,99.86
Belgium,BEL,2019,99.91
Belgium,BEL,2020,99.91
Bhutan,BTN,2000,28.71
Bhutan,BTN,2001,29.25
Bhutan,BTN,2002,29.8
Bhutan,BTN,2003,30.34
Bhutan,BTN,2004,30.89
Bhutan,BTN,2005,31.42
Bhutan,BTN,2006,31.85
Bhutan,BTN,2007,32.28
Bhutan,BTN,2008,32.7
Bhutan,BTN,2009,33.12
Bhutan,BTN,2010,33.54
Bhutan,BTN,2011,33.96
Bhutan,BTN,2012,34.37
Bhutan,BTN,2013,34.77
Bhutan,BTN,2014,35.17
Bhutan,BTN,2015,35.56
Bhutan,BTN,2016,35.89
Bhutan,BTN,2017,36.16
Bhutan,BTN,2018,36.33
Bhutan,BTN,2019,36.49
Bhutan,BTN,2020,36.65
Bosnia and Herzegovina,BIH,2000,87.35
Bosnia and Herzegovina,BIH,2001,87.47
Bosnia and Herzegovina,BIH,2002,87.59
Bosnia and Herzegovina,BIH,2003,87.72
Bosnia and Herzegovina,BIH,2004,87.84
Bosnia and Herzegovina,BIH,2005,87.95
Bosnia and Herzegovina,BIH,2006,88.07
Bosnia and Herzegovina,BIH,2007,88.19
Bosnia and Herzegovina,BIH,2008,88.31
Bosnia and Herzegovina,BIH,2009,88.42
Bosnia and Herzegovina,BIH,2010,88.54
Bosnia and Herzegovina,BIH,2011,88.65
Bosnia and Herzegovina,BIH,2012,88.7
Bosnia and Herzegovina,BIH,2013,88.8
Bosnia and Herzegovina,BIH,2014,88.82
Bosnia and Herzegovina,BIH,2015,88.83
Bosnia and Herzegovina,BIH,2016,88.83
Bosnia and Herzegovina,BIH,2017,88.84
Bosnia and Herzegovina,BIH,2018,88.85
Bosnia and Herzegovina,BIH,2019,88.86
Bosnia and Herzegovina,BIH,2020,88.87
Brazil,BRA,2000,76
Brazil,BRA,2001,76.56
Brazil,BRA,2002,77.05
Brazil,BRA,2003,77.33
Brazil,BRA,2004,77.6
Brazil,BRA,2005,77.87
Brazil,BRA,2006,78.14
Brazil,BRA,2007,78.4
Brazil,BRA,2008,78.65
Brazil,BRA,2009,78.9
Brazil,BRA,2010,79.15
Brazil,BRA,2011,79.39
Brazil,BRA,2012,79.62
Brazil,BRA,2013,80.41
Brazil,BRA,2014,81.2
Brazil,BRA,2015,81.98
Brazil,BRA,2016,82.69
Brazil,BRA,2017,83.53
Brazil,BRA,2018,84.29
Brazil,BRA,2019,85.06
Brazil,BRA,2020,85.77
Bulgaria,BGR,2000,89.71
Bulgaria,BGR,2001,90.22
Bulgaria,BGR,2002,90.73
Bulgaria,BGR,2003,91.25
Bulgaria,BGR,2004,91.76
Bulgaria,BGR,2005,92.27
Bulgaria,BGR,2006,92.79
Bulgaria,BGR,2007,93.3
Bulgaria,BGR,2008,93.82
Bulgaria,BGR,2009,94.33
Bulgaria,BGR,2010,94.85
Bulgaria,BGR,2011,95.36
Bulgaria,BGR,2012,95.88
Bulgaria,BGR,2013,96.39
Bulgaria,BGR,2014,96.91
Bulgaria,BGR,2015,97.25
Bulgaria,BGR,2016,97.32
Bulgaria,BGR,2017,97.4
Bulgaria,BGR,2018,97.47
Bulgaria,BGR,2019,97.54
Bulgaria,BGR,2020,97.62
Cambodia,KHM,2000,17.03
Cambodia,KHM,2001,17.5
Cambodia,KHM,2002,17.97
Cambodia,KHM,2003,18.44
Cambodia,KHM,2004,18.91
Cambodia,KHM,2005,19.38
Cambodia,KHM,2006,19.85
Cambodia,KHM,2007,20.33
Cambodia,KHM,2008,20.82
Cambodia,KHM,2009,21.38
Cambodia,KHM,2010,21.94
Cambodia,KHM,2011,22.51
Cambodia,KHM,2012,23.08
Cambodia,KHM,2013,23.66
Cambodia,KHM,2014,24.24
Cambodia,KHM,2015,24.82
Cambodia,KHM,2016,25.41
Cambodia,KHM,2017,26
Cambodia,KHM,2018,26.6
Cambodia,KHM,2019,27.2
Cambodia,KHM,2020,27.76
Canada,CAN,2000,98.17
Canada,CAN,2001,98.18
Canada,CAN,2002,98.18
Canada,CAN,2003,98.18
Canada,CAN,2004,98.18
Canada,CAN,2005,98.24
Canada,CAN,2006,98.3
Canada,CAN,2007,98.36
Canada,CAN,2008,98.42
Canada,CAN,2009,98.48
Canada,CAN,2010,98.54
Canada,CAN,2011,98.6
Canada,CAN,2012,98.65
Canada,CAN,2013,98.71
Canada,CAN,2014,98.76
Canada,CAN,2015,98.82
Canada,CAN,2016,98.87
Canada,CAN,2017,98.93
Canada,CAN,2018,98.98
Canada,CAN,2019,99.04
Canada,CAN,2020,99.04
Central African Republic,CAF,2000,8.53
Central African Republic,CAF,2001,8.4
Central African Republic,CAF,2002,8.26
Central African Republic,CAF,2003,8.13
Central African Republic,CAF,2004,7.99
Central African Republic,CAF,2005,7.86
Central African Republic,CAF,2006,7.74
Central African Republic,CAF,2007,7.61
Central African Republic,CAF,2008,7.49
Central African Republic,CAF,2009,7.37
Central African Republic,CAF,2010,7.25
Central African Republic,CAF,2011,7.14
Central African Republic,CAF,2012,7.02
Central African Republic,CAF,2013,6.91
Central African Republic,CAF,2014,6.8
Central African Republic,CAF,2015,6.7
Central African Republic,CAF,2016,6.59
Central African Republic,CAF,2017,6.49
Central African Republic,CAF,2018,6.39
Central African Republic,CAF,2019,6.28
Central African Republic,CAF,2020,6.18
Central and Southern Asia,,2000,46.06
Central and Southern Asia,,2001,46.81
Central and Southern Asia,,2002,47.59
Central and Southern Asia,,2003,48.37
Central and Southern Asia,,2004,49.16
Central and Southern Asia,,2005,49.91
Central and Southern Asia,,2006,50.68
Central and Southern Asia,,2007,51.46
Central and Southern Asia,,2008,52.23
Central and Southern Asia,,2009,53.02
Central and Southern Asia,,2010,53.8
Central and Southern Asia,,2011,54.58
Central and Southern Asia,,2012,55.44
Central and Southern Asia,,2013,56.3
Central and Southern Asia,,2014,57.15
Central and Southern Asia,,2015,58.01
Central and Southern Asia,,2016,58.87
Central and Southern Asia,,2017,59.73
Central and Southern Asia,,2018,60.57
Central and Southern Asia,,2019,61.47
Central and Southern Asia,,2020,62.36
Chad,TCD,2000,5.64
Chad,TCD,2001,5.64
Chad,TCD,2002,5.64
Chad,TCD,2003,5.64
Chad,TCD,2004,5.63
Chad,TCD,2005,5.63
Chad,TCD,2006,5.62
Chad,TCD,2007,5.62
Chad,TCD,2008,5.61
Chad,TCD,2009,5.6
Chad,TCD,2010,5.59
Chad,TCD,2011,5.58
Chad,TCD,2012,5.57
Chad,TCD,2013,5.57
Chad,TCD,2014,5.57
Chad,TCD,2015,5.56
Chad,TCD,2016,5.57
Chad,TCD,2017,5.57
Chad,TCD,2018,5.57
Chad,TCD,2019,5.58
Chad,TCD,2020,5.59
Channel Islands,OWID_CIS,2009,91.97
Channel Islands,OWID_CIS,2010,91.97
Channel Islands,OWID_CIS,2011,91.97
Channel Islands,OWID_CIS,2012,91.97
Channel Islands,OWID_CIS,2013,91.97
Channel Islands,OWID_CIS,2014,91.97
Channel Islands,OWID_CIS,2015,91.97
Channel Islands,OWID_CIS,2016,91.97
Channel Islands,OWID_CIS,2017,91.97
Chile,CHL,2000,92.09
Chile,CHL,2001,92.59
Chile,CHL,2002,93.07
Chile,CHL,2003,93.48
Chile,CHL,2004,93.88
Chile,CHL,2005,94.29
Chile,CHL,2006,94.71
Chile,CHL,2007,95.12
Chile,CHL,2008,95.54
Chile,CHL,2009,95.96
Chile,CHL,2010,96.38
Chile,CHL,2011,96.8
Chile,CHL,2012,97.23
Chile,CHL,2013,97.66
Chile,CHL,2014,98.09
Chile,CHL,2015,98.38
Chile,CHL,2016,98.58
Chile,CHL,2017,98.77
Chile,CHL,2018,98.77
Chile,CHL,2019,98.77
Chile,CHL,2020,98.77
Colombia,COL,2000,68.81
Colombia,COL,2001,69.16
Colombia,COL,2002,69.51
Colombia,COL,2003,69.85
Colombia,COL,2004,70.19
Colombia,COL,2005,70.53
Colombia,COL,2006,70.86
Colombia,COL,2007,71.06
Colombia,COL,2008,71.26
Colombia,COL,2009,71.45
Colombia,COL,2010,71.64
Colombia,COL,2011,71.82
Colombia,COL,2012,71.99
Colombia,COL,2013,72.16
Colombia,COL,2014,72.32
Colombia,COL,2015,72.48
Colombia,COL,2016,72.63
Colombia,COL,2017,72.75
Colombia,COL,2018,72.89
Colombia,COL,2019,72.95
Colombia,COL,2020,73.01
Congo,COG,2000,27.42
Congo,COG,2001,27.58
Congo,COG,2002,27.78
Congo,COG,2003,27.98
Congo,COG,2004,29.58
Congo,COG,2005,31.2
Congo,COG,2006,32.84
Congo,COG,2007,34.5
Congo,COG,2008,36.19
Congo,COG,2009,37.9
Congo,COG,2010,39.63
Congo,COG,2011,41.39
Congo,COG,2012,42.43
Congo,COG,2013,43.01
Congo,COG,2014,43.6
Congo,COG,2015,44.18
Congo,COG,2016,44.77
Congo,COG,2017,45.35
Congo,COG,2018,45.54
Congo,COG,2019,45.72
Congo,COG,2020,45.9
Costa Rica,CRI,2000,76.29
Costa Rica,CRI,2001,76.66
Costa Rica,CRI,2002,77.01
Costa Rica,CRI,2003,77.35
Costa Rica,CRI,2004,77.67
Costa Rica,CRI,2005,77.97
Costa Rica,CRI,2006,78.26
Costa Rica,CRI,2007,78.54
Costa Rica,CRI,2008,78.8
Costa Rica,CRI,2009,79.05
Costa Rica,CRI,2010,79.28
Costa Rica,CRI,2011,79.5
Costa Rica,CRI,2012,79.7
Costa Rica,CRI,2013,79.89
Costa Rica,CRI,2014,80.07
Costa Rica,CRI,2015,80.24
Costa Rica,CRI,2016,80.4
Costa Rica,CRI,2017,80.53
Costa Rica,CRI,2018,80.53
Costa Rica,CRI,2019,80.52
Costa Rica,CRI,2020,80.52
Cote d'Ivoire,CIV,2000,34.21
Cote d'Ivoire,CIV,2001,34.25
Cote d'Ivoire,CIV,2002,34.3
Cote d'Ivoire,CIV,2003,34.34
Cote d'Ivoire,CIV,2004,34.39
Cote d'Ivoire,CIV,2005,34.44
Cote d'Ivoire,CIV,2006,34.48
Cote d'Ivoire,CIV,2007,34.53
Cote d'Ivoire,CIV,2008,34.57
Cote d'Ivoire,CIV,2009,34.62
Cote d'Ivoire,CIV,2010,34.67
Cote d'Ivoire,CIV,2011,34.71
Cote d'Ivoire,CIV,2012,34.76
Cote d'Ivoire,CIV,2013,34.81
Cote d'Ivoire,CIV,2014,34.86
Cote d'Ivoire,CIV,2015,34.91
Cote d'Ivoire,CIV,2016,34.96
Cote d'Ivoire,CIV,2017,35.02
Cote d'Ivoire,CIV,2018,35.08
Cote d'Ivoire,CIV,2019,35.14
Cote d'Ivoire,CIV,2020,35.2
Croatia,HRV,2000,81.84
Croatia,HRV,2001,81.89
Croatia,HRV,2002,81.93
Croatia,HRV,2003,81.97
Croatia,HRV,2004,82.02
Croatia,HRV,2005,82.06
Croatia,HRV,2006,82.1
Croatia,HRV,2007,82.14
Cyprus,CYP,2000,95.64
Cyprus,CYP,2001,95.64
Cyprus,CYP,2002,95.64
Cyprus,CYP,2003,95.64
Cyprus,CYP,2004,95.93
Cyprus,CYP,2005,96.22
Cyprus,CYP,2006,96.52
Cyprus,CYP,2007,96.81
Cyprus,CYP,2008,97.11
Cyprus,CYP,2009,97.4
Cyprus,CYP,2010,97.7
Cyprus,CYP,2011,97.99
Cyprus,CYP,2012,98.28
Cyprus,CYP,2013,98.58
Cyprus,CYP,2014,98.87
Cyprus,CYP,2015,99.17
Cyprus,CYP,2016,99.46
Cyprus,CYP,2017,99.75
Cyprus,CYP,2018,99.77
Cyprus,CYP,2019,99.77
Cyprus,CYP,2020,99.77
Czechia,CZE,2000,96.32
Czechia,CZE,2001,96.32
Czechia,CZE,2002,96.44
Czechia,CZE,2003,96.55
Czechia,CZE,2004,96.67
Czechia,CZE,2005,96.79
Czechia,CZE,2006,96.91
Czechia,CZE,2007,97.03
Czechia,CZE,2008,97.15
Czechia,CZE,2009,97.27
Czechia,CZE,2010,97.39
Czechia,CZE,2011,97.51
Czechia,CZE,2012,97.64
Czechia,CZE,2013,97.76
Czechia,CZE,2014,97.88
Czechia,CZE,2015,97.88
Czechia,CZE,2016,97.88
Czechia,CZE,2017,97.88
Czechia,CZE,2018,97.88
Czechia,CZE,2019,97.88
Czechia,CZE,2020,97.88
Democratic Republic of Congo,COD,2000,10
Democratic Republic of Congo,COD,2001,10.35
Democratic Republic of Congo,COD,2002,10.71
Democratic Republic of Congo,COD,2003,11.08
Democratic Republic of Congo,COD,2004,11.46
Democratic Republic of Congo,COD,2005,11.84
Democratic Republic of Congo,COD,2006,12.24
Democratic Republic of Congo,COD,2007,12.65
Democratic Republic of Congo,COD,2008,13.07
Democratic Republic of Congo,COD,2009,13.49
Democratic Republic of Congo,COD,2010,13.94
Democratic Republic of Congo,COD,2011,14.39
Democratic Republic of Congo,COD,2012,14.85
Democratic Republic of Congo,COD,2013,15.33
Democratic Republic of Congo,COD,2014,15.81
Democratic Republic of Congo,COD,2015,16.31
Democratic Republic of Congo,COD,2016,16.82
Democratic Republic of Congo,COD,2017,17.34
Democratic Republic of Congo,COD,2018,17.88
Democratic Republic of Congo,COD,2019,18.43
Democratic Republic of Congo,COD,2020,18.99
Denmark,DNK,2000,93.9
Denmark,DNK,2001,93.9
Denmark,DNK,2002,93.9
Denmark,DNK,2003,93.9
Denmark,DNK,2004,94.31
Denmark,DNK,2005,94.73
Denmark,DNK,2006,95.14
Denmark,DNK,2007,95.56
Denmark,DNK,2008,95.97
Denmark,DNK,2009,96.39
Denmark,DNK,2010,96.75
Denmark,DNK,2011,96.74
Denmark,DNK,2012,96.74
Denmark,DNK,2013,96.74
Denmark,DNK,2014,96.74
Denmark,DNK,2015,96.74
Denmark,DNK,2016,96.74
Denmark,DNK,2017,96.73
Denmark,DNK,2018,96.73
Denmark,DNK,2019,96.73
Denmark,DNK,2020,96.73
Ecuador,ECU,2000,58.2
Ecuador,ECU,2001,58.76
Ecuador,ECU,2002,59.27
Ecuador,ECU,2003,59.74
Ecuador,ECU,2004,60.22
Ecuador,ECU,2005,60.7
Ecuador,ECU,2006,61.17
Ecuador,ECU,2007,61.65
Ecuador,ECU,2008,62.12
Ecuador,ECU,2009,62.6
Ecuador,ECU,2010,63.07
Ecuador,ECU,2011,63.54
Ecuador,ECU,2012,64
Ecuador,ECU,2013,64.46
Ecuador,ECU,2014,64.92
Ecuador,ECU,2015,65.37
Ecuador,ECU,2016,65.83
Ecuador,ECU,2017,66.18
Ecuador,ECU,2018,66.39
Ecuador,ECU,2019,66.61
Ecuador,ECU,2020,66.83
Estonia,EST,2000,93.58
Estonia,EST,2001,93.76
Estonia,EST,2002,93.94
Estonia,EST,2003,94.12
Estonia,EST,2004,94.3
Estonia,EST,2005,94.49
Estonia,EST,2006,94.67
Estonia,EST,2007,95.21
Estonia,EST,2008,95.37
Estonia,EST,2009,95.53
Estonia,EST,2010,95.7
Estonia,EST,2011,95.86
Estonia,EST,2012,96.02
Estonia,EST,2013,96.15
Estonia,EST,2014,96.11
Estonia,EST,2015,96.08
Estonia,EST,2016,95.84
Estonia,EST,2017,95.83
Estonia,EST,2018,95.81
Estonia,EST,2019,95.79
Estonia,EST,2020,95.76
Ethiopia,ETH,2000,4.98
Ethiopia,ETH,2001,5.36
Ethiopia,ETH,2002,5.54
Ethiopia,ETH,2003,5.73
Ethiopia,ETH,2004,5.94
Ethiopia,ETH,2005,6.16
Ethiopia,ETH,2006,6.41
Ethiopia,ETH,2007,6.67
Ethiopia,ETH,2008,7.02
Ethiopia,ETH,2009,7.39
Ethiopia,ETH,2010,7.78
Ethiopia,ETH,2011,8.18
Ethiopia,ETH,2012,8.6
Ethiopia,ETH,2013,9.04
Ethiopia,ETH,2014,9.49
Ethiopia,ETH,2015,9.96
Ethiopia,ETH,2016,10.45
Ethiopia,ETH,2017,10.96
Ethiopia,ETH,2018,11.48
Ethiopia,ETH,2019,12.02
Ethiopia,ETH,2020,12.58
Finland,FIN,2000,93.49
Finland,FIN,2001,93.93
Finland,FIN,2002,94.37
Finland,FIN,2003,94.81
Finland,FIN,2004,95.24
Finland,FIN,2005,95.68
Finland,FIN,2006,96.12
Finland,FIN,2007,96.56
Finland,FIN,2008,97
Finland,FIN,2009,97.43
Finland,FIN,2010,97.87
Finland,FIN,2011,98.31
Finland,FIN,2012,98.75
Finland,FIN,2013,99.19
Finland,FIN,2014,99.63
Finland,FIN,2015,99.63
Finland,FIN,2016,99.63
Finland,FIN,2017,99.63
Finland,FIN,2018,99.63
Finland,FIN,2019,99.64
Finland,FIN,2020,99.64
Fragile or Extremely Fragile,,2000,37.46
Fragile or Extremely Fragile,,2001,37.65
Fragile or Extremely Fragile,,2002,37.84
Fragile or Extremely Fragile,,2003,38.04
Fragile or Extremely Fragile,,2004,38.23
Fragile or Extremely Fragile,,2005,38.42
Fragile or Extremely Fragile,,2006,38.61
Fragile or Extremely Fragile,,2007,38.79
Fragile or Extremely Fragile,,2008,38.99
Fragile or Extremely Fragile,,2009,39.19
Fragile or Extremely Fragile,,2010,39.39
Fragile or Extremely Fragile,,2011,39.53
Fragile or Extremely Fragile,,2012,39.79
Fragile or Extremely Fragile,,2013,40.11
Fragile or Extremely Fragile,,2014,40.44
Fragile or Extremely Fragile,,2015,40.78
Fragile or Extremely Fragile,,2016,41.12
Fragile or Extremely Fragile,,2017,41.45
Fragile or Extremely Fragile,,2018,41.79
Fragile or Extremely Fragile,,2019,42.17
Fragile or Extremely Fragile,,2020,42.51
France,FRA,2000,96.44
France,FRA,2001,96.45
France,FRA,2002,96.46
France,FRA,2003,96.47
France,FRA,2004,96.65
France,FRA,2005,96.84
France,FRA,2006,97.03
France,FRA,2007,97.22
France,FRA,2008,97.41
France,FRA,2009,97.59
France,FRA,2010,97.78
France,FRA,2011,97.97
France,FRA,2012,98.15
France,FRA,2013,98.34
France,FRA,2014,98.53
France,FRA,2015,98.71
France,FRA,2016,98.89
France,FRA,2017,99.07
France,FRA,2018,99.25
France,FRA,2019,99.25
France,FRA,2020,99.25
French Guiana,GUF,2001,89.51
French Guiana,GUF,2002,89.51
French Guiana,GUF,2003,89.51
French Guiana,GUF,2004,89.51
French Guiana,GUF,2005,89.51
French Guiana,GUF,2006,89.59
French Guiana,GUF,2007,89.66
French Guiana,GUF,2008,89.74
French Guiana,GUF,2009,89.81
French Guiana,GUF,2010,89.89
French Guiana,GUF,2011,89.96
French Guiana,GUF,2012,90.04
French Guiana,GUF,2013,90.11
French Guiana,GUF,2014,90.19
French Guiana,GUF,2015,90.26
French Guiana,GUF,2016,90.34
French Guiana,GUF,2017,90.41
French Guiana,GUF,2018,90.49
French Guiana,GUF,2019,90.56
French Guiana,GUF,2020,90.56
French Polynesia,PYF,2000,91.77
French Polynesia,PYF,2001,91.77
French Polynesia,PYF,2002,91.77
French Polynesia,PYF,2003,91.77
French Polynesia,PYF,2004,91.77
French Polynesia,PYF,2005,91.77
French Polynesia,PYF,2006,91.77
French Polynesia,PYF,2007,91.77
French Polynesia,PYF,2008,91.77
French Polynesia,PYF,2009,91.77
French Polynesia,PYF,2010,91.77
French Polynesia,PYF,2011,90.98
French Polynesia,PYF,2012,90.19
French Polynesia,PYF,2013,89.39
French Polynesia,PYF,2014,88.6
French Polynesia,PYF,2015,87.81
French Polynesia,PYF,2016,87.02
French Polynesia,PYF,2017,86.23
French Polynesia,PYF,2018,85.44
French Polynesia,PYF,2019,84.65
French Polynesia,PYF,2020,83.86
Gambia,GMB,2000,23.5
Gambia,GMB,2001,24.5
Gambia,GMB,2002,25.52
Gambia,GMB,2003,26.55
Gambia,GMB,2004,27.53
Gambia,GMB,2005,28.53
Gambia,GMB,2006,29.54
Gambia,GMB,2007,30.57
Gambia,GMB,2008,31.61
Gambia,GMB,2009,32.67
Gambia,GMB,2010,33.75
Gambia,GMB,2011,34.83
Gambia,GMB,2012,35.94
Gambia,GMB,2013,37.05
Gambia,GMB,2014,38.18
Gambia,GMB,2015,39.32
Gambia,GMB,2016,40.47
Gambia,GMB,2017,41.63
Gambia,GMB,2018,42.8
Gambia,GMB,2019,43.98
Gambia,GMB,2020,44.72
Georgia,GEO,2000,62.25
Georgia,GEO,2001,62.2
Georgia,GEO,2002,62.28
Georgia,GEO,2003,62.51
Georgia,GEO,2004,62.74
Georgia,GEO,2005,62.97
Georgia,GEO,2006,63.2
Georgia,GEO,2007,63.42
Georgia,GEO,2008,63.65
Georgia,GEO,2009,63.88
Georgia,GEO,2010,64.1
Georgia,GEO,2011,64.33
Georgia,GEO,2012,64.55
Georgia,GEO,2013,64.77
Georgia,GEO,2014,64.99
Georgia,GEO,2015,65.21
Georgia,GEO,2016,65.44
Georgia,GEO,2017,65.66
Georgia,GEO,2018,65.89
Georgia,GEO,2019,66.12
Georgia,GEO,2020,66.35
Germany,DEU,2000,99.82
Germany,DEU,2001,99.82
Germany,DEU,2002,99.82
Germany,DEU,2003,99.82
Germany,DEU,2004,99.84
Germany,DEU,2005,99.85
Germany,DEU,2006,99.86
Germany,DEU,2007,99.87
Germany,DEU,2008,99.88
Germany,DEU,2009,99.89
Germany,DEU,2010,99.9
Germany,DEU,2011,99.91
Germany,DEU,2012,99.93
Germany,DEU,2013,99.94
Germany,DEU,2014,99.95
Germany,DEU,2015,99.96
Germany,DEU,2016,99.97
Germany,DEU,2017,99.98
Germany,DEU,2018,99.99
Germany,DEU,2019,99.99
Germany,DEU,2020,99.99
Ghana,GHA,2000,13.28
Ghana,GHA,2001,13.56
Ghana,GHA,2002,14.52
Ghana,GHA,2003,15.77
Ghana,GHA,2004,17.06
Ghana,GHA,2005,18.38
Ghana,GHA,2006,19.72
Ghana,GHA,2007,21.09
Ghana,GHA,2008,22.5
Ghana,GHA,2009,23.93
Ghana,GHA,2010,25.39
Ghana,GHA,2011,26.87
Ghana,GHA,2012,28.39
Ghana,GHA,2013,29.93
Ghana,GHA,2014,31.49
Ghana,GHA,2015,33.09
Ghana,GHA,2016,34.7
Ghana,GHA,2017,36.34
Ghana,GHA,2018,38.01
Ghana,GHA,2019,39.7
Ghana,GHA,2020,41.41
Gibraltar,GIB,2000,100
Gibraltar,GIB,2001,100
Gibraltar,GIB,2002,100
Gibraltar,GIB,2003,100
Gibraltar,GIB,2004,100
Gibraltar,GIB,2005,100
Gibraltar,GIB,2006,100
Gibraltar,GIB,2007,100
Gibraltar,GIB,2008,100
Gibraltar,GIB,2009,100
Gibraltar,GIB,2010,100
Gibraltar,GIB,2011,100
Gibraltar,GIB,2012,100
Gibraltar,GIB,2013,100
Gibraltar,GIB,2014,100
Gibraltar,GIB,2015,100
Gibraltar,GIB,2016,100
Gibraltar,GIB,2017,100
Gibraltar,GIB,2018,100
Gibraltar,GIB,2019,100
Gibraltar,GIB,2020,100
Greece,GRC,2000,98.77
Greece,GRC,2001,98.8
Greece,GRC,2002,98.83
Greece,GRC,2003,98.85
Greece,GRC,2004,98.95
Greece,GRC,2005,99.04
Greece,GRC,2006,99.13
Greece,GRC,2007,99.21
Greece,GRC,2008,99.3
Greece,GRC,2009,99.39
Greece,GRC,2010,99.48
Greece,GRC,2011,99.57
Greece,GRC,2012,99.65
Greece,GRC,2013,99.74
Greece,GRC,2014,99.81
Greece,GRC,2015,99.88
Greece,GRC,2016,99.94
Greece,GRC,2017,100
Greece,GRC,2018,100
Greece,GRC,2019,100
Greece,GRC,2020,100
Greenland,GRL,2000,93.58
Greenland,GRL,2001,93.58
Greenland,GRL,2002,93.58
Greenland,GRL,2003,93.58
Greenland,GRL,2004,94.05
Greenland,GRL,2005,94.51
Greenland,GRL,2006,94.98
Greenland,GRL,2007,95.45
Greenland,GRL,2008,95.91
Greenland,GRL,2009,96.38
Greenland,GRL,2010,96.77
Greenland,GRL,2011,96.77
Greenland,GRL,2012,96.76
Greenland,GRL,2013,96.76
Greenland,GRL,2014,96.76
Greenland,GRL,2015,96.75
Greenland,GRL,2016,96.75
Greenland,GRL,2017,96.75
Greenland,GRL,2018,96.75
Greenland,GRL,2019,96.74
Greenland,GRL,2020,96.74
Grenada,GRD,2000,78.72
Grenada,GRD,2001,79.61
Grenada,GRD,2002,80.5
Grenada,GRD,2003,81.4
Grenada,GRD,2004,82.3
Grenada,GRD,2005,83.21
Grenada,GRD,2006,84.12
Grenada,GRD,2007,85.03
Grenada,GRD,2008,85.95
Grenada,GRD,2009,86.86
Grenada,GRD,2010,87.12
Grenada,GRD,2011,87.33
Grenada,GRD,2012,87.43
Grenada,GRD,2013,87.12
Grenada,GRD,2014,87.12
Grenada,GRD,2015,87.12
Grenada,GRD,2016,87.12
Grenada,GRD,2017,87.12
Guadeloupe,GLP,2001,96.93
Guadeloupe,GLP,2002,96.93
Guadeloupe,GLP,2003,96.93
Guadeloupe,GLP,2004,96.93
Guadeloupe,GLP,2005,96.93
Guadeloupe,GLP,2006,96.98
Guadeloupe,GLP,2007,97.02
Guadeloupe,GLP,2008,97.07
Guadeloupe,GLP,2009,97.12
Guadeloupe,GLP,2010,97.16
Guadeloupe,GLP,2011,97.21
Guadeloupe,GLP,2012,97.26
Guadeloupe,GLP,2013,97.31
Guadeloupe,GLP,2014,97.35
Guadeloupe,GLP,2015,97.4
Guadeloupe,GLP,2016,97.45
Guadeloupe,GLP,2017,97.49
Guadeloupe,GLP,2018,97.54
Guadeloupe,GLP,2019,97.59
Guadeloupe,GLP,2020,97.59
Guam,GUM,2000,99.14
Guam,GUM,2001,99.17
Guam,GUM,2002,99.19
Guam,GUM,2003,99.22
Guam,GUM,2004,99.24
Guam,GUM,2005,99.27
Guam,GUM,2006,99.29
Guam,GUM,2007,99.32
Guam,GUM,2008,99.34
Guam,GUM,2009,99.37
Guam,GUM,2010,99.39
Guam,GUM,2011,99.41
Guam,GUM,2012,99.44
Guam,GUM,2013,99.44
Guam,GUM,2014,99.44
Guam,GUM,2015,99.44
Guam,GUM,2016,99.44
Guam,GUM,2017,99.44
Guam,GUM,2018,99.44
Guam,GUM,2019,99.44
Guam,GUM,2020,99.44
Guatemala,GTM,2000,46.78
Guatemala,GTM,2001,47.26
Guatemala,GTM,2002,47.75
Guatemala,GTM,2003,48.24
Guatemala,GTM,2004,48.72
Guatemala,GTM,2005,49.21
Guatemala,GTM,2006,49.7
Guatemala,GTM,2007,50.2
Guatemala,GTM,2008,50.69
Guatemala,GTM,2009,51.19
Guatemala,GTM,2010,51.69
Guatemala,GTM,2011,52.2
Guatemala,GTM,2012,52.7
Guatemala,GTM,2013,53.21
Guatemala,GTM,2014,53.73
Guatemala,GTM,2015,54.25
Guatemala,GTM,2016,54.77
Guatemala,GTM,2017,55.04
Guatemala,GTM,2018,55.3
Guatemala,GTM,2019,55.57
Guatemala,GTM,2020,55.83
Guinea-Bissau,GNB,2000,17.59
Guinea-Bissau,GNB,2001,17.92
Guinea-Bissau,GNB,2002,18.26
Guinea-Bissau,GNB,2003,18.59
Guinea-Bissau,GNB,2004,18.92
Guinea-Bissau,GNB,2005,19.26
Guinea-Bissau,GNB,2006,19.6
Guinea-Bissau,GNB,2007,19.93
Guinea-Bissau,GNB,2008,20.27
Guinea-Bissau,GNB,2009,20.61
Guinea-Bissau,GNB,2010,20.94
Guinea-Bissau,GNB,2011,21.28
Guinea-Bissau,GNB,2012,21.62
Guinea-Bissau,GNB,2013,21.96
Guinea-Bissau,GNB,2014,22.3
Guinea-Bissau,GNB,2015,22.64
Guinea-Bissau,GNB,2016,22.98
Guinea-Bissau,GNB,2017,23.32
Guinea-Bissau,GNB,2018,23.65
Guinea-Bissau,GNB,2019,23.99
Guinea-Bissau,GNB,2020,24.33
High income,,2000,95.15
High income,,2001,95.2
High income,,2002,95.79
High income,,2003,95.85
High income,,2004,95.91
High income,,2005,95.81
High income,,2006,95.86
High income,,2007,95.92
High income,,2008,95.99
High income,,2009,96.06
High income,,2010,96.24
High income,,2011,96.41
High income,,2012,96.58
High income,,2013,96.72
High income,,2014,96.86
High income,,2015,97
High income,,2016,97.14
High income,,2017,97.26
High income,,2018,97.37
High income,,2019,97.48
High income,,2020,97.57
Hong Kong,HKG,2000,98.12
Hong Kong,HKG,2001,98.25
Hong Kong,HKG,2002,98.37
Hong Kong,HKG,2003,98.5
Hong Kong,HKG,2004,98.62
Hong Kong,HKG,2005,98.74
Hong Kong,HKG,2006,98.87
Hong Kong,HKG,2007,98.99
Hong Kong,HKG,2008,99.11
Hong Kong,HKG,2009,99.24
Hong Kong,HKG,2010,99.36
Hong Kong,HKG,2011,99.49
Hong Kong,HKG,2012,99.61
Hong Kong,HKG,2013,99.74
Hong Kong,HKG,2014,99.86
Hong Kong,HKG,2015,99.98
Hong Kong,HKG,2016,100
Hong Kong,HKG,2017,100
Hong Kong,HKG,2018,100
Hong Kong,HKG,2019,100
Hong Kong,HKG,2020,100
Hungary,HUN,2000,92.19
Hungary,HUN,2001,92.19
Hungary,HUN,2002,92.22
Hungary,HUN,2003,92.24
Hungary,HUN,2004,92.26
Hungary,HUN,2005,92.28
Hungary,HUN,2006,92.31
Hungary,HUN,2007,92.33
Hungary,HUN,2008,92.36
Hungary,HUN,2009,92.39
Hungary,HUN,2010,92.41
Hungary,HUN,2011,92.43
Hungary,HUN,2012,92.45
Hungary,HUN,2013,92.46
Hungary,HUN,2014,92.48
Hungary,HUN,2015,92.49
Hungary,HUN,2016,92.5
Hungary,HUN,2017,92.54
Hungary,HUN,2018,92.56
Hungary,HUN,2019,92.57
Hungary,HUN,2020,92.59
Iceland,ISL,2000,89.54
Iceland,ISL,2001,90.17
Iceland,ISL,2002,90.79
Iceland,ISL,2003,91.42
Iceland,ISL,2004,92.05
Iceland,ISL,2005,92.67
Iceland,ISL,2006,93.3
Iceland,ISL,2007,93.93
Iceland,ISL,2008,94.56
Iceland,ISL,2009,95.18
Iceland,ISL,2010,95.81
Iceland,ISL,2011,96.44
Iceland,ISL,2012,97.06
Iceland,ISL,2013,97.69
Iceland,ISL,2014,98.32
Iceland,ISL,2015,98.94
Iceland,ISL,2016,99.57
Iceland,ISL,2017,100
Iceland,ISL,2018,100
Iceland,ISL,2019,100
Iceland,ISL,2020,100
Iran,IRN,2000,90.32
Iran,IRN,2001,90.55
Iran,IRN,2002,90.78
Iran,IRN,2003,91
Iran,IRN,2004,91.22
Iran,IRN,2005,91.43
Iran,IRN,2006,91.64
Iran,IRN,2007,91.84
Iran,IRN,2008,92.03
Iran,IRN,2009,92.21
Iran,IRN,2010,92.4
Iran,IRN,2011,92.57
Iran,IRN,2012,92.75
Iran,IRN,2013,92.91
Iran,IRN,2014,93.08
Iran,IRN,2015,93.24
Iran,IRN,2016,93.39
Iran,IRN,2017,93.55
Iran,IRN,2018,93.7
Iran,IRN,2019,93.84
Iran,IRN,2020,93.98
Iraq,IRQ,2000,50.24
Iraq,IRQ,2001,50.72
Iraq,IRQ,2002,51.19
Iraq,IRQ,2003,51.67
Iraq,IRQ,2004,52.14
Iraq,IRQ,2005,52.62
Iraq,IRQ,2006,53.09
Iraq,IRQ,2007,53.56
Iraq,IRQ,2008,54.03
Iraq,IRQ,2009,54.5
Iraq,IRQ,2010,54.99
Iraq,IRQ,2011,55.48
Iraq,IRQ,2012,55.97
Iraq,IRQ,2013,56.46
Iraq,IRQ,2014,56.95
Iraq,IRQ,2015,57.43
Iraq,IRQ,2016,57.91
Iraq,IRQ,2017,58.4
Iraq,IRQ,2018,58.88
Iraq,IRQ,2019,59.36
Iraq,IRQ,2020,59.66
Ireland,IRL,2000,93.49
Ireland,IRL,2001,93.71
Ireland,IRL,2002,93.93
Ireland,IRL,2003,94.14
Ireland,IRL,2004,94.36
Ireland,IRL,2005,94.58
Ireland,IRL,2006,94.8
Ireland,IRL,2007,95.02
Ireland,IRL,2008,95.24
Ireland,IRL,2009,95.46
Ireland,IRL,2010,95.68
Ireland,IRL,2011,95.9
Ireland,IRL,2012,96.11
Ireland,IRL,2013,96.33
Ireland,IRL,2014,96.55
Ireland,IRL,2015,96.77
Ireland,IRL,2016,96.99
Ireland,IRL,2017,97.2
Ireland,IRL,2018,97.33
Ireland,IRL,2019,97.33
Ireland,IRL,2020,97.33
Isle of Man,IMN,2009,97.21
Isle of Man,IMN,2010,97.21
Isle of Man,IMN,2011,97.21
Isle of Man,IMN,2012,97.21
Isle of Man,IMN,2013,97.21
Isle of Man,IMN,2014,97.21
Isle of Man,IMN,2015,97.21
Isle of Man,IMN,2016,97.21
Isle of Man,IMN,2017,97.21
Isle of Man,IMN,2018,97.21
Isle of Man,IMN,2019,97.21
Isle of Man,IMN,2020,97.21
Israel,ISR,2000,99.86
Israel,ISR,2001,99.86
Israel,ISR,2002,99.86
Israel,ISR,2003,99.86
Israel,ISR,2004,99.86
Israel,ISR,2005,99.86
Israel,ISR,2006,99.86
Israel,ISR,2007,99.86
Israel,ISR,2008,99.82
Israel,ISR,2009,99.78
Israel,ISR,2010,99.73
Israel,ISR,2011,99.69
Israel,ISR,2012,99.65
Israel,ISR,2013,99.61
Israel,ISR,2014,99.57
Israel,ISR,2015,99.53
Israel,ISR,2016,99.49
Israel,ISR,2017,99.44
Israel,ISR,2018,99.4
Israel,ISR,2019,99.36
Israel,ISR,2020,99.32
Italy,ITA,2000,94.77
Italy,ITA,2001,94.99
Italy,ITA,2002,95.21
Italy,ITA,2003,95.42
Italy,ITA,2004,95.64
Italy,ITA,2005,95.86
Italy,ITA,2006,96.08
Italy,ITA,2007,96.09
Italy,ITA,2008,96.06
Italy,ITA,2009,96.03
Italy,ITA,2010,96
Italy,ITA,2011,95.97
Italy,ITA,2012,95.94
Italy,ITA,2013,95.91
Italy,ITA,2014,95.88
Italy,ITA,2015,95.82
Italy,ITA,2016,95.82
Italy,ITA,2017,95.82
Italy,ITA,2018,95.82
Italy,ITA,2019,95.82
Italy,ITA,2020,95.82
Japan,JPN,2000,97.85
Japan,JPN,2001,97.85
Japan,JPN,2002,97.85
Japan,JPN,2003,97.85
Japan,JPN,2004,97.85
Japan,JPN,2005,97.9
Japan,JPN,2006,97.95
Japan,JPN,2007,98
Japan,JPN,2008,98.04
Japan,JPN,2009,98.09
Japan,JPN,2010,98.14
Japan,JPN,2011,98.19
Japan,JPN,2012,98.23
Japan,JPN,2013,98.28
Japan,JPN,2014,98.33
Japan,JPN,2015,98.38
Japan,JPN,2016,98.42
Japan,JPN,2017,98.47
Japan,JPN,2018,98.52
Japan,JPN,2019,98.57
Japan,JPN,2020,98.57
Jordan,JOR,2000,53.76
Jordan,JOR,2001,53.75
Jordan,JOR,2002,53.74
Jordan,JOR,2003,53.73
Jordan,JOR,2004,53.72
Jordan,JOR,2005,53.65
Jordan,JOR,2006,55.74
Jordan,JOR,2007,57.84
Jordan,JOR,2008,59.95
Jordan,JOR,2009,62.06
Jordan,JOR,2010,64.18
Jordan,JOR,2011,66.31
Jordan,JOR,2012,68.44
Jordan,JOR,2013,70.58
Jordan,JOR,2014,72.72
Jordan,JOR,2015,74.88
Jordan,JOR,2016,77.05
Jordan,JOR,2017,79.21
Jordan,JOR,2018,81.37
Jordan,JOR,2019,83.54
Jordan,JOR,2020,85.7
Kazakhstan,KAZ,2000,63.1
Kazakhstan,KAZ,2001,63.37
Kazakhstan,KAZ,2002,64.93
Kazakhstan,KAZ,2003,66.5
Kazakhstan,KAZ,2004,68.09
Kazakhstan,KAZ,2005,69.69
Kazakhstan,KAZ,2006,71.3
Kazakhstan,KAZ,2007,72.93
Kazakhstan,KAZ,2008,74.57
Kazakhstan,KAZ,2009,76.22
Kazakhstan,KAZ,2010,77.88
Kazakhstan,KAZ,2011,79.56
Kazakhstan,KAZ,2012,81.25
Kazakhstan,KAZ,2013,82.91
Kazakhstan,KAZ,2014,84.49
Kazakhstan,KAZ,2015,86.08
Kazakhstan,KAZ,2016,87.69
Kazakhstan,KAZ,2017,89.3
Kazakhstan,KAZ,2018,89.31
Kazakhstan,KAZ,2019,89.32
Kazakhstan,KAZ,2020,89.33
Kiribati,KIR,2000,9.99
Kiribati,KIR,2001,10.19
Kiribati,KIR,2002,10.34
Kiribati,KIR,2003,10.49
Kiribati,KIR,2004,10.63
Kiribati,KIR,2005,10.78
Kiribati,KIR,2006,10.98
Kiribati,KIR,2007,11.23
Kiribati,KIR,2008,11.48
Kiribati,KIR,2009,11.74
Kiribati,KIR,2010,12
Kiribati,KIR,2011,12.26
Kiribati,KIR,2012,12.52
Kiribati,KIR,2013,12.79
Kiribati,KIR,2014,13.05
Kiribati,KIR,2015,13.33
Kiribati,KIR,2016,13.6
Kiribati,KIR,2017,13.87
Kiribati,KIR,2018,14.14
Kiribati,KIR,2019,14.42
Kiribati,KIR,2020,14.69
Kuwait,KWT,2000,100
Kuwait,KWT,2001,100
Kuwait,KWT,2002,100
Kuwait,KWT,2003,100
Kuwait,KWT,2004,100
Kuwait,KWT,2005,100
Kuwait,KWT,2006,100
Kuwait,KWT,2007,100
Kuwait,KWT,2008,100
Kuwait,KWT,2009,100
Kuwait,KWT,2010,100
Kuwait,KWT,2011,100
Kuwait,KWT,2012,100
Kuwait,KWT,2013,100
Kuwait,KWT,2014,100
Kuwait,KWT,2015,100
Kuwait,KWT,2016,100
Kuwait,KWT,2017,100
Kuwait,KWT,2018,100
Kuwait,KWT,2019,100
Kuwait,KWT,2020,100
Kyrgyzstan,KGZ,2000,46.04
Kyrgyzstan,KGZ,2001,46.04
Kyrgyzstan,KGZ,2002,46.32
Kyrgyzstan,KGZ,2003,46.61
Kyrgyzstan,KGZ,2004,46.9
Kyrgyzstan,KGZ,2005,48.6
Kyrgyzstan,KGZ,2006,50.33
Kyrgyzstan,KGZ,2007,52.09
Kyrgyzstan,KGZ,2008,53.87
Kyrgyzstan,KGZ,2009,55.68
Kyrgyzstan,KGZ,2010,57.52
Kyrgyzstan,KGZ,2011,59.4
Kyrgyzstan,KGZ,2012,61.31
Kyrgyzstan,KGZ,2013,62.94
Kyrgyzstan,KGZ,2014,64.6
Kyrgyzstan,KGZ,2015,66.29
Kyrgyzstan,KGZ,2016,68
Kyrgyzstan,KGZ,2017,68.41
Kyrgyzstan,KGZ,2018,68.84
Kyrgyzstan,KGZ,2019,69.26
Kyrgyzstan,KGZ,2020,70.09
Landlocked Developing Countries,,2000,26.1
Landlocked Developing Countries,,2001,26.42
Landlocked Developing Countries,,2002,26.89
Landlocked Developing Countries,,2003,27.36
Landlocked Developing Countries,,2004,27.84
Landlocked Developing Countries,,2005,28.24
Landlocked Developing Countries,,2006,28.7
Landlocked Developing Countries,,2007,29.2
Landlocked Developing Countries,,2008,29.73
Landlocked Developing Countries,,2009,30.29
Landlocked Developing Countries,,2010,30.87
Landlocked Developing Countries,,2011,30.95
Landlocked Developing Countries,,2012,31.5
Landlocked Developing Countries,,2013,32.04
Landlocked Developing Countries,,2014,32.59
Landlocked Developing Countries,,2015,33.15
Landlocked Developing Countries,,2016,33.68
Landlocked Developing Countries,,2017,34.2
Landlocked Developing Countries,,2018,34.65
Landlocked Developing Countries,,2019,35.1
Landlocked Developing Countries,,2020,35.45
Laos,LAO,2000,4.88
Laos,LAO,2001,6.67
Laos,LAO,2002,8.6
Laos,LAO,2003,10.61
Laos,LAO,2004,11.12
Laos,LAO,2005,11.61
Laos,LAO,2006,12.03
Laos,LAO,2007,12.46
Laos,LAO,2008,12.89
Laos,LAO,2009,13.31
Laos,LAO,2010,13.74
Laos,LAO,2011,14.17
Laos,LAO,2012,14.59
Laos,LAO,2013,15.02
Laos,LAO,2014,15.45
Laos,LAO,2015,15.88
Laos,LAO,2016,16.3
Laos,LAO,2017,16.73
Laos,LAO,2018,17.16
Laos,LAO,2019,17.59
Laos,LAO,2020,17.68
Latin America and the Caribbean,,2000,71.74
Latin America and the Caribbean,,2001,72.06
Latin America and the Caribbean,,2002,72.37
Latin America and the Caribbean,,2003,72.66
Latin America and the Caribbean,,2004,72.95
Latin America and the Caribbean,,2005,73.23
Latin America and the Caribbean,,2006,73.52
Latin America and the Caribbean,,2007,73.8
Latin America and the Caribbean,,2008,74.09
Latin America and the Caribbean,,2009,74.38
Latin America and the Caribbean,,2010,74.66
Latin America and the Caribbean,,2011,74.94
Latin America and the Caribbean,,2012,75
Latin America and the Caribbean,,2013,75.06
Latin America and the Caribbean,,2014,75.12
Latin America and the Caribbean,,2015,75.18
Latin America and the Caribbean,,2016,75.23
Latin America and the Caribbean,,2017,75.3
Latin America and the Caribbean,,2018,75.34
Latin America and the Caribbean,,2019,75.35
Latin America and the Caribbean,,2020,75.38
Latvia,LVA,2000,92.55
Latvia,LVA,2001,92.53
Latvia,LVA,2002,92.55
Latvia,LVA,2003,92.59
Latvia,LVA,2004,92.65
Latvia,LVA,2005,92.71
Latvia,LVA,2006,92.78
Latvia,LVA,2007,93.02
Latvia,LVA,2008,93.25
Latvia,LVA,2009,93.5
Latvia,LVA,2010,93.75
Latvia,LVA,2011,94
Latvia,LVA,2012,94.25
Latvia,LVA,2013,94.51
Latvia,LVA,2014,94.76
Latvia,LVA,2015,95.01
Latvia,LVA,2016,95.26
Latvia,LVA,2017,95.52
Latvia,LVA,2018,95.78
Latvia,LVA,2019,96.03
Latvia,LVA,2020,96.29
Least Developed Countries,,2000,24.97
Least Developed Countries,,2001,25.32
Least Developed Countries,,2002,25.74
Least Developed Countries,,2003,26.18
Least Developed Countries,,2004,26.65
Least Developed Countries,,2005,27.17
Least Developed Countries,,2006,27.72
Least Developed Countries,,2007,28.28
Least Developed Countries,,2008,28.88
Least Developed Countries,,2009,29.49
Least Developed Countries,,2010,30.1
Least Developed Countries,,2011,30.48
Least Developed Countries,,2012,31.21
Least Developed Countries,,2013,31.94
Least Developed Countries,,2014,32.69
Least Developed Countries,,2015,33.45
Least Developed Countries,,2016,34.21
Least Developed Countries,,2017,34.98
Least Developed Countries,,2018,35.73
Least Developed Countries,,2019,36.48
Least Developed Countries,,2020,37.09
Lebanon,LBN,2000,44.24
Lebanon,LBN,2001,44.42
Lebanon,LBN,2002,44.6
Lebanon,LBN,2003,44.79
Lebanon,LBN,2004,44.97
Lebanon,LBN,2005,45.16
Lebanon,LBN,2006,45.34
Lebanon,LBN,2007,45.52
Lebanon,LBN,2008,45.71
Lebanon,LBN,2009,45.89
Lebanon,LBN,2010,46.07
Lebanon,LBN,2011,46.26
Lebanon,LBN,2012,46.44
Lebanon,LBN,2013,46.62
Lebanon,LBN,2014,46.81
Lebanon,LBN,2015,46.99
Lebanon,LBN,2016,47.17
Lebanon,LBN,2017,47.36
Lebanon,LBN,2018,47.54
Lebanon,LBN,2019,47.7
Lebanon,LBN,2020,47.7
Lesotho,LSO,2000,8.85
Lesotho,LSO,2001,9.72
Lesotho,LSO,2002,10.61
Lesotho,LSO,2003,11.53
Lesotho,LSO,2004,12.46
Lesotho,LSO,2005,13.42
Lesotho,LSO,2006,14.41
Lesotho,LSO,2007,15.37
Lesotho,LSO,2008,16.35
Lesotho,LSO,2009,17.35
Lesotho,LSO,2010,18.37
Lesotho,LSO,2011,19.42
Lesotho,LSO,2012,20.41
Lesotho,LSO,2013,21.42
Lesotho,LSO,2014,22.45
Lesotho,LSO,2015,23.5
Lesotho,LSO,2016,24.56
Lesotho,LSO,2017,25.64
Lesotho,LSO,2018,26.74
Lesotho,LSO,2019,27.87
Lesotho,LSO,2020,28.91
Liechtenstein,LIE,2000,100
Liechtenstein,LIE,2001,100
Liechtenstein,LIE,2002,100
Liechtenstein,LIE,2003,100
Liechtenstein,LIE,2004,100
Liechtenstein,LIE,2005,100
Liechtenstein,LIE,2006,100
Liechtenstein,LIE,2007,100
Liechtenstein,LIE,2008,100
Liechtenstein,LIE,2009,100
Liechtenstein,LIE,2010,100
Liechtenstein,LIE,2011,100
Liechtenstein,LIE,2012,100
Liechtenstein,LIE,2013,100
Liechtenstein,LIE,2014,100
Liechtenstein,LIE,2015,100
Liechtenstein,LIE,2016,100
Liechtenstein,LIE,2017,100
Liechtenstein,LIE,2018,100
Liechtenstein,LIE,2019,100
Liechtenstein,LIE,2020,100
Lithuania,LTU,2000,67.2
Lithuania,LTU,2001,67.53
Lithuania,LTU,2002,67.86
Lithuania,LTU,2003,68.2
Lithuania,LTU,2004,70.21
Lithuania,LTU,2005,72.25
Lithuania,LTU,2006,74.32
Lithuania,LTU,2007,76.4
Lithuania,LTU,2008,78.51
Lithuania,LTU,2009,80.61
Lithuania,LTU,2010,82.73
Lithuania,LTU,2011,84.87
Lithuania,LTU,2012,87.05
Lithuania,LTU,2013,89.24
Lithuania,LTU,2014,91.44
Lithuania,LTU,2015,93.54
Lithuania,LTU,2016,93.99
Lithuania,LTU,2017,94.44
Lithuania,LTU,2018,94.87
Lithuania,LTU,2019,94.9
Lithuania,LTU,2020,94.92
Low income,,2000,18.78
Low income,,2001,18.97
Low income,,2002,19.24
Low income,,2003,19.56
Low income,,2004,19.9
Low income,,2005,20.33
Low income,,2006,20.79
Low income,,2007,21.29
Low income,,2008,21.85
Low income,,2009,22.4
Low income,,2010,22.93
Low income,,2011,23.07
Low income,,2012,23.57
Low income,,2013,24.09
Low income,,2014,24.65
Low income,,2015,25.26
Low income,,2016,25.92
Low income,,2017,26.55
Low income,,2018,27.26
Low income,,2019,28.03
Low income,,2020,28.8
Lower-middle income,,2000,43.08
Lower-middle income,,2001,43.74
Lower-middle income,,2002,44.45
Lower-middle income,,2003,45.17
Lower-middle income,,2004,45.95
Lower-middle income,,2005,46.71
Lower-middle income,,2006,47.5
Lower-middle income,,2007,48.28
Lower-middle income,,2008,49.07
Lower-middle income,,2009,49.86
Lower-middle income,,2010,50.65
Lower-middle income,,2011,51.44
Lower-middle income,,2012,52.27
Lower-middle income,,2013,53.09
Lower-middle income,,2014,53.85
Lower-middle income,,2015,54.58
Lower-middle income,,2016,55.3
Lower-middle income,,2017,56.02
Lower-middle income,,2018,56.71
Lower-middle income,,2019,57.42
Lower-middle income,,2020,58.08
Luxembourg,LUX,2000,99.78
Luxembourg,LUX,2001,99.77
Luxembourg,LUX,2002,99.77
Luxembourg,LUX,2003,99.77
Luxembourg,LUX,2004,99.77
Luxembourg,LUX,2005,99.77
Luxembourg,LUX,2006,99.77
Luxembourg,LUX,2007,99.77
Luxembourg,LUX,2008,99.77
Luxembourg,LUX,2009,99.76
Luxembourg,LUX,2010,99.76
Luxembourg,LUX,2011,99.76
Luxembourg,LUX,2012,99.72
Luxembourg,LUX,2013,99.66
Luxembourg,LUX,2014,99.61
Luxembourg,LUX,2015,99.57
Luxembourg,LUX,2016,99.52
Luxembourg,LUX,2017,99.48
Luxembourg,LUX,2018,99.44
Luxembourg,LUX,2019,99.45
Luxembourg,LUX,2020,99.46
Macao,MAC,2000,99.98
Macao,MAC,2001,99.98
Macao,MAC,2002,99.98
Macao,MAC,2003,99.98
Macao,MAC,2004,99.98
Macao,MAC,2005,99.98
Macao,MAC,2006,99.98
Macao,MAC,2007,99.98
Macao,MAC,2008,99.98
Macao,MAC,2009,99.98
Macao,MAC,2010,99.98
Macao,MAC,2011,99.98
Macao,MAC,2012,99.98
Macao,MAC,2013,99.98
Macao,MAC,2014,99.98
Macao,MAC,2015,99.98
Macao,MAC,2016,99.98
Macao,MAC,2017,99.98
Macao,MAC,2018,99.98
Macao,MAC,2019,99.98
Macao,MAC,2020,99.98
Madagascar,MDG,2000,6.7
Madagascar,MDG,2001,7.28
Madagascar,MDG,2002,7.89
Madagascar,MDG,2003,8.5
Madagascar,MDG,2004,9.14
Madagascar,MDG,2005,9.86
Madagascar,MDG,2006,10.6
Madagascar,MDG,2007,11.36
Madagascar,MDG,2008,12.14
Madagascar,MDG,2009,12.95
Madagascar,MDG,2010,13.77
Madagascar,MDG,2011,14.62
Madagascar,MDG,2012,15.49
Madagascar,MDG,2013,16.07
Madagascar,MDG,2014,16.66
Madagascar,MDG,2015,17.27
Madagascar,MDG,2016,17.89
Madagascar,MDG,2017,18.53
Madagascar,MDG,2018,19.18
Madagascar,MDG,2019,19.85
Madagascar,MDG,2020,20.54
Malaysia,MYS,2000,92.58
Malaysia,MYS,2001,92.7
Malaysia,MYS,2002,92.76
Malaysia,MYS,2003,92.83
Malaysia,MYS,2004,92.9
Malaysia,MYS,2005,92.97
Malaysia,MYS,2006,93.04
Malaysia,MYS,2007,93.11
Malaysia,MYS,2008,93.18
Malaysia,MYS,2009,93.25
Malaysia,MYS,2010,93.32
Malaysia,MYS,2011,93.37
Malaysia,MYS,2012,93.42
Malaysia,MYS,2013,93.47
Malaysia,MYS,2014,93.52
Malaysia,MYS,2015,93.57
Malaysia,MYS,2016,93.63
Malaysia,MYS,2017,93.68
Malaysia,MYS,2018,93.72
Malaysia,MYS,2019,93.77
Malaysia,MYS,2020,93.82
Malta,MLT,2000,100
Malta,MLT,2001,100
Malta,MLT,2002,100
Malta,MLT,2003,100
Malta,MLT,2004,100
Malta,MLT,2005,100
Malta,MLT,2006,100
Malta,MLT,2007,100
Malta,MLT,2008,100
Malta,MLT,2009,100
Malta,MLT,2010,100
Malta,MLT,2011,100
Malta,MLT,2012,100
Malta,MLT,2013,100
Malta,MLT,2014,100
Malta,MLT,2015,100
Malta,MLT,2016,100
Malta,MLT,2017,100
Malta,MLT,2018,100
Malta,MLT,2019,100
Malta,MLT,2020,100
Martinique,MTQ,2000,99.22
Martinique,MTQ,2001,99.22
Martinique,MTQ,2002,99.22
Martinique,MTQ,2003,99.22
Martinique,MTQ,2004,99.22
Martinique,MTQ,2005,99.22
Martinique,MTQ,2006,99.23
Martinique,MTQ,2007,99.24
Martinique,MTQ,2008,99.22
Martinique,MTQ,2009,99.21
Martinique,MTQ,2010,99.19
Martinique,MTQ,2011,99.17
Martinique,MTQ,2012,99.15
Martinique,MTQ,2013,99.14
Martinique,MTQ,2014,99.12
Martinique,MTQ,2015,99.1
Martinique,MTQ,2016,99.08
Martinique,MTQ,2017,99.06
Martinique,MTQ,2018,99.05
Martinique,MTQ,2019,99.06
Martinique,MTQ,2020,99.06
Mayotte,MYT,2006,79.37
Mayotte,MYT,2007,79.37
Mayotte,MYT,2008,79.37
Mayotte,MYT,2009,79.13
Mayotte,MYT,2010,79.13
Mayotte,MYT,2011,81.47
Mayotte,MYT,2012,83.81
Mayotte,MYT,2013,86.11
Mayotte,MYT,2014,88.35
Mayotte,MYT,2015,90.58
Mayotte,MYT,2016,92.81
Mayotte,MYT,2017,94.49
Mayotte,MYT,2018,94.1
Mayotte,MYT,2019,93.72
Mayotte,MYT,2020,93.45
Mexico,MEX,2000,39.3
Mexico,MEX,2001,39.52
Mexico,MEX,2002,39.73
Mexico,MEX,2003,39.94
Mexico,MEX,2004,40.15
Mexico,MEX,2005,40.36
Mexico,MEX,2006,40.56
Mexico,MEX,2007,40.77
Mexico,MEX,2008,40.97
Mexico,MEX,2009,41.16
Mexico,MEX,2010,41.36
Mexico,MEX,2011,41.56
Mexico,MEX,2012,41.75
Mexico,MEX,2013,41.94
Mexico,MEX,2014,42.13
Mexico,MEX,2015,42.31
Mexico,MEX,2016,42.5
Mexico,MEX,2017,42.68
Mexico,MEX,2018,42.85
Mexico,MEX,2019,42.94
Mexico,MEX,2020,43.03
Moldova,MDA,2000,40.4
Moldova,MDA,2001,42.3
Moldova,MDA,2002,44.25
Moldova,MDA,2003,46.25
Moldova,MDA,2004,48.29
Moldova,MDA,2005,50.46
Moldova,MDA,2006,52.76
Moldova,MDA,2007,55.09
Moldova,MDA,2008,57.44
Moldova,MDA,2009,59.83
Moldova,MDA,2010,62.24
Moldova,MDA,2011,64.69
Moldova,MDA,2012,67.16
Moldova,MDA,2013,69.66
Moldova,MDA,2014,72.2
Moldova,MDA,2015,72.49
Moldova,MDA,2016,72.8
Moldova,MDA,2017,73.11
Moldova,MDA,2018,73.42
Moldova,MDA,2019,73.74
Moldova,MDA,2020,74.07
Monaco,MCO,2000,100
Monaco,MCO,2001,100
Monaco,MCO,2002,100
Monaco,MCO,2003,100
Monaco,MCO,2004,100
Monaco,MCO,2005,100
Monaco,MCO,2006,100
Monaco,MCO,2007,100
Monaco,MCO,2008,100
Monaco,MCO,2009,100
Monaco,MCO,2010,100
Monaco,MCO,2011,100
Monaco,MCO,2012,100
Monaco,MCO,2013,100
Monaco,MCO,2014,100
Monaco,MCO,2015,100
Monaco,MCO,2016,100
Monaco,MCO,2017,100
Monaco,MCO,2018,100
Monaco,MCO,2019,100
Monaco,MCO,2020,100
Mongolia,MNG,2000,20.6
Mongolia,MNG,2001,21.2
Mongolia,MNG,2002,21.81
Mongolia,MNG,2003,22.42
Mongolia,MNG,2004,23.02
Mongolia,MNG,2005,23.63
Mongolia,MNG,2006,24.24
Mongolia,MNG,2007,24.84
Mongolia,MNG,2008,25.44
Mongolia,MNG,2009,26.04
Mongolia,MNG,2010,26.63
Mongolia,MNG,2011,27.04
Mongolia,MNG,2012,27.34
Mongolia,MNG,2013,27.66
Mongolia,MNG,2014,27.98
Mongolia,MNG,2015,28.31
Mongolia,MNG,2016,28.64
Mongolia,MNG,2017,28.98
Mongolia,MNG,2018,29.33
Mongolia,MNG,2019,29.69
Mongolia,MNG,2020,30.06
Montenegro,MNE,2006,83.87
Montenegro,MNE,2007,83.99
Montenegro,MNE,2008,84.08
Montenegro,MNE,2009,84.17
Montenegro,MNE,2010,84.26
Montenegro,MNE,2011,84.35
Montenegro,MNE,2012,84.44
Montenegro,MNE,2013,84.53
Montenegro,MNE,2014,84.62
Montenegro,MNE,2015,84.71
Montenegro,MNE,2016,84.8
Montenegro,MNE,2017,84.89
Montenegro,MNE,2018,84.95
Montenegro,MNE,2019,85.01
Montenegro,MNE,2020,85.07
Morocco,MAR,2000,53.83
Morocco,MAR,2001,54.71
Morocco,MAR,2002,55.59
Morocco,MAR,2003,56.46
Morocco,MAR,2004,57.32
Morocco,MAR,2005,58.3
Morocco,MAR,2006,59.3
Morocco,MAR,2007,60.28
Morocco,MAR,2008,61.25
Morocco,MAR,2009,62.21
Morocco,MAR,2010,64.06
Morocco,MAR,2011,65.93
Morocco,MAR,2012,67.46
Morocco,MAR,2013,68.99
Morocco,MAR,2014,70.53
Morocco,MAR,2015,72.09
Morocco,MAR,2016,73.65
Morocco,MAR,2017,75.22
Morocco,MAR,2018,76.79
Morocco,MAR,2019,78.37
Morocco,MAR,2020,79.95
Myanmar,MMR,2000,27.11
Myanmar,MMR,2001,28.62
Myanmar,MMR,2002,30.17
Myanmar,MMR,2003,31.74
Myanmar,MMR,2004,33.35
Myanmar,MMR,2005,34.99
Myanmar,MMR,2006,36.67
Myanmar,MMR,2007,38.38
Myanmar,MMR,2008,40.12
Myanmar,MMR,2009,41.89
Myanmar,MMR,2010,43.7
Myanmar,MMR,2011,45.34
Myanmar,MMR,2012,46.79
Myanmar,MMR,2013,48.26
Myanmar,MMR,2014,49.76
Myanmar,MMR,2015,51.28
Myanmar,MMR,2016,52.82
Myanmar,MMR,2017,54.38
Myanmar,MMR,2018,55.97
Myanmar,MMR,2019,57.58
Myanmar,MMR,2020,58.83
Nepal,NPL,2000,26.83
Nepal,NPL,2001,27.11
Nepal,NPL,2002,27.35
Nepal,NPL,2003,27.6
Nepal,NPL,2004,27.84
Nepal,NPL,2005,28.08
Nepal,NPL,2006,28.32
Nepal,NPL,2007,28.56
Nepal,NPL,2008,28.8
Nepal,NPL,2009,29.04
Nepal,NPL,2010,29.28
Nepal,NPL,2011,29.52
Nepal,NPL,2012,29.75
Nepal,NPL,2013,28.31
Nepal,NPL,2014,26.85
Nepal,NPL,2015,25.36
Nepal,NPL,2016,23.85
Nepal,NPL,2017,22.32
Nepal,NPL,2018,20.76
Nepal,NPL,2019,19.18
Nepal,NPL,2020,17.58
Netherlands,NLD,2000,99.99
Netherlands,NLD,2001,99.99
Netherlands,NLD,2002,99.99
Netherlands,NLD,2003,99.99
Netherlands,NLD,2004,99.99
Netherlands,NLD,2005,99.99
Netherlands,NLD,2006,99.99
Netherlands,NLD,2007,99.99
Netherlands,NLD,2008,99.98
Netherlands,NLD,2009,99.98
Netherlands,NLD,2010,99.98
Netherlands,NLD,2011,99.98
Netherlands,NLD,2012,99.98
Netherlands,NLD,2013,99.98
Netherlands,NLD,2014,99.98
Netherlands,NLD,2015,99.98
Netherlands,NLD,2016,99.98
Netherlands,NLD,2017,99.98
Netherlands,NLD,2018,99.97
Netherlands,NLD,2019,99.97
Netherlands,NLD,2020,99.97
New Caledonia,NCL,2000,87.04
New Caledonia,NCL,2001,87.04
New Caledonia,NCL,2002,87.04
New Caledonia,NCL,2003,87.71
New Caledonia,NCL,2004,88.37
New Caledonia,NCL,2005,89.04
New Caledonia,NCL,2006,89.71
New Caledonia,NCL,2007,90.38
New Caledonia,NCL,2008,91.05
New Caledonia,NCL,2009,91.73
New Caledonia,NCL,2010,92.4
New Caledonia,NCL,2011,93.08
New Caledonia,NCL,2012,93.76
New Caledonia,NCL,2013,94.45
New Caledonia,NCL,2014,95.13
New Caledonia,NCL,2015,95.5
New Caledonia,NCL,2016,95.73
New Caledonia,NCL,2017,95.96
New Caledonia,NCL,2018,96.18
New Caledonia,NCL,2019,96.41
New Caledonia,NCL,2020,96.64
New Zealand,NZL,2000,82.26
New Zealand,NZL,2001,82.26
New Zealand,NZL,2002,82.26
New Zealand,NZL,2003,82.26
New Zealand,NZL,2004,82.26
New Zealand,NZL,2005,82.26
New Zealand,NZL,2006,83.59
New Zealand,NZL,2007,84.92
New Zealand,NZL,2008,86.24
New Zealand,NZL,2009,87.57
New Zealand,NZL,2010,88.9
New Zealand,NZL,2011,90.23
New Zealand,NZL,2012,91.56
New Zealand,NZL,2013,92.88
New Zealand,NZL,2014,94.21
New Zealand,NZL,2015,95.54
New Zealand,NZL,2016,96.87
New Zealand,NZL,2017,98.2
New Zealand,NZL,2018,99.52
New Zealand,NZL,2019,100
New Zealand,NZL,2020,100
Nicaragua,NIC,2000,47.85
Nicaragua,NIC,2001,47.95
Nicaragua,NIC,2002,48.05
Nicaragua,NIC,2003,48.15
Nicaragua,NIC,2004,48.25
Nicaragua,NIC,2005,48.36
Nicaragua,NIC,2006,48.48
Nicaragua,NIC,2007,48.6
Nicaragua,NIC,2008,49.64
Nicaragua,NIC,2009,50.66
Nicaragua,NIC,2010,51.67
Nicaragua,NIC,2011,52.67
Nicaragua,NIC,2012,53.65
Nicaragua,NIC,2013,54.63
Nicaragua,NIC,2014,55.08
Nicaragua,NIC,2015,55.17
Nicaragua,NIC,2016,55.26
Nicaragua,NIC,2017,55.31
Nicaragua,NIC,2018,55.37
Nicaragua,NIC,2019,55.44
Nicaragua,NIC,2020,55.52
Nigeria,NGA,2000,13.72
Nigeria,NGA,2001,14.17
Nigeria,NGA,2002,14.6
Nigeria,NGA,2003,15.03
Nigeria,NGA,2004,15.46
Nigeria,NGA,2005,15.88
Nigeria,NGA,2006,16.3
Nigeria,NGA,2007,16.71
Nigeria,NGA,2008,17.12
Nigeria,NGA,2009,17.53
Nigeria,NGA,2010,17.93
Nigeria,NGA,2011,18.33
Nigeria,NGA,2012,18.72
Nigeria,NGA,2013,19.11
Nigeria,NGA,2014,19.49
Nigeria,NGA,2015,19.86
Nigeria,NGA,2016,20.23
Nigeria,NGA,2017,20.6
Nigeria,NGA,2018,20.96
Nigeria,NGA,2019,21.32
Nigeria,NGA,2020,21.67
Niue,NIU,2000,98.25
Niue,NIU,2001,98.25
Niue,NIU,2002,98.25
Niue,NIU,2003,98.25
Niue,NIU,2004,98.25
Niue,NIU,2005,98.1
Niue,NIU,2006,97.96
Niue,NIU,2007,97.81
Niue,NIU,2008,97.66
Niue,NIU,2009,97.51
Niue,NIU,2010,97.37
Niue,NIU,2011,97.11
Niue,NIU,2012,96.66
Niue,NIU,2013,96.22
Niue,NIU,2014,95.77
Niue,NIU,2015,95.32
Niue,NIU,2016,94.87
Niue,NIU,2017,94.43
Niue,NIU,2018,93.98
Niue,NIU,2019,93.54
Niue,NIU,2020,93.54
North America and Europe,,2000,90.06
North America and Europe,,2001,90.17
North America and Europe,,2002,90.29
North America and Europe,,2003,90.43
North America and Europe,,2004,90.74
North America and Europe,,2005,93.13
North America and Europe,,2006,93.36
North America and Europe,,2007,93.6
North America and Europe,,2008,93.84
North America and Europe,,2009,94.06
North America and Europe,,2010,94.3
North America and Europe,,2011,94.54
North America and Europe,,2012,94.77
North America and Europe,,2013,94.99
North America and Europe,,2014,95.09
North America and Europe,,2015,95.18
North America and Europe,,2016,95.27
North America and Europe,,2017,95.35
North America and Europe,,2018,95.43
North America and Europe,,2019,95.51
North America and Europe,,2020,95.57
North Korea,PRK,2000,69
North Korea,PRK,2001,69.02
North Korea,PRK,2002,69.04
North Korea,PRK,2003,69.06
North Korea,PRK,2004,69.04
North Korea,PRK,2005,68.83
North Korea,PRK,2006,68.62
North Korea,PRK,2007,68.41
North Korea,PRK,2008,68.21
North Korea,PRK,2009,68.02
North Korea,PRK,2010,67.84
North Korea,PRK,2011,67.66
North Korea,PRK,2012,67.49
North Korea,PRK,2013,67.31
North Korea,PRK,2014,67.13
North Korea,PRK,2015,66.96
North Korea,PRK,2016,66.79
North Korea,PRK,2017,66.63
North Korea,PRK,2018,66.47
North Korea,PRK,2019,66.31
North Korea,PRK,2020,66.38
North Macedonia,MKD,2000,80.46
North Macedonia,MKD,2001,80.43
North Macedonia,MKD,2002,80.41
North Macedonia,MKD,2003,80.39
North Macedonia,MKD,2004,80.37
North Macedonia,MKD,2005,80.35
North Macedonia,MKD,2006,80.34
North Macedonia,MKD,2007,80.33
North Macedonia,MKD,2008,80.32
North Macedonia,MKD,2009,80.31
North Macedonia,MKD,2010,80.31
North Macedonia,MKD,2011,80.31
North Macedonia,MKD,2012,80.32
North Macedonia,MKD,2013,80.32
North Macedonia,MKD,2014,80.34
North Macedonia,MKD,2015,80.35
North Macedonia,MKD,2016,79.14
North Macedonia,MKD,2017,77.93
North Macedonia,MKD,2018,76.74
North Macedonia,MKD,2019,76.78
North Macedonia,MKD,2020,76.83
Northern Mariana Islands,MNP,2000,82.03
Northern Mariana Islands,MNP,2001,82.2
Northern Mariana Islands,MNP,2002,82.38
Northern Mariana Islands,MNP,2003,82.56
Northern Mariana Islands,MNP,2004,83.12
Northern Mariana Islands,MNP,2005,83.69
Northern Mariana Islands,MNP,2006,84.26
Northern Mariana Islands,MNP,2007,84.82
Northern Mariana Islands,MNP,2008,85.39
Northern Mariana Islands,MNP,2009,85.97
Northern Mariana Islands,MNP,2010,86.54
Northern Mariana Islands,MNP,2011,87.12
Northern Mariana Islands,MNP,2012,87.69
Northern Mariana Islands,MNP,2013,88.27
Northern Mariana Islands,MNP,2014,88.85
Northern Mariana Islands,MNP,2015,89.43
Northern Mariana Islands,MNP,2016,89.85
Northern Mariana Islands,MNP,2017,90.24
Northern Mariana Islands,MNP,2018,90.64
Northern Mariana Islands,MNP,2019,90.64
Northern Mariana Islands,MNP,2020,90.53
Norway,NOR,2000,100
Norway,NOR,2001,100
Norway,NOR,2002,100
Norway,NOR,2003,99.92
Norway,NOR,2004,99.85
Norway,NOR,2005,99.77
Norway,NOR,2006,99.7
Norway,NOR,2007,99.62
Norway,NOR,2008,99.55
Norway,NOR,2009,99.47
Norway,NOR,2010,99.4
Norway,NOR,2011,99.32
Norway,NOR,2012,99.24
Norway,NOR,2013,99.17
Norway,NOR,2014,99.09
Norway,NOR,2015,99.02
Norway,NOR,2016,98.94
Norway,NOR,2017,98.87
Norway,NOR,2018,98.79
Norway,NOR,2019,98.72
Norway,NOR,2020,98.64
Oman,OMN,2000,83.9
Oman,OMN,2001,83.89
Oman,OMN,2002,83.89
Oman,OMN,2003,83.88
Oman,OMN,2004,83.96
Oman,OMN,2005,84.33
Oman,OMN,2006,84.69
Oman,OMN,2007,85.05
Oman,OMN,2008,85.41
Oman,OMN,2009,85.76
Oman,OMN,2010,86.11
Oman,OMN,2011,86.57
Oman,OMN,2012,87.1
Oman,OMN,2013,87.61
Oman,OMN,2014,88.1
Oman,OMN,2015,88.58
Oman,OMN,2016,89.04
Oman,OMN,2017,89.47
Oman,OMN,2018,89.89
Oman,OMN,2019,90.27
Oman,OMN,2020,90.56
Pakistan,PAK,2000,37.46
Pakistan,PAK,2001,37.56
Pakistan,PAK,2002,37.66
Pakistan,PAK,2003,37.75
Pakistan,PAK,2004,37.85
Pakistan,PAK,2005,37.71
Pakistan,PAK,2006,37.58
Pakistan,PAK,2007,37.44
Pakistan,PAK,2008,37.29
Pakistan,PAK,2009,37.14
Pakistan,PAK,2010,37
Pakistan,PAK,2011,36.84
Pakistan,PAK,2012,36.69
Pakistan,PAK,2013,36.53
Pakistan,PAK,2014,36.37
Pakistan,PAK,2015,36.2
Pakistan,PAK,2016,36.03
Pakistan,PAK,2017,35.86
Pakistan,PAK,2018,35.69
Pakistan,PAK,2019,35.76
Pakistan,PAK,2020,35.84
Palau,PLW,2000,63.69
Palau,PLW,2001,65.11
Palau,PLW,2002,66.52
Palau,PLW,2003,67.93
Palau,PLW,2004,69.54
Palau,PLW,2005,71.15
Palau,PLW,2006,72.76
Palau,PLW,2007,74.38
Palau,PLW,2008,76.01
Palau,PLW,2009,77.65
Palau,PLW,2010,79.29
Palau,PLW,2011,80.93
Palau,PLW,2012,82.58
Palau,PLW,2013,84.24
Palau,PLW,2014,85.9
Palau,PLW,2015,87.56
Palau,PLW,2016,89.23
Palau,PLW,2017,90.89
Palau,PLW,2018,91.04
Palau,PLW,2019,91.18
Palau,PLW,2020,91.31
Palestine,PSE,2000,73.14
Palestine,PSE,2001,73.47
Palestine,PSE,2002,73.8
Palestine,PSE,2003,74.13
Palestine,PSE,2004,74.46
Palestine,PSE,2005,74.79
Palestine,PSE,2006,75.12
Palestine,PSE,2007,75.45
Palestine,PSE,2008,75.78
Palestine,PSE,2009,76.11
Palestine,PSE,2010,76.43
Palestine,PSE,2011,76.76
Palestine,PSE,2012,77.09
Palestine,PSE,2013,77.42
Palestine,PSE,2014,77.74
Palestine,PSE,2015,78.07
Palestine,PSE,2016,78.4
Palestine,PSE,2017,78.72
Palestine,PSE,2018,79.05
Palestine,PSE,2019,79.37
Palestine,PSE,2020,79.7
Paraguay,PRY,2000,49.51
Paraguay,PRY,2001,50.52
Paraguay,PRY,2002,51.52
Paraguay,PRY,2003,52.41
Paraguay,PRY,2004,53.27
Paraguay,PRY,2005,54.12
Paraguay,PRY,2006,54.97
Paraguay,PRY,2007,55.81
Paraguay,PRY,2008,56.64
Paraguay,PRY,2009,57.47
Paraguay,PRY,2010,58.29
Paraguay,PRY,2011,59.1
Paraguay,PRY,2012,59.9
Paraguay,PRY,2013,60.68
Paraguay,PRY,2014,61.46
Paraguay,PRY,2015,62.23
Paraguay,PRY,2016,63
Paraguay,PRY,2017,63.75
Paraguay,PRY,2018,63.96
Paraguay,PRY,2019,64.02
Paraguay,PRY,2020,64.08
Peru,PER,2000,45
Peru,PER,2001,45.38
Peru,PER,2002,45.77
Peru,PER,2003,46.15
Peru,PER,2004,46.52
Peru,PER,2005,46.89
Peru,PER,2006,47.26
Peru,PER,2007,47.63
Peru,PER,2008,47.94
Peru,PER,2009,48.22
Peru,PER,2010,48.5
Peru,PER,2011,48.78
Peru,PER,2012,49.06
Peru,PER,2013,49.34
Peru,PER,2014,49.62
Peru,PER,2015,49.89
Peru,PER,2016,50.17
Peru,PER,2017,50.44
Peru,PER,2018,50.71
Peru,PER,2019,50.99
Peru,PER,2020,51.26
Philippines,PHL,2000,36.27
Philippines,PHL,2001,36.37
Philippines,PHL,2002,38.44
Philippines,PHL,2003,40.53
Philippines,PHL,2004,42.65
Philippines,PHL,2005,44.23
Philippines,PHL,2006,44.68
Philippines,PHL,2007,44.82
Philippines,PHL,2008,44.96
Philippines,PHL,2009,45.1
Philippines,PHL,2010,45.25
Philippines,PHL,2011,45.47
Philippines,PHL,2012,45.69
Philippines,PHL,2013,45.91
Philippines,PHL,2014,46.12
Philippines,PHL,2015,46.34
Philippines,PHL,2016,46.56
Philippines,PHL,2017,46.78
Philippines,PHL,2018,47
Philippines,PHL,2019,47.23
Philippines,PHL,2020,47.46
Poland,POL,2005,91.02
Poland,POL,2006,91.4
Poland,POL,2007,91.78
Poland,POL,2008,92.16
Poland,POL,2009,92.54
Poland,POL,2010,93.1
Poland,POL,2011,93.66
Poland,POL,2012,94.23
Poland,POL,2013,94.8
Poland,POL,2014,95.38
Poland,POL,2015,95.97
Poland,POL,2016,96.56
Poland,POL,2017,97.16
Poland,POL,2018,97.76
Poland,POL,2019,98.33
Poland,POL,2020,98.33
Portugal,PRT,2000,93.23
Portugal,PRT,2001,93.38
Portugal,PRT,2002,93.52
Portugal,PRT,2003,93.66
Portugal,PRT,2004,93.81
Portugal,PRT,2005,93.95
Portugal,PRT,2006,94.09
Portugal,PRT,2007,94.24
Portugal,PRT,2008,94.38
Portugal,PRT,2009,94.53
Portugal,PRT,2010,94.75
Portugal,PRT,2011,94.97
Portugal,PRT,2012,95.19
Portugal,PRT,2013,95.29
Portugal,PRT,2014,95.33
Portugal,PRT,2015,95.35
Portugal,PRT,2016,95.36
Portugal,PRT,2017,95.36
Portugal,PRT,2018,95.36
Portugal,PRT,2019,95.36
Portugal,PRT,2020,95.35
Puerto Rico,PRI,2000,75.13
Puerto Rico,PRI,2001,75.25
Puerto Rico,PRI,2002,75.36
Puerto Rico,PRI,2003,75.47
Puerto Rico,PRI,2004,75.59
Puerto Rico,PRI,2005,75.7
Puerto Rico,PRI,2006,75.82
Puerto Rico,PRI,2007,75.93
Puerto Rico,PRI,2008,76.04
Puerto Rico,PRI,2009,78.83
Puerto Rico,PRI,2010,81.63
Puerto Rico,PRI,2011,84.43
Puerto Rico,PRI,2012,87.25
Puerto Rico,PRI,2013,90.07
Puerto Rico,PRI,2014,92.9
Puerto Rico,PRI,2015,95.73
Puerto Rico,PRI,2016,98.58
Puerto Rico,PRI,2017,99.45
Puerto Rico,PRI,2018,99.73
Puerto Rico,PRI,2019,99.86
Puerto Rico,PRI,2020,99.86
Qatar,QAT,2000,96.6
Qatar,QAT,2001,96.6
Qatar,QAT,2002,96.6
Qatar,QAT,2003,96.6
Qatar,QAT,2004,96.6
Qatar,QAT,2005,96.6
Qatar,QAT,2006,96.6
Qatar,QAT,2007,96.6
Qatar,QAT,2008,96.6
Qatar,QAT,2009,96.6
Qatar,QAT,2010,96.6
Qatar,QAT,2011,96.54
Qatar,QAT,2012,96.48
Qatar,QAT,2013,96.42
Qatar,QAT,2014,96.36
Qatar,QAT,2015,96.3
Qatar,QAT,2016,96.24
Qatar,QAT,2017,96.18
Qatar,QAT,2018,96.18
Qatar,QAT,2019,96.18
Qatar,QAT,2020,96.18
Reunion,REU,2000,98.89
Reunion,REU,2001,98.89
Reunion,REU,2002,98.89
Reunion,REU,2003,98.89
Reunion,REU,2004,98.89
Reunion,REU,2005,98.89
Reunion,REU,2006,98.91
Reunion,REU,2007,98.94
Reunion,REU,2008,98.97
Reunion,REU,2009,98.99
Reunion,REU,2010,99.02
Reunion,REU,2011,98.55
Reunion,REU,2012,98.09
Reunion,REU,2013,97.62
Reunion,REU,2014,97.16
Reunion,REU,2015,96.69
Reunion,REU,2016,96.22
Reunion,REU,2017,95.76
Reunion,REU,2018,95.29
Reunion,REU,2019,94.81
Reunion,REU,2020,94.32
Romania,ROU,2000,81.65
Romania,ROU,2001,81.61
Romania,ROU,2002,81.59
Romania,ROU,2003,81.63
Romania,ROU,2004,81.66
Romania,ROU,2005,81.7
Romania,ROU,2006,81.74
Romania,ROU,2007,81.77
Romania,ROU,2008,81.81
Romania,ROU,2009,81.85
Romania,ROU,2010,81.89
Romania,ROU,2011,81.92
Romania,ROU,2012,81.93
Romania,ROU,2013,81.92
Romania,ROU,2014,81.91
Romania,ROU,2015,81.9
Romania,ROU,2016,81.91
Romania,ROU,2017,81.92
Romania,ROU,2018,81.93
Romania,ROU,2019,81.96
Romania,ROU,2020,81.99
Russia,RUS,2000,74.71
Russia,RUS,2001,74.7
Russia,RUS,2002,74.76
Russia,RUS,2003,74.82
Russia,RUS,2004,74.89
Russia,RUS,2005,74.95
Russia,RUS,2006,75.02
Russia,RUS,2007,75.09
Russia,RUS,2008,75.15
Russia,RUS,2009,75.22
Russia,RUS,2010,75.29
Russia,RUS,2011,75.35
Russia,RUS,2012,75.42
Russia,RUS,2013,75.49
Russia,RUS,2014,75.57
Russia,RUS,2015,75.65
Russia,RUS,2016,75.74
Russia,RUS,2017,75.82
Russia,RUS,2018,75.91
Russia,RUS,2019,76.01
Russia,RUS,2020,76.1
Rwanda,RWA,2000,3.99
Rwanda,RWA,2001,4.53
Rwanda,RWA,2002,5.11
Rwanda,RWA,2003,5.49
Rwanda,RWA,2004,5.85
Rwanda,RWA,2005,6.21
Rwanda,RWA,2006,6.57
Rwanda,RWA,2007,6.95
Rwanda,RWA,2008,7.33
Rwanda,RWA,2009,7.71
Rwanda,RWA,2010,8.11
Rwanda,RWA,2011,8.5
Rwanda,RWA,2012,8.91
Rwanda,RWA,2013,9.32
Rwanda,RWA,2014,9.74
Rwanda,RWA,2015,10.18
Rwanda,RWA,2016,10.63
Rwanda,RWA,2017,11.09
Rwanda,RWA,2018,11.56
Rwanda,RWA,2019,12.05
Rwanda,RWA,2020,12.1
Saint Barthelemy,,2000,99.03
Saint Barthelemy,,2001,99.03
Saint Barthelemy,,2002,99.03
Saint Barthelemy,,2003,99.03
Saint Barthelemy,,2004,99.03
Saint Barthelemy,,2005,99.11
Saint Barthelemy,,2006,99.2
Saint Barthelemy,,2007,99.28
Saint Barthelemy,,2008,99.36
Saint Barthelemy,,2009,99.45
Saint Barthelemy,,2010,99.53
Saint Barthelemy,,2011,99.61
Saint Barthelemy,,2012,99.7
Saint Barthelemy,,2013,99.78
Saint Barthelemy,,2014,99.86
Saint Barthelemy,,2015,99.95
Saint Barthelemy,,2016,100
Saint Barthelemy,,2017,100
Saint Barthelemy,,2018,100
Saint Barthelemy,,2019,100
Saint Barthelemy,,2020,100
Saint Helena,SHN,2002,88.69
Saint Helena,SHN,2003,88.69
Saint Helena,SHN,2004,88.69
Saint Helena,SHN,2005,88.69
Saint Helena,SHN,2006,88.69
Saint Helena,SHN,2007,88.73
Saint Helena,SHN,2008,88.78
Saint Helena,SHN,2009,88.82
Saint Helena,SHN,2010,88.87
Saint Helena,SHN,2011,88.91
Saint Helena,SHN,2012,88.96
Saint Helena,SHN,2013,89
Saint Helena,SHN,2014,89.05
Saint Helena,SHN,2015,89.09
Saint Helena,SHN,2016,89.14
Saint Helena,SHN,2017,89.18
Saint Helena,SHN,2018,89.23
Saint Helena,SHN,2019,89.23
Saint Helena,SHN,2020,89.23
Saint Martin (French part),MAF,2000,96.7
Saint Martin (French part),MAF,2001,96.7
Saint Martin (French part),MAF,2002,96.7
Saint Martin (French part),MAF,2003,96.7
Saint Martin (French part),MAF,2004,96.7
Saint Martin (French part),MAF,2005,96.7
Saint Martin (French part),MAF,2006,96.7
Saint Martin (French part),MAF,2007,96.7
Saint Martin (French part),MAF,2008,96.7
Saint Martin (French part),MAF,2009,96.7
Saint Martin (French part),MAF,2010,96.7
Saint Martin (French part),MAF,2011,96.7
Saint Martin (French part),MAF,2012,96.7
Saint Martin (French part),MAF,2013,96.7
Saint Martin (French part),MAF,2014,96.7
Saint Martin (French part),MAF,2015,96.7
Saint Martin (French part),MAF,2016,96.7
Saint Martin (French part),MAF,2017,96.7
Saint Martin (French part),MAF,2018,96.7
Saint Martin (French part),MAF,2019,96.7
Saint Martin (French part),MAF,2020,96.7
Saint Pierre and Miquelon,SPM,2007,83.13
Saint Pierre and Miquelon,SPM,2008,83.13
Saint Pierre and Miquelon,SPM,2009,83.13
Saint Pierre and Miquelon,SPM,2010,83.13
Saint Pierre and Miquelon,SPM,2011,83.13
Saint Pierre and Miquelon,SPM,2012,83.13
Saint Pierre and Miquelon,SPM,2013,83.13
Saint Pierre and Miquelon,SPM,2014,83.13
Saint Pierre and Miquelon,SPM,2015,83.13
Saint Pierre and Miquelon,SPM,2016,83.13
Saint Pierre and Miquelon,SPM,2017,83.13
Saint Pierre and Miquelon,SPM,2018,83.13
Saint Pierre and Miquelon,SPM,2019,83.13
Saint Pierre and Miquelon,SPM,2020,83.13
Samoa,WSM,2000,44.69
Samoa,WSM,2001,44.69
Samoa,WSM,2002,44.69
Samoa,WSM,2003,44.7
Samoa,WSM,2004,44.7
Samoa,WSM,2005,44.83
Samoa,WSM,2006,44.95
Samoa,WSM,2007,45.06
Samoa,WSM,2008,45.18
Samoa,WSM,2009,45.3
Samoa,WSM,2010,45.41
Samoa,WSM,2011,45.53
Samoa,WSM,2012,45.64
Samoa,WSM,2013,45.75
Samoa,WSM,2014,45.87
Samoa,WSM,2015,45.98
Samoa,WSM,2016,46.08
Samoa,WSM,2017,46.18
Samoa,WSM,2018,46.23
Samoa,WSM,2019,46.23
Samoa,WSM,2020,46.23
San Marino,SMR,2000,100
San Marino,SMR,2001,100
San Marino,SMR,2002,100
San Marino,SMR,2003,100
San Marino,SMR,2004,100
San Marino,SMR,2005,100
San Marino,SMR,2006,100
San Marino,SMR,2007,100
San Marino,SMR,2008,100
San Marino,SMR,2009,100
San Marino,SMR,2010,100
San Marino,SMR,2011,100
San Marino,SMR,2012,100
San Marino,SMR,2013,100
San Marino,SMR,2014,100
San Marino,SMR,2015,100
San Marino,SMR,2016,100
San Marino,SMR,2017,100
San Marino,SMR,2018,100
San Marino,SMR,2019,100
San Marino,SMR,2020,100
Sao Tome and Principe,STP,2000,25.54
Sao Tome and Principe,STP,2001,26.05
Sao Tome and Principe,STP,2002,26.59
Sao Tome and Principe,STP,2003,27.14
Sao Tome and Principe,STP,2004,27.7
Sao Tome and Principe,STP,2005,28.26
Sao Tome and Principe,STP,2006,28.82
Sao Tome and Principe,STP,2007,29.38
Sao Tome and Principe,STP,2008,29.95
Sao Tome and Principe,STP,2009,30.52
Sao Tome and Principe,STP,2010,31.09
Sao Tome and Principe,STP,2011,31.67
Sao Tome and Principe,STP,2012,32.25
Sao Tome and Principe,STP,2013,32.82
Sao Tome and Principe,STP,2014,33.4
Sao Tome and Principe,STP,2015,33.97
Sao Tome and Principe,STP,2016,34.54
Sao Tome and Principe,STP,2017,35.1
Sao Tome and Principe,STP,2018,35.48
Sao Tome and Principe,STP,2019,35.83
Sao Tome and Principe,STP,2020,36.17
Serbia,SRB,2000,74.38
Serbia,SRB,2001,74.42
Serbia,SRB,2002,74.46
Serbia,SRB,2003,74.49
Serbia,SRB,2004,74.53
Serbia,SRB,2005,74.57
Serbia,SRB,2006,74.61
Serbia,SRB,2007,74.65
Serbia,SRB,2008,74.69
Serbia,SRB,2009,74.73
Serbia,SRB,2010,74.77
Serbia,SRB,2011,74.81
Serbia,SRB,2012,74.83
Serbia,SRB,2013,74.85
Serbia,SRB,2014,74.88
Serbia,SRB,2015,74.9
Serbia,SRB,2016,74.92
Serbia,SRB,2017,74.95
Serbia,SRB,2018,74.97
Serbia,SRB,2019,75.01
Serbia,SRB,2020,75.04
Sierra Leone,SLE,2000,4.83
Sierra Leone,SLE,2001,4.98
Sierra Leone,SLE,2002,5.2
Sierra Leone,SLE,2003,5.43
Sierra Leone,SLE,2004,5.66
Sierra Leone,SLE,2005,5.91
Sierra Leone,SLE,2006,6.17
Sierra Leone,SLE,2007,6.45
Sierra Leone,SLE,2008,6.73
Sierra Leone,SLE,2009,7.01
Sierra Leone,SLE,2010,7.31
Sierra Leone,SLE,2011,7.61
Sierra Leone,SLE,2012,7.92
Sierra Leone,SLE,2013,8.23
Sierra Leone,SLE,2014,8.56
Sierra Leone,SLE,2015,8.88
Sierra Leone,SLE,2016,9.22
Sierra Leone,SLE,2017,9.56
Sierra Leone,SLE,2018,9.91
Sierra Leone,SLE,2019,10.26
Sierra Leone,SLE,2020,10.62
Singapore,SGP,2000,100
Singapore,SGP,2001,100
Singapore,SGP,2002,100
Singapore,SGP,2003,100
Singapore,SGP,2004,100
Singapore,SGP,2005,100
Singapore,SGP,2006,100
Singapore,SGP,2007,100
Singapore,SGP,2008,100
Singapore,SGP,2009,100
Singapore,SGP,2010,100
Singapore,SGP,2011,100
Singapore,SGP,2012,100
Singapore,SGP,2013,100
Singapore,SGP,2014,100
Singapore,SGP,2015,100
Singapore,SGP,2016,100
Singapore,SGP,2017,100
Singapore,SGP,2018,100
Singapore,SGP,2019,100
Singapore,SGP,2020,100
Slovakia,SVK,2000,92.18
Slovakia,SVK,2001,92.18
Slovakia,SVK,2002,92.81
Slovakia,SVK,2003,93.45
Slovakia,SVK,2004,94.09
Slovakia,SVK,2005,94.73
Slovakia,SVK,2006,95.36
Slovakia,SVK,2007,96.01
Slovakia,SVK,2008,96.65
Slovakia,SVK,2009,97.29
Slovakia,SVK,2010,97.93
Slovakia,SVK,2011,98.58
Slovakia,SVK,2012,98.82
Slovakia,SVK,2013,98.88
Slovakia,SVK,2014,98.93
Slovakia,SVK,2015,98.98
Slovakia,SVK,2016,99.03
Slovakia,SVK,2017,99.08
Slovakia,SVK,2018,99.13
Slovakia,SVK,2019,99.19
Slovakia,SVK,2020,99.24
Slovenia,SVN,2000,80.17
Slovenia,SVN,2001,80.17
Slovenia,SVN,2002,80.17
Slovenia,SVN,2003,81.38
Slovenia,SVN,2004,82.59
Slovenia,SVN,2005,83.8
Slovenia,SVN,2006,85.02
Slovenia,SVN,2007,86.23
Slovenia,SVN,2008,87.44
Slovenia,SVN,2009,88.65
Slovenia,SVN,2010,89.86
Slovenia,SVN,2011,91.08
Slovenia,SVN,2012,92.29
Slovenia,SVN,2013,93.5
Slovenia,SVN,2014,94.71
Slovenia,SVN,2015,95.93
Slovenia,SVN,2016,97.14
Slovenia,SVN,2017,98.27
Slovenia,SVN,2018,98.27
Slovenia,SVN,2019,98.27
Slovenia,SVN,2020,98.27
South Korea,KOR,2002,97
South Korea,KOR,2003,97
South Korea,KOR,2004,97
South Korea,KOR,2005,97
South Korea,KOR,2006,97
South Korea,KOR,2007,97.19
South Korea,KOR,2008,97.37
South Korea,KOR,2009,97.56
South Korea,KOR,2010,97.74
South Korea,KOR,2011,97.93
South Korea,KOR,2012,98.11
South Korea,KOR,2013,98.3
South Korea,KOR,2014,98.48
South Korea,KOR,2015,98.62
South Korea,KOR,2016,98.74
South Korea,KOR,2017,98.86
South Korea,KOR,2018,98.98
South Korea,KOR,2019,99.1
South Korea,KOR,2020,99.19
Spain,ESP,2000,99.37
Spain,ESP,2001,99.37
Spain,ESP,2002,99.4
Spain,ESP,2003,99.44
Spain,ESP,2004,99.47
Spain,ESP,2005,99.51
Spain,ESP,2006,99.54
Spain,ESP,2007,99.58
Spain,ESP,2008,99.61
Spain,ESP,2009,99.63
Spain,ESP,2010,99.63
Spain,ESP,2011,99.64
Spain,ESP,2012,99.63
Spain,ESP,2013,99.6
Spain,ESP,2014,99.57
Spain,ESP,2015,99.57
Spain,ESP,2016,99.58
Spain,ESP,2017,99.58
Spain,ESP,2018,99.58
Spain,ESP,2019,99.58
Spain,ESP,2020,99.59
Sub-Saharan Africa,,2000,17.06
Sub-Saharan Africa,,2001,17.41
Sub-Saharan Africa,,2002,17.88
Sub-Saharan Africa,,2003,18.36
Sub-Saharan Africa,,2004,18.9
Sub-Saharan Africa,,2005,19.46
Sub-Saharan Africa,,2006,20.07
Sub-Saharan Africa,,2007,20.7
Sub-Saharan Africa,,2008,21.38
Sub-Saharan Africa,,2009,22.09
Sub-Saharan Africa,,2010,22.83
Sub-Saharan Africa,,2011,23.36
Sub-Saharan Africa,,2012,24.15
Sub-Saharan Africa,,2013,24.98
Sub-Saharan Africa,,2014,25.82
Sub-Saharan Africa,,2015,26.69
Sub-Saharan Africa,,2016,27.58
Sub-Saharan Africa,,2017,28.47
Sub-Saharan Africa,,2018,29.09
Sub-Saharan Africa,,2019,29.62
Sub-Saharan Africa,,2020,30.03
Suriname,SUR,2000,51.58
Suriname,SUR,2001,51.82
Suriname,SUR,2002,52.05
Suriname,SUR,2003,52.28
Suriname,SUR,2004,52.52
Suriname,SUR,2005,52.71
Suriname,SUR,2006,52.9
Suriname,SUR,2007,53.1
Suriname,SUR,2008,53.29
Suriname,SUR,2009,53.48
Suriname,SUR,2010,53.68
Suriname,SUR,2011,53.87
Suriname,SUR,2012,54.07
Suriname,SUR,2013,54.26
Suriname,SUR,2014,54.46
Suriname,SUR,2015,54.67
Suriname,SUR,2016,54.88
Suriname,SUR,2017,55.09
Suriname,SUR,2018,55.31
Suriname,SUR,2019,55.53
Suriname,SUR,2020,55.76
Sweden,SWE,2000,99.37
Sweden,SWE,2001,99.4
Sweden,SWE,2002,99.42
Sweden,SWE,2003,99.45
Sweden,SWE,2004,99.47
Sweden,SWE,2005,99.49
Sweden,SWE,2006,99.52
Sweden,SWE,2007,99.54
Sweden,SWE,2008,99.57
Sweden,SWE,2009,99.59
Sweden,SWE,2010,99.61
Sweden,SWE,2011,99.63
Sweden,SWE,2012,99.66
Sweden,SWE,2013,99.68
Sweden,SWE,2014,99.7
Sweden,SWE,2015,99.72
Sweden,SWE,2016,99.74
Sweden,SWE,2017,99.75
Sweden,SWE,2018,99.75
Sweden,SWE,2019,99.75
Sweden,SWE,2020,99.75
Switzerland,CHE,2000,94.25
Switzerland,CHE,2001,94.25
Switzerland,CHE,2002,94.25
Switzerland,CHE,2003,94.25
Switzerland,CHE,2004,94.25
Switzerland,CHE,2005,94.25
Switzerland,CHE,2006,94.25
Switzerland,CHE,2007,94.25
Switzerland,CHE,2008,94.25
Switzerland,CHE,2009,94.25
Switzerland,CHE,2010,94.25
Switzerland,CHE,2011,94.25
Switzerland,CHE,2012,94.25
Switzerland,CHE,2013,94.25
Switzerland,CHE,2014,94.25
Switzerland,CHE,2015,94.25
Switzerland,CHE,2016,94.25
Switzerland,CHE,2017,94.25
Switzerland,CHE,2018,94.25
Switzerland,CHE,2019,94.25
Switzerland,CHE,2020,94.25
Tajikistan,TJK,2000,35.99
Tajikistan,TJK,2001,37.02
Tajikistan,TJK,2002,38.08
Tajikistan,TJK,2003,39.16
Tajikistan,TJK,2004,40.26
Tajikistan,TJK,2005,41.39
Tajikistan,TJK,2006,42.55
Tajikistan,TJK,2007,43.73
Tajikistan,TJK,2008,44.93
Tajikistan,TJK,2009,46.16
Tajikistan,TJK,2010,47.41
Tajikistan,TJK,2011,48.52
Tajikistan,TJK,2012,49.37
Tajikistan,TJK,2013,50.21
Tajikistan,TJK,2014,51.05
Tajikistan,TJK,2015,51.89
Tajikistan,TJK,2016,52.72
Tajikistan,TJK,2017,53.56
Tajikistan,TJK,2018,54.39
Tajikistan,TJK,2019,55.21
Tajikistan,TJK,2020,55.24
Togo,TGO,2000,9.96
Togo,TGO,2001,10.38
Togo,TGO,2002,10.81
Togo,TGO,2003,11.24
Togo,TGO,2004,11.68
Togo,TGO,2005,12.13
Togo,TGO,2006,12.59
Togo,TGO,2007,13.05
Togo,TGO,2008,13.52
Togo,TGO,2009,14
Togo,TGO,2010,14.49
Togo,TGO,2011,14.99
Togo,TGO,2012,15.51
Togo,TGO,2013,16.03
Togo,TGO,2014,16.56
Togo,TGO,2015,17.11
Togo,TGO,2016,17.66
Togo,TGO,2017,18.23
Togo,TGO,2018,18.81
Togo,TGO,2019,19.39
Togo,TGO,2020,19.56
Tonga,TON,2000,29.23
Tonga,TON,2001,29.24
Tonga,TON,2002,29.25
Tonga,TON,2003,29.26
Tonga,TON,2004,29.26
Tonga,TON,2005,29.29
Tonga,TON,2006,29.31
Tonga,TON,2007,29.34
Tonga,TON,2008,29.37
Tonga,TON,2009,29.4
Tonga,TON,2010,29.43
Tonga,TON,2011,29.46
Tonga,TON,2012,29.47
Tonga,TON,2013,29.47
Tonga,TON,2014,29.47
Tonga,TON,2015,29.48
Tonga,TON,2016,29.48
Tonga,TON,2017,29.48
Tonga,TON,2018,29.48
Tonga,TON,2019,29.49
Tonga,TON,2020,29.5
Tunisia,TUN,2000,73.29
Tunisia,TUN,2001,73.65
Tunisia,TUN,2002,74
Tunisia,TUN,2003,74.35
Tunisia,TUN,2004,74.69
Tunisia,TUN,2005,75.01
Tunisia,TUN,2006,75.33
Tunisia,TUN,2007,75.65
Tunisia,TUN,2008,75.96
Tunisia,TUN,2009,76.27
Tunisia,TUN,2010,76.58
Tunisia,TUN,2011,76.88
Tunisia,TUN,2012,77.18
Tunisia,TUN,2013,77.48
Tunisia,TUN,2014,77.77
Tunisia,TUN,2015,78.06
Tunisia,TUN,2016,78.35
Tunisia,TUN,2017,78.61
Tunisia,TUN,2018,78.84
Tunisia,TUN,2019,79.06
Tunisia,TUN,2020,79.29
Turkmenistan,TKM,2000,66.67
Turkmenistan,TKM,2001,67.86
Turkmenistan,TKM,2002,69.06
Turkmenistan,TKM,2003,70.27
Turkmenistan,TKM,2004,71.5
Turkmenistan,TKM,2005,73.17
Turkmenistan,TKM,2006,74.87
Turkmenistan,TKM,2007,76.58
Turkmenistan,TKM,2008,78.31
Turkmenistan,TKM,2009,80.05
Turkmenistan,TKM,2010,81.8
Turkmenistan,TKM,2011,83.57
Turkmenistan,TKM,2012,85.35
Turkmenistan,TKM,2013,87.15
Turkmenistan,TKM,2014,88.94
Turkmenistan,TKM,2015,90.75
Turkmenistan,TKM,2016,92.28
Turkmenistan,TKM,2017,93.68
Turkmenistan,TKM,2018,94.79
Turkmenistan,TKM,2019,94.81
Turkmenistan,TKM,2020,94.83
Uganda,UGA,2000,2.33
Uganda,UGA,2001,2.84
Uganda,UGA,2002,3.37
Uganda,UGA,2003,3.91
Uganda,UGA,2004,4.48
Uganda,UGA,2005,5.08
Uganda,UGA,2006,5.69
Uganda,UGA,2007,6.33
Uganda,UGA,2008,6.98
Uganda,UGA,2009,7.66
Uganda,UGA,2010,8.37
Uganda,UGA,2011,9.09
Uganda,UGA,2012,9.84
Uganda,UGA,2013,10.61
Uganda,UGA,2014,11.4
Uganda,UGA,2015,12.22
Uganda,UGA,2016,13.06
Uganda,UGA,2017,13.93
Uganda,UGA,2018,14.81
Uganda,UGA,2019,15.72
Uganda,UGA,2020,16.65
Ukraine,UKR,2000,66.51
Ukraine,UKR,2001,66.54
Ukraine,UKR,2002,66.63
Ukraine,UKR,2003,66.75
Ukraine,UKR,2004,69.38
Ukraine,UKR,2005,72
Ukraine,UKR,2006,74.59
Ukraine,UKR,2007,77.17
Ukraine,UKR,2008,79.72
Ukraine,UKR,2009,82.26
Ukraine,UKR,2010,84.76
Ukraine,UKR,2011,87.26
Ukraine,UKR,2012,89.29
Ukraine,UKR,2013,88.98
Ukraine,UKR,2014,88.68
Ukraine,UKR,2015,88.74
Ukraine,UKR,2016,88.81
Ukraine,UKR,2017,88.87
Ukraine,UKR,2018,88.94
Ukraine,UKR,2019,88.96
Ukraine,UKR,2020,89.02
United Kingdom,GBR,2000,100
United Kingdom,GBR,2001,100
United Kingdom,GBR,2002,100
United Kingdom,GBR,2003,100
United Kingdom,GBR,2004,100
United Kingdom,GBR,2005,100
United Kingdom,GBR,2006,100
United Kingdom,GBR,2007,99.99
United Kingdom,GBR,2008,99.98
United Kingdom,GBR,2009,99.96
United Kingdom,GBR,2010,99.95
United Kingdom,GBR,2011,99.93
United Kingdom,GBR,2012,99.92
United Kingdom,GBR,2013,99.9
United Kingdom,GBR,2014,99.89
United Kingdom,GBR,2015,99.87
United Kingdom,GBR,2016,99.85
United Kingdom,GBR,2017,99.84
United Kingdom,GBR,2018,99.82
United Kingdom,GBR,2019,99.82
United Kingdom,GBR,2020,99.82
United States,USA,2005,95.24
United States,USA,2006,95.25
United States,USA,2007,95.26
United States,USA,2008,95.27
United States,USA,2009,95.28
United States,USA,2010,95.47
United States,USA,2011,95.66
United States,USA,2012,95.85
United States,USA,2013,96.04
United States,USA,2014,96.23
United States,USA,2015,96.41
United States,USA,2016,96.6
United States,USA,2017,96.78
United States,USA,2018,96.97
United States,USA,2019,97.15
United States,USA,2020,97.33
United States Virgin Islands,VIR,2000,97.58
United States Virgin Islands,VIR,2001,97.61
United States Virgin Islands,VIR,2002,97.64
United States Virgin Islands,VIR,2003,97.67
United States Virgin Islands,VIR,2004,97.7
United States Virgin Islands,VIR,2005,97.73
United States Virgin Islands,VIR,2006,97.76
United States Virgin Islands,VIR,2007,97.79
United States Virgin Islands,VIR,2008,97.82
United States Virgin Islands,VIR,2009,97.85
United States Virgin Islands,VIR,2010,97.88
United States Virgin Islands,VIR,2011,97.91
United States Virgin Islands,VIR,2012,97.94
United States Virgin Islands,VIR,2013,97.94
United States Virgin Islands,VIR,2014,97.94
United States Virgin Islands,VIR,2015,97.94
United States Virgin Islands,VIR,2016,97.94
United States Virgin Islands,VIR,2017,97.94
United States Virgin Islands,VIR,2018,97.94
United States Virgin Islands,VIR,2019,97.94
United States Virgin Islands,VIR,2020,97.94
Upper-middle income,,2000,68.82
Upper-middle income,,2001,69.04
Upper-middle income,,2002,69.54
Upper-middle income,,2003,70.03
Upper-middle income,,2004,70.51
Upper-middle income,,2005,70.98
Upper-middle income,,2006,71.45
Upper-middle income,,2007,71.9
Upper-middle income,,2008,72.33
Upper-middle income,,2009,72.74
Upper-middle income,,2010,73.1
Upper-middle income,,2011,73.43
Upper-middle income,,2012,73.74
Upper-middle income,,2013,74.17
Upper-middle income,,2014,74.59
Upper-middle income,,2015,74.99
Upper-middle income,,2016,75.39
Upper-middle income,,2017,75.78
Upper-middle income,,2018,76.15
Upper-middle income,,2019,76.5
Upper-middle income,,2020,76.83
Uzbekistan,UZB,2000,56.34
Uzbekistan,UZB,2001,56.48
Uzbekistan,UZB,2002,56.63
Uzbekistan,UZB,2003,56.77
Uzbekistan,UZB,2004,56.92
Uzbekistan,UZB,2005,57.07
Uzbekistan,UZB,2006,57.22
Uzbekistan,UZB,2007,57.37
Uzbekistan,UZB,2008,57.52
Uzbekistan,UZB,2009,57.93
Uzbekistan,UZB,2010,58.34
Uzbekistan,UZB,2011,58.6
Uzbekistan,UZB,2012,58.69
Uzbekistan,UZB,2013,58.78
Uzbekistan,UZB,2014,58.84
Uzbekistan,UZB,2015,58.86
Uzbekistan,UZB,2016,58.88
Uzbekistan,UZB,2017,58.9
Uzbekistan,UZB,2018,58.86
Uzbekistan,UZB,2019,58.84
Uzbekistan,UZB,2020,58.83
Wallis and Futuna Islands,,2000,59.19
Wallis and Futuna Islands,,2001,59.19
Wallis and Futuna Islands,,2002,59.17
Wallis and Futuna Islands,,2003,59.15
Wallis and Futuna Islands,,2004,59.13
Wallis and Futuna Islands,,2005,59.11
Wallis and Futuna Islands,,2006,59.09
Wallis and Futuna Islands,,2007,59.07
Wallis and Futuna Islands,,2008,59.05
Wallis and Futuna Islands,,2009,59.02
Wallis and Futuna Islands,,2010,59
Wallis and Futuna Islands,,2011,58.98
Wallis and Futuna Islands,,2012,58.96
Wallis and Futuna Islands,,2013,58.94
Wallis and Futuna Islands,,2014,58.92
Wallis and Futuna Islands,,2015,58.9
Wallis and Futuna Islands,,2016,58.88
Wallis and Futuna Islands,,2017,58.86
Wallis and Futuna Islands,,2018,58.83
Wallis and Futuna Islands,,2019,58.81
Wallis and Futuna Islands,,2020,58.79
Western Asia and Northern Africa,,2000,67.91
Western Asia and Northern Africa,,2001,68.14
Western Asia and Northern Africa,,2002,68.44
Western Asia and Northern Africa,,2003,69.02
Western Asia and Northern Africa,,2004,69.62
Western Asia and Northern Africa,,2005,70.49
Western Asia and Northern Africa,,2006,71.44
Western Asia and Northern Africa,,2007,72.4
Western Asia and Northern Africa,,2008,73.36
Western Asia and Northern Africa,,2009,74.27
Western Asia and Northern Africa,,2010,75.13
Western Asia and Northern Africa,,2011,75.58
Western Asia and Northern Africa,,2012,76
Western Asia and Northern Africa,,2013,76.4
Western Asia and Northern Africa,,2014,76.8
Western Asia and Northern Africa,,2015,77.22
Western Asia and Northern Africa,,2016,77.65
Western Asia and Northern Africa,,2017,77.93
Western Asia and Northern Africa,,2018,78.22
Western Asia and Northern Africa,,2019,78.46
Western Asia and Northern Africa,,2020,78.69
World,OWID_WRL,2000,61.73
World,OWID_WRL,2001,61.99
World,OWID_WRL,2002,62.54
World,OWID_WRL,2003,62.83
World,OWID_WRL,2004,63.12
World,OWID_WRL,2005,63.4
World,OWID_WRL,2006,63.69
World,OWID_WRL,2007,63.98
World,OWID_WRL,2008,64.26
World,OWID_WRL,2009,65.01
World,OWID_WRL,2010,65.76
World,OWID_WRL,2011,66.6
World,OWID_WRL,2012,67.48
World,OWID_WRL,2013,68.39
World,OWID_WRL,2014,69.3
World,OWID_WRL,2015,70.2
World,OWID_WRL,2016,71.09
World,OWID_WRL,2017,71.98
World,OWID_WRL,2018,72.85
World,OWID_WRL,2019,73.66
World,OWID_WRL,2020,74.27
Zimbabwe,ZWE,2000,32.87
Zimbabwe,ZWE,2001,33.06
Zimbabwe,ZWE,2002,33.24
Zimbabwe,ZWE,2003,33.17
Zimbabwe,ZWE,2004,33.06
Zimbabwe,ZWE,2005,32.81
Zimbabwe,ZWE,2006,32.56
Zimbabwe,ZWE,2007,32.32
Zimbabwe,ZWE,2008,32.07
Zimbabwe,ZWE,2009,31.82
Zimbabwe,ZWE,2010,31.58
Zimbabwe,ZWE,2011,31.33
Zimbabwe,ZWE,2012,31.08
Zimbabwe,ZWE,2013,30.83
Zimbabwe,ZWE,2014,30.6
Zimbabwe,ZWE,2015,30.39
Zimbabwe,ZWE,2016,30.18
Zimbabwe,ZWE,2017,30
Zimbabwe,ZWE,2018,29.83
Zimbabwe,ZWE,2019,29.67
Zimbabwe,ZWE,2020,29.54