Entity,Code,Year,"Water productivity, total (constant 2010 US$ GDP per cubic meter of total freshwater withdrawal)"
Afghanistan,AFG,2002,0.368066000848238
Afghanistan,AFG,2007,0.54188909904695
Afghanistan,AFG,2012,0.885261667791393
Afghanistan,AFG,2017,1.02264273209669
Africa Eastern and Southern,,1977,5.99494435192054
Africa Eastern and Southern,,1982,6.37413691158307
Africa Eastern and Southern,,1987,3.63214777224146
Africa Eastern and Southern,,1992,8.79719559348334
Africa Eastern and Southern,,1997,9.94166613259678
Africa Eastern and Southern,,2002,9.59097936030383
Africa Eastern and Southern,,2007,11.7009731361017
Africa Eastern and Southern,,2012,10.1061435468604
Africa Eastern and Southern,,2017,10.8730462803786
Africa Western and Central,,1972,27.944423260313
Africa Western and Central,,1977,19.9710989161364
Africa Western and Central,,1982,7.16783985870233
Africa Western and Central,,1987,15.4953364813478
Africa Western and Central,,1992,14.0752826818585
Africa Western and Central,,1997,12.3169202830001
Africa Western and Central,,2002,13.0832173195507
Africa Western and Central,,2007,16.6059801149842
Africa Western and Central,,2012,21.4983071492182
Africa Western and Central,,2017,24.9381508861608
Albania,ALB,1992,3.41177178399833
Albania,ALB,1997,3.68896657355918
Albania,ALB,2002,4.71968277501313
Albania,ALB,2007,8.16335983584019
Albania,ALB,2012,10.3764276437247
Albania,ALB,2017,11.7654776015105
Algeria,DZA,1972,20.1204648365155
Algeria,DZA,1977,21.9254182361244
Algeria,DZA,1982,23.9861805295517
Algeria,DZA,1987,22.6471062672301
Algeria,DZA,1992,19.7951048379226
Algeria,DZA,1997,18.5993045076379
Algeria,DZA,2002,19.8755254491825
Algeria,DZA,2007,21.5922785544493
Algeria,DZA,2012,21.9900412161096
Algeria,DZA,2017,20.2425077904073
Angola,AGO,1987,64.9548741015445
Angola,AGO,1992,56.1080392001365
Angola,AGO,1997,54.3536962281244
Angola,AGO,2002,64.2512969621853
Angola,AGO,2007,101.44216164854
Angola,AGO,2012,133.365226573414
Angola,AGO,2017,144.07401520501
Antigua and Barbuda,ATG,1992,332.57178692656
Antigua and Barbuda,ATG,1997,263.153019125084
Antigua and Barbuda,ATG,2002,217.666253426118
Antigua and Barbuda,ATG,2007,288.979100160697
Antigua and Barbuda,ATG,2012,264.587882652476
Antigua and Barbuda,ATG,2017,308.407545835648
Arab World,,1977,1.57694672636716
Arab World,,1982,3.18381605620876
Arab World,,1987,3.23291799261051
Arab World,,1992,5.7964496840807
Arab World,,1997,6.26434359967424
Arab World,,2001,20.9649420385268
Arab World,,2002,6.93834233214074
Arab World,,2005,18.7139328650232
Arab World,,2007,9.44017758038018
Arab World,,2012,11.5083088550726
Arab World,,2017,13.2732155046841
Argentina,ARG,1977,7.46629081960682
Argentina,ARG,1982,7.43900389293335
Argentina,ARG,1987,8.07534177119282
Argentina,ARG,1992,8.442711780728
Argentina,ARG,1997,10.3987036849613
Argentina,ARG,2002,8.14822503886491
Argentina,ARG,2007,11.2183959998886
Argentina,ARG,2012,11.7923201279744
Argentina,ARG,2017,12.1762521642945
Armenia,ARM,1997,1.98326216705396
Armenia,ARM,2002,3.08501267409601
Armenia,ARM,2007,3.27602809592265
Armenia,ARM,2012,3.53403456293342
Armenia,ARM,2017,4.31575866147281
Australia,AUS,1997,33.9072283045304
Australia,AUS,2002,43.3579250012924
Australia,AUS,2007,65.7533252943598
Australia,AUS,2012,79.1494248662311
Australia,AUS,2017,86.4937303952343
Austria,AUT,1982,61.7841954364392
Austria,AUT,1987,63.3470636607885
Austria,AUT,1992,75.0407642841184
Austria,AUT,1997,83.3224796833112
Austria,AUT,2002,96.8373669578284
Austria,AUT,2007,111.882764831674
Austria,AUT,2012,116.358605662043
Austria,AUT,2017,123.59724932301
Azerbaijan,AZE,1992,1.07568379920762
Azerbaijan,AZE,1997,0.812688081716521
Azerbaijan,AZE,2002,1.59402191024245
Azerbaijan,AZE,2007,3.40215947857826
Azerbaijan,AZE,2012,4.44647102104259
Azerbaijan,AZE,2017,4.4448698131619
Bahrain,BHR,1992,50.8025244214312
Bahrain,BHR,1997,51.3061276875945
Bahrain,BHR,2002,63.1463506126951
Bahrain,BHR,2007,104.235232818609
Bahrain,BHR,2012,143.21075930646
Bahrain,BHR,2017,213.534850542546
Bangladesh,BGD,2012,3.64468959314783
Bangladesh,BGD,2017,5.01790127602818
Barbados,BRB,1977,55.1817536865745
Barbados,BRB,1982,53.2
Barbados,BRB,1987,53.6740740740741
Barbados,BRB,1992,45.3933333333333
Barbados,BRB,1997,48.0123456790123
Barbados,BRB,2002,51.358024691358
Barbados,BRB,2007,69.2857142857143
Barbados,BRB,2012,63.9857142857143
Barbados,BRB,2017,66.4642857142857
Belarus,BLR,1997,12.2922110722683
Belarus,BLR,2002,17.2777357680036
Belarus,BLR,2007,29.2631444930979
Belarus,BLR,2012,40.1995209509897
Belarus,BLR,2017,43.3458678109043
Belgium,BEL,1982,29.9915809077362
Belgium,BEL,1987,33.6220447427835
Belgium,BEL,1992,40.049583629317
Belgium,BEL,1997,48.1964227283135
Belgium,BEL,2002,61.9532479241387
Belgium,BEL,2007,76.4530302477496
Belgium,BEL,2012,92.965461120999
Belgium,BEL,2017,132.193570710378
Belize,BLZ,1987,19.2780634847249
Belize,BLZ,1992,18.7859406708794
Belize,BLZ,1997,9.97270008295415
Belize,BLZ,2002,10.3722519987152
Belize,BLZ,2007,12.7636636356308
Belize,BLZ,2012,14.2331473496774
Belize,BLZ,2017,15.6695158422083
Benin,BEN,1987,31.688804208543
Benin,BEN,1992,30.9778144871644
Benin,BEN,1997,39.2268950132558
Benin,BEN,2002,55.2886164855555
Benin,BEN,2007,66.9250418504206
Benin,BEN,2012,79.1562502519297
Benin,BEN,2017,100.29837260376
Bhutan,BTN,2012,5.20011469831863
Bhutan,BTN,2017,6.77833687630208
Bolivia,BOL,1987,6.71969631539599
Bolivia,BOL,1992,6.48226843177136
Bolivia,BOL,1997,6.79727051565273
Bolivia,BOL,2002,7.03007949749565
Bolivia,BOL,2007,8.29435442185254
Bolivia,BOL,2012,10.4076169411054
Bolivia,BOL,2017,13.352925928901
Bosnia and Herzegovina,BIH,2002,33.1117615552102
Bosnia and Herzegovina,BIH,2007,42.7380474630004
Bosnia and Herzegovina,BIH,2012,39.2942082177547
Bosnia and Herzegovina,BIH,2017,48.7281138658761
Botswana,BWA,1987,38.1996200250767
Botswana,BWA,1992,52.0547486520352
Botswana,BWA,1997,46.5818092844125
Botswana,BWA,2002,46.7981109907517
Botswana,BWA,2007,61.2349840526144
Botswana,BWA,2012,72.8615866523796
Botswana,BWA,2017,89.7952000842659
Brazil,BRA,1987,33.9591865113412
Brazil,BRA,1992,26.0972353527866
Brazil,BRA,1997,26.5134607886549
Brazil,BRA,2002,28.3300312076174
Brazil,BRA,2007,31.4547329452957
Brazil,BRA,2012,33.5065440953353
Brazil,BRA,2017,34.8764605765634
Brunei,BRN,1992,127.454505994633
Brunei,BRN,1997,123.458639849492
Brunei,BRN,2002,138.868453149663
Brunei,BRN,2007,150.751587187704
Brunei,BRN,2012,155.984439023613
Brunei,BRN,2017,146.501969037483
Bulgaria,BGR,1982,2.4557818586063
Bulgaria,BGR,1987,3.23543324907603
Bulgaria,BGR,1992,4.76380439233945
Bulgaria,BGR,1997,4.93645195508211
Bulgaria,BGR,2002,5.43508403785657
Bulgaria,BGR,2007,7.88109359031921
Bulgaria,BGR,2012,9.0560983053788
Bulgaria,BGR,2017,10.4475497509436
Burkina Faso,BFA,1987,10.01500918716
Burkina Faso,BFA,1992,9.83925925445838
Burkina Faso,BFA,1997,10.2466252618994
Burkina Faso,BFA,2002,8.35424312218056
Burkina Faso,BFA,2007,10.4617520202147
Burkina Faso,BFA,2012,14.0500515057955
Burkina Faso,BFA,2017,18.1345146789029
Burundi,BDI,1987,16.1917204896568
Burundi,BDI,1992,10.9801363956071
Burundi,BDI,1997,5.81404271079857
Burundi,BDI,2002,5.47142826641883
Burundi,BDI,2007,6.33970872609616
Burundi,BDI,2012,7.88322111425771
Burundi,BDI,2017,8.27736770859355
Cambodia,KHM,2007,4.54925747404158
Cambodia,KHM,2012,5.91454541219692
Cambodia,KHM,2017,8.32609991456013
Cameroon,CMR,1987,47.0336289681365
Cameroon,CMR,1992,36.8798753046611
Cameroon,CMR,1997,20.9031249470358
Cameroon,CMR,2002,19.0617404452377
Cameroon,CMR,2007,21.981145536321
Cameroon,CMR,2012,26.1741672094736
Cameroon,CMR,2017,33.4438577208081
Canada,CAN,1997,25.6138165932571
Canada,CAN,2002,30.4155007968834
Canada,CAN,2007,38.7266161400053
Canada,CAN,2012,46.587193545227
Canada,CAN,2017,52.3945521647582
Cape Verde,CPV,2002,44.760807514121
Cape Verde,CPV,2007,61.5715005596106
Cape Verde,CPV,2012,69.1338542163034
Cape Verde,CPV,2017,76.8986340143152
Caribbean Small States,,1977,55.1817536865745
Caribbean Small States,,1982,53.2
Caribbean Small States,,1987,11.5201680595627
Caribbean Small States,,1992,4.37895104393913
Caribbean Small States,,1997,9.14109077368681
Caribbean Small States,,2002,9.89556757371715
Caribbean Small States,,2005,80.6869556877354
Caribbean Small States,,2007,13.1244759877973
Caribbean Small States,,2012,13.2358151069055
Caribbean Small States,,2014,59.838179048329
Caribbean Small States,,2017,13.7990618535425
Central African Republic,CAF,1987,69.6422002251915
Central African Republic,CAF,1992,34.1192873767944
Central African Republic,CAF,1997,26.2714840312868
Central African Republic,CAF,2002,24.2475936623462
Central African Republic,CAF,2007,25.487796529295
Central African Republic,CAF,2012,32.3488064080219
Central African Republic,CAF,2017,23.5258831786016
Central Europe and the Baltics,,1992,9.16481186935951
Central Europe and the Baltics,,1997,16.3397910399587
Central Europe and the Baltics,,2002,23.4398539650131
Central Europe and the Baltics,,2007,32.954895392874
Central Europe and the Baltics,,2012,38.8096592108747
Central Europe and the Baltics,,2017,48.5368828365576
Chad,TCD,1987,14.6782683948147
Chad,TCD,1992,8.79180209913425
Chad,TCD,1997,5.72096619032439
Chad,TCD,2002,5.43202264184626
Chad,TCD,2007,9.94520270182544
Chad,TCD,2012,13.2166109447747
Chad,TCD,2017,13.9571675269099
Chile,CHL,1992,4.65311307487577
Chile,CHL,1997,5.1405037933901
Chile,CHL,2002,4.95141138256442
Chile,CHL,2007,5.72837516153087
Chile,CHL,2012,6.90527276795494
Chile,CHL,2017,7.69807336150389
China,CHN,1982,0.847792657227511
China,CHN,1987,1.40666142206704
China,CHN,1992,1.99875461449882
China,CHN,1997,3.28173336310923
China,CHN,2002,4.77945856454341
China,CHN,2007,8.06514570748043
China,CHN,2012,12.0122494780201
China,CHN,2017,17.2112495417126
Colombia,COL,2002,22.9516593503444
Colombia,COL,2007,23.3059559175424
Colombia,COL,2012,25.1106299475794
Colombia,COL,2017,27.4033528486832
Comoros,COM,2002,73.6048665738836
Comoros,COM,2007,81.501425549998
Comoros,COM,2012,97.5453592621462
Comoros,COM,2017,112.880503045239
Congo,COG,1987,168.368795372693
Congo,COG,1992,177.673477656818
Congo,COG,1997,171.041636784192
Congo,COG,2002,193.086078951728
Congo,COG,2007,218.877754114059
Congo,COG,2012,320.886527037559
Congo,COG,2017,280.025628455737
Costa Rica,CRI,2012,17.629953764541
Costa Rica,CRI,2017,15.4141763181675
Cote d'Ivoire,CIV,1987,24.354594445877
Cote d'Ivoire,CIV,1992,15.2188878417912
Cote d'Ivoire,CIV,1997,16.1896301469872
Cote d'Ivoire,CIV,2002,15.0014721581159
Cote d'Ivoire,CIV,2007,15.7723102945381
Cote d'Ivoire,CIV,2012,21.1257118807385
Cote d'Ivoire,CIV,2017,33.6649322998349
Croatia,HRV,2002,88.5577476789657
Croatia,HRV,2007,98.7728667704307
Croatia,HRV,2012,88.3043664055928
Croatia,HRV,2017,94.374473703589
Cuba,CUB,1997,6.58488926604784
Cuba,CUB,2002,7.72620707496913
Cuba,CUB,2007,12.0492744807208
Cuba,CUB,2012,10.2513932226058
Cuba,CUB,2017,10.8639353329596
Cyprus,CYP,1977,31.553018370154
Cyprus,CYP,1982,37.7926139717375
Cyprus,CYP,1987,44.7238655659807
Cyprus,CYP,1992,61.3298882961475
Cyprus,CYP,1997,86.6052581598393
Cyprus,CYP,2002,116.989366414047
Cyprus,CYP,2007,151.354432434218
Cyprus,CYP,2012,97.7094427514915
Cyprus,CYP,2017,122.395156657387
Czechia,CZE,1997,58.3061488262984
Czechia,CZE,2002,83.750614034709
Czechia,CZE,2007,105.843774802341
Czechia,CZE,2012,114.692580201509
Czechia,CZE,2017,150.430676850269
Democratic Republic of Congo,COD,1997,30.0053852658626
Democratic Republic of Congo,COD,2002,22.0666291302227
Democratic Republic of Congo,COD,2007,26.9577734616486
Democratic Republic of Congo,COD,2012,36.1054732422886
Democratic Republic of Congo,COD,2017,48.6921778090276
Denmark,DNK,1972,176.312997576833
Denmark,DNK,1977,146.364067239234
Denmark,DNK,1982,136.616497444416
Denmark,DNK,1987,167.655238513446
Denmark,DNK,1992,199.154486452949
Denmark,DNK,1997,297.722050796572
Denmark,DNK,2002,462.31699425262
Denmark,DNK,2007,601.550173217094
Denmark,DNK,2012,448.920670849518
Denmark,DNK,2017,491.754101386479
Dominica,DMA,1997,21.9627069870814
Dominica,DMA,2002,22.7311040867236
Dominica,DMA,2007,25.318963111648
Dominica,DMA,2012,24.3752023879518
Dominica,DMA,2017,23.4432525260701
Dominican Republic,DOM,2002,7.19530593976994
Dominican Republic,DOM,2007,7.76589255265706
Dominican Republic,DOM,2012,7.19987506636701
Dominican Republic,DOM,2017,8.42328302118136
Early-demographic dividend,,1972,32.1934389095919
Early-demographic dividend,,1977,1.70904929708075
Early-demographic dividend,,1982,2.14553092451125
Early-demographic dividend,,1987,2.19547911383883
Early-demographic dividend,,1992,3.43849686254839
Early-demographic dividend,,1997,3.60113708128157
Early-demographic dividend,,2001,20.9649420385268
Early-demographic dividend,,2002,3.66342083081817
Early-demographic dividend,,2005,20.1965410665235
Early-demographic dividend,,2007,4.32333384606262
Early-demographic dividend,,2012,5.27925608047247
Early-demographic dividend,,2014,59.838179048329
Early-demographic dividend,,2017,6.088117544178
East Asia & Pacific,,1982,6.80673983337418
East Asia & Pacific,,1987,7.39035325771505
East Asia & Pacific,,1992,8.67677205220385
East Asia & Pacific,,1997,10.5696574339213
East Asia & Pacific,,2002,11.5259439216393
East Asia & Pacific,,2007,12.736691679597
East Asia & Pacific,,2012,14.8154646051536
East Asia & Pacific,,2017,17.9571763224962
East Asia & Pacific (IDA & IBRD),,1982,0.847792657227511
East Asia & Pacific (IDA & IBRD),,1987,1.28008009201547
East Asia & Pacific (IDA & IBRD),,1992,2.20441970830467
East Asia & Pacific (IDA & IBRD),,1997,3.33717371671192
East Asia & Pacific (IDA & IBRD),,2002,4.2883178690947
East Asia & Pacific (IDA & IBRD),,2007,6.13882375816113
East Asia & Pacific (IDA & IBRD),,2012,8.58225266936134
East Asia & Pacific (IDA & IBRD),,2017,11.5786048281067
East Asia & Pacific (excluding high income),,1982,0.847792657227511
East Asia & Pacific (excluding high income),,1987,1.28008009201547
East Asia & Pacific (excluding high income),,1992,2.20441970830467
East Asia & Pacific (excluding high income),,1997,3.33717371671192
East Asia & Pacific (excluding high income),,2002,4.2883178690947
East Asia & Pacific (excluding high income),,2007,6.13882375816113
East Asia & Pacific (excluding high income),,2012,8.58225266936134
East Asia & Pacific (excluding high income),,2017,11.5786048281067
Ecuador,ECU,2002,5.24767894150406
Ecuador,ECU,2007,6.33485216616342
Ecuador,ECU,2012,7.99341829991137
Ecuador,ECU,2017,8.81226038988079
Egypt,EGY,1977,0.780681379018839
Egypt,EGY,1982,1.10743371187555
Egypt,EGY,1987,1.41626080348012
Egypt,EGY,1992,1.68894043139828
Egypt,EGY,1997,1.84461128232566
Egypt,EGY,2002,2.08643531417038
Egypt,EGY,2007,2.52184859188206
Egypt,EGY,2012,3.57627672628083
Egypt,EGY,2017,4.23408126030188
El Salvador,SLV,1992,16.8297549787647
El Salvador,SLV,1997,13.0598292362036
El Salvador,SLV,2002,9.61532978444611
El Salvador,SLV,2007,8.49387523843441
El Salvador,SLV,2012,9.2968698857952
El Salvador,SLV,2017,10.3793682119023
Equatorial Guinea,GNQ,1987,21.7853599317733
Equatorial Guinea,GNQ,1992,22.5292909809861
Equatorial Guinea,GNQ,1997,116.881177725053
Equatorial Guinea,GNQ,2002,358.509152502009
Equatorial Guinea,GNQ,2007,757.821065048932
Equatorial Guinea,GNQ,2012,950.679868968816
Equatorial Guinea,GNQ,2017,715.476386079931
Eritrea,ERI,2002,3.27742150000635
Eritrea,ERI,2007,2.85174054004261
Estonia,EST,1997,8.93934079979287
Estonia,EST,2002,11.2523710965537
Estonia,EST,2007,12.8710013255655
Estonia,EST,2012,13.3689167000177
Estonia,EST,2017,14.1437035079678
Eswatini,SWZ,1982,1.61239188375997
Eswatini,SWZ,1987,2.03215086689535
Eswatini,SWZ,1992,2.77153643785676
Eswatini,SWZ,1997,2.96296664924663
Eswatini,SWZ,2002,3.14194218810309
Eswatini,SWZ,2007,3.91041508528078
Eswatini,SWZ,2012,4.47866496965975
Eswatini,SWZ,2017,4.94865192016971
Ethiopia,ETH,2002,2.58632498898327
Ethiopia,ETH,2007,2.64237394858944
Ethiopia,ETH,2012,3.77785235763125
Ethiopia,ETH,2017,5.53197693308451
Euro area,,1972,24.7913550927941
Euro area,,1977,23.4366882123588
Euro area,,1982,32.0946858858685
Euro area,,1987,35.2609705280035
Euro area,,1992,44.9386883160442
Euro area,,1997,50.3476441115134
Euro area,,2002,58.3081955328933
Euro area,,2007,69.8279049415948
Euro area,,2012,71.9084812093174
Euro area,,2017,84.0204870085723
Europe & Central Asia,,1987,43.2938663094252
Europe & Central Asia,,1992,31.6112799405542
Europe & Central Asia,,1997,29.1204286024145
Europe & Central Asia,,2002,34.9401435789118
Europe & Central Asia,,2007,42.279605266005
Europe & Central Asia,,2012,43.4197353830911
Europe & Central Asia,,2017,47.5509306272287
Europe & Central Asia (IDA & IBRD),,1992,9.54171047633393
Europe & Central Asia (IDA & IBRD),,1997,6.52627952614376
Europe & Central Asia (IDA & IBRD),,2002,8.37533752437704
Europe & Central Asia (IDA & IBRD),,2007,12.0631359074038
Europe & Central Asia (IDA & IBRD),,2012,13.5011140463194
Europe & Central Asia (IDA & IBRD),,2017,14.6239319862967
Europe & Central Asia (excluding high income),,1992,9.11087302263716
Europe & Central Asia (excluding high income),,1997,5.84601341706218
Europe & Central Asia (excluding high income),,2002,7.35200546877471
Europe & Central Asia (excluding high income),,2007,10.8290016425404
Europe & Central Asia (excluding high income),,2012,12.0755404505142
Europe & Central Asia (excluding high income),,2017,12.9400240599296
European Union,,1972,29.4546846875423
European Union,,1977,26.4746098514731
European Union,,1982,31.3672520040627
European Union,,1987,35.0293710263637
European Union,,1992,39.7016473911177
European Union,,1997,46.6012542900779
European Union,,2002,55.1881055171662
European Union,,2007,66.8555047302878
European Union,,2012,69.4971823699498
European Union,,2017,81.7550778804398
Fiji,FJI,1987,61.9346774450366
Fiji,FJI,1992,44.1259382528118
Fiji,FJI,1997,35.5776150417202
Fiji,FJI,2002,34.1145042415841
Fiji,FJI,2007,36.0616417821522
Fiji,FJI,2012,38.527509192065
Fiji,FJI,2017,48.0618269268008
Finland,FIN,1972,27.2915416186937
Finland,FIN,1977,29.0704667788511
Finland,FIN,1982,33.3455967958383
Finland,FIN,1987,44.8668339618615
Finland,FIN,1992,62.2875204419164
Finland,FIN,1997,73.1107018144167
Finland,FIN,2002,52.5760199989165
Finland,FIN,2007,39.7219543647833
Finland,FIN,2012,38.3965788707295
Finland,FIN,2017,40.4403619795193
Fragile and conflict affected situations,,1982,5.49914870131046
Fragile and conflict affected situations,,1987,5.23353931336815
Fragile and conflict affected situations,,1992,4.76311841789615
Fragile and conflict affected situations,,1997,4.75841547029314
Fragile and conflict affected situations,,2001,20.9649420385268
Fragile and conflict affected situations,,2002,4.6738182485145
Fragile and conflict affected situations,,2005,18.7139328650232
Fragile and conflict affected situations,,2007,6.12601339061651
Fragile and conflict affected situations,,2012,7.27161469175279
Fragile and conflict affected situations,,2017,6.97570282961853
France,FRA,1982,47.2158835033316
France,FRA,1987,46.7687853701983
France,FRA,1992,49.5811818558597
France,FRA,1997,69.1016699414814
France,FRA,2002,74.3907426666326
France,FRA,2007,85.8922903343193
France,FRA,2012,96.533173163187
France,FRA,2017,108.798053682567
Gabon,GAB,1987,137.062320173045
Gabon,GAB,1992,130.978223426576
Gabon,GAB,1997,127.005981707968
Gabon,GAB,2002,99.5752616095504
Gabon,GAB,2007,99.6564108168389
Gabon,GAB,2012,116.463688912231
Gabon,GAB,2017,136.749170781844
Gambia,GMB,1982,28.528147503177
Gambia,GMB,1987,17.3539583771874
Gambia,GMB,1992,14.1377091607642
Gambia,GMB,1997,11.8378057944908
Gambia,GMB,2002,11.8299765611098
Gambia,GMB,2007,12.6545410831574
Gambia,GMB,2012,14.6863352927005
Gambia,GMB,2017,16.5633417823975
Georgia,GEO,1992,2.44482058503975
Georgia,GEO,1997,2.58939742904507
Georgia,GEO,2002,3.92755923593624
Georgia,GEO,2007,6.41739808563131
Georgia,GEO,2012,7.67252842441882
Georgia,GEO,2017,9.22851969940806
Germany,DEU,1992,59.9882454072746
Germany,DEU,1997,68.3513229002135
Germany,DEU,2002,85.6345866914874
Germany,DEU,2007,106.139205711464
Germany,DEU,2012,127.128921775231
Germany,DEU,2017,158.469741731349
Ghana,GHA,1972,27.944423260313
Ghana,GHA,1977,19.9710989161364
Ghana,GHA,1982,15.2758654558501
Ghana,GHA,1987,15.3124016305597
Ghana,GHA,1992,16.478924781901
Ghana,GHA,1997,17.7339637157134
Ghana,GHA,2002,19.2650259912415
Ghana,GHA,2007,22.2509712996258
Ghana,GHA,2012,30.5073216906718
Ghana,GHA,2017,34.9053814616762
Greece,GRC,1972,32.5405447628762
Greece,GRC,1977,35.8554670506785
Greece,GRC,1982,34.1772188164188
Greece,GRC,1987,28.1462729135982
Greece,GRC,1992,25.3142572144211
Greece,GRC,1997,25.8029472980265
Greece,GRC,2002,29.2202946402044
Greece,GRC,2007,34.2275190846714
Greece,GRC,2012,24.9440711532491
Greece,GRC,2017,21.6729864070579
Grenada,GRD,2005,80.6869556877354
Grenada,GRD,2014,59.838179048329
Guatemala,GTM,2002,11.9407726058329
Guatemala,GTM,2007,11.4599012775996
Guatemala,GTM,2012,13.1255225729702
Guatemala,GTM,2017,15.6612160328283
Guinea,GIN,1987,4.03286366471849
Guinea,GIN,1992,5.38262111590249
Guinea,GIN,1997,7.44080525389658
Guinea,GIN,2002,9.80873926684631
Guinea,GIN,2007,11.0636023489418
Guinea,GIN,2012,13.355829150366
Guinea,GIN,2017,18.2702074873315
Guinea-Bissau,GNB,1992,13.6771822146228
Guinea-Bissau,GNB,1997,4.93339155579187
Guinea-Bissau,GNB,2002,3.82262355143253
Guinea-Bissau,GNB,2007,4.3516765074202
Guinea-Bissau,GNB,2012,5.15918115007761
Guinea-Bissau,GNB,2017,6.42503322560747
Guyana,GUY,1992,1.31862763045223
Guyana,GUY,1997,1.73053678128024
Guyana,GUY,2002,1.74651036005848
Guyana,GUY,2007,2.0676227537653
Guyana,GUY,2012,2.637805191809
Guyana,GUY,2017,3.0145028104533
Haiti,HTI,1992,8.89730012968034
Haiti,HTI,1997,7.03017015095867
Haiti,HTI,2002,7.16271935440931
Haiti,HTI,2007,7.80110100167297
Haiti,HTI,2012,8.58465105453717
Haiti,HTI,2017,9.67489188238534
Heavily indebted poor countries (HIPC),,1972,27.944423260313
Heavily indebted poor countries (HIPC),,1977,19.9710989161364
Heavily indebted poor countries (HIPC),,1982,8.98344295381227
Heavily indebted poor countries (HIPC),,1987,4.25531375334069
Heavily indebted poor countries (HIPC),,1992,4.41068358060185
Heavily indebted poor countries (HIPC),,1997,5.10021259770811
Heavily indebted poor countries (HIPC),,2002,3.71736206430611
Heavily indebted poor countries (HIPC),,2007,4.64321737093347
Heavily indebted poor countries (HIPC),,2012,5.12567701172537
Heavily indebted poor countries (HIPC),,2017,6.49584280588941
High income,,1977,26.3893015892326
High income,,1982,22.1522317571216
High income,,1987,27.2971569437573
High income,,1992,31.9694376266291
High income,,1997,35.8254917629437
High income,,2002,40.5413201950545
High income,,2007,48.4512244682946
High income,,2012,52.2188645713751
High income,,2017,57.5930223578292
Honduras,HND,2007,9.34337358989177
Honduras,HND,2012,10.6570838230923
Honduras,HND,2017,12.7693313029372
Hungary,HUN,1992,12.4971088781849
Hungary,HUN,1997,16.0236034934605
Hungary,HUN,2002,20.2520803336857
Hungary,HUN,2007,25.2167155480137
Hungary,HUN,2012,26.2552625232093
Hungary,HUN,2017,34.6179724902058
IBRD only,,1967,17.5605864456589
IBRD only,,1972,29.2559765796151
IBRD only,,1977,2.06380191143424
IBRD only,,1982,1.87121779247523
IBRD only,,1987,2.92788034431063
IBRD only,,1992,4.23923301855725
IBRD only,,1997,4.7227171308234
IBRD only,,2002,5.44682211956971
IBRD only,,2007,6.99834948467729
IBRD only,,2012,9.01851210221538
IBRD only,,2017,10.9346977894124
IDA & IBRD total,,1967,17.5605864456589
IDA & IBRD total,,1972,29.200909169628
IDA & IBRD total,,1977,1.69548562894549
IDA & IBRD total,,1982,1.70418134981151
IDA & IBRD total,,1987,2.72463911795825
IDA & IBRD total,,1992,3.96624521976511
IDA & IBRD total,,1997,4.28841306529943
IDA & IBRD total,,2002,4.91103567802731
IDA & IBRD total,,2005,80.6869556877354
IDA & IBRD total,,2007,6.37288937285399
IDA & IBRD total,,2012,8.08652367827437
IDA & IBRD total,,2014,59.838179048329
IDA & IBRD total,,2017,9.75761998879283
IDA blend,,1977,0.227201133524535
IDA blend,,1982,0.321319179293246
IDA blend,,1987,1.37846982275926
IDA blend,,1992,1.77332083168708
IDA blend,,1997,1.48912868491725
IDA blend,,2002,1.79260879521072
IDA blend,,2005,80.6869556877354
IDA blend,,2007,2.35252406050029
IDA blend,,2012,2.94786876217338
IDA blend,,2014,59.838179048329
IDA blend,,2017,3.29663611199845
IDA only,,1972,27.944423260313
IDA only,,1977,19.9710989161364
IDA only,,1982,8.98344295381227
IDA only,,1987,1.61727952561939
IDA only,,1992,2.11950378886772
IDA only,,1997,2.17379200481037
IDA only,,2002,2.14028197985989
IDA only,,2007,2.87084753361809
IDA only,,2012,3.57059755080283
IDA only,,2017,4.56674252386291
IDA total,,1972,27.944423260313
IDA total,,1977,0.286024759847435
IDA total,,1982,0.428508813430261
IDA total,,1987,1.43645266823166
IDA total,,1992,1.86798697959288
IDA total,,1997,1.68426099919927
IDA total,,2002,1.91693077886717
IDA total,,2005,80.6869556877354
IDA total,,2007,2.5435784133814
IDA total,,2012,3.2290932803348
IDA total,,2014,59.838179048329
IDA total,,2017,3.84709327015349
Iceland,ISL,1997,55.1587492012724
Iceland,ISL,2002,67.4480855765135
Iceland,ISL,2007,70.0471454472092
Iceland,ISL,2012,48.1426533027569
Iceland,ISL,2017,60.0244166746656
India,IND,1977,0.685406402193055
India,IND,1982,0.702277622326141
India,IND,1987,0.831465109362363
India,IND,1992,1.03633546498297
India,IND,1997,1.26056362902499
India,IND,2002,1.48365950957641
India,IND,2007,1.94035021582713
India,IND,2012,2.87206136569953
India,IND,2017,4.09768564351676
Indonesia,IDN,1992,4.29589996166809
Indonesia,IDN,1997,4.85839515488813
Indonesia,IDN,2002,3.8685656082112
Indonesia,IDN,2007,3.97762317766594
Indonesia,IDN,2012,4.35253899158771
Indonesia,IDN,2017,4.8980580924292
Iran,IRN,1977,6.91778076596123
Iran,IRN,1982,4.07113525379376
Iran,IRN,1987,3.30332737004102
Iran,IRN,1992,3.91684060302048
Iran,IRN,1997,3.39692437967247
Iran,IRN,2002,3.76334655070296
Iran,IRN,2007,4.88865672854454
Iran,IRN,2012,4.97566084097727
Iran,IRN,2017,6.0309788122572
Iraq,IRQ,1977,0.636640412848651
Iraq,IRQ,1982,1.1473262619469
Iraq,IRQ,1987,1.11705684859552
Iraq,IRQ,1992,0.716086893413623
Iraq,IRQ,1997,1.07030657382607
Iraq,IRQ,2002,1.75716196145579
Iraq,IRQ,2007,2.19573581763465
Iraq,IRQ,2012,3.88418572761183
Iraq,IRQ,2017,5.56040125610308
Ireland,IRL,1982,58.2337709741318
Ireland,IRL,1987,62.9300173699373
Ireland,IRL,1992,77.440420624454
Ireland,IRL,1997,118.885619624407
Ireland,IRL,2002,207.418369383808
Ireland,IRL,2007,329.51145643631
Ireland,IRL,2012,295.497439194652
Ireland,IRL,2017,452.771406482952
Israel,ISR,1997,96.6020154299603
Israel,ISR,2002,113.072419354741
Israel,ISR,2007,154.552375628313
Israel,ISR,2012,198.651274279855
Israel,ISR,2017,249.121498206675
Italy,ITA,1972,23.5316066652558
Italy,ITA,1977,26.9208440125186
Italy,ITA,1982,30.535150586534
Italy,ITA,1987,37.1575418524208
Italy,ITA,1992,42.5587759921173
Italy,ITA,1997,43.1686309731272
Italy,ITA,2002,50.6629614892581
Italy,ITA,2007,66.8502464082426
Italy,ITA,2012,61.3530089743595
Italy,ITA,2017,62.3873184220227
Jamaica,JAM,1997,11.8751609896174
Jamaica,JAM,2002,10.7040966917567
Jamaica,JAM,2007,10.5327974390627
Jamaica,JAM,2012,8.96670307726959
Jamaica,JAM,2017,10.3549011600515
Japan,JPN,1982,36.6233949387648
Japan,JPN,1987,44.4192070697773
Japan,JPN,1992,53.6718121223038
Japan,JPN,1997,59.1654563651589
Japan,JPN,2002,63.6708955242071
Japan,JPN,2007,70.67089710651
Japan,JPN,2012,71.1462681853756
Japan,JPN,2017,75.7240190693119
Jordan,JOR,1977,10.3028509765304
Jordan,JOR,1982,16.9621465932896
Jordan,JOR,1987,14.2645420400293
Jordan,JOR,1992,11.5811932089845
Jordan,JOR,1997,16.1434526588701
Jordan,JOR,2002,22.2927366961512
Jordan,JOR,2007,25.266385368523
Jordan,JOR,2012,33.6321853567291
Jordan,JOR,2017,35.7754545865176
Kazakhstan,KAZ,1997,2.23777607082635
Kazakhstan,KAZ,2002,3.7426746240263
Kazakhstan,KAZ,2007,5.78621799539344
Kazakhstan,KAZ,2012,7.79032206208519
Kazakhstan,KAZ,2017,8.73184129080908
Kenya,KEN,1992,11.224803066382
Kenya,KEN,1997,14.4404582634625
Kenya,KEN,2002,13.2280416023645
Kenya,KEN,2007,12.5777582603866
Kenya,KEN,2012,13.7878030012054
Kenya,KEN,2017,14.4041125555998
Kuwait,KWT,1997,220.950239427889
Kuwait,KWT,2002,183.492378446094
Kuwait,KWT,2007,240.198167366617
Kuwait,KWT,2012,218.066812721187
Kuwait,KWT,2017,175.703339385601
Kyrgyzstan,KGZ,1997,0.289028012102182
Kyrgyzstan,KGZ,2002,0.36333936193391
Kyrgyzstan,KGZ,2007,0.560408393299405
Kyrgyzstan,KGZ,2012,0.658550010956046
Kyrgyzstan,KGZ,2017,0.862531518878521
Laos,LAO,2007,1.28803885563233
Laos,LAO,2012,1.24832571929566
Laos,LAO,2017,1.6212285634419
Late-demographic dividend,,1977,4.65016336290678
Late-demographic dividend,,1982,1.34174016059769
Late-demographic dividend,,1987,3.65483451523565
Late-demographic dividend,,1992,5.29471474978734
Late-demographic dividend,,1997,6.41572606926627
Late-demographic dividend,,2002,8.20091279139016
Late-demographic dividend,,2007,11.3192762092119
Late-demographic dividend,,2012,14.465962749556
Late-demographic dividend,,2017,18.1273437644268
Latin America & Caribbean,,1967,17.5605864456589
Latin America & Caribbean,,1972,32.7927642144163
Latin America & Caribbean,,1977,12.9096419440279
Latin America & Caribbean,,1982,11.0150287563217
Latin America & Caribbean,,1987,16.8986244334358
Latin America & Caribbean,,1992,15.1688819104645
Latin America & Caribbean,,1997,15.9425571812154
Latin America & Caribbean,,2002,15.0501722099645
Latin America & Caribbean,,2005,80.6869556877354
Latin America & Caribbean,,2007,16.4500058984125
Latin America & Caribbean,,2012,17.4721044326988
Latin America & Caribbean,,2014,59.838179048329
Latin America & Caribbean,,2017,18.0571808841433
Latin America & Caribbean (IDA & IBRD),,1967,17.5605864456589
Latin America & Caribbean (IDA & IBRD),,1972,32.7927642144163
Latin America & Caribbean (IDA & IBRD),,1977,12.845485657189
Latin America & Caribbean (IDA & IBRD),,1982,10.9878993431031
Latin America & Caribbean (IDA & IBRD),,1987,16.8802438781786
Latin America & Caribbean (IDA & IBRD),,1992,14.8508243366652
Latin America & Caribbean (IDA & IBRD),,1997,15.8382719410593
Latin America & Caribbean (IDA & IBRD),,2002,14.8485773952457
Latin America & Caribbean (IDA & IBRD),,2005,80.6869556877354
Latin America & Caribbean (IDA & IBRD),,2007,16.2090844674471
Latin America & Caribbean (IDA & IBRD),,2012,17.3576658448205
Latin America & Caribbean (IDA & IBRD),,2014,59.838179048329
Latin America & Caribbean (IDA & IBRD),,2017,17.9604823399014
Latin America & Caribbean (excluding high income),,1977,7.46629081960682
Latin America & Caribbean (excluding high income),,1982,9.33139334095716
Latin America & Caribbean (excluding high income),,1987,16.169284373394
Latin America & Caribbean (excluding high income),,1992,15.3231377968356
Latin America & Caribbean (excluding high income),,1997,16.3547439222927
Latin America & Caribbean (excluding high income),,2002,15.8799308100433
Latin America & Caribbean (excluding high income),,2005,80.6869556877354
Latin America & Caribbean (excluding high income),,2007,17.6861993766678
Latin America & Caribbean (excluding high income),,2012,18.4330143723068
Latin America & Caribbean (excluding high income),,2014,59.838179048329
Latin America & Caribbean (excluding high income),,2017,19.123128557091
Latvia,LVA,1997,39.6657052773137
Latvia,LVA,2002,76.7609567481506
Latvia,LVA,2007,145.814915436578
Latvia,LVA,2012,106.746081145191
Latvia,LVA,2017,166.315307174514
Least developed countries: UN classification,,1982,6.33530611355626
Least developed countries: UN classification,,1987,1.71271882473616
Least developed countries: UN classification,,1992,2.17942850143134
Least developed countries: UN classification,,1997,2.74994858669532
Least developed countries: UN classification,,2002,2.48221615910348
Least developed countries: UN classification,,2007,3.31482546812027
Least developed countries: UN classification,,2012,3.9265029041912
Least developed countries: UN classification,,2017,4.89612706421766
Lebanon,LBN,1992,11.8820245167679
Lebanon,LBN,1997,15.4452145704492
Lebanon,LBN,2002,19.3887328729462
Lebanon,LBN,2007,23.8974858757643
Lebanon,LBN,2012,24.8951298149041
Lebanon,LBN,2017,23.9501585670617
Lesotho,LSO,1987,17.8382193605799
Lesotho,LSO,1992,26.5434659775197
Lesotho,LSO,1997,35.3188969924027
Lesotho,LSO,2002,38.9353772784414
Lesotho,LSO,2007,46.5163974982863
Lesotho,LSO,2012,56.7567729495578
Lesotho,LSO,2017,60.8024413805885
Liberia,LBR,2002,13.6561798661535
Liberia,LBR,2007,11.4398469995493
Liberia,LBR,2012,16.0018211795297
Liberia,LBR,2017,17.6618951178013
Libya,LBY,2002,10.2937208270972
Libya,LBY,2007,13.640152701001
Libya,LBY,2012,11.0622376096567
Libya,LBY,2017,8.15205840396915
Lithuania,LTU,1997,5.78121306412629
Lithuania,LTU,2002,10.6532111198068
Lithuania,LTU,2007,18.4616031098091
Lithuania,LTU,2012,76.162934043032
Lithuania,LTU,2017,184.596193189924
Low & middle income,,1972,21.1823199660399
Low & middle income,,1977,1.38862006094034
Low & middle income,,1982,1.54237927756695
Low & middle income,,1987,2.58193329873561
Low & middle income,,1992,3.74781149501605
Low & middle income,,1997,4.0561437931367
Low & middle income,,2001,20.9649420385268
Low & middle income,,2002,4.6902219285023
Low & middle income,,2005,20.1965410665235
Low & middle income,,2007,6.14123497926695
Low & middle income,,2012,7.84340093143542
Low & middle income,,2014,59.838179048329
Low & middle income,,2017,9.58381382274732
Low income,,1982,21.6555771689942
Low income,,1987,1.64146034030332
Low income,,1992,2.39519843415113
Low income,,1997,3.3261913502724
Low income,,2002,2.42789505616887
Low income,,2007,3.04063695128423
Low income,,2012,3.54469952800238
Low income,,2017,4.26381962636595
Lower middle income,,1972,21.1823199660399
Lower middle income,,1977,1.17357246382303
Lower middle income,,1982,1.06135334710067
Lower middle income,,1987,1.34258904074959
Lower middle income,,1992,1.97185868632098
Lower middle income,,1997,1.99295181317788
Lower middle income,,2001,20.9649420385268
Lower middle income,,2002,2.1753990720875
Lower middle income,,2005,18.7139328650232
Lower middle income,,2007,2.72329435036894
Lower middle income,,2012,3.51984295992264
Lower middle income,,2017,4.41572731458723
Luxembourg,LUX,1972,347.452415970208
Luxembourg,LUX,1977,349.323310425622
Luxembourg,LUX,1982,308.485163564085
Luxembourg,LUX,1987,308.760146034526
Luxembourg,LUX,1992,464.097740826098
Luxembourg,LUX,1997,556.006475565035
Luxembourg,LUX,2002,766.101201664626
Luxembourg,LUX,2007,1080.06478827095
Luxembourg,LUX,2012,1219.08787373599
Luxembourg,LUX,2017,1431.37588556234
Madagascar,MDG,1987,0.373486802149703
Madagascar,MDG,1992,0.417250797634213
Madagascar,MDG,1997,0.488849802080531
Madagascar,MDG,2002,0.53555041931563
Madagascar,MDG,2007,0.714206365358607
Madagascar,MDG,2012,0.770502090266555
Madagascar,MDG,2017,0.907967679790557
Malawi,MWI,1997,3.70519391763011
Malawi,MWI,2002,3.16074706062178
Malawi,MWI,2007,4.11609876626516
Malawi,MWI,2012,5.47987687949287
Malawi,MWI,2017,6.67643076111621
Malaysia,MYS,1992,11.2832135610794
Malaysia,MYS,1997,27.4916976081753
Malaysia,MYS,2002,30.1087643613141
Malaysia,MYS,2007,38.8815730610732
Malaysia,MYS,2012,46.361342215535
Malaysia,MYS,2017,54.4319371072975
Maldives,MDV,1997,277.068350704008
Maldives,MDV,2002,328.877158675141
Maldives,MDV,2007,512.184786277385
Maldives,MDV,2012,612.900878018449
Maldives,MDV,2017,827.764765058323
Mali,MLI,1987,2.74820823866261
Mali,MLI,1992,1.62388517843246
Mali,MLI,1997,1.31827925806261
Mali,MLI,2002,1.41629784273756
Mali,MLI,2007,1.78232974095032
Mali,MLI,2012,2.10958554722426
Mali,MLI,2017,2.73488800536071
Malta,MLT,1982,109.944439455995
Malta,MLT,1987,115.92959898063
Malta,MLT,1992,172.63251919321
Malta,MLT,1997,204.752192327961
Malta,MLT,2002,211.973044851619
Malta,MLT,2007,226.640714269806
Malta,MLT,2012,235.709364804108
Malta,MLT,2017,307.824001261331
Mauritania,MRT,1982,2.5118138449718
Mauritania,MRT,1987,1.87582726335616
Mauritania,MRT,1992,2.0502558089311
Mauritania,MRT,1997,2.3595333247122
Mauritania,MRT,2002,2.64986739492639
Mauritania,MRT,2007,4.0780283735965
Mauritania,MRT,2012,4.54374300415552
Mauritania,MRT,2017,5.44965880571723
Mauritius,MUS,1977,5.99494435192054
Mauritius,MUS,1982,5.49888221795333
Mauritius,MUS,1987,6.42007510658685
Mauritius,MUS,1992,7.65298251709194
Mauritius,MUS,1997,9.31048036020745
Mauritius,MUS,2002,10.2796145395585
Mauritius,MUS,2007,13.9721291143077
Mauritius,MUS,2012,18.5147338923527
Mauritius,MUS,2017,21.1449085128314
Mexico,MEX,1982,10.2549029465158
Mexico,MEX,1987,9.7893306536322
Mexico,MEX,1992,11.1498898676107
Mexico,MEX,1997,12.1654594306928
Mexico,MEX,2002,12.6023758482547
Mexico,MEX,2007,13.3559288713645
Mexico,MEX,2012,13.7373199656554
Mexico,MEX,2017,14.5998042085464
Middle East & North Africa,,1977,3.26241106678533
Middle East & North Africa,,1982,3.50086887603115
Middle East & North Africa,,1987,3.2870292022162
Middle East & North Africa,,1992,5.24035335146788
Middle East & North Africa,,1997,5.9061312685441
Middle East & North Africa,,2001,20.9649420385268
Middle East & North Africa,,2002,6.54212878584443
Middle East & North Africa,,2005,18.7139328650232
Middle East & North Africa,,2007,8.69965525228803
Middle East & North Africa,,2012,11.0904990062218
Middle East & North Africa,,2017,12.9046497072331
Middle East & North Africa (IDA & IBRD),,1972,20.1204648365155
Middle East & North Africa (IDA & IBRD),,1977,3.26241106678533
Middle East & North Africa (IDA & IBRD),,1982,2.79670210083888
Middle East & North Africa (IDA & IBRD),,1987,2.73954171380783
Middle East & North Africa (IDA & IBRD),,1992,3.04444374047399
Middle East & North Africa (IDA & IBRD),,1997,2.99894717684472
Middle East & North Africa (IDA & IBRD),,2002,3.58924550331742
Middle East & North Africa (IDA & IBRD),,2007,4.66154136770871
Middle East & North Africa (IDA & IBRD),,2012,5.71457377982912
Middle East & North Africa (IDA & IBRD),,2017,6.67642285383561
Middle East & North Africa (excluding high income),,1977,3.26241106678533
Middle East & North Africa (excluding high income),,1982,2.79670210083888
Middle East & North Africa (excluding high income),,1987,2.73954171380783
Middle East & North Africa (excluding high income),,1992,3.04444374047399
Middle East & North Africa (excluding high income),,1997,2.99894717684472
Middle East & North Africa (excluding high income),,2001,20.9649420385268
Middle East & North Africa (excluding high income),,2002,3.58924550331742
Middle East & North Africa (excluding high income),,2005,18.7139328650232
Middle East & North Africa (excluding high income),,2007,4.66154136770871
Middle East & North Africa (excluding high income),,2012,5.71457377982912
Middle East & North Africa (excluding high income),,2017,6.67642285383561
Middle income,,1972,21.1823199660399
Middle income,,1977,1.38862006094034
Middle income,,1982,1.53830301876569
Middle income,,1987,2.59365129814217
Middle income,,1992,3.76450040893738
Middle income,,1997,4.0650719905998
Middle income,,2001,20.9649420385268
Middle income,,2002,4.74263369567459
Middle income,,2005,20.1965410665235
Middle income,,2007,6.20973699231913
Middle income,,2012,7.98030930168315
Middle income,,2014,59.838179048329
Middle income,,2017,9.75054746943713
Moldova,MDA,1997,3.08054557781966
Moldova,MDA,2002,5.58623637576673
Moldova,MDA,2007,7.52571534333009
Moldova,MDA,2012,8.63205670015089
Moldova,MDA,2017,10.8947543418748
Monaco,MCO,1992,578.043402441387
Monaco,MCO,1997,669.510804719608
Monaco,MCO,2002,794.382848679068
Monaco,MCO,2007,1070.49281091439
Monaco,MCO,2012,1160.15861063237
Monaco,MCO,2017,1429.60371205091
Mongolia,MNG,1997,7.70141476526642
Mongolia,MNG,2002,8.18397268384495
Mongolia,MNG,2007,11.5632744094385
Mongolia,MNG,2012,19.3177241642979
Mongolia,MNG,2017,26.9188744942255
Montenegro,MNE,2007,23.5636822882312
Montenegro,MNE,2012,25.8564115120146
Montenegro,MNE,2017,30.3746112301102
Morocco,MAR,1977,2.6018829617721
Morocco,MAR,1982,2.79340712044395
Morocco,MAR,1987,3.42662398441254
Morocco,MAR,1992,4.10541880183031
Morocco,MAR,1997,4.4685084242557
Morocco,MAR,2002,4.29737011957409
Morocco,MAR,2007,6.68572725757101
Morocco,MAR,2012,9.55826975595234
Morocco,MAR,2017,11.298011240168
Mozambique,MOZ,1992,4.20887675676744
Mozambique,MOZ,1997,5.22278037880881
Mozambique,MOZ,2002,6.61724427590444
Mozambique,MOZ,2007,7.83229718014719
Mozambique,MOZ,2012,9.42022560180541
Mozambique,MOZ,2017,11.4696985011097
Myanmar,MMR,1987,0.311984203411567
Myanmar,MMR,1992,0.300894973546126
Myanmar,MMR,1997,0.387871527225659
Myanmar,MMR,2002,0.623942118987665
Myanmar,MMR,2007,1.160146668038
Myanmar,MMR,2012,1.75702927806382
Myanmar,MMR,2017,2.47683435670859
Namibia,NAM,1987,27.5652962646535
Namibia,NAM,1992,23.1684962236373
Namibia,NAM,1997,24.0155244872752
Namibia,NAM,2002,27.4369530520517
Namibia,NAM,2007,37.144418563232
Namibia,NAM,2012,44.7726836870193
Namibia,NAM,2017,51.7868893082646
Nepal,NPL,2002,1.19928030238498
Nepal,NPL,2007,1.44938464524144
Nepal,NPL,2012,1.82001044239139
Nepal,NPL,2017,2.27310181093252
Netherlands,NLD,1982,45.3177954271659
Netherlands,NLD,1987,53.8887097439683
Netherlands,NLD,1992,72.3427561101398
Netherlands,NLD,1997,92.3804922909247
Netherlands,NLD,2002,79.2135320209684
Netherlands,NLD,2007,77.5791078930093
Netherlands,NLD,2012,79.3683534663219
Netherlands,NLD,2017,115.679964210983
New Zealand,NZL,1982,49.4690597414329
New Zealand,NZL,1987,40.2823588447245
New Zealand,NZL,1992,33.1870496824139
New Zealand,NZL,1997,34.9566176920104
New Zealand,NZL,2002,31.4774569120783
New Zealand,NZL,2007,29.3374710032685
New Zealand,NZL,2012,20.3211827640043
New Zealand,NZL,2017,18.4334077063496
Nicaragua,NIC,2002,4.67502506003309
Nicaragua,NIC,2007,5.47833699370385
Nicaragua,NIC,2012,6.42580402023655
Nicaragua,NIC,2017,8.0999892017087
Niger,NER,1992,6.8704716794732
Niger,NER,1997,5.93483349751515
Niger,NER,2002,6.09417151936564
Niger,NER,2007,5.97939944546788
Niger,NER,2012,6.37219908880556
Niger,NER,2017,6.61692960271173
Nigeria,NGA,1987,20.992848342833
Nigeria,NGA,1992,20.359293483064
Nigeria,NGA,1997,16.8559591988058
Nigeria,NGA,2002,19.0192530454883
Nigeria,NGA,2007,24.3175213964409
Nigeria,NGA,2012,31.8107661090288
Nigeria,NGA,2017,36.7258377565345
North America,,1982,12.8989426403197
North America,,1987,17.0114635744342
North America,,1992,19.9404591621997
North America,,1997,23.6815768508943
North America,,2002,27.5210848560754
North America,,2007,33.50491437512
North America,,2012,37.0901717871275
North America,,2017,40.2195629238995
North Macedonia,MKD,1997,4.6491406429283
North Macedonia,MKD,2002,10.9094115304356
North Macedonia,MKD,2007,15.7203747666784
North Macedonia,MKD,2012,15.1526658667142
North Macedonia,MKD,2017,10.5769244245575
Norway,NOR,1982,98.3249532207552
Norway,NOR,1987,113.873776982974
Norway,NOR,1992,117.819091853174
Norway,NOR,1997,141.64937352404
Norway,NOR,2002,148.675762917078
Norway,NOR,2007,142.497372151107
Norway,NOR,2012,162.774919834487
Norway,NOR,2017,179.518168505103
OECD members,,1972,29.4546846875423
OECD members,,1977,26.4659915318216
OECD members,,1982,21.2157764067145
OECD members,,1987,25.9444015649919
OECD members,,1992,29.9800445307229
OECD members,,1997,33.6449418419481
OECD members,,2002,37.6119151825852
OECD members,,2007,44.4006748509087
OECD members,,2012,46.7660048640825
OECD members,,2017,50.90728340549
Oman,OMN,1992,25.261831177027
Oman,OMN,1997,31.0475743469812
Oman,OMN,2002,34.8754073062255
Oman,OMN,2007,35.6977906073035
Oman,OMN,2012,40.0899787510147
Oman,OMN,2017,45.879998136066
Other small states,,1982,10.099432340052
Other small states,,1987,18.1260938320468
Other small states,,1992,27.1547608445224
Other small states,,1997,24.2225363766259
Other small states,,2002,35.0868587643239
Other small states,,2007,38.8711071430636
Other small states,,2012,50.1339827169148
Other small states,,2017,56.7647833051746
Pacific island small states,,1987,61.9346774450366
Pacific island small states,,1992,44.1259382528118
Pacific island small states,,1997,35.5776150417202
Pacific island small states,,2002,34.1145042415841
Pacific island small states,,2007,36.0616417821522
Pacific island small states,,2012,38.527509192065
Pacific island small states,,2017,48.0618269268008
Pakistan,PAK,1977,0.227201133524535
Pakistan,PAK,1982,0.321319179293246
Pakistan,PAK,1987,0.433626301186995
Pakistan,PAK,1992,0.570022474507939
Pakistan,PAK,1997,0.631147739569277
Pakistan,PAK,2002,0.707757329651031
Pakistan,PAK,2007,0.916347677336065
Pakistan,PAK,2012,1.00286826409193
Pakistan,PAK,2017,1.20098107579138
Palestine,PSE,2001,20.9649420385268
Palestine,PSE,2005,18.7139328650232
Panama,PAN,2012,31.1333581951165
Panama,PAN,2017,39.0852226674329
Papua New Guinea,PNG,2002,29.9711382238475
Papua New Guinea,PNG,2007,30.9925950130436
Papua New Guinea,PNG,2012,38.4585915938341
Papua New Guinea,PNG,2017,52.7743036979444
Paraguay,PRY,1987,29.54526596612
Paraguay,PRY,1992,34.8041771853539
Paraguay,PRY,1997,41.3975648084348
Paraguay,PRY,2002,22.8682967832719
Paraguay,PRY,2007,13.9142184206825
Paraguay,PRY,2012,11.6884266863098
Paraguay,PRY,2017,14.9968810397491
Peru,PER,2012,11.2213613399456
Peru,PER,2017,12.3249007188142
Philippines,PHL,2007,2.25031090924851
Philippines,PHL,2012,2.7458650423287
Philippines,PHL,2017,3.45023230026095
Poland,POL,1992,16.1480382535368
Poland,POL,1997,22.318376182457
Poland,POL,2002,28.8242679573983
Poland,POL,2007,35.9121723800961
Poland,POL,2012,44.4047678837348
Poland,POL,2017,59.534222686521
Portugal,PRT,1992,17.4333537506465
Portugal,PRT,1997,16.7129117880676
Portugal,PRT,2002,20.1929499408576
Portugal,PRT,2007,26.3049643710951
Portugal,PRT,2012,24.5307495127609
Portugal,PRT,2017,26.3315274711043
Post-demographic dividend,,1972,29.4546846875423
Post-demographic dividend,,1977,26.6518126582734
Post-demographic dividend,,1982,21.6613502582648
Post-demographic dividend,,1987,26.8171227625936
Post-demographic dividend,,1992,31.9164388472973
Post-demographic dividend,,1997,35.7058526737318
Post-demographic dividend,,2002,40.8126953419082
Post-demographic dividend,,2007,49.1382839031655
Post-demographic dividend,,2012,52.7041987910522
Post-demographic dividend,,2017,57.9989990980924
Pre-demographic dividend,,1977,0.636640412848651
Pre-demographic dividend,,1982,1.31447089188833
Pre-demographic dividend,,1987,3.99252158184663
Pre-demographic dividend,,1992,4.07242936592526
Pre-demographic dividend,,1997,4.20081054124559
Pre-demographic dividend,,2002,4.3629333648596
Pre-demographic dividend,,2007,6.02824394696909
Pre-demographic dividend,,2012,7.56237288901705
Pre-demographic dividend,,2017,9.33392542485045
Puerto Rico,PRI,1992,80.9726208407597
Puerto Rico,PRI,1997,95.5684691798614
Puerto Rico,PRI,2002,108.167370780563
Puerto Rico,PRI,2007,102.05375732856
Puerto Rico,PRI,2012,102.121735640536
Puerto Rico,PRI,2017,104.741010147719
Qatar,QAT,2002,214.946144879058
Qatar,QAT,2007,352.515888015808
Qatar,QAT,2012,603.810276377202
Qatar,QAT,2017,700.441444798309
Romania,ROU,1992,4.93632725503917
Romania,ROU,1997,8.82410616694747
Romania,ROU,2002,13.2603892335619
Romania,ROU,2007,24.3420037451241
Romania,ROU,2012,26.6797021939328
Romania,ROU,2017,31.7585374887411
Russia,RUS,1992,11.5392724749252
Russia,RUS,1997,11.8420612699626
Russia,RUS,2002,15.9215330135264
Russia,RUS,2007,23.6551861875694
Russia,RUS,2012,25.8514379218567
Russia,RUS,2017,26.332973964618
Rwanda,RWA,2002,20.9065448153547
Rwanda,RWA,2007,26.2568183393495
Rwanda,RWA,2012,39.0399729270663
Rwanda,RWA,2017,52.0600768839439
Saint Kitts and Nevis,KNA,2012,62.0346908166426
Saint Kitts and Nevis,KNA,2017,70.75780259699
Saint Lucia,LCA,2007,33.4469119556623
Saint Lucia,LCA,2012,36.4836562862284
Saint Lucia,LCA,2017,38.1577751244224
Saint Vincent and the Grenadines,VCT,1997,47.6218623490119
Saint Vincent and the Grenadines,VCT,2002,58.8269646433454
Saint Vincent and the Grenadines,VCT,2007,77.8841626430521
Saint Vincent and the Grenadines,VCT,2012,84.9068187871622
Saint Vincent and the Grenadines,VCT,2017,93.5739806133003
Sao Tome and Principe,STP,2002,6.14860993788564
Sao Tome and Principe,STP,2007,6.02018597042573
Sao Tome and Principe,STP,2012,6.04931196159681
Sao Tome and Principe,STP,2017,6.4992981951336
Saudi Arabia,SAU,1992,21.8064003709005
Saudi Arabia,SAU,1997,19.7388556366578
Saudi Arabia,SAU,2002,17.8933223232832
Saudi Arabia,SAU,2007,21.5086776614644
Saudi Arabia,SAU,2012,28.3510020346452
Saudi Arabia,SAU,2017,32.3090521250405
Senegal,SEN,1987,6.07791644004129
Senegal,SEN,1992,6.07574366958344
Senegal,SEN,1997,6.4321811037323
Senegal,SEN,2002,5.43257028726466
Senegal,SEN,2007,6.58865320895893
Senegal,SEN,2012,7.65002929574842
Senegal,SEN,2017,10.1121255160102
Serbia,SRB,2007,10.2069928658883
Serbia,SRB,2012,9.6253026671622
Serbia,SRB,2017,8.57265943167659
Seychelles,SYC,1992,49.0489929600963
Seychelles,SYC,1997,61.3246049902413
Seychelles,SYC,2002,69.299603008527
Seychelles,SYC,2007,83.7580102917047
Seychelles,SYC,2012,93.8225539798391
Seychelles,SYC,2017,119.558306571189
Sierra Leone,SLE,1987,5.01183101090571
Sierra Leone,SLE,1992,11.8002594276146
Sierra Leone,SLE,1997,7.87768415919425
Sierra Leone,SLE,2002,8.27700968003938
Sierra Leone,SLE,2007,10.6037391700918
Sierra Leone,SLE,2012,14.877173765007
Sierra Leone,SLE,2017,16.4782560445619
Singapore,SGP,1977,77.0672464687695
Singapore,SGP,1982,58.2059188819356
Singapore,SGP,1987,50.7793370971112
Singapore,SGP,1992,58.4327076526609
Singapore,SGP,1997,72.0117058247268
Singapore,SGP,2002,69.0671477852001
Singapore,SGP,2007,108.605837574066
Singapore,SGP,2012,277.427126235803
Singapore,SGP,2017,656.0846002955
Slovakia,SVK,1997,40.3639477953641
Slovakia,SVK,2002,54.8375410852199
Slovakia,SVK,2007,124.233631999839
Slovakia,SVK,2012,142.257319798989
Slovakia,SVK,2017,193.808386316487
Slovenia,SVN,2002,43.7714118892337
Slovenia,SVN,2007,53.0893645155586
Slovenia,SVN,2012,50.9632982961349
Slovenia,SVN,2017,57.083192660682
Small states,,1977,17.2057653322368
Small states,,1982,11.892011230269
Small states,,1987,17.2278485788938
Small states,,1992,17.290577010993
Small states,,1997,17.6023972069989
Small states,,2002,24.0689713909591
Small states,,2005,80.6869556877354
Small states,,2007,29.3815393023885
Small states,,2012,36.5589460781375
Small states,,2014,59.838179048329
Small states,,2017,41.4924056352088
South Africa,ZAF,1992,16.4543342000304
South Africa,ZAF,1997,19.3916531105918
South Africa,ZAF,2002,22.2137672814213
South Africa,ZAF,2007,27.6409734304651
South Africa,ZAF,2012,29.0007414021781
South Africa,ZAF,2017,21.9895455268389
South Asia,,1977,0.559008721609645
South Asia,,1982,0.606830304991332
South Asia,,1987,0.737015080885549
South Asia,,1992,0.946877643916684
South Asia,,1997,1.14253012815582
South Asia,,2002,1.31622619448892
South Asia,,2007,1.733841678896
South Asia,,2012,2.50001481516713
South Asia,,2017,3.45919305834835
South Asia (IDA & IBRD),,1977,0.559008721609645
South Asia (IDA & IBRD),,1982,0.606830304991332
South Asia (IDA & IBRD),,1987,0.737015080885549
South Asia (IDA & IBRD),,1992,0.946877643916684
South Asia (IDA & IBRD),,1997,1.14253012815582
South Asia (IDA & IBRD),,2002,1.31622619448892
South Asia (IDA & IBRD),,2007,1.733841678896
South Asia (IDA & IBRD),,2012,2.50001481516713
South Asia (IDA & IBRD),,2017,3.45919305834835
South Korea,KOR,1992,19.5097302000164
South Korea,KOR,1997,24.6963593129884
South Korea,KOR,2002,28.0598386634773
South Korea,KOR,2007,35.3346909578039
South Korea,KOR,2012,41.6047230777165
South Korea,KOR,2017,48.3635734751234
South Sudan,SSD,2012,11.410014405433
Spain,ESP,1977,16.790695624781
Spain,ESP,1982,15.7555986409165
Spain,ESP,1987,17.3771379369668
Spain,ESP,1992,24.8684554519868
Spain,ESP,1997,29.0979341950554
Spain,ESP,2002,34.6558067633253
Spain,ESP,2007,41.7690641771477
Spain,ESP,2012,37.2094972284669
Spain,ESP,2017,48.2116914077283
Sri Lanka,LKA,1992,2.16069239798323
Sri Lanka,LKA,1997,2.45949260531246
Sri Lanka,LKA,2002,2.70162298382732
Sri Lanka,LKA,2007,3.6978710183047
Sri Lanka,LKA,2012,5.18435849787216
Sri Lanka,LKA,2017,6.3940262010227
Sub-Saharan Africa,,1972,27.944423260313
Sub-Saharan Africa,,1977,13.5745786913777
Sub-Saharan Africa,,1982,6.80681580508314
Sub-Saharan Africa,,1987,8.53496620048681
Sub-Saharan Africa,,1992,10.5297212652958
Sub-Saharan Africa,,1997,10.7797899960688
Sub-Saharan Africa,,2002,10.7960652831599
Sub-Saharan Africa,,2007,13.3800280684116
Sub-Saharan Africa,,2012,13.0593664578507
Sub-Saharan Africa,,2017,14.3484052456504
Sub-Saharan Africa (IDA & IBRD),,1972,27.944423260313
Sub-Saharan Africa (IDA & IBRD),,1977,13.5745786913777
Sub-Saharan Africa (IDA & IBRD),,1982,6.80681580508313
Sub-Saharan Africa (IDA & IBRD),,1987,8.53496620048682
Sub-Saharan Africa (IDA & IBRD),,1992,10.5297212652958
Sub-Saharan Africa (IDA & IBRD),,1997,10.7797899960688
Sub-Saharan Africa (IDA & IBRD),,2002,10.7960652831599
Sub-Saharan Africa (IDA & IBRD),,2007,13.3800280684116
Sub-Saharan Africa (IDA & IBRD),,2012,13.0593664578507
Sub-Saharan Africa (IDA & IBRD),,2017,14.3484052456504
Sub-Saharan Africa (excluding high income),,1972,27.944423260313
Sub-Saharan Africa (excluding high income),,1977,13.5745786913777
Sub-Saharan Africa (excluding high income),,1982,6.80681580508313
Sub-Saharan Africa (excluding high income),,1987,8.53496620048681
Sub-Saharan Africa (excluding high income),,1992,10.5215860495854
Sub-Saharan Africa (excluding high income),,1997,10.7707594114902
Sub-Saharan Africa (excluding high income),,2002,10.7877069205179
Sub-Saharan Africa (excluding high income),,2007,13.3706676556435
Sub-Saharan Africa (excluding high income),,2012,13.0514399365801
Sub-Saharan Africa (excluding high income),,2017,14.3386933309347
Sudan,SDN,2012,2.45311202791436
Sudan,SDN,2017,3.16229503020428
Suriname,SUR,1987,4.99724074546972
Suriname,SUR,1992,4.70186478326067
Suriname,SUR,1997,4.21320552314891
Suriname,SUR,2002,4.43092489911854
Suriname,SUR,2007,6.28634508987242
Suriname,SUR,2012,7.7095655078128
Suriname,SUR,2017,7.42136369319979
Sweden,SWE,1972,54.0225843462631
Sweden,SWE,1977,58.7452709586856
Sweden,SWE,1982,72.4989737150409
Sweden,SWE,1987,102.600595753137
Sweden,SWE,1992,106.287556466185
Sweden,SWE,1997,129.100174233485
Sweden,SWE,2002,154.481929967293
Sweden,SWE,2007,186.84523428216
Sweden,SWE,2012,198.426047472808
Sweden,SWE,2017,243.363471620435
Switzerland,CHE,1982,136.596565874359
Switzerland,CHE,1987,149.154111944194
Switzerland,CHE,1992,162.878428976539
Switzerland,CHE,1997,179.227624203029
Switzerland,CHE,2002,201.648932186558
Switzerland,CHE,2007,256.824943609591
Switzerland,CHE,2012,310.555824092874
Switzerland,CHE,2017,394.63659150021
Tajikistan,TJK,1997,0.188387750632362
Tajikistan,TJK,2002,0.272590476218774
Tajikistan,TJK,2007,0.42539994521986
Tajikistan,TJK,2012,0.610048318331331
Tajikistan,TJK,2017,0.869444642277323
Tanzania,TZA,1997,5.20473414956829
Tanzania,TZA,2002,3.72358432508443
Tanzania,TZA,2007,5.22006335535988
Tanzania,TZA,2012,6.94862177114345
Tanzania,TZA,2017,9.59427484141773
Thailand,THA,2007,5.48020322882079
Thailand,THA,2012,6.4369734448753
Thailand,THA,2017,7.41820435436972
Timor,TLS,2007,0.561323951838184
Timor,TLS,2012,0.844027487051325
Timor,TLS,2017,0.918340663724863
Togo,TGO,1987,21.9982160274893
Togo,TGO,1992,17.4255444617528
Togo,TGO,1997,18.2775952504859
Togo,TGO,2002,17.0403146587818
Togo,TGO,2007,13.1979658278577
Togo,TGO,2012,17.4334095622765
Togo,TGO,2017,22.8222461597677
Trinidad and Tobago,TTO,1997,33.4381832307971
Trinidad and Tobago,TTO,2002,42.7155298422104
Trinidad and Tobago,TTO,2007,68.207501593544
Trinidad and Tobago,TTO,2012,66.5475765594134
Trinidad and Tobago,TTO,2017,62.6489836918741
Tunisia,TUN,1977,7.56362796612695
Tunisia,TUN,1982,6.58541983246959
Tunisia,TUN,1987,6.39235684562427
Tunisia,TUN,1992,6.89360361379919
Tunisia,TUN,1997,9.07339643841819
Tunisia,TUN,2002,10.8528881973887
Tunisia,TUN,2007,13.6670289466097
Tunisia,TUN,2012,12.9399142941036
Tunisia,TUN,2017,10.4153772787222
Turkey,TUR,1992,12.2294963196533
Turkey,TUR,1997,14.1313494768548
Turkey,TUR,2002,13.1712474045518
Turkey,TUR,2007,18.0091139261711
Turkey,TUR,2012,17.9249654272978
Turkey,TUR,2017,20.2390763633201
Turkmenistan,TKM,1997,0.336806951823061
Turkmenistan,TKM,2002,0.432640751034346
Turkmenistan,TKM,2007,0.609851621690421
Turkmenistan,TKM,2012,1.03276877771011
Turkmenistan,TKM,2017,1.5121119279551
Uganda,UGA,1982,21.109788546521
Uganda,UGA,1987,20.676067700652
Uganda,UGA,1992,25.647710814882
Uganda,UGA,1997,35.2156677487465
Uganda,UGA,2002,41.2396360538617
Uganda,UGA,2007,36.6348888574534
Uganda,UGA,2012,47.3597085786268
Uganda,UGA,2017,58.996516212707
Ukraine,UKR,1992,6.54560370263854
Ukraine,UKR,1997,4.07178710393747
Ukraine,UKR,2002,6.04354131121643
Ukraine,UKR,2007,10.0219566500326
Ukraine,UKR,2012,11.16853773879
Ukraine,UKR,2017,14.7038813111109
United Arab Emirates,ARE,1982,109.029984867795
United Arab Emirates,ARE,1987,66.3734447869919
United Arab Emirates,ARE,1992,81.1873390674291
United Arab Emirates,ARE,1997,84.8798637233126
United Arab Emirates,ARE,2002,91.5112508027788
United Arab Emirates,ARE,2007,105.274431809609
United Arab Emirates,ARE,2012,120.02278431656
United Arab Emirates,ARE,2017,153.529322989985
United Kingdom,GBR,1982,97.9329119297695
United Kingdom,GBR,1987,128.077320865127
United Kingdom,GBR,1992,135.019558414716
United Kingdom,GBR,1997,155.942802424881
United Kingdom,GBR,2002,175.846196890201
United Kingdom,GBR,2007,298.666969890621
United Kingdom,GBR,2012,317.972616803378
United Kingdom,GBR,2017,337.166105489267
United States,USA,1982,12.8989426403197
United States,USA,1987,17.0114635744342
United States,USA,1992,19.9404591621997
United States,USA,1997,23.5087612558008
United States,USA,2002,27.2671629838197
United States,USA,2007,33.0304122674173
United States,USA,2012,36.2835506623022
United States,USA,2017,39.24067864915
Upper middle income,,1977,3.46430280977972
Upper middle income,,1982,2.12472299479421
Upper middle income,,1987,4.22908932100912
Upper middle income,,1992,5.83492775687038
Upper middle income,,1997,6.70528736330509
Upper middle income,,2002,8.21801352066233
Upper middle income,,2005,80.6869556877354
Upper middle income,,2007,11.2047183795941
Upper middle income,,2012,14.0108656720533
Upper middle income,,2014,59.838179048329
Upper middle income,,2017,17.1405460910353
Uruguay,URY,1967,17.5605864456589
Uruguay,URY,1972,12.5267342353045
Uruguay,URY,1977,10.7633491818914
Uruguay,URY,1982,9.30524354098585
Uruguay,URY,1987,8.17633413953622
Uruguay,URY,1992,8.04227535850387
Uruguay,URY,1997,8.73915693825863
Uruguay,URY,2002,7.24396406321107
Uruguay,URY,2007,9.13854608927285
Uruguay,URY,2012,11.9844084498358
Uruguay,URY,2017,13.4290061524611
Uzbekistan,UZB,1997,0.398812440071875
Uzbekistan,UZB,2002,0.496943622665892
Uzbekistan,UZB,2007,0.744733896186719
Uzbekistan,UZB,2012,1.0768119805614
Uzbekistan,UZB,2017,1.25946086142647
Venezuela,VEN,1972,38.5195523949396
Venezuela,VEN,1977,41.7988876712089
Venezuela,VEN,1982,34.7358864040631
Venezuela,VEN,1987,32.9977552152975
Venezuela,VEN,1992,35.3542925530566
Venezuela,VEN,1997,34.5122596728264
Venezuela,VEN,2002,20.9022355252449
Venezuela,VEN,2007,17.3142485062559
Venezuela,VEN,2012,19.1263215526847
Vietnam,VNM,1987,0.519813742918561
Vietnam,VNM,1992,0.610201172105382
Vietnam,VNM,1997,0.786189154311819
Vietnam,VNM,2002,0.909577895583
Vietnam,VNM,2007,1.19490598396995
Vietnam,VNM,2012,1.58350915911095
Vietnam,VNM,2017,2.14121425180398
World,OWID_WRL,1972,29.4218595361697
World,OWID_WRL,1977,4.57708800891374
World,OWID_WRL,1982,9.16863100909861
World,OWID_WRL,1987,10.6912682754487
World,OWID_WRL,1992,12.4490335511534
World,OWID_WRL,1997,13.5337621954853
World,OWID_WRL,2001,20.9649420385268
World,OWID_WRL,2002,14.7434455435485
World,OWID_WRL,2005,20.1965410665235
World,OWID_WRL,2007,16.6864205344944
World,OWID_WRL,2012,18.2460729188715
World,OWID_WRL,2014,59.838179048329
World,OWID_WRL,2017,20.6305257139924
Yemen,YEM,1992,4.4725784415429
Yemen,YEM,1997,5.36002999717961
Yemen,YEM,2002,6.35078391427875
Yemen,YEM,2007,7.47713640379355
Yemen,YEM,2012,7.74825808246389
Yemen,YEM,2017,5.02169957624385
Zambia,ZMB,1992,4.7166977563732
Zambia,ZMB,1997,5.51040465955681
Zambia,ZMB,2002,6.91880036406644
Zambia,ZMB,2007,9.92934040726365
Zambia,ZMB,2012,14.6428943658337
Zambia,ZMB,2017,17.8053661873642
Zimbabwe,ZWE,1987,9.79675758682449
Zimbabwe,ZWE,1992,6.27178129827707
Zimbabwe,ZWE,1997,5.42192313142488
Zimbabwe,ZWE,2002,3.78390387828548
Zimbabwe,ZWE,2007,3.05601742777053
Zimbabwe,ZWE,2012,4.63571558488579
Zimbabwe,ZWE,2017,5.38627949814884