Entity,Code,Year,"6.a.1 - Total official development assistance (gross disbursement) for water supply and sanitation, by recipient countries (millions of constant 2019 United States dollars) - DC_TOF_WASHL"
Afghanistan,AFG,2000,4462020
Afghanistan,AFG,2001,1282230
Afghanistan,AFG,2002,12970440
Afghanistan,AFG,2003,24995350
Afghanistan,AFG,2004,40842460
Afghanistan,AFG,2005,102348720
Afghanistan,AFG,2006,62069810
Afghanistan,AFG,2007,48388620
Afghanistan,AFG,2008,95783760
Afghanistan,AFG,2009,81593630
Afghanistan,AFG,2010,105630390
Afghanistan,AFG,2011,158890350
Afghanistan,AFG,2012,127624710
Afghanistan,AFG,2013,142547310
Afghanistan,AFG,2014,93023850
Afghanistan,AFG,2015,75319030
Afghanistan,AFG,2016,135144230
Afghanistan,AFG,2017,93471800
Afghanistan,AFG,2018,136574220
Afghanistan,AFG,2019,142901070
Africa,,2000,1385974330
Africa,,2001,1752700380
Africa,,2002,916848320
Africa,,2003,1012743550
Africa,,2004,1365360510
Africa,,2005,1587477220
Africa,,2006,1703941030
Africa,,2007,1868225540
Africa,,2008,2144089020
Africa,,2009,2315560030
Africa,,2010,2475339600
Africa,,2011,2720780750
Africa,,2012,2903386530
Africa,,2013,2950794670
Africa,,2014,3120533920
Africa,,2015,3366150750
Africa,,2016,3535833120
Africa,,2017,3073271600
Africa,,2018,3676809150
Africa,,2019,3746186060
Albania,ALB,2000,107852790
Albania,ALB,2001,18720940
Albania,ALB,2002,30204950
Albania,ALB,2003,29967380
Albania,ALB,2004,24882540
Albania,ALB,2005,36219020
Albania,ALB,2006,38564730
Albania,ALB,2007,38763170
Albania,ALB,2008,42293210
Albania,ALB,2009,32011609.999999996
Albania,ALB,2010,37147680
Albania,ALB,2011,43907840
Albania,ALB,2012,39649760
Albania,ALB,2013,38374310
Albania,ALB,2014,78118160
Albania,ALB,2015,85008120
Albania,ALB,2016,70331780
Albania,ALB,2017,60810940
Albania,ALB,2018,24918620
Albania,ALB,2019,46551720
Algeria,DZA,2000,545240
Algeria,DZA,2001,20411300
Algeria,DZA,2002,1440220
Algeria,DZA,2003,3523810
Algeria,DZA,2004,2481420
Algeria,DZA,2005,46046570
Algeria,DZA,2006,8296960
Algeria,DZA,2007,6252070
Algeria,DZA,2008,4370100
Algeria,DZA,2009,14890960
Algeria,DZA,2010,10837380
Algeria,DZA,2011,16708200.000000002
Algeria,DZA,2012,3483630
Algeria,DZA,2013,10462420
Algeria,DZA,2014,6087280
Algeria,DZA,2015,4876890
Algeria,DZA,2016,9331130
Algeria,DZA,2017,3890870
Algeria,DZA,2018,4180580
Algeria,DZA,2019,7489240
Angola,AGO,2000,26229680
Angola,AGO,2001,11524780
Angola,AGO,2002,17398400
Angola,AGO,2003,8728700
Angola,AGO,2004,11089210
Angola,AGO,2005,18084290
Angola,AGO,2006,14840340
Angola,AGO,2007,38996600
Angola,AGO,2008,20382230
Angola,AGO,2009,14122860
Angola,AGO,2010,8589270
Angola,AGO,2011,10239880
Angola,AGO,2012,25339980
Angola,AGO,2013,21853770
Angola,AGO,2014,23903990
Angola,AGO,2015,33607160
Angola,AGO,2016,42757660
Angola,AGO,2017,48627980
Angola,AGO,2018,23631870
Angola,AGO,2019,21652090
Anguilla,AIA,2000,93820
Anguilla,AIA,2002,20070
Anguilla,AIA,2012,13020
Anguilla,AIA,2013,7780
Antigua and Barbuda,ATG,2010,47400
Antigua and Barbuda,ATG,2011,17870
Antigua and Barbuda,ATG,2012,8910
Antigua and Barbuda,ATG,2013,6330
Antigua and Barbuda,ATG,2014,27780
Antigua and Barbuda,ATG,2015,39570
Antigua and Barbuda,ATG,2016,15869.999999999998
Antigua and Barbuda,ATG,2017,379730
Antigua and Barbuda,ATG,2018,8240
Antigua and Barbuda,ATG,2019,1143550
Argentina,ARG,2000,65890
Argentina,ARG,2001,25670
Argentina,ARG,2002,2345070
Argentina,ARG,2003,3626810
Argentina,ARG,2004,1190960
Argentina,ARG,2005,406310
Argentina,ARG,2006,247010
Argentina,ARG,2007,1088890
Argentina,ARG,2008,601120
Argentina,ARG,2009,2566300
Argentina,ARG,2010,1366930
Argentina,ARG,2011,1164960
Argentina,ARG,2012,942410
Argentina,ARG,2013,2116580
Argentina,ARG,2014,476750
Argentina,ARG,2015,3506920
Argentina,ARG,2016,5226890
Argentina,ARG,2017,11565070
Argentina,ARG,2018,40539470
Argentina,ARG,2019,20006100
Armenia,ARM,2000,13235110
Armenia,ARM,2001,47209560
Armenia,ARM,2002,21419540
Armenia,ARM,2003,23192560
Armenia,ARM,2004,23969950
Armenia,ARM,2005,26497270
Armenia,ARM,2006,17910730
Armenia,ARM,2007,20629940
Armenia,ARM,2008,29718320
Armenia,ARM,2009,35819130
Armenia,ARM,2010,82029170
Armenia,ARM,2011,99312860
Armenia,ARM,2012,40414210
Armenia,ARM,2013,37208220
Armenia,ARM,2014,39049720
Armenia,ARM,2015,38847100
Armenia,ARM,2016,34342390
Armenia,ARM,2017,81229040
Armenia,ARM,2018,63129310
Armenia,ARM,2019,6333500
Asia,,2000,2588293710
Asia,,2001,3478852410
Asia,,2002,1212900190
Asia,,2003,1341463070
Asia,,2004,1446859180
Asia,,2005,3058881050
Asia,,2006,2822945170
Asia,,2007,2553844350
Asia,,2008,2557982360
Asia,,2009,2549551530
Asia,,2010,3103679060
Asia,,2011,3107745730
Asia,,2012,3014261010
Asia,,2013,3177905320
Asia,,2014,3550121100
Asia,,2015,3887787750
Asia,,2016,3826663740
Asia,,2017,4097912620
Asia,,2018,4027909920
Asia,,2019,3661386670
Azerbaijan,AZE,2000,50843960
Azerbaijan,AZE,2001,422100
Azerbaijan,AZE,2002,19559010
Azerbaijan,AZE,2003,13062720
Azerbaijan,AZE,2004,13859160
Azerbaijan,AZE,2005,21407270
Azerbaijan,AZE,2006,20536760
Azerbaijan,AZE,2007,18369260
Azerbaijan,AZE,2008,13438130
Azerbaijan,AZE,2009,19600830
Azerbaijan,AZE,2010,17379920
Azerbaijan,AZE,2011,21638170
Azerbaijan,AZE,2012,33798360
Azerbaijan,AZE,2013,61315180
Azerbaijan,AZE,2014,61836260
Azerbaijan,AZE,2015,70484220
Azerbaijan,AZE,2016,97802550
Azerbaijan,AZE,2017,98497930
Azerbaijan,AZE,2018,106614750
Azerbaijan,AZE,2019,94569690
Bahrain,BHR,2004,15510
Bangladesh,BGD,2000,87883470
Bangladesh,BGD,2001,141885450
Bangladesh,BGD,2002,34368320
Bangladesh,BGD,2003,21165980
Bangladesh,BGD,2004,18731920
Bangladesh,BGD,2005,24171390
Bangladesh,BGD,2006,35918390
Bangladesh,BGD,2007,47339810
Bangladesh,BGD,2008,52711350
Bangladesh,BGD,2009,76588050
Bangladesh,BGD,2010,173270770
Bangladesh,BGD,2011,172313940
Bangladesh,BGD,2012,154468840
Bangladesh,BGD,2013,133290750
Bangladesh,BGD,2014,172936110
Bangladesh,BGD,2015,201174620
Bangladesh,BGD,2016,250423640
Bangladesh,BGD,2017,230073360
Bangladesh,BGD,2018,276016320
Bangladesh,BGD,2019,330367030
Barbados,BRB,2003,714200
Barbados,BRB,2006,103490
Barbados,BRB,2007,93680
Barbados,BRB,2008,1230
Barbados,BRB,2009,24210
Barbados,BRB,2010,337780
Belarus,BLR,2005,100030
Belarus,BLR,2006,74190
Belarus,BLR,2007,44970
Belarus,BLR,2008,878030
Belarus,BLR,2009,473780
Belarus,BLR,2010,1826650
Belarus,BLR,2011,150630
Belarus,BLR,2012,255079.99999999997
Belarus,BLR,2013,761790
Belarus,BLR,2014,1174930
Belarus,BLR,2015,1216920
Belarus,BLR,2016,4821910
Belarus,BLR,2017,2821490
Belarus,BLR,2018,1405640
Belarus,BLR,2019,3054040
Belize,BLZ,2001,3286300
Belize,BLZ,2002,2188210
Belize,BLZ,2003,24360
Belize,BLZ,2007,300
Belize,BLZ,2008,488570
Belize,BLZ,2009,21790
Belize,BLZ,2010,111520
Belize,BLZ,2011,1004100
Belize,BLZ,2012,558300
Belize,BLZ,2013,167980
Belize,BLZ,2014,702660
Belize,BLZ,2015,1486320
Belize,BLZ,2016,443120
Belize,BLZ,2017,377510
Belize,BLZ,2018,797200
Belize,BLZ,2019,1272370
Benin,BEN,2000,35276040
Benin,BEN,2001,9370940
Benin,BEN,2002,11420760
Benin,BEN,2003,15137960
Benin,BEN,2004,42676500
Benin,BEN,2005,49809660
Benin,BEN,2006,38640750
Benin,BEN,2007,49586860
Benin,BEN,2008,57860690
Benin,BEN,2009,51497290
Benin,BEN,2010,66272610
Benin,BEN,2011,45601180
Benin,BEN,2012,41743370
Benin,BEN,2013,54700010
Benin,BEN,2014,56612360
Benin,BEN,2015,16326910.000000002
Benin,BEN,2016,42575670
Benin,BEN,2017,30735740
Benin,BEN,2018,72501190
Benin,BEN,2019,52419690
Bhutan,BTN,2000,5111280
Bhutan,BTN,2001,2712960
Bhutan,BTN,2002,1481030
Bhutan,BTN,2003,3502290
Bhutan,BTN,2004,4399170
Bhutan,BTN,2005,3112720
Bhutan,BTN,2006,2662150
Bhutan,BTN,2007,1833690
Bhutan,BTN,2008,1336400
Bhutan,BTN,2009,2012919.9999999998
Bhutan,BTN,2010,2685200
Bhutan,BTN,2011,3499090
Bhutan,BTN,2012,2239080
Bhutan,BTN,2013,18325950
Bhutan,BTN,2014,46152900
Bhutan,BTN,2015,7140040
Bhutan,BTN,2016,4358620
Bhutan,BTN,2017,11942800
Bhutan,BTN,2018,19547160
Bhutan,BTN,2019,21715110
Bolivia,BOL,2000,91874710
Bolivia,BOL,2001,17948800
Bolivia,BOL,2002,32507150.000000004
Bolivia,BOL,2003,12836080
Bolivia,BOL,2004,34249440
Bolivia,BOL,2005,44361950
Bolivia,BOL,2006,41493550
Bolivia,BOL,2007,29593320
Bolivia,BOL,2008,37221410
Bolivia,BOL,2009,67245220
Bolivia,BOL,2010,61978460
Bolivia,BOL,2011,79064790
Bolivia,BOL,2012,168707630
Bolivia,BOL,2013,83902890
Bolivia,BOL,2014,85770120
Bolivia,BOL,2015,92762730
Bolivia,BOL,2016,201141210
Bolivia,BOL,2017,202266870
Bolivia,BOL,2018,123091670
Bolivia,BOL,2019,140304330
Bosnia and Herzegovina,BIH,2000,19253910
Bosnia and Herzegovina,BIH,2001,38225910
Bosnia and Herzegovina,BIH,2002,9279210
Bosnia and Herzegovina,BIH,2003,13298150
Bosnia and Herzegovina,BIH,2004,41179520
Bosnia and Herzegovina,BIH,2005,19715370
Bosnia and Herzegovina,BIH,2006,15419410
Bosnia and Herzegovina,BIH,2007,16225660.000000002
Bosnia and Herzegovina,BIH,2008,14024340
Bosnia and Herzegovina,BIH,2009,17266860
Bosnia and Herzegovina,BIH,2010,27680680
Bosnia and Herzegovina,BIH,2011,42157230
Bosnia and Herzegovina,BIH,2012,41752870
Bosnia and Herzegovina,BIH,2013,36431910
Bosnia and Herzegovina,BIH,2014,42198640
Bosnia and Herzegovina,BIH,2015,67205310
Bosnia and Herzegovina,BIH,2016,47885350
Bosnia and Herzegovina,BIH,2017,48039640
Bosnia and Herzegovina,BIH,2018,16149899.999999998
Bosnia and Herzegovina,BIH,2019,26670580
Botswana,BWA,2001,45250
Botswana,BWA,2002,2137630
Botswana,BWA,2003,206370
Botswana,BWA,2004,359000
Botswana,BWA,2005,92830
Botswana,BWA,2006,153240
Botswana,BWA,2007,1195020
Botswana,BWA,2008,1962210
Botswana,BWA,2009,372370
Botswana,BWA,2010,1145540
Botswana,BWA,2011,759680
Botswana,BWA,2012,643520
Botswana,BWA,2013,336420
Botswana,BWA,2014,593650
Botswana,BWA,2015,348430
Botswana,BWA,2016,9630
Botswana,BWA,2017,81120
Botswana,BWA,2018,77690
Botswana,BWA,2019,181790
Brazil,BRA,2000,2890090
Brazil,BRA,2001,5220510
Brazil,BRA,2002,5522590
Brazil,BRA,2003,7826430
Brazil,BRA,2004,3456070
Brazil,BRA,2005,6109110
Brazil,BRA,2006,16577539.999999998
Brazil,BRA,2007,32389820
Brazil,BRA,2008,142226510
Brazil,BRA,2009,88634050
Brazil,BRA,2010,13432300
Brazil,BRA,2011,233396050
Brazil,BRA,2012,116056770
Brazil,BRA,2013,122892510
Brazil,BRA,2014,150852380
Brazil,BRA,2015,103504570
Brazil,BRA,2016,106863950
Brazil,BRA,2017,97933060
Brazil,BRA,2018,41362100
Brazil,BRA,2019,42079070
Burkina Faso,BFA,2000,64067989.99999999
Burkina Faso,BFA,2001,144594590
Burkina Faso,BFA,2002,32162370.000000004
Burkina Faso,BFA,2003,49905080
Burkina Faso,BFA,2004,57211500
Burkina Faso,BFA,2005,69218410
Burkina Faso,BFA,2006,94027160
Burkina Faso,BFA,2007,86404320
Burkina Faso,BFA,2008,87415290
Burkina Faso,BFA,2009,62028320
Burkina Faso,BFA,2010,74494590
Burkina Faso,BFA,2011,127735250
Burkina Faso,BFA,2012,138792450
Burkina Faso,BFA,2013,136971350
Burkina Faso,BFA,2014,142136110
Burkina Faso,BFA,2015,99199340
Burkina Faso,BFA,2016,146652340
Burkina Faso,BFA,2017,115512300
Burkina Faso,BFA,2018,105859770
Burkina Faso,BFA,2019,159970950
Burundi,BDI,2000,10329700
Burundi,BDI,2001,12493550
Burundi,BDI,2002,4421660
Burundi,BDI,2003,4483590
Burundi,BDI,2004,4803230
Burundi,BDI,2005,6057250
Burundi,BDI,2006,7782760
Burundi,BDI,2007,12832350
Burundi,BDI,2008,14986330
Burundi,BDI,2009,18687990
Burundi,BDI,2010,30924870
Burundi,BDI,2011,30815500
Burundi,BDI,2012,24895990
Burundi,BDI,2013,22995810
Burundi,BDI,2014,19008080
Burundi,BDI,2015,12930170
Burundi,BDI,2016,13969280
Burundi,BDI,2017,19427760
Burundi,BDI,2018,37477490
Burundi,BDI,2019,86352570
Cambodia,KHM,2000,23811770
Cambodia,KHM,2001,33345970
Cambodia,KHM,2002,28183390
Cambodia,KHM,2003,38049490
Cambodia,KHM,2004,23013740
Cambodia,KHM,2005,21753190
Cambodia,KHM,2006,21551030
Cambodia,KHM,2007,26799460
Cambodia,KHM,2008,29169110
Cambodia,KHM,2009,16605950
Cambodia,KHM,2010,40187190
Cambodia,KHM,2011,56550280
Cambodia,KHM,2012,56351150
Cambodia,KHM,2013,73390630
Cambodia,KHM,2014,70576980
Cambodia,KHM,2015,79858810
Cambodia,KHM,2016,75466410
Cambodia,KHM,2017,164805200
Cambodia,KHM,2018,127038190
Cambodia,KHM,2019,177005540
Cameroon,CMR,2000,5676130
Cameroon,CMR,2001,7668740
Cameroon,CMR,2002,7564100
Cameroon,CMR,2003,7524260
Cameroon,CMR,2004,9019890
Cameroon,CMR,2005,5112400
Cameroon,CMR,2006,2874780
Cameroon,CMR,2007,4184590
Cameroon,CMR,2008,16239439.999999998
Cameroon,CMR,2009,6356870
Cameroon,CMR,2010,18188140
Cameroon,CMR,2011,35217790
Cameroon,CMR,2012,20206620
Cameroon,CMR,2013,62284230
Cameroon,CMR,2014,111450430
Cameroon,CMR,2015,98811220
Cameroon,CMR,2016,130305530
Cameroon,CMR,2017,125278910
Cameroon,CMR,2018,98257620
Cameroon,CMR,2019,148123280
Cape Verde,CPV,2000,799210
Cape Verde,CPV,2001,10704890
Cape Verde,CPV,2002,5620610
Cape Verde,CPV,2003,3504370
Cape Verde,CPV,2004,8730570
Cape Verde,CPV,2005,6537760
Cape Verde,CPV,2006,5759520
Cape Verde,CPV,2007,3892450
Cape Verde,CPV,2008,9143490
Cape Verde,CPV,2009,21495600
Cape Verde,CPV,2010,12233360
Cape Verde,CPV,2011,11063340
Cape Verde,CPV,2012,14172580
Cape Verde,CPV,2013,13365900
Cape Verde,CPV,2014,8940610
Cape Verde,CPV,2015,29821400
Cape Verde,CPV,2016,25218200
Cape Verde,CPV,2017,34575550
Cape Verde,CPV,2018,7965440
Cape Verde,CPV,2019,6673030
Caribbean,,2000,85652020
Caribbean,,2001,23948130
Caribbean,,2002,29473680
Caribbean,,2003,34857900
Caribbean,,2004,44352610
Caribbean,,2005,30849950
Caribbean,,2006,39842760
Caribbean,,2007,20113600
Caribbean,,2008,43117440
Caribbean,,2009,130389370.00000001
Caribbean,,2010,84495840
Caribbean,,2011,66198400.00000001
Caribbean,,2012,58778280
Caribbean,,2013,68653660
Caribbean,,2014,96665090
Caribbean,,2015,92672190
Caribbean,,2016,128181430
Caribbean,,2017,136672450
Caribbean,,2018,158402440
Caribbean,,2019,62770480
Caucasus and Central Asia,,2000,104628680
Caucasus and Central Asia,,2001,163735280
Caucasus and Central Asia,,2002,68143210
Caucasus and Central Asia,,2003,82691500
Caucasus and Central Asia,,2004,99520400
Caucasus and Central Asia,,2005,107753810
Caucasus and Central Asia,,2006,108438630
Caucasus and Central Asia,,2007,78527270
Caucasus and Central Asia,,2008,143776950
Caucasus and Central Asia,,2009,176482140
Caucasus and Central Asia,,2010,235941080
Caucasus and Central Asia,,2011,287637020
Caucasus and Central Asia,,2012,233248190
Caucasus and Central Asia,,2013,238463310
Caucasus and Central Asia,,2014,319901920
Caucasus and Central Asia,,2015,325413910
Caucasus and Central Asia,,2016,408162510
Caucasus and Central Asia,,2017,351028070
Caucasus and Central Asia,,2018,404254720
Caucasus and Central Asia,,2019,375557630
Central African Republic,CAF,2000,232700
Central African Republic,CAF,2001,322250
Central African Republic,CAF,2002,927530
Central African Republic,CAF,2003,244560
Central African Republic,CAF,2004,175010
Central African Republic,CAF,2005,344620
Central African Republic,CAF,2006,882890
Central African Republic,CAF,2007,1770270
Central African Republic,CAF,2008,2771210
Central African Republic,CAF,2009,9326600
Central African Republic,CAF,2010,5155230
Central African Republic,CAF,2011,8132709.999999999
Central African Republic,CAF,2012,6630810
Central African Republic,CAF,2013,6652960
Central African Republic,CAF,2014,5788140
Central African Republic,CAF,2015,4459560
Central African Republic,CAF,2016,5435110
Central African Republic,CAF,2017,3650830
Central African Republic,CAF,2018,11187990
Central African Republic,CAF,2019,6297330
Central America,,2000,407029980
Central America,,2001,248441230
Central America,,2002,73071220
Central America,,2003,99668440
Central America,,2004,106775320
Central America,,2005,223143930
Central America,,2006,205867200
Central America,,2007,138680740
Central America,,2008,128876659.99999999
Central America,,2009,311785160
Central America,,2010,338446870
Central America,,2011,177557080
Central America,,2012,105448440
Central America,,2013,140050090
Central America,,2014,351967080
Central America,,2015,145420490
Central America,,2016,205787900
Central America,,2017,117863450
Central America,,2018,138522700
Central America,,2019,177750130
Central Asia,,2000,39789600
Central Asia,,2001,69955530
Central Asia,,2002,20627000
Central Asia,,2003,40483330
Central Asia,,2004,49790100
Central Asia,,2005,52960850
Central Asia,,2006,56633280
Central Asia,,2007,29650730
Central Asia,,2008,82933560
Central Asia,,2009,87428480
Central Asia,,2010,84655750
Central Asia,,2011,88275920
Central Asia,,2012,101844420
Central Asia,,2013,113901060
Central Asia,,2014,162851780
Central Asia,,2015,171370350
Central Asia,,2016,212258010
Central Asia,,2017,103464020
Central Asia,,2018,175000100
Central Asia,,2019,227468400
Chad,TCD,2000,35558830
Chad,TCD,2001,4088310
Chad,TCD,2002,22001880
Chad,TCD,2003,22862900
Chad,TCD,2004,17437700
Chad,TCD,2005,20092690
Chad,TCD,2006,22448640
Chad,TCD,2007,20046680
Chad,TCD,2008,22931340
Chad,TCD,2009,27280720
Chad,TCD,2010,32321170.000000004
Chad,TCD,2011,25534310
Chad,TCD,2012,24295740
Chad,TCD,2013,20395840
Chad,TCD,2014,24035860
Chad,TCD,2015,38012160
Chad,TCD,2016,32695300.000000004
Chad,TCD,2017,44860100
Chad,TCD,2018,38412800
Chad,TCD,2019,21369440
Chile,CHL,2000,412660
Chile,CHL,2001,5545940
Chile,CHL,2002,82410
Chile,CHL,2003,1540850
Chile,CHL,2004,4638130
Chile,CHL,2005,18116450
Chile,CHL,2006,14803230
Chile,CHL,2007,20396140
Chile,CHL,2008,28145780
Chile,CHL,2009,13701430
Chile,CHL,2010,9476460
Chile,CHL,2011,62972310
Chile,CHL,2012,31071300
Chile,CHL,2013,7605810
Chile,CHL,2014,971490
Chile,CHL,2015,15303330
Chile,CHL,2016,3924360
Chile,CHL,2017,4919000
China,CHN,2000,582887850
China,CHN,2001,793454790
China,CHN,2002,250180350
China,CHN,2003,240702690
China,CHN,2004,238881510
China,CHN,2005,416129970
China,CHN,2006,273178590
China,CHN,2007,333917540
China,CHN,2008,277586380
China,CHN,2009,324696830
China,CHN,2010,282420370
China,CHN,2011,211457510
China,CHN,2012,199012670
China,CHN,2013,213901810
China,CHN,2014,158056350
China,CHN,2015,203565170
China,CHN,2016,91276340
China,CHN,2017,92655760
China,CHN,2018,71955460
China,CHN,2019,83153540
Colombia,COL,2000,224930
Colombia,COL,2001,554770
Colombia,COL,2002,1670860
Colombia,COL,2003,1971020
Colombia,COL,2004,922130
Colombia,COL,2005,755820
Colombia,COL,2006,2278940
Colombia,COL,2007,2909640
Colombia,COL,2008,3650520
Colombia,COL,2009,55206370
Colombia,COL,2010,1948470
Colombia,COL,2011,2840900
Colombia,COL,2012,94393570
Colombia,COL,2013,25358160
Colombia,COL,2014,12856090
Colombia,COL,2015,4093770
Colombia,COL,2016,3369960
Colombia,COL,2017,12726750
Colombia,COL,2018,15415670
Colombia,COL,2019,15116430
Comoros,COM,2001,8823760
Comoros,COM,2002,1858270
Comoros,COM,2003,1343070
Comoros,COM,2004,676500
Comoros,COM,2005,1217860
Comoros,COM,2006,1310020
Comoros,COM,2007,1588990
Comoros,COM,2008,1194410
Comoros,COM,2009,1264100
Comoros,COM,2010,706250
Comoros,COM,2011,2031210.0000000002
Comoros,COM,2012,2668890
Comoros,COM,2013,3161800
Comoros,COM,2014,6819210
Comoros,COM,2015,6324210
Comoros,COM,2016,5786720
Comoros,COM,2017,3955210
Comoros,COM,2018,7780020
Comoros,COM,2019,9417990
Congo,COG,2000,634500
Congo,COG,2003,7398630
Congo,COG,2004,2890400
Congo,COG,2005,3337220
Congo,COG,2006,1955410
Congo,COG,2007,1267810
Congo,COG,2008,1704430
Congo,COG,2009,380150
Congo,COG,2010,1970750
Congo,COG,2011,3812520
Congo,COG,2012,3046290
Congo,COG,2013,8740170
Congo,COG,2014,7179870
Congo,COG,2015,4096479.9999999995
Congo,COG,2016,2675450
Congo,COG,2017,9767110
Congo,COG,2018,23271770
Congo,COG,2019,12128360
Cook Islands,COK,2000,358280
Cook Islands,COK,2001,3200860
Cook Islands,COK,2002,192220
Cook Islands,COK,2003,226820
Cook Islands,COK,2004,203300
Cook Islands,COK,2005,103680
Cook Islands,COK,2006,422300
Cook Islands,COK,2007,331970
Cook Islands,COK,2008,180420
Cook Islands,COK,2009,1775350
Cook Islands,COK,2010,515220
Cook Islands,COK,2011,1315440
Cook Islands,COK,2012,2098840
Cook Islands,COK,2013,2522960
Cook Islands,COK,2014,2123810
Cook Islands,COK,2015,4188799.9999999995
Cook Islands,COK,2016,3419860
Cook Islands,COK,2017,3334680
Cook Islands,COK,2018,6622260
Cook Islands,COK,2019,1771640
Costa Rica,CRI,2000,956540
Costa Rica,CRI,2001,140883380
Costa Rica,CRI,2002,442640
Costa Rica,CRI,2003,205540
Costa Rica,CRI,2004,625440
Costa Rica,CRI,2005,1970050
Costa Rica,CRI,2006,11226930
Costa Rica,CRI,2007,23719930
Costa Rica,CRI,2008,21025470
Costa Rica,CRI,2009,58502860
Costa Rica,CRI,2010,48761430
Costa Rica,CRI,2011,12886900
Costa Rica,CRI,2012,8109420
Costa Rica,CRI,2013,13797950
Costa Rica,CRI,2014,23051000
Costa Rica,CRI,2015,44261110
Costa Rica,CRI,2016,15036350
Costa Rica,CRI,2017,29136070
Costa Rica,CRI,2018,11291680
Costa Rica,CRI,2019,13218030
Cote d'Ivoire,CIV,2000,16714880
Cote d'Ivoire,CIV,2001,23732590
Cote d'Ivoire,CIV,2002,13583070
Cote d'Ivoire,CIV,2003,5438340
Cote d'Ivoire,CIV,2004,5108380
Cote d'Ivoire,CIV,2005,3500520
Cote d'Ivoire,CIV,2006,1217160
Cote d'Ivoire,CIV,2007,4379310
Cote d'Ivoire,CIV,2008,7361590
Cote d'Ivoire,CIV,2009,29050840
Cote d'Ivoire,CIV,2010,36016780
Cote d'Ivoire,CIV,2011,28469530
Cote d'Ivoire,CIV,2012,38792060
Cote d'Ivoire,CIV,2013,18843480
Cote d'Ivoire,CIV,2014,24172970
Cote d'Ivoire,CIV,2015,25883530
Cote d'Ivoire,CIV,2016,100122840
Cote d'Ivoire,CIV,2017,7897420
Cote d'Ivoire,CIV,2018,37425090
Cote d'Ivoire,CIV,2019,29559660
Croatia,HRV,2000,400560
Croatia,HRV,2001,1304970
Croatia,HRV,2002,61280
Croatia,HRV,2003,67150
Croatia,HRV,2004,5310
Croatia,HRV,2005,2009990.0000000002
Croatia,HRV,2006,8263070.000000001
Croatia,HRV,2007,11301890
Croatia,HRV,2008,23121000
Croatia,HRV,2009,11439440
Croatia,HRV,2010,9826770
Cuba,CUB,2000,668600
Cuba,CUB,2001,1869040
Cuba,CUB,2002,1268230
Cuba,CUB,2003,2310400
Cuba,CUB,2004,6147200
Cuba,CUB,2005,3980040
Cuba,CUB,2006,2420160
Cuba,CUB,2007,2812800
Cuba,CUB,2008,2504470
Cuba,CUB,2009,3323430
Cuba,CUB,2010,13384190
Cuba,CUB,2011,10692290
Cuba,CUB,2012,8446900
Cuba,CUB,2013,12855220
Cuba,CUB,2014,14283850
Cuba,CUB,2015,17147290
Cuba,CUB,2016,55699220
Cuba,CUB,2017,57247480
Cuba,CUB,2018,106370310
Cuba,CUB,2019,16703690.000000002
Democratic Republic of Congo,COD,2000,2097680
Democratic Republic of Congo,COD,2001,1752100
Democratic Republic of Congo,COD,2002,4386450
Democratic Republic of Congo,COD,2003,5217870
Democratic Republic of Congo,COD,2004,9749900
Democratic Republic of Congo,COD,2005,23041910
Democratic Republic of Congo,COD,2006,24559990
Democratic Republic of Congo,COD,2007,27054020
Democratic Republic of Congo,COD,2008,44213400
Democratic Republic of Congo,COD,2009,65674020
Democratic Republic of Congo,COD,2010,108164020
Democratic Republic of Congo,COD,2011,108633100
Democratic Republic of Congo,COD,2012,149290350
Democratic Republic of Congo,COD,2013,197279850
Democratic Republic of Congo,COD,2014,155415630
Democratic Republic of Congo,COD,2015,148927680
Democratic Republic of Congo,COD,2016,146456170
Democratic Republic of Congo,COD,2017,137443590
Democratic Republic of Congo,COD,2018,150026130
Democratic Republic of Congo,COD,2019,115657870
"Developed regions (Europe, Cyprus, Israel, Northern America, Japan, Australia & New Zealand)",,2000,257720360.00000003
"Developed regions (Europe, Cyprus, Israel, Northern America, Japan, Australia & New Zealand)",,2001,145179490
"Developed regions (Europe, Cyprus, Israel, Northern America, Japan, Australia & New Zealand)",,2002,72830960
"Developed regions (Europe, Cyprus, Israel, Northern America, Japan, Australia & New Zealand)",,2003,86696210
"Developed regions (Europe, Cyprus, Israel, Northern America, Japan, Australia & New Zealand)",,2004,107539870
"Developed regions (Europe, Cyprus, Israel, Northern America, Japan, Australia & New Zealand)",,2005,109691040
"Developed regions (Europe, Cyprus, Israel, Northern America, Japan, Australia & New Zealand)",,2006,134334150
"Developed regions (Europe, Cyprus, Israel, Northern America, Japan, Australia & New Zealand)",,2007,146117360
"Developed regions (Europe, Cyprus, Israel, Northern America, Japan, Australia & New Zealand)",,2008,152686810
"Developed regions (Europe, Cyprus, Israel, Northern America, Japan, Australia & New Zealand)",,2009,159704100
"Developed regions (Europe, Cyprus, Israel, Northern America, Japan, Australia & New Zealand)",,2010,169000210
"Developed regions (Europe, Cyprus, Israel, Northern America, Japan, Australia & New Zealand)",,2011,156548990
"Developed regions (Europe, Cyprus, Israel, Northern America, Japan, Australia & New Zealand)",,2012,194272750
"Developed regions (Europe, Cyprus, Israel, Northern America, Japan, Australia & New Zealand)",,2013,175293360
"Developed regions (Europe, Cyprus, Israel, Northern America, Japan, Australia & New Zealand)",,2014,242315280
"Developed regions (Europe, Cyprus, Israel, Northern America, Japan, Australia & New Zealand)",,2015,287587750
"Developed regions (Europe, Cyprus, Israel, Northern America, Japan, Australia & New Zealand)",,2016,207813890
"Developed regions (Europe, Cyprus, Israel, Northern America, Japan, Australia & New Zealand)",,2017,234255990
"Developed regions (Europe, Cyprus, Israel, Northern America, Japan, Australia & New Zealand)",,2018,145664970
"Developed regions (Europe, Cyprus, Israel, Northern America, Japan, Australia & New Zealand)",,2019,182707380
Developing regions,,2000,5387354690
Developing regions,,2001,5939897840
Developing regions,,2002,2573189660
Developing regions,,2003,2866556850
Developing regions,,2004,3377709860
Developing regions,,2005,5414832970
Developing regions,,2006,5355946670
Developing regions,,2007,5409601750
Developing regions,,2008,6239395230
Developing regions,,2009,6341370000
Developing regions,,2010,7126050850
Developing regions,,2011,7466378670
Developing regions,,2012,7360849800
Developing regions,,2013,7490856910
Developing regions,,2014,8320236830
Developing regions,,2015,8848986130
Developing regions,,2016,9020343120
Developing regions,,2017,8776324020
Developing regions,,2018,9291579550
Developing regions,,2019,8846423930
Djibouti,DJI,2000,1994320
Djibouti,DJI,2001,6887140
Djibouti,DJI,2002,5053760
Djibouti,DJI,2003,6581190
Djibouti,DJI,2004,3235560
Djibouti,DJI,2005,1732340
Djibouti,DJI,2006,558160
Djibouti,DJI,2007,1896800
Djibouti,DJI,2008,2416460
Djibouti,DJI,2009,6375640
Djibouti,DJI,2010,7649350
Djibouti,DJI,2011,10686200
Djibouti,DJI,2012,20448600
Djibouti,DJI,2013,25593050
Djibouti,DJI,2014,25233190
Djibouti,DJI,2015,14651930
Djibouti,DJI,2016,12548270
Djibouti,DJI,2017,21321940
Djibouti,DJI,2018,35925490
Djibouti,DJI,2019,43361680
Dominica,DMA,2002,987280
Dominica,DMA,2003,373280
Dominica,DMA,2004,1139890
Dominica,DMA,2005,1401110
Dominica,DMA,2006,1369730
Dominica,DMA,2007,109300
Dominica,DMA,2008,759580
Dominica,DMA,2009,182610
Dominica,DMA,2010,97650
Dominica,DMA,2011,797010
Dominica,DMA,2012,3843960
Dominica,DMA,2013,1800330
Dominica,DMA,2014,497970
Dominica,DMA,2015,739040
Dominica,DMA,2017,745070
Dominica,DMA,2018,996170
Dominica,DMA,2019,290540
Dominican Republic,DOM,2000,54079950
Dominican Republic,DOM,2001,8020329.999999999
Dominican Republic,DOM,2002,6256010
Dominican Republic,DOM,2003,11821880
Dominican Republic,DOM,2004,26162070
Dominican Republic,DOM,2005,12580860
Dominican Republic,DOM,2006,16876920
Dominican Republic,DOM,2007,4010250
Dominican Republic,DOM,2008,4189800
Dominican Republic,DOM,2009,4988110
Dominican Republic,DOM,2010,16727630.000000002
Dominican Republic,DOM,2011,19646890
Dominican Republic,DOM,2012,4184199.9999999995
Dominican Republic,DOM,2013,23679900
Dominican Republic,DOM,2014,19189910
Dominican Republic,DOM,2015,28113120
Dominican Republic,DOM,2016,33029069.999999996
Dominican Republic,DOM,2017,37373680
Dominican Republic,DOM,2018,1610960
Dominican Republic,DOM,2019,2341270
Eastern Africa,,2000,415334680
Eastern Africa,,2001,360123020
Eastern Africa,,2002,309011280
Eastern Africa,,2003,398255580
Eastern Africa,,2004,388700400
Eastern Africa,,2005,595591160
Eastern Africa,,2006,596954070
Eastern Africa,,2007,801421090
Eastern Africa,,2008,753161600
Eastern Africa,,2009,905176620
Eastern Africa,,2010,915343810
Eastern Africa,,2011,918341010
Eastern Africa,,2012,1181282830
Eastern Africa,,2013,1266302270
Eastern Africa,,2014,1168092780
Eastern Africa,,2015,1119306450
Eastern Africa,,2016,1230824190
Eastern Africa,,2017,1230547760
Eastern Africa,,2018,1369805080
Eastern Africa,,2019,1406558430
Eastern Asia,,2000,583426430
Eastern Asia,,2001,796362350
Eastern Asia,,2002,254567610
Eastern Asia,,2003,246218120
Eastern Asia,,2004,244757550
Eastern Asia,,2005,424699580
Eastern Asia,,2006,284929150
Eastern Asia,,2007,348310020
Eastern Asia,,2008,291721610
Eastern Asia,,2009,338530940
Eastern Asia,,2010,314598430
Eastern Asia,,2011,247545270
Eastern Asia,,2012,239911030
Eastern Asia,,2013,241627300
Eastern Asia,,2014,179577200
Eastern Asia,,2015,213400900
Eastern Asia,,2016,99595640
Eastern Asia,,2017,104340320
Eastern Asia,,2018,96993970
Eastern Asia,,2019,107821670
Eastern Asia (excluding Japan and China),,2000,538590
Eastern Asia (excluding Japan and China),,2001,2907560
Eastern Asia (excluding Japan and China),,2002,4387260
Eastern Asia (excluding Japan and China),,2003,5515420
Eastern Asia (excluding Japan and China),,2004,5876030
Eastern Asia (excluding Japan and China),,2005,8569620
Eastern Asia (excluding Japan and China),,2006,11750560
Eastern Asia (excluding Japan and China),,2007,14392490
Eastern Asia (excluding Japan and China),,2008,14135240
Eastern Asia (excluding Japan and China),,2009,13834110
Eastern Asia (excluding Japan and China),,2010,32178060.000000004
Eastern Asia (excluding Japan and China),,2011,36087760
Eastern Asia (excluding Japan and China),,2012,40898360
Eastern Asia (excluding Japan and China),,2013,27725490
Eastern Asia (excluding Japan and China),,2014,21520850
Eastern Asia (excluding Japan and China),,2015,9835730
Eastern Asia (excluding Japan and China),,2016,8319300
Eastern Asia (excluding Japan and China),,2017,11684560
Eastern Asia (excluding Japan and China),,2018,25038510
Eastern Asia (excluding Japan and China),,2019,24668140
Eastern Europe,,2000,401730
Eastern Europe,,2002,3893340
Eastern Europe,,2003,2559480
Eastern Europe,,2004,1357330
Eastern Europe,,2005,7297970
Eastern Europe,,2006,10670990
Eastern Europe,,2007,11924160
Eastern Europe,,2008,6173270
Eastern Europe,,2009,29447160
Eastern Europe,,2010,25115820
Eastern Europe,,2011,19192480
Eastern Europe,,2012,31206380
Eastern Europe,,2013,34975940
Eastern Europe,,2014,37483570
Eastern Europe,,2015,76832100
Eastern Europe,,2016,22111150
Eastern Europe,,2017,55569660
Eastern Europe,,2018,24376820
Eastern Europe,,2019,42352800
Ecuador,ECU,2000,65203940
Ecuador,ECU,2001,38572540
Ecuador,ECU,2002,8919910
Ecuador,ECU,2003,21578310
Ecuador,ECU,2004,10287360
Ecuador,ECU,2005,10317770
Ecuador,ECU,2006,14558550
Ecuador,ECU,2007,21239820
Ecuador,ECU,2008,19353750
Ecuador,ECU,2009,14107040
Ecuador,ECU,2010,27511070
Ecuador,ECU,2011,22100710
Ecuador,ECU,2012,22741670
Ecuador,ECU,2013,20301510
Ecuador,ECU,2014,10080940
Ecuador,ECU,2015,11039510
Ecuador,ECU,2016,31778160
Ecuador,ECU,2017,47648500
Ecuador,ECU,2018,55499510
Ecuador,ECU,2019,48890980
Egypt,EGY,2000,108332070
Egypt,EGY,2001,171832490
Egypt,EGY,2002,173574320
Egypt,EGY,2003,117806580
Egypt,EGY,2004,305959920
Egypt,EGY,2005,130276209.99999999
Egypt,EGY,2006,126035850
Egypt,EGY,2007,118090100
Egypt,EGY,2008,144868370
Egypt,EGY,2009,191840880
Egypt,EGY,2010,131895670
Egypt,EGY,2011,123115330
Egypt,EGY,2012,121196130
Egypt,EGY,2013,105926010
Egypt,EGY,2014,132089580.00000001
Egypt,EGY,2015,217828580
Egypt,EGY,2016,260108770
Egypt,EGY,2017,152974580
Egypt,EGY,2018,354981610
Egypt,EGY,2019,350217460
El Salvador,SLV,2000,3321740
El Salvador,SLV,2001,39343600
El Salvador,SLV,2002,13060810
El Salvador,SLV,2003,11595820
El Salvador,SLV,2004,8496250
El Salvador,SLV,2005,17751040
El Salvador,SLV,2006,10389240
El Salvador,SLV,2007,12829260
El Salvador,SLV,2008,12473060
El Salvador,SLV,2009,39561550
El Salvador,SLV,2010,27129090
El Salvador,SLV,2011,5569190
El Salvador,SLV,2012,3019700
El Salvador,SLV,2013,11941490
El Salvador,SLV,2014,7108710
El Salvador,SLV,2015,2991360
El Salvador,SLV,2016,5203450
El Salvador,SLV,2017,13365370
El Salvador,SLV,2018,11943140
El Salvador,SLV,2019,10200030
Equatorial Guinea,GNQ,2000,91050
Equatorial Guinea,GNQ,2001,68370
Equatorial Guinea,GNQ,2002,6947460
Equatorial Guinea,GNQ,2003,1121950
Equatorial Guinea,GNQ,2004,3075890
Equatorial Guinea,GNQ,2005,1318470
Equatorial Guinea,GNQ,2006,3017640
Equatorial Guinea,GNQ,2007,584430
Equatorial Guinea,GNQ,2008,18890
Equatorial Guinea,GNQ,2009,25650
Equatorial Guinea,GNQ,2011,19990
Equatorial Guinea,GNQ,2014,10640
Equatorial Guinea,GNQ,2018,20400
Eritrea,ERI,2000,588580
Eritrea,ERI,2001,6785570
Eritrea,ERI,2002,4856750
Eritrea,ERI,2003,1224860
Eritrea,ERI,2004,1585820
Eritrea,ERI,2005,4987980
Eritrea,ERI,2006,7701350
Eritrea,ERI,2007,3432290
Eritrea,ERI,2008,7607550
Eritrea,ERI,2009,6737950
Eritrea,ERI,2010,7015220
Eritrea,ERI,2011,2638660
Eritrea,ERI,2012,2829010
Eritrea,ERI,2013,865510
Eritrea,ERI,2014,876090
Eritrea,ERI,2015,568740
Eritrea,ERI,2016,973070
Eritrea,ERI,2017,674630
Eritrea,ERI,2018,320940
Eritrea,ERI,2019,3475210
Eswatini,SWZ,2000,74330
Eswatini,SWZ,2001,21757640
Eswatini,SWZ,2002,154970
Eswatini,SWZ,2003,1563920
Eswatini,SWZ,2004,6557290
Eswatini,SWZ,2005,4384080
Eswatini,SWZ,2006,2774560
Eswatini,SWZ,2007,2477670
Eswatini,SWZ,2008,7040060
Eswatini,SWZ,2009,1742340
Eswatini,SWZ,2010,4063550
Eswatini,SWZ,2011,1690070
Eswatini,SWZ,2012,807730
Eswatini,SWZ,2013,1842280
Eswatini,SWZ,2014,2637490
Eswatini,SWZ,2015,11047010
Eswatini,SWZ,2016,13077110
Eswatini,SWZ,2017,5280090
Eswatini,SWZ,2018,3700750
Eswatini,SWZ,2019,2824970
Ethiopia,ETH,2000,10973530
Ethiopia,ETH,2001,38551090
Ethiopia,ETH,2002,24947510
Ethiopia,ETH,2003,39034290
Ethiopia,ETH,2004,35283230
Ethiopia,ETH,2005,125177300
Ethiopia,ETH,2006,134633630
Ethiopia,ETH,2007,133752640.00000001
Ethiopia,ETH,2008,138977160
Ethiopia,ETH,2009,142823680
Ethiopia,ETH,2010,124813130
Ethiopia,ETH,2011,145515940
Ethiopia,ETH,2012,187822240
Ethiopia,ETH,2013,174446030
Ethiopia,ETH,2014,209467570
Ethiopia,ETH,2015,202639410
Ethiopia,ETH,2016,209485580
Ethiopia,ETH,2017,222771680
Ethiopia,ETH,2018,191603250
Ethiopia,ETH,2019,264433569.99999997
Europe,,2000,257720360.00000003
Europe,,2001,145179490
Europe,,2002,72830960
Europe,,2003,86696210
Europe,,2004,107539870
Europe,,2005,109691040
Europe,,2006,134334150
Europe,,2007,146117360
Europe,,2008,152686810
Europe,,2009,159704100
Europe,,2010,169000210
Europe,,2011,156548990
Europe,,2012,194272750
Europe,,2013,175293360
Europe,,2014,242315280
Europe,,2015,287587750
Europe,,2016,207813890
Europe,,2017,234255990
Europe,,2018,145664970
Europe,,2019,182707380
Fiji,FJI,2000,397780
Fiji,FJI,2002,96110
Fiji,FJI,2003,123090
Fiji,FJI,2004,192080
Fiji,FJI,2005,248140
Fiji,FJI,2006,1063710
Fiji,FJI,2007,836460
Fiji,FJI,2008,2085700
Fiji,FJI,2009,3806620
Fiji,FJI,2010,1830180
Fiji,FJI,2011,2674450
Fiji,FJI,2012,1052080
Fiji,FJI,2013,1792530
Fiji,FJI,2014,3829620
Fiji,FJI,2015,3267350
Fiji,FJI,2016,2783970
Fiji,FJI,2017,2205740
Fiji,FJI,2018,6486090
Fiji,FJI,2019,18306240
Gabon,GAB,2000,108370
Gabon,GAB,2003,38500
Gabon,GAB,2004,59380
Gabon,GAB,2005,167680
Gabon,GAB,2006,20010
Gabon,GAB,2008,14800170
Gabon,GAB,2009,1892670
Gabon,GAB,2010,7985270
Gabon,GAB,2011,12292670
Gabon,GAB,2012,9641270
Gabon,GAB,2013,20244060
Gabon,GAB,2014,15827430
Gabon,GAB,2015,6256160
Gabon,GAB,2016,5014240
Gabon,GAB,2017,4054990
Gabon,GAB,2018,990710
Gabon,GAB,2019,522549.99999999994
Gambia,GMB,2000,237930
Gambia,GMB,2001,298190
Gambia,GMB,2002,942540
Gambia,GMB,2003,737480
Gambia,GMB,2004,1887380
Gambia,GMB,2005,2184530
Gambia,GMB,2006,5700570
Gambia,GMB,2007,15388890
Gambia,GMB,2008,8562840
Gambia,GMB,2009,8224620
Gambia,GMB,2010,3401200
Gambia,GMB,2011,3374260
Gambia,GMB,2012,3595490
Gambia,GMB,2013,442460
Gambia,GMB,2014,777600
Gambia,GMB,2015,2483980
Gambia,GMB,2016,3095220
Gambia,GMB,2017,1744220
Gambia,GMB,2018,1578300
Gambia,GMB,2019,1713930
Georgia,GEO,2000,760020
Georgia,GEO,2001,46148090
Georgia,GEO,2002,6537660
Georgia,GEO,2003,5952900
Georgia,GEO,2004,11901200
Georgia,GEO,2005,6888420
Georgia,GEO,2006,13357860
Georgia,GEO,2007,9877340
Georgia,GEO,2008,17686940
Georgia,GEO,2009,33633700
Georgia,GEO,2010,51876240
Georgia,GEO,2011,78410070
Georgia,GEO,2012,57191190
Georgia,GEO,2013,26038860
Georgia,GEO,2014,56164160
Georgia,GEO,2015,44712250
Georgia,GEO,2016,63759570
Georgia,GEO,2017,67837080
Georgia,GEO,2018,59510560
Georgia,GEO,2019,47186040
Ghana,GHA,2000,58599890
Ghana,GHA,2001,60251350
Ghana,GHA,2002,59017290
Ghana,GHA,2003,53654130
Ghana,GHA,2004,60866370
Ghana,GHA,2005,71015560
Ghana,GHA,2006,75879800
Ghana,GHA,2007,114408710
Ghana,GHA,2008,119379130
Ghana,GHA,2009,58947830
Ghana,GHA,2010,103830270
Ghana,GHA,2011,66488330.00000001
Ghana,GHA,2012,106448640
Ghana,GHA,2013,57631420
Ghana,GHA,2014,90134130
Ghana,GHA,2015,143926250
Ghana,GHA,2016,107465960
Ghana,GHA,2017,74629230
Ghana,GHA,2018,60218340
Ghana,GHA,2019,62183060
Grenada,GRD,2000,8162649.999999999
Grenada,GRD,2002,3273620
Grenada,GRD,2003,251380
Grenada,GRD,2004,109970
Grenada,GRD,2005,116950
Grenada,GRD,2006,245450
Grenada,GRD,2007,128560.00000000001
Grenada,GRD,2008,5890
Grenada,GRD,2009,3353260
Grenada,GRD,2010,479890
Grenada,GRD,2011,610870
Grenada,GRD,2012,909450
Grenada,GRD,2013,17380
Grenada,GRD,2014,19140
Grenada,GRD,2015,20160
Grenada,GRD,2016,18590
Grenada,GRD,2017,3760190
Grenada,GRD,2018,4870
Grenada,GRD,2019,351530
Guatemala,GTM,2000,25531160
Guatemala,GTM,2001,8457980
Guatemala,GTM,2002,8721580
Guatemala,GTM,2003,12253170
Guatemala,GTM,2004,12428880
Guatemala,GTM,2005,17608820
Guatemala,GTM,2006,26161880
Guatemala,GTM,2007,14614090
Guatemala,GTM,2008,7628620
Guatemala,GTM,2009,29949380
Guatemala,GTM,2010,35088880
Guatemala,GTM,2011,9506270
Guatemala,GTM,2012,4805990
Guatemala,GTM,2013,4863160
Guatemala,GTM,2014,1853980
Guatemala,GTM,2015,2566110
Guatemala,GTM,2016,3867820
Guatemala,GTM,2017,15237370
Guatemala,GTM,2018,24113580
Guatemala,GTM,2019,19517310
Guinea,GIN,2000,8293799.999999999
Guinea,GIN,2001,59428480
Guinea,GIN,2002,14164790
Guinea,GIN,2003,28899180
Guinea,GIN,2004,26488280
Guinea,GIN,2005,24492490
Guinea,GIN,2006,20404800
Guinea,GIN,2007,19291970
Guinea,GIN,2008,17661080
Guinea,GIN,2009,14734030
Guinea,GIN,2010,10122580
Guinea,GIN,2011,8889280
Guinea,GIN,2012,5839990
Guinea,GIN,2013,27227050
Guinea,GIN,2014,9093210
Guinea,GIN,2015,12551900
Guinea,GIN,2016,8720860
Guinea,GIN,2017,19920010
Guinea,GIN,2018,28114930
Guinea,GIN,2019,28771410
Guinea-Bissau,GNB,2000,436740
Guinea-Bissau,GNB,2001,478640
Guinea-Bissau,GNB,2002,3313770
Guinea-Bissau,GNB,2003,6330840
Guinea-Bissau,GNB,2004,3774440
Guinea-Bissau,GNB,2005,2444470
Guinea-Bissau,GNB,2006,2272460
Guinea-Bissau,GNB,2007,3223300
Guinea-Bissau,GNB,2008,2750790
Guinea-Bissau,GNB,2009,3601750
Guinea-Bissau,GNB,2010,2022120.0000000002
Guinea-Bissau,GNB,2011,5036560
Guinea-Bissau,GNB,2012,6060820
Guinea-Bissau,GNB,2013,4774270
Guinea-Bissau,GNB,2014,2660530
Guinea-Bissau,GNB,2015,3535870
Guinea-Bissau,GNB,2016,5557440
Guinea-Bissau,GNB,2017,4870620
Guinea-Bissau,GNB,2018,3342030
Guinea-Bissau,GNB,2019,5232970
Guyana,GUY,2000,35887740
Guyana,GUY,2002,5897350
Guyana,GUY,2003,12480150
Guyana,GUY,2004,6324060
Guyana,GUY,2005,7076030
Guyana,GUY,2006,10227400
Guyana,GUY,2007,6673990
Guyana,GUY,2008,6443780
Guyana,GUY,2009,12434880
Guyana,GUY,2010,16401740
Guyana,GUY,2011,8862460
Guyana,GUY,2012,13083380
Guyana,GUY,2013,6857770
Guyana,GUY,2014,15842770
Guyana,GUY,2015,2897060
Guyana,GUY,2016,763530
Guyana,GUY,2017,230930
Guyana,GUY,2018,9621020
Guyana,GUY,2019,4626990
Haiti,HTI,2000,872340
Haiti,HTI,2001,4235340
Haiti,HTI,2002,3275770
Haiti,HTI,2003,3282770
Haiti,HTI,2004,3208550
Haiti,HTI,2005,5836030
Haiti,HTI,2006,6699680
Haiti,HTI,2007,7784840
Haiti,HTI,2008,15000200
Haiti,HTI,2009,106677480
Haiti,HTI,2010,38572820
Haiti,HTI,2011,32091500.000000004
Haiti,HTI,2012,40220170
Haiti,HTI,2013,29419020
Haiti,HTI,2014,62062230
Haiti,HTI,2015,45332700
Haiti,HTI,2016,38650620
Haiti,HTI,2017,35826930
Haiti,HTI,2018,46869610
Haiti,HTI,2019,41277980
Honduras,HND,2000,119539330
Honduras,HND,2001,11418470
Honduras,HND,2002,15897560
Honduras,HND,2003,25484150
Honduras,HND,2004,25911650
Honduras,HND,2005,29991880
Honduras,HND,2006,21987230
Honduras,HND,2007,25203010
Honduras,HND,2008,24567310
Honduras,HND,2009,34304410
Honduras,HND,2010,62369090
Honduras,HND,2011,39987880
Honduras,HND,2012,27178860
Honduras,HND,2013,25219250
Honduras,HND,2014,19636000
Honduras,HND,2015,31257390
Honduras,HND,2016,13257390
Honduras,HND,2017,10639310
Honduras,HND,2018,10374110
Honduras,HND,2019,45261400
India,IND,2000,177475890
India,IND,2001,354721430
India,IND,2002,220446980
India,IND,2003,171456570
India,IND,2004,221295490
India,IND,2005,396216220
India,IND,2006,338468460
India,IND,2007,285672170
India,IND,2008,355945890
India,IND,2009,295744600
India,IND,2010,450585890
India,IND,2011,478423800
India,IND,2012,446775510
India,IND,2013,455623590
India,IND,2014,479137370
India,IND,2015,465312400
India,IND,2016,557960610
India,IND,2017,660331240
India,IND,2018,591426370
India,IND,2019,373629300
Indonesia,IDN,2000,86077030
Indonesia,IDN,2001,291015600
Indonesia,IDN,2002,48431140
Indonesia,IDN,2003,53694080
Indonesia,IDN,2004,70250150
Indonesia,IDN,2005,94844830
Indonesia,IDN,2006,202996590
Indonesia,IDN,2007,196302360
Indonesia,IDN,2008,192561880
Indonesia,IDN,2009,239519030
Indonesia,IDN,2010,271027770
Indonesia,IDN,2011,280066190
Indonesia,IDN,2012,224005440
Indonesia,IDN,2013,199058010
Indonesia,IDN,2014,138101590
Indonesia,IDN,2015,128732090
Indonesia,IDN,2016,122803430
Indonesia,IDN,2017,112919090
Indonesia,IDN,2018,118353200
Indonesia,IDN,2019,130991729.99999999
Iran,IRN,2000,62246500
Iran,IRN,2002,19083530
Iran,IRN,2003,9549950
Iran,IRN,2004,6707060
Iran,IRN,2005,1997640
Iran,IRN,2006,3235970
Iran,IRN,2007,2503770
Iran,IRN,2008,2081280
Iran,IRN,2009,1448820
Iran,IRN,2010,1114460
Iran,IRN,2011,1081080
Iran,IRN,2012,1091660
Iran,IRN,2013,2149010
Iran,IRN,2014,2093610
Iran,IRN,2015,1082360
Iran,IRN,2016,2236560
Iran,IRN,2017,1240620
Iran,IRN,2018,896940
Iran,IRN,2019,2410500
Iraq,IRQ,2000,1784770
Iraq,IRQ,2001,722420
Iraq,IRQ,2002,1459430
Iraq,IRQ,2003,22237970
Iraq,IRQ,2004,88815780
Iraq,IRQ,2005,1160957180
Iraq,IRQ,2006,826789780
Iraq,IRQ,2007,599387260
Iraq,IRQ,2008,204186980
Iraq,IRQ,2009,143355270
Iraq,IRQ,2010,180181140
Iraq,IRQ,2011,68465560
Iraq,IRQ,2012,74080050
Iraq,IRQ,2013,102448060
Iraq,IRQ,2014,149284440
Iraq,IRQ,2015,200282050
Iraq,IRQ,2016,149878710
Iraq,IRQ,2017,212525030
Iraq,IRQ,2018,91918820
Iraq,IRQ,2019,90793870
Jamaica,JAM,2000,20901610
Jamaica,JAM,2001,1516970
Jamaica,JAM,2002,4771300
Jamaica,JAM,2003,10417410
Jamaica,JAM,2004,5166590
Jamaica,JAM,2005,4778270
Jamaica,JAM,2006,7323200
Jamaica,JAM,2007,2611770
Jamaica,JAM,2008,17548980
Jamaica,JAM,2009,11315350
Jamaica,JAM,2010,14729830
Jamaica,JAM,2011,2207790
Jamaica,JAM,2012,1075400
Jamaica,JAM,2013,824200
Jamaica,JAM,2014,303360
Jamaica,JAM,2015,981830
Jamaica,JAM,2016,160020
Jamaica,JAM,2017,575660
Jamaica,JAM,2018,606580
Jamaica,JAM,2019,371810
Jordan,JOR,2000,180405920
Jordan,JOR,2001,109467630
Jordan,JOR,2002,58314060
Jordan,JOR,2003,96218700
Jordan,JOR,2004,111499250
Jordan,JOR,2005,163316170
Jordan,JOR,2006,126737390
Jordan,JOR,2007,119282830
Jordan,JOR,2008,88030500
Jordan,JOR,2009,146759530
Jordan,JOR,2010,107905020
Jordan,JOR,2011,97471010
Jordan,JOR,2012,120325450
Jordan,JOR,2013,133427870.00000001
Jordan,JOR,2014,245656960
Jordan,JOR,2015,360276090
Jordan,JOR,2016,459267360
Jordan,JOR,2017,536951940
Jordan,JOR,2018,314622710
Jordan,JOR,2019,300652980
Kazakhstan,KAZ,2000,7414330
Kazakhstan,KAZ,2001,33370890.000000004
Kazakhstan,KAZ,2002,180970
Kazakhstan,KAZ,2003,17141250
Kazakhstan,KAZ,2004,12154000
Kazakhstan,KAZ,2005,6419880
Kazakhstan,KAZ,2006,21912530
Kazakhstan,KAZ,2007,1052610
Kazakhstan,KAZ,2008,48741850
Kazakhstan,KAZ,2009,50150220
Kazakhstan,KAZ,2010,20943910
Kazakhstan,KAZ,2011,4379240
Kazakhstan,KAZ,2012,917480
Kazakhstan,KAZ,2013,176720
Kazakhstan,KAZ,2014,23250
Kazakhstan,KAZ,2015,175210
Kazakhstan,KAZ,2016,222950
Kazakhstan,KAZ,2017,747480
Kazakhstan,KAZ,2018,720100
Kazakhstan,KAZ,2019,1090170
Kenya,KEN,2000,19108010
Kenya,KEN,2001,36224620
Kenya,KEN,2002,23762450
Kenya,KEN,2003,25973250
Kenya,KEN,2004,40187580
Kenya,KEN,2005,47565940
Kenya,KEN,2006,57221720
Kenya,KEN,2007,99506670
Kenya,KEN,2008,110348630
Kenya,KEN,2009,110247110
Kenya,KEN,2010,157223470
Kenya,KEN,2011,160370690
Kenya,KEN,2012,175131430
Kenya,KEN,2013,181079400
Kenya,KEN,2014,188014760
Kenya,KEN,2015,161547370
Kenya,KEN,2016,201635210
Kenya,KEN,2017,223520930
Kenya,KEN,2018,271109290
Kenya,KEN,2019,200061060
Kiribati,KIR,2001,584950
Kiribati,KIR,2002,1639920
Kiribati,KIR,2003,257919.99999999997
Kiribati,KIR,2005,6480
Kiribati,KIR,2006,30360
Kiribati,KIR,2007,390
Kiribati,KIR,2009,990
Kiribati,KIR,2010,141570
Kiribati,KIR,2011,7682610
Kiribati,KIR,2012,1797030
Kiribati,KIR,2013,5533530
Kiribati,KIR,2014,4964490
Kiribati,KIR,2015,6521530
Kiribati,KIR,2016,3557810
Kiribati,KIR,2017,10211830
Kiribati,KIR,2018,4605790
Kiribati,KIR,2019,4961700
Kyrgyzstan,KGZ,2000,14253130
Kyrgyzstan,KGZ,2001,29241200
Kyrgyzstan,KGZ,2002,9452790
Kyrgyzstan,KGZ,2003,7276890
Kyrgyzstan,KGZ,2004,9041540
Kyrgyzstan,KGZ,2005,13659930
Kyrgyzstan,KGZ,2006,13767220
Kyrgyzstan,KGZ,2007,11193660
Kyrgyzstan,KGZ,2008,7117910
Kyrgyzstan,KGZ,2009,13983910
Kyrgyzstan,KGZ,2010,10958710
Kyrgyzstan,KGZ,2011,25572930
Kyrgyzstan,KGZ,2012,17193840
Kyrgyzstan,KGZ,2013,16227450.000000002
Kyrgyzstan,KGZ,2014,26183070
Kyrgyzstan,KGZ,2015,22320960
Kyrgyzstan,KGZ,2016,40536250
Kyrgyzstan,KGZ,2017,12119410
Kyrgyzstan,KGZ,2018,8237060
Kyrgyzstan,KGZ,2019,14670750
Landlocked developing countries (LLDCs),,2000,901385410
Landlocked developing countries (LLDCs),,2001,976487110
Landlocked developing countries (LLDCs),,2002,445237190
Landlocked developing countries (LLDCs),,2003,603414600
Landlocked developing countries (LLDCs),,2004,636768570
Landlocked developing countries (LLDCs),,2005,878183690
Landlocked developing countries (LLDCs),,2006,870354980
Landlocked developing countries (LLDCs),,2007,888346240
Landlocked developing countries (LLDCs),,2008,977980560
Landlocked developing countries (LLDCs),,2009,1177112020
Landlocked developing countries (LLDCs),,2010,1274453110
Landlocked developing countries (LLDCs),,2011,1464064330
Landlocked developing countries (LLDCs),,2012,1637191530
Landlocked developing countries (LLDCs),,2013,1666464470
Landlocked developing countries (LLDCs),,2014,1725259900
Landlocked developing countries (LLDCs),,2015,1698219220
Landlocked developing countries (LLDCs),,2016,2027047260
Landlocked developing countries (LLDCs),,2017,2045627360
Landlocked developing countries (LLDCs),,2018,2029135210
Landlocked developing countries (LLDCs),,2019,2151721800
Laos,LAO,2000,38081030
Laos,LAO,2001,35368700
Laos,LAO,2002,11485890
Laos,LAO,2003,18971830
Laos,LAO,2004,14111220
Laos,LAO,2005,9327340
Laos,LAO,2006,7133880
Laos,LAO,2007,12635610
Laos,LAO,2008,21891130
Laos,LAO,2009,30691610
Laos,LAO,2010,26706430
Laos,LAO,2011,30540340
Laos,LAO,2012,25780860
Laos,LAO,2013,27543520
Laos,LAO,2014,54903240
Laos,LAO,2015,109162600
Laos,LAO,2016,31284000
Laos,LAO,2017,59484920
Laos,LAO,2018,68217010
Laos,LAO,2019,76532360
Latin America and the Caribbean,,2000,1012110120
Latin America and the Caribbean,,2001,348304370
Latin America and the Caribbean,,2002,181099960
Latin America and the Caribbean,,2003,232518290
Latin America and the Caribbean,,2004,253610850
Latin America and the Caribbean,,2005,395615680
Latin America and the Caribbean,,2006,413972610
Latin America and the Caribbean,,2007,474133900
Latin America and the Caribbean,,2008,569321540
Latin America and the Caribbean,,2009,825833820
Latin America and the Caribbean,,2010,774553290
Latin America and the Caribbean,,2011,873866440
Latin America and the Caribbean,,2012,680452110
Latin America and the Caribbean,,2013,542648210
Latin America and the Caribbean,,2014,785688070
Latin America and the Caribbean,,2015,544456580
Latin America and the Caribbean,,2016,750052630
Latin America and the Caribbean,,2017,702011950
Latin America and the Caribbean,,2018,673372530
Latin America and the Caribbean,,2019,591029810
Least developed countries (LDCs),,2000,1112968830
Least developed countries (LDCs),,2001,1509834790
Least developed countries (LDCs),,2002,689000180
Least developed countries (LDCs),,2003,892276290
Least developed countries (LDCs),,2004,924518870
Least developed countries (LDCs),,2005,1263355480
Least developed countries (LDCs),,2006,1216961180
Least developed countries (LDCs),,2007,1458435550
Least developed countries (LDCs),,2008,1626193780
Least developed countries (LDCs),,2009,1924167420
Least developed countries (LDCs),,2010,2087281900
Least developed countries (LDCs),,2011,2222986390
Least developed countries (LDCs),,2012,2435727800
Least developed countries (LDCs),,2013,2662662010
Least developed countries (LDCs),,2014,2638813160
Least developed countries (LDCs),,2015,2692907610
Least developed countries (LDCs),,2016,2829712460
Least developed countries (LDCs),,2017,2848078650
Least developed countries (LDCs),,2018,3176812330
Least developed countries (LDCs),,2019,3457219550
Lebanon,LBN,2000,2215900
Lebanon,LBN,2001,50221930
Lebanon,LBN,2002,2983090
Lebanon,LBN,2003,7759190
Lebanon,LBN,2004,7072710
Lebanon,LBN,2005,6735070
Lebanon,LBN,2006,14830120
Lebanon,LBN,2007,9040990
Lebanon,LBN,2008,59612230
Lebanon,LBN,2009,46718870
Lebanon,LBN,2010,50376270
Lebanon,LBN,2011,62807230
Lebanon,LBN,2012,104555570
Lebanon,LBN,2013,73352810
Lebanon,LBN,2014,95341360
Lebanon,LBN,2015,108605510
Lebanon,LBN,2016,116890090
Lebanon,LBN,2017,102108990
Lebanon,LBN,2018,171084780
Lebanon,LBN,2019,120708410
Lesotho,LSO,2000,4477610
Lesotho,LSO,2001,5988760
Lesotho,LSO,2002,3861420
Lesotho,LSO,2003,9483840
Lesotho,LSO,2004,6304560
Lesotho,LSO,2005,6942340
Lesotho,LSO,2006,5126110
Lesotho,LSO,2007,8582920
Lesotho,LSO,2008,16925810
Lesotho,LSO,2009,23387240
Lesotho,LSO,2010,38136290
Lesotho,LSO,2011,53298910
Lesotho,LSO,2012,78219960
Lesotho,LSO,2013,103413040
Lesotho,LSO,2014,32030180
Lesotho,LSO,2015,20997370
Lesotho,LSO,2016,15723460
Lesotho,LSO,2017,11365830
Lesotho,LSO,2018,10065850
Lesotho,LSO,2019,8190189.999999999
Liberia,LBR,2000,49330
Liberia,LBR,2002,221540
Liberia,LBR,2003,2200
Liberia,LBR,2004,339730
Liberia,LBR,2005,850510
Liberia,LBR,2006,435910
Liberia,LBR,2007,574770
Liberia,LBR,2008,4281430
Liberia,LBR,2009,8158810.000000001
Liberia,LBR,2010,7670710
Liberia,LBR,2011,4528040
Liberia,LBR,2012,9805240
Liberia,LBR,2013,21206790
Liberia,LBR,2014,15147230
Liberia,LBR,2015,39113580
Liberia,LBR,2016,113317080
Liberia,LBR,2017,85198720
Liberia,LBR,2018,47167750
Liberia,LBR,2019,26016770
Libya,LBY,2005,10960
Libya,LBY,2006,7150
Libya,LBY,2007,6490
Libya,LBY,2008,6220
Libya,LBY,2009,6050
Libya,LBY,2011,219970
Libya,LBY,2012,418060
Libya,LBY,2016,1160
Libya,LBY,2017,2289520
Libya,LBY,2018,281850
Libya,LBY,2019,1791110
Madagascar,MDG,2000,18271760
Madagascar,MDG,2001,28611740
Madagascar,MDG,2002,11271250
Madagascar,MDG,2003,19416040
Madagascar,MDG,2004,22768240
Madagascar,MDG,2005,26125860
Madagascar,MDG,2006,14396130
Madagascar,MDG,2007,12941450
Madagascar,MDG,2008,17112810
Madagascar,MDG,2009,13734570
Madagascar,MDG,2010,12823220
Madagascar,MDG,2011,25273890
Madagascar,MDG,2012,24595800
Madagascar,MDG,2013,28231830
Madagascar,MDG,2014,27378390
Madagascar,MDG,2015,17324000
Madagascar,MDG,2016,17230060
Madagascar,MDG,2017,27896230
Madagascar,MDG,2018,24046240
Madagascar,MDG,2019,43340290
Malawi,MWI,2000,25315760
Malawi,MWI,2001,8742020
Malawi,MWI,2002,35693520
Malawi,MWI,2003,33581290
Malawi,MWI,2004,18233230
Malawi,MWI,2005,16352210
Malawi,MWI,2006,13491310
Malawi,MWI,2007,25625040
Malawi,MWI,2008,21139700
Malawi,MWI,2009,19197550
Malawi,MWI,2010,24400040
Malawi,MWI,2011,34652680
Malawi,MWI,2012,72051740
Malawi,MWI,2013,93182020
Malawi,MWI,2014,100679240
Malawi,MWI,2015,61309340
Malawi,MWI,2016,63668080
Malawi,MWI,2017,107324640
Malawi,MWI,2018,83506780
Malawi,MWI,2019,87601730
Malaysia,MYS,2000,543913490
Malaysia,MYS,2001,35490
Malaysia,MYS,2002,4840460
Malaysia,MYS,2003,3456490
Malaysia,MYS,2004,41172220
Malaysia,MYS,2005,20683830
Malaysia,MYS,2006,176963480
Malaysia,MYS,2007,84980610
Malaysia,MYS,2008,87547170
Malaysia,MYS,2009,94555460
Malaysia,MYS,2010,58423190
Malaysia,MYS,2011,117550430
Malaysia,MYS,2012,135807020
Malaysia,MYS,2013,114976650
Malaysia,MYS,2014,68024870
Malaysia,MYS,2015,71030830
Malaysia,MYS,2016,22016230
Malaysia,MYS,2017,1769280
Malaysia,MYS,2018,2414960
Malaysia,MYS,2019,28927180
Maldives,MDV,2001,590710
Maldives,MDV,2002,217680
Maldives,MDV,2003,1390
Maldives,MDV,2004,21830
Maldives,MDV,2006,803610
Maldives,MDV,2007,2415740
Maldives,MDV,2008,541690
Maldives,MDV,2009,1388140
Maldives,MDV,2010,2036770.0000000002
Maldives,MDV,2011,10765080
Maldives,MDV,2012,4216080
Maldives,MDV,2013,6638210
Maldives,MDV,2014,4496420
Maldives,MDV,2015,7459280
Maldives,MDV,2016,3644530
Maldives,MDV,2017,6424560
Maldives,MDV,2018,22914810
Maldives,MDV,2019,7867720
Mali,MLI,2000,117474870
Mali,MLI,2001,17010840
Mali,MLI,2002,37639720
Mali,MLI,2003,33423190
Mali,MLI,2004,37199570
Mali,MLI,2005,54640450
Mali,MLI,2006,59406530
Mali,MLI,2007,65022930
Mali,MLI,2008,61634610
Mali,MLI,2009,94132280
Mali,MLI,2010,124086560
Mali,MLI,2011,167078350
Mali,MLI,2012,106482250
Mali,MLI,2013,101588110
Mali,MLI,2014,133886860.00000001
Mali,MLI,2015,80189720
Mali,MLI,2016,158074180
Mali,MLI,2017,144054260
Mali,MLI,2018,146594140
Mali,MLI,2019,122789000
Marshall Islands,MHL,2003,1650
Marshall Islands,MHL,2004,14800
Marshall Islands,MHL,2005,8690
Marshall Islands,MHL,2006,177960
Marshall Islands,MHL,2007,28340
Marshall Islands,MHL,2009,57440
Marshall Islands,MHL,2010,175200
Marshall Islands,MHL,2011,420610
Marshall Islands,MHL,2012,1108870
Marshall Islands,MHL,2013,576610
Marshall Islands,MHL,2014,950470
Marshall Islands,MHL,2015,980120
Marshall Islands,MHL,2016,594400
Marshall Islands,MHL,2017,2009780.0000000002
Marshall Islands,MHL,2018,1862600
Marshall Islands,MHL,2019,2032020.0000000002
Mauritania,MRT,2000,1802590
Mauritania,MRT,2001,6784330
Mauritania,MRT,2002,7429890
Mauritania,MRT,2003,16557340
Mauritania,MRT,2004,10331230
Mauritania,MRT,2005,7263550
Mauritania,MRT,2006,10815650
Mauritania,MRT,2007,12120550
Mauritania,MRT,2008,130716039.99999999
Mauritania,MRT,2009,91620680
Mauritania,MRT,2010,81103490
Mauritania,MRT,2011,40218470
Mauritania,MRT,2012,53089740
Mauritania,MRT,2013,21695750
Mauritania,MRT,2014,25456980
Mauritania,MRT,2015,58842940
Mauritania,MRT,2016,42784680
Mauritania,MRT,2017,60865780
Mauritania,MRT,2018,63798730
Mauritania,MRT,2019,87956230
Mauritius,MUS,2000,6564320
Mauritius,MUS,2001,11418400
Mauritius,MUS,2002,23732150
Mauritius,MUS,2003,11716170
Mauritius,MUS,2004,22145240
Mauritius,MUS,2005,11155760
Mauritius,MUS,2006,14675640
Mauritius,MUS,2007,11748450
Mauritius,MUS,2008,8581470
Mauritius,MUS,2009,972510
Mauritius,MUS,2010,460160
Mauritius,MUS,2011,2889040
Mauritius,MUS,2012,18827330
Mauritius,MUS,2013,16136800
Mauritius,MUS,2014,377090
Mauritius,MUS,2015,5295120
Mauritius,MUS,2016,12343580
Mauritius,MUS,2017,153390
Mauritius,MUS,2018,372300
Mauritius,MUS,2019,3019210
Mayotte,MYT,2000,1053600
Mayotte,MYT,2002,121870
Mayotte,MYT,2003,130759.99999999999
Mayotte,MYT,2004,4620
Mayotte,MYT,2005,36470
Mayotte,MYT,2007,1760320
Mayotte,MYT,2008,380260
Mayotte,MYT,2009,1461540
Melanesia,OWID_MNS,2000,14670080
Melanesia,OWID_MNS,2001,47009430
Melanesia,OWID_MNS,2002,10097210
Melanesia,OWID_MNS,2003,3824730
Melanesia,OWID_MNS,2004,6581080
Melanesia,OWID_MNS,2005,3623350
Melanesia,OWID_MNS,2006,5828170
Melanesia,OWID_MNS,2007,7450050
Melanesia,OWID_MNS,2008,14797300
Melanesia,OWID_MNS,2009,6691720
Melanesia,OWID_MNS,2010,21639880
Melanesia,OWID_MNS,2011,15085990
Melanesia,OWID_MNS,2012,19308910
Melanesia,OWID_MNS,2013,23784380
Melanesia,OWID_MNS,2014,21196910
Melanesia,OWID_MNS,2015,20117850
Melanesia,OWID_MNS,2016,47165570
Melanesia,OWID_MNS,2017,43341870
Melanesia,OWID_MNS,2018,51222310
Melanesia,OWID_MNS,2019,66179329.99999999
Mexico,MEX,2000,184275870
Mexico,MEX,2001,1900710
Mexico,MEX,2002,4273280
Mexico,MEX,2003,28284090
Mexico,MEX,2004,37288420
Mexico,MEX,2005,128686569.99999999
Mexico,MEX,2006,117096070
Mexico,MEX,2007,28985850
Mexico,MEX,2008,21422400
Mexico,MEX,2009,10976440
Mexico,MEX,2010,28981150
Mexico,MEX,2011,4642400
Mexico,MEX,2012,5233980
Mexico,MEX,2013,26871460
Mexico,MEX,2014,260177919.99999997
Mexico,MEX,2015,16091510
Mexico,MEX,2016,129810510
Mexico,MEX,2017,13568530
Mexico,MEX,2018,1414420
Mexico,MEX,2019,2332670
Micronesia (country),FSM,2001,584950
Micronesia (country),FSM,2002,1639920
Micronesia (country),FSM,2003,1650
Micronesia (country),FSM,2004,14800
Micronesia (country),FSM,2005,281120
Micronesia (country),FSM,2006,59750
Micronesia (country),FSM,2007,2740
Micronesia (country),FSM,2008,662870
Micronesia (country),FSM,2009,14520
Micronesia (country),FSM,2010,142280
Micronesia (country),FSM,2011,418700
Micronesia (country),FSM,2012,172820
Micronesia (country),FSM,2013,1919270
Micronesia (country),FSM,2014,1649000
Micronesia (country),FSM,2015,1869530
Micronesia (country),FSM,2016,681770
Micronesia (country),FSM,2017,973920
Micronesia (country),FSM,2018,226610
Micronesia (country),FSM,2019,1514820
Middle Africa,,2000,75548030
Middle Africa,,2001,27265270
Middle Africa,,2002,61523790
Middle Africa,,2003,56190920
Middle Africa,,2004,56157770
Middle Africa,,2005,73295370
Middle Africa,,2006,71443360
Middle Africa,,2007,94631130
Middle Africa,,2008,123840470
Middle Africa,,2009,125976390
Middle Africa,,2010,185301700
Middle Africa,,2011,205031830
Middle Africa,,2012,238913230
Middle Africa,,2013,338254130
Middle Africa,,2014,344459470
Middle Africa,,2015,340475020
Middle Africa,,2016,373785230
Middle Africa,,2017,381942890
Middle Africa,,2018,354015270
Middle Africa,,2019,331978060
Moldova,MDA,2000,401730
Moldova,MDA,2002,3893340
Moldova,MDA,2003,2559480
Moldova,MDA,2004,1357330
Moldova,MDA,2005,2576170
Moldova,MDA,2006,5801260
Moldova,MDA,2007,8553140
Moldova,MDA,2008,3942830
Moldova,MDA,2009,27791380
Moldova,MDA,2010,18154330
Moldova,MDA,2011,10929560
Moldova,MDA,2012,30455180
Moldova,MDA,2013,33761490
Moldova,MDA,2014,29439460
Moldova,MDA,2015,66133990
Moldova,MDA,2016,10387260
Moldova,MDA,2017,19282600
Moldova,MDA,2018,11646670
Moldova,MDA,2019,8340529.999999999
Mongolia,MNG,2000,299650
Mongolia,MNG,2001,1650640
Mongolia,MNG,2002,4205000
Mongolia,MNG,2003,5081200
Mongolia,MNG,2004,5432700
Mongolia,MNG,2005,7906860
Mongolia,MNG,2006,11564520
Mongolia,MNG,2007,13473540
Mongolia,MNG,2008,11743580
Mongolia,MNG,2009,13168480
Mongolia,MNG,2010,24358130
Mongolia,MNG,2011,29717910
Mongolia,MNG,2012,34258770
Mongolia,MNG,2013,24790380
Mongolia,MNG,2014,17542130
Mongolia,MNG,2015,7626390
Mongolia,MNG,2016,6843860
Mongolia,MNG,2017,10678250
Mongolia,MNG,2018,23914070
Mongolia,MNG,2019,23530930
Montenegro,MNE,2004,430870
Montenegro,MNE,2005,1349250
Montenegro,MNE,2006,1439490
Montenegro,MNE,2007,2532390
Montenegro,MNE,2008,9856420
Montenegro,MNE,2009,7854270
Montenegro,MNE,2010,11564770
Montenegro,MNE,2011,18021150
Montenegro,MNE,2012,40620100
Montenegro,MNE,2013,18810050
Montenegro,MNE,2014,28268090
Montenegro,MNE,2015,15720010
Montenegro,MNE,2016,13367570
Montenegro,MNE,2017,10244630
Montenegro,MNE,2018,25674970
Montenegro,MNE,2019,8796980
Montserrat,MSR,2000,443000
Montserrat,MSR,2001,265350
Montserrat,MSR,2002,472510
Montserrat,MSR,2003,846820
Montserrat,MSR,2004,208500
Montserrat,MSR,2005,6740
Montserrat,MSR,2007,869510
Montserrat,MSR,2008,1184230
Montserrat,MSR,2009,89830
Montserrat,MSR,2017,216390
Montserrat,MSR,2018,42260
Montserrat,MSR,2019,6820
Morocco,MAR,2000,230854890
Morocco,MAR,2001,247609000
Morocco,MAR,2002,44660670
Morocco,MAR,2003,58512300
Morocco,MAR,2004,82099620
Morocco,MAR,2005,133853720.00000001
Morocco,MAR,2006,196275150
Morocco,MAR,2007,106023760
Morocco,MAR,2008,149997220
Morocco,MAR,2009,131897190
Morocco,MAR,2010,156248930
Morocco,MAR,2011,190044960
Morocco,MAR,2012,249588370
Morocco,MAR,2013,164564450
Morocco,MAR,2014,280002290
Morocco,MAR,2015,378474980
Morocco,MAR,2016,252292610
Morocco,MAR,2017,159583180
Morocco,MAR,2018,162976250
Morocco,MAR,2019,229529360
Mozambique,MOZ,2000,54462180
Mozambique,MOZ,2001,55184380
Mozambique,MOZ,2002,56245570
Mozambique,MOZ,2003,58277410
Mozambique,MOZ,2004,55569990
Mozambique,MOZ,2005,116918320
Mozambique,MOZ,2006,69540440
Mozambique,MOZ,2007,83139470
Mozambique,MOZ,2008,86436150
Mozambique,MOZ,2009,92568800
Mozambique,MOZ,2010,90579580
Mozambique,MOZ,2011,110869050
Mozambique,MOZ,2012,154650890
Mozambique,MOZ,2013,213278770
Mozambique,MOZ,2014,131281540
Mozambique,MOZ,2015,141509010
Mozambique,MOZ,2016,138925320
Mozambique,MOZ,2017,104345820
Mozambique,MOZ,2018,115868780
Mozambique,MOZ,2019,114095660
Myanmar,MMR,2000,1460850
Myanmar,MMR,2001,6455860
Myanmar,MMR,2002,6022880
Myanmar,MMR,2003,7315620
Myanmar,MMR,2004,2124340
Myanmar,MMR,2005,897240
Myanmar,MMR,2006,1417560
Myanmar,MMR,2007,2455230
Myanmar,MMR,2008,4184780
Myanmar,MMR,2009,7326710
Myanmar,MMR,2010,19685710
Myanmar,MMR,2011,11896240
Myanmar,MMR,2012,8372140
Myanmar,MMR,2013,26919530
Myanmar,MMR,2014,33278280.000000004
Myanmar,MMR,2015,82248340
Myanmar,MMR,2016,90176120
Myanmar,MMR,2017,74271200
Myanmar,MMR,2018,115682920
Myanmar,MMR,2019,141994940
Namibia,NAM,2000,2624770
Namibia,NAM,2001,15068830
Namibia,NAM,2002,2705520
Namibia,NAM,2003,5825650
Namibia,NAM,2004,7971600
Namibia,NAM,2005,2271260
Namibia,NAM,2006,4325730
Namibia,NAM,2007,5849720
Namibia,NAM,2008,10555980
Namibia,NAM,2009,11322460
Namibia,NAM,2010,13410210
Namibia,NAM,2011,51836600
Namibia,NAM,2012,16230039.999999998
Namibia,NAM,2013,15234720
Namibia,NAM,2014,11925740
Namibia,NAM,2015,2681890
Namibia,NAM,2016,10283550
Namibia,NAM,2017,5541340
Namibia,NAM,2018,5155300
Namibia,NAM,2019,2224160
Nauru,NRU,2005,6480
Nauru,NRU,2007,2740
Nauru,NRU,2008,141880
Nauru,NRU,2009,106940
Nauru,NRU,2010,169400
Nauru,NRU,2011,219240
Nauru,NRU,2012,180340
Nauru,NRU,2013,227750
Nauru,NRU,2014,84430
Nauru,NRU,2015,4922870
Nauru,NRU,2016,1800990
Nauru,NRU,2017,111520
Nauru,NRU,2018,62630.00000000001
Nauru,NRU,2019,167040
Nepal,NPL,2000,60037800
Nepal,NPL,2001,297070000
Nepal,NPL,2002,44844160
Nepal,NPL,2003,87760990
Nepal,NPL,2004,49360510
Nepal,NPL,2005,51125510
Nepal,NPL,2006,48471250
Nepal,NPL,2007,27665290
Nepal,NPL,2008,46614690
Nepal,NPL,2009,57009430
Nepal,NPL,2010,74689740
Nepal,NPL,2011,81772920
Nepal,NPL,2012,107143760
Nepal,NPL,2013,81826150
Nepal,NPL,2014,87225310
Nepal,NPL,2015,107570270
Nepal,NPL,2016,127700020
Nepal,NPL,2017,172129680
Nepal,NPL,2018,133655139.99999999
Nepal,NPL,2019,145172750
Nicaragua,NIC,2000,71967460
Nicaragua,NIC,2001,36342560
Nicaragua,NIC,2002,28232990
Nicaragua,NIC,2003,19814010
Nicaragua,NIC,2004,21998230
Nicaragua,NIC,2005,23862470
Nicaragua,NIC,2006,16426900
Nicaragua,NIC,2007,32910400.000000004
Nicaragua,NIC,2008,37420690
Nicaragua,NIC,2009,108949530
Nicaragua,NIC,2010,48824080
Nicaragua,NIC,2011,37795170
Nicaragua,NIC,2012,41089680
Nicaragua,NIC,2013,46333430
Nicaragua,NIC,2014,37008350
Nicaragua,NIC,2015,45532400
Nicaragua,NIC,2016,36707010
Nicaragua,NIC,2017,30680870
Nicaragua,NIC,2018,60830550
Nicaragua,NIC,2019,66067350.00000001
Niger,NER,2000,65472560
Niger,NER,2001,103590210
Niger,NER,2002,21207880
Niger,NER,2003,35115660
Niger,NER,2004,57107770
Niger,NER,2005,55647370
Niger,NER,2006,53319670
Niger,NER,2007,30993520
Niger,NER,2008,40960840
Niger,NER,2009,41162160
Niger,NER,2010,39535560
Niger,NER,2011,34252800
Niger,NER,2012,31220890
Niger,NER,2013,45672380
Niger,NER,2014,54030990
Niger,NER,2015,70493890
Niger,NER,2016,63503140
Niger,NER,2017,76728130
Niger,NER,2018,80444440
Niger,NER,2019,157295730
Nigeria,NGA,2000,50009720
Nigeria,NGA,2001,88214240
Nigeria,NGA,2002,10794090
Nigeria,NGA,2003,11198550
Nigeria,NGA,2004,22223870
Nigeria,NGA,2005,39891550
Nigeria,NGA,2006,58597070
Nigeria,NGA,2007,82680120
Nigeria,NGA,2008,104060160
Nigeria,NGA,2009,99124240
Nigeria,NGA,2010,107053900
Nigeria,NGA,2011,102154260
Nigeria,NGA,2012,120540800
Nigeria,NGA,2013,133384040
Nigeria,NGA,2014,162405180
Nigeria,NGA,2015,200785870
Nigeria,NGA,2016,194403930
Nigeria,NGA,2017,146630360
Nigeria,NGA,2018,209438990
Nigeria,NGA,2019,193932570
Niue,NIU,2002,96110
Niue,NIU,2004,93410
Niue,NIU,2005,452900
Niue,NIU,2007,17990
Niue,NIU,2008,29610
Niue,NIU,2009,103220
Niue,NIU,2010,343590
Niue,NIU,2011,133650
Niue,NIU,2012,206050
Niue,NIU,2013,110520
Niue,NIU,2016,7990.000000000001
Niue,NIU,2017,26600
Niue,NIU,2019,11040
North Korea,PRK,2000,238930
North Korea,PRK,2001,1256920
North Korea,PRK,2002,182260
North Korea,PRK,2003,434220
North Korea,PRK,2004,443340
North Korea,PRK,2005,662750
North Korea,PRK,2006,186050
North Korea,PRK,2007,918950
North Korea,PRK,2008,2391660
North Korea,PRK,2009,665640
North Korea,PRK,2010,7819930
North Korea,PRK,2011,6369850
North Korea,PRK,2012,6639590
North Korea,PRK,2013,2935110
North Korea,PRK,2014,3978720
North Korea,PRK,2015,2209340
North Korea,PRK,2016,1475440
North Korea,PRK,2017,1006310
North Korea,PRK,2018,1124440
North Korea,PRK,2019,1137210
North Macedonia,MKD,2000,53511680
North Macedonia,MKD,2001,28251560
North Macedonia,MKD,2002,10101870
North Macedonia,MKD,2003,19187230
North Macedonia,MKD,2004,15710150
North Macedonia,MKD,2005,19023340
North Macedonia,MKD,2006,26086480
North Macedonia,MKD,2007,25535610
North Macedonia,MKD,2008,27590710
North Macedonia,MKD,2009,29655340
North Macedonia,MKD,2010,26879570
North Macedonia,MKD,2011,8341749.999999999
North Macedonia,MKD,2012,12511220
North Macedonia,MKD,2013,18641640
North Macedonia,MKD,2014,30909230
North Macedonia,MKD,2015,12732040
North Macedonia,MKD,2016,19205650
North Macedonia,MKD,2017,16116320.000000002
North Macedonia,MKD,2018,17236290
North Macedonia,MKD,2019,11455250
Northern Africa,,2000,426621920
Northern Africa,,2001,525586140
Northern Africa,,2002,255210230
Northern Africa,,2003,214897310
Northern Africa,,2004,431730080
Northern Africa,,2005,408057010
Northern Africa,,2006,460550700
Northern Africa,,2007,339927660
Northern Africa,,2008,435233990
Northern Africa,,2009,511664920
Northern Africa,,2010,524283990
Northern Africa,,2011,590618190
Northern Africa,,2012,585058440
Northern Africa,,2013,428250920
Northern Africa,,2014,632119440
Northern Africa,,2015,936175460
Northern Africa,,2016,729103450
Northern Africa,,2017,512951990
Northern Africa,,2018,782876830
Northern Africa,,2019,761481110
ODA residual,,2000,117377870
ODA residual,,2001,164065950
ODA residual,,2002,171104110
ODA residual,,2003,185527960
ODA residual,,2004,193701340
ODA residual,,2005,253190530
ODA residual,,2006,268126480.00000003
ODA residual,,2007,354193510
ODA residual,,2008,789371410
ODA residual,,2009,471820390
ODA residual,,2010,564330310
ODA residual,,2011,555172030
ODA residual,,2012,533746909.99999994
ODA residual,,2013,600775360
ODA residual,,2014,573638070
ODA residual,,2015,698573230
ODA residual,,2016,611581510
ODA residual,,2017,585232730
ODA residual,,2018,676109610
ODA residual,,2019,572450320
Oceania,,2000,25878310
Oceania,,2001,50795240
Oceania,,2002,18406120
Oceania,,2003,7607770
Oceania,,2004,10638110
Oceania,,2005,9977460
Oceania,,2006,12627230
Oceania,,2007,13087090
Oceania,,2008,25944100
Oceania,,2009,18900140
Oceania,,2010,39148380
Oceania,,2011,52264730
Oceania,,2012,34730490
Oceania,,2013,43439980
Oceania,,2014,47940380
Oceania,,2015,64430090.00000001
Oceania,,2016,88398240
Oceania,,2017,83639140
Oceania,,2018,91713370
Oceania,,2019,92663690
Oman,OMN,2000,25280
Oman,OMN,2001,16960
Oman,OMN,2002,34350
Oman,OMN,2003,45780
Oman,OMN,2004,20540
Oman,OMN,2005,34720
Oman,OMN,2006,106100
Oman,OMN,2007,174120
Oman,OMN,2009,376600
Oman,OMN,2010,232930
Pakistan,PAK,2000,15176750
Pakistan,PAK,2001,30105400
Pakistan,PAK,2002,98464640
Pakistan,PAK,2003,41272390
Pakistan,PAK,2004,51384420
Pakistan,PAK,2005,43913610
Pakistan,PAK,2006,97568520
Pakistan,PAK,2007,111537630
Pakistan,PAK,2008,63121090
Pakistan,PAK,2009,75429190
Pakistan,PAK,2010,80194760
Pakistan,PAK,2011,109663330
Pakistan,PAK,2012,176667570
Pakistan,PAK,2013,232533250
Pakistan,PAK,2014,240752720
Pakistan,PAK,2015,285221330
Pakistan,PAK,2016,177454710
Pakistan,PAK,2017,302217500
Pakistan,PAK,2018,215430870
Pakistan,PAK,2019,176416120
Palau,PLW,2003,22180
Palau,PLW,2005,259469.99999999997
Palau,PLW,2006,1147290
Palau,PLW,2007,885130
Palau,PLW,2008,520989.99999999994
Palau,PLW,2009,214300
Palau,PLW,2010,156100
Palau,PLW,2011,3380890
Palau,PLW,2012,179810
Palau,PLW,2013,458300
Palau,PLW,2014,563770
Palau,PLW,2015,1384810
Palau,PLW,2016,7451020
Palau,PLW,2017,5412440
Palau,PLW,2018,7057730
Palau,PLW,2019,7137240
Palestine,PSE,2000,132010889.99999999
Palestine,PSE,2001,345570680
Palestine,PSE,2002,78423120
Palestine,PSE,2003,82942070
Palestine,PSE,2004,57918750
Palestine,PSE,2005,50642130
Palestine,PSE,2006,68571910
Palestine,PSE,2007,49819690
Palestine,PSE,2008,54802870
Palestine,PSE,2009,51491570
Palestine,PSE,2010,128950050
Palestine,PSE,2011,108410780
Palestine,PSE,2012,102237110
Palestine,PSE,2013,79197840
Palestine,PSE,2014,111857470
Palestine,PSE,2015,121349800
Palestine,PSE,2016,109690080
Palestine,PSE,2017,106123010
Palestine,PSE,2018,141636860
Palestine,PSE,2019,114301210
Panama,PAN,2000,1437860
Panama,PAN,2001,6808230
Panama,PAN,2002,254150
Panama,PAN,2003,2007320
Panama,PAN,2004,26450
Panama,PAN,2005,3273120
Panama,PAN,2006,2578940
Panama,PAN,2007,417890
Panama,PAN,2008,3850540
Panama,PAN,2009,29519190
Panama,PAN,2010,87181620
Panama,PAN,2011,66165180.00000001
Panama,PAN,2012,15452520
Panama,PAN,2013,10855370
Panama,PAN,2014,2428450
Panama,PAN,2015,1234290
Panama,PAN,2016,1462260
Panama,PAN,2017,4858420
Panama,PAN,2018,17758010
Panama,PAN,2019,19880970
Papua New Guinea,PNG,2000,12197000
Papua New Guinea,PNG,2001,46789070
Papua New Guinea,PNG,2002,9790510
Papua New Guinea,PNG,2003,3045260
Papua New Guinea,PNG,2004,6068100
Papua New Guinea,PNG,2005,2162280
Papua New Guinea,PNG,2006,3626660
Papua New Guinea,PNG,2007,3228020
Papua New Guinea,PNG,2008,4391130
Papua New Guinea,PNG,2009,1231250
Papua New Guinea,PNG,2010,13405270
Papua New Guinea,PNG,2011,6818470
Papua New Guinea,PNG,2012,10362910
Papua New Guinea,PNG,2013,2120860
Papua New Guinea,PNG,2014,4926070
Papua New Guinea,PNG,2015,6160050
Papua New Guinea,PNG,2016,36400930
Papua New Guinea,PNG,2017,28743210
Papua New Guinea,PNG,2018,33799040
Papua New Guinea,PNG,2019,26921700
Paraguay,PRY,2000,596320
Paraguay,PRY,2001,7780
Paraguay,PRY,2002,350360
Paraguay,PRY,2003,362990
Paraguay,PRY,2004,198380
Paraguay,PRY,2005,706060
Paraguay,PRY,2006,598670
Paraguay,PRY,2007,664300
Paraguay,PRY,2008,2695390
Paraguay,PRY,2009,13853270
Paraguay,PRY,2010,8122510
Paraguay,PRY,2011,4641300
Paraguay,PRY,2012,8987340
Paraguay,PRY,2013,11268140
Paraguay,PRY,2014,3744130
Paraguay,PRY,2015,3420130
Paraguay,PRY,2016,18352810
Paraguay,PRY,2017,8705450
Paraguay,PRY,2018,16691810
Paraguay,PRY,2019,28986440
Peru,PER,2000,318789520
Peru,PER,2001,7866230
Peru,PER,2002,17413090
Peru,PER,2003,32902610.000000004
Peru,PER,2004,35849960
Peru,PER,2005,42000510
Peru,PER,2006,54912770
Peru,PER,2007,189928730
Peru,PER,2008,149535390
Peru,PER,2009,107589330
Peru,PER,2010,203751030
Peru,PER,2011,203969880
Peru,PER,2012,59325390
Peru,PER,2013,52287970
Peru,PER,2014,55781430
Peru,PER,2015,68692920
Peru,PER,2016,43319190
Peru,PER,2017,58919380
Peru,PER,2018,73756740
Peru,PER,2019,49282840
Philippines,PHL,2000,20103940
Philippines,PHL,2001,73514030
Philippines,PHL,2002,19533700
Philippines,PHL,2003,25850490
Philippines,PHL,2004,27918990
Philippines,PHL,2005,24579940
Philippines,PHL,2006,28079010
Philippines,PHL,2007,60899560
Philippines,PHL,2008,96806220
Philippines,PHL,2009,43915540
Philippines,PHL,2010,45201100
Philippines,PHL,2011,24357430
Philippines,PHL,2012,14404560
Philippines,PHL,2013,21870290
Philippines,PHL,2014,24466190
Philippines,PHL,2015,27982170
Philippines,PHL,2016,20722410
Philippines,PHL,2017,23474360
Philippines,PHL,2018,114955730
Philippines,PHL,2019,92130560
Polynesia,OWID_PYA,2000,11208230
Polynesia,OWID_PYA,2001,3200860
Polynesia,OWID_PYA,2002,6668980
Polynesia,OWID_PYA,2003,3499650
Polynesia,OWID_PYA,2004,4042230
Polynesia,OWID_PYA,2005,6072990
Polynesia,OWID_PYA,2006,5383710
Polynesia,OWID_PYA,2007,4717690
Polynesia,OWID_PYA,2008,10483920
Polynesia,OWID_PYA,2009,11814220
Polynesia,OWID_PYA,2010,16723949.999999998
Polynesia,OWID_PYA,2011,25056710
Polynesia,OWID_PYA,2012,11982710
Polynesia,OWID_PYA,2013,10940140
Polynesia,OWID_PYA,2014,18531310
Polynesia,OWID_PYA,2015,28633380
Polynesia,OWID_PYA,2016,27146680
Polynesia,OWID_PYA,2017,21577780
Polynesia,OWID_PYA,2018,26675700
Polynesia,OWID_PYA,2019,10671550
Rwanda,RWA,2000,38706930
Rwanda,RWA,2001,11704520
Rwanda,RWA,2002,6379280
Rwanda,RWA,2003,5982460
Rwanda,RWA,2004,19878300
Rwanda,RWA,2005,26308040
Rwanda,RWA,2006,30931970
Rwanda,RWA,2007,51626850
Rwanda,RWA,2008,41130780
Rwanda,RWA,2009,23208600
Rwanda,RWA,2010,38521500
Rwanda,RWA,2011,41985880
Rwanda,RWA,2012,33210929.999999996
Rwanda,RWA,2013,40288740
Rwanda,RWA,2014,33151710
Rwanda,RWA,2015,37855790
Rwanda,RWA,2016,66491919.99999999
Rwanda,RWA,2017,59037350
Rwanda,RWA,2018,46071730
Rwanda,RWA,2019,48531780
Saint Helena,SHN,2000,2654660
Saint Helena,SHN,2001,224420
Saint Helena,SHN,2002,701500
Saint Helena,SHN,2003,371040
Saint Helena,SHN,2004,880250
Saint Helena,SHN,2005,207370
Saint Helena,SHN,2006,214350
Saint Helena,SHN,2007,205530
Saint Helena,SHN,2009,290020
Saint Helena,SHN,2010,238520
Saint Helena,SHN,2017,138350
Saint Kitts and Nevis,KNA,2001,119970
Saint Kitts and Nevis,KNA,2002,45680
Saint Kitts and Nevis,KNA,2009,12370
Saint Kitts and Nevis,KNA,2010,20010
Saint Kitts and Nevis,KNA,2011,16500
Saint Lucia,LCA,2000,392530
Saint Lucia,LCA,2001,7921120
Saint Lucia,LCA,2002,7469590
Saint Lucia,LCA,2003,1771190
Saint Lucia,LCA,2004,545420
Saint Lucia,LCA,2005,617840
Saint Lucia,LCA,2006,3668680
Saint Lucia,LCA,2007,1141990
Saint Lucia,LCA,2008,1415150
Saint Lucia,LCA,2009,24020
Saint Lucia,LCA,2010,65530.00000000001
Saint Lucia,LCA,2011,117690
Saint Lucia,LCA,2012,34880
Saint Lucia,LCA,2013,26140
Saint Lucia,LCA,2014,270400
Saint Lucia,LCA,2015,282810
Saint Lucia,LCA,2016,573080
Saint Lucia,LCA,2017,519170
Saint Lucia,LCA,2018,1893440
Saint Lucia,LCA,2019,207060
Saint Vincent and the Grenadines,VCT,2002,1633620
Saint Vincent and the Grenadines,VCT,2003,3008910
Saint Vincent and the Grenadines,VCT,2004,1548000
Saint Vincent and the Grenadines,VCT,2005,1247240
Saint Vincent and the Grenadines,VCT,2006,1135440
Saint Vincent and the Grenadines,VCT,2007,550910
Saint Vincent and the Grenadines,VCT,2008,365920
Saint Vincent and the Grenadines,VCT,2010,18360
Saint Vincent and the Grenadines,VCT,2012,41390
Saint Vincent and the Grenadines,VCT,2013,17380
Saint Vincent and the Grenadines,VCT,2014,10460
Saint Vincent and the Grenadines,VCT,2015,15689.999999999998
Saint Vincent and the Grenadines,VCT,2016,34950
Saint Vincent and the Grenadines,VCT,2017,28140
Saint Vincent and the Grenadines,VCT,2019,76230
Samoa,WSM,2000,237270
Samoa,WSM,2002,5108970
Samoa,WSM,2003,2629770
Samoa,WSM,2004,1308520
Samoa,WSM,2005,1673480
Samoa,WSM,2006,3566770
Samoa,WSM,2007,2200590
Samoa,WSM,2008,8617540
Samoa,WSM,2009,8499070
Samoa,WSM,2010,14818170
Samoa,WSM,2011,19158090
Samoa,WSM,2012,7690510
Samoa,WSM,2013,2959820
Samoa,WSM,2014,14744480
Samoa,WSM,2015,19787040
Samoa,WSM,2016,18611610
Samoa,WSM,2017,14791030
Samoa,WSM,2018,18750390
Samoa,WSM,2019,7769090
Sao Tome and Principe,STP,2000,4919090
Sao Tome and Principe,STP,2001,1840720
Sao Tome and Principe,STP,2002,2297980
Sao Tome and Principe,STP,2003,3053540
Sao Tome and Principe,STP,2004,2660390
Sao Tome and Principe,STP,2005,1796100
Sao Tome and Principe,STP,2006,843670
Sao Tome and Principe,STP,2007,726730
Sao Tome and Principe,STP,2008,779360
Sao Tome and Principe,STP,2009,916860
Sao Tome and Principe,STP,2010,2927860
Sao Tome and Principe,STP,2011,1148840
Sao Tome and Principe,STP,2012,462190
Sao Tome and Principe,STP,2013,803260
Sao Tome and Principe,STP,2014,847480
Sao Tome and Principe,STP,2015,6304600
Sao Tome and Principe,STP,2016,8445780
Sao Tome and Principe,STP,2017,8259370.000000001
Sao Tome and Principe,STP,2018,8215980
Sao Tome and Principe,STP,2019,6227150
Saudi Arabia,SAU,2000,36760
Saudi Arabia,SAU,2001,12720
Saudi Arabia,SAU,2002,16860
Saudi Arabia,SAU,2003,21940
Saudi Arabia,SAU,2004,48090
Saudi Arabia,SAU,2005,39100
Saudi Arabia,SAU,2006,104230
Saudi Arabia,SAU,2007,605240
Senegal,SEN,2000,25214100
Senegal,SEN,2001,255945680
Senegal,SEN,2002,44628980
Senegal,SEN,2003,48350330
Senegal,SEN,2004,83853550
Senegal,SEN,2005,63060300
Senegal,SEN,2006,45596880
Senegal,SEN,2007,79963980
Senegal,SEN,2008,77706740
Senegal,SEN,2009,68708710
Senegal,SEN,2010,63853780
Senegal,SEN,2011,107667250
Senegal,SEN,2012,84665880
Senegal,SEN,2013,105544280
Senegal,SEN,2014,150025640
Senegal,SEN,2015,118161730
Senegal,SEN,2016,71503090
Senegal,SEN,2017,61997190
Senegal,SEN,2018,217003600
Senegal,SEN,2019,162052300
Serbia,SRB,2000,59208350
Serbia,SRB,2001,44663570
Serbia,SRB,2002,19288890
Serbia,SRB,2003,21616830
Serbia,SRB,2004,23974170
Serbia,SRB,2005,24076100
Serbia,SRB,2006,33890000
Serbia,SRB,2007,39834490
Serbia,SRB,2008,29627870
Serbia,SRB,2009,32029420
Serbia,SRB,2010,30784930
Serbia,SRB,2011,24928550
Serbia,SRB,2012,28532430
Serbia,SRB,2013,28059520
Serbia,SRB,2014,25337590
Serbia,SRB,2015,30090170
Serbia,SRB,2016,34912380
Serbia,SRB,2017,43474800
Serbia,SRB,2018,37308370
Serbia,SRB,2019,46880060
Seychelles,SYC,2003,51290
Seychelles,SYC,2004,248710
Seychelles,SYC,2007,39890
Seychelles,SYC,2008,177470
Seychelles,SYC,2009,566110
Seychelles,SYC,2010,602710
Seychelles,SYC,2011,1769780
Seychelles,SYC,2012,665080
Seychelles,SYC,2013,9226120
Seychelles,SYC,2014,2418530
Seychelles,SYC,2015,68700
Seychelles,SYC,2016,4942470
Seychelles,SYC,2017,190420
Sierra Leone,SLE,2000,3445670
Sierra Leone,SLE,2001,2912700
Sierra Leone,SLE,2002,6232480
Sierra Leone,SLE,2003,2222980
Sierra Leone,SLE,2004,28997480
Sierra Leone,SLE,2005,8196140
Sierra Leone,SLE,2006,5386210
Sierra Leone,SLE,2007,33392400.000000004
Sierra Leone,SLE,2008,16290320.000000002
Sierra Leone,SLE,2009,22427040
Sierra Leone,SLE,2010,11581900
Sierra Leone,SLE,2011,15787610
Sierra Leone,SLE,2012,28907240
Sierra Leone,SLE,2013,42205130
Sierra Leone,SLE,2014,39126360
Sierra Leone,SLE,2015,20677830
Sierra Leone,SLE,2016,32378680.000000004
Sierra Leone,SLE,2017,40582340
Sierra Leone,SLE,2018,49247400
Sierra Leone,SLE,2019,27860880
Slovenia,SVN,2000,17091350
Slovenia,SVN,2001,14012540
Slovenia,SVN,2002,1430
Small Island Developing States (SIDS),,2000,164122860
Small Island Developing States (SIDS),,2001,138128420
Small Island Developing States (SIDS),,2002,100619770
Small Island Developing States (SIDS),,2003,86668560
Small Island Developing States (SIDS),,2004,109429990
Small Island Developing States (SIDS),,2005,90344140
Small Island Developing States (SIDS),,2006,106614650
Small Island Developing States (SIDS),,2007,77348740
Small Island Developing States (SIDS),,2008,116282130
Small Island Developing States (SIDS),,2009,214478040
Small Island Developing States (SIDS),,2010,185091160
Small Island Developing States (SIDS),,2011,195122930
Small Island Developing States (SIDS),,2012,169027760
Small Island Developing States (SIDS),,2013,183760550
Small Island Developing States (SIDS),,2014,199198070
Small Island Developing States (SIDS),,2015,237266320
Small Island Developing States (SIDS),,2016,297643890
Small Island Developing States (SIDS),,2017,286969580
Small Island Developing States (SIDS),,2018,313948410
Small Island Developing States (SIDS),,2019,203983690
Solomon Islands,SLB,2000,2075310
Solomon Islands,SLB,2001,220360
Solomon Islands,SLB,2002,210590
Solomon Islands,SLB,2003,128399.99999999999
Solomon Islands,SLB,2004,117240
Solomon Islands,SLB,2005,858660
Solomon Islands,SLB,2006,844180
Solomon Islands,SLB,2007,122800
Solomon Islands,SLB,2008,326510
Solomon Islands,SLB,2009,458530
Solomon Islands,SLB,2010,5600850
Solomon Islands,SLB,2011,4406240
Solomon Islands,SLB,2012,7657310
Solomon Islands,SLB,2013,18071360
Solomon Islands,SLB,2014,7897100
Solomon Islands,SLB,2015,7714310
Solomon Islands,SLB,2016,5432240
Solomon Islands,SLB,2017,10245940
Solomon Islands,SLB,2018,9514240
Solomon Islands,SLB,2019,16221340.000000002
Somalia,SOM,2000,2933330
Somalia,SOM,2001,3640090
Somalia,SOM,2002,1584560
Somalia,SOM,2003,1637300
Somalia,SOM,2004,1261550
Somalia,SOM,2005,1541980
Somalia,SOM,2006,5617830
Somalia,SOM,2007,3013410
Somalia,SOM,2008,4935070
Somalia,SOM,2009,5549670
Somalia,SOM,2010,3419180
Somalia,SOM,2011,6329280
Somalia,SOM,2012,10980860
Somalia,SOM,2013,8422550
Somalia,SOM,2014,8299010.000000001
Somalia,SOM,2015,26303390
Somalia,SOM,2016,33603290
Somalia,SOM,2017,20640680
Somalia,SOM,2018,14892010
Somalia,SOM,2019,16491019.999999998
South Africa,ZAF,2000,10337790
South Africa,ZAF,2001,10610000
South Africa,ZAF,2002,10956660
South Africa,ZAF,2003,8979310
South Africa,ZAF,2004,13376580
South Africa,ZAF,2005,36747370
South Africa,ZAF,2006,83735950
South Africa,ZAF,2007,11290630
South Africa,ZAF,2008,47001200
South Africa,ZAF,2009,55892710
South Africa,ZAF,2010,45962040
South Africa,ZAF,2011,123640180
South Africa,ZAF,2012,3810480
South Africa,ZAF,2013,3086940
South Africa,ZAF,2014,2983690
South Africa,ZAF,2015,3044870
South Africa,ZAF,2016,29772800
South Africa,ZAF,2017,1866500
South Africa,ZAF,2018,1739670
South Africa,ZAF,2019,93756540
South America,,2000,519428120.00000006
South America,,2001,75915020
South America,,2002,78555060
South America,,2003,97991950
South America,,2004,102482920
South America,,2005,141621800
South America,,2006,168262660
South America,,2007,315339560
South America,,2008,397327450
South America,,2009,383659290
South America,,2010,351610570
South America,,2011,630110960
South America,,2012,516225400.00000006
South America,,2013,333944460
South America,,2014,337055910
South America,,2015,306363900
South America,,2016,416083290
South America,,2017,447476060
South America,,2018,376447390
South America,,2019,350509200
South Sudan,SSD,2011,10781390
South Sudan,SSD,2012,18212640
South Sudan,SSD,2013,30895300
South Sudan,SSD,2014,21866820
South Sudan,SSD,2015,40772570
South Sudan,SSD,2016,51234360
South Sudan,SSD,2017,49686470
South Sudan,SSD,2018,53833890
South Sudan,SSD,2019,34592090
South-eastern Asia,,2000,965458150
South-eastern Asia,,2001,978664830
South-eastern Asia,,2002,206792360
South-eastern Asia,,2003,285378530
South-eastern Asia,,2004,309764310
South-eastern Asia,,2005,343924560
South-eastern Asia,,2006,615237100
South-eastern Asia,,2007,655129350
South-eastern Asia,,2008,730237960
South-eastern Asia,,2009,768246370
South-eastern Asia,,2010,857379930
South-eastern Asia,,2011,912536650
South-eastern Asia,,2012,880000490
South-eastern Asia,,2013,965830990
South-eastern Asia,,2014,939408980
South-eastern Asia,,2015,1083035860
South-eastern Asia,,2016,978900670
South-eastern Asia,,2017,954128380
South-eastern Asia,,2018,1105302510
South-eastern Asia,,2019,1059395850.0000001
Southern Africa,,2000,17514490
Southern Africa,,2001,53470480
Southern Africa,,2002,19816200
Southern Africa,,2003,26059100
Southern Africa,,2004,34569030
Southern Africa,,2005,50437870
Southern Africa,,2006,96115590
Southern Africa,,2007,29395970
Southern Africa,,2008,83485250
Southern Africa,,2009,92717120
Southern Africa,,2010,102717620
Southern Africa,,2011,231225440
Southern Africa,,2012,99711710
Southern Africa,,2013,123913410
Southern Africa,,2014,50170750
Southern Africa,,2015,38119580
Southern Africa,,2016,68866560
Southern Africa,,2017,24134860
Southern Africa,,2018,20739240
Southern Africa,,2019,107177650
Southern Asia,,2000,445094610
Southern Asia,,2001,879958010
Southern Asia,,2002,450749390
Southern Asia,,2003,395463350
Southern Asia,,2004,438679160
Southern Asia,,2005,704798880
Southern Asia,,2006,686356990
Southern Asia,,2007,603281800
Southern Asia,,2008,743480750
Southern Asia,,2009,679588400
Southern Asia,,2010,1054236420
Southern Asia,,2011,1179680160
Southern Asia,,2012,1174915370
Southern Asia,,2013,1198763430
Southern Asia,,2014,1282840470
Southern Asia,,2015,1303779620
Southern Asia,,2016,1386941610
Southern Asia,,2017,1632862780
Southern Asia,,2018,1577254860
Southern Asia,,2019,1344705470
Southern Asia (excluding India),,2000,267618720
Southern Asia (excluding India),,2001,525236580
Southern Asia (excluding India),,2002,230302420
Southern Asia (excluding India),,2003,224006790
Southern Asia (excluding India),,2004,217383670
Southern Asia (excluding India),,2005,308582670
Southern Asia (excluding India),,2006,347888530
Southern Asia (excluding India),,2007,317609620
Southern Asia (excluding India),,2008,387534870
Southern Asia (excluding India),,2009,383843800
Southern Asia (excluding India),,2010,603650530
Southern Asia (excluding India),,2011,701256370
Southern Asia (excluding India),,2012,728139860
Southern Asia (excluding India),,2013,743139840
Southern Asia (excluding India),,2014,803703090
Southern Asia (excluding India),,2015,838467220
Southern Asia (excluding India),,2016,828981000
Southern Asia (excluding India),,2017,972531540
Southern Asia (excluding India),,2018,985828480
Southern Asia (excluding India),,2019,971076170
Southern Europe,,2000,257318629.99999997
Southern Europe,,2001,145179490
Southern Europe,,2002,68937620
Southern Europe,,2003,84136730
Southern Europe,,2004,106182550
Southern Europe,,2005,102393070
Southern Europe,,2006,123663160
Southern Europe,,2007,134193199.99999999
Southern Europe,,2008,146513540
Southern Europe,,2009,130256939.99999999
Southern Europe,,2010,143884400
Southern Europe,,2011,137356520
Southern Europe,,2012,163066370
Southern Europe,,2013,140317430
Southern Europe,,2014,204831710
Southern Europe,,2015,210755650
Southern Europe,,2016,185702740
Southern Europe,,2017,178686320
Southern Europe,,2018,121288140
Southern Europe,,2019,140354590
Sri Lanka,LKA,2000,32700910
Sri Lanka,LKA,2001,51589840
Sri Lanka,LKA,2002,18872630
Sri Lanka,LKA,2003,35758450
Sri Lanka,LKA,2004,45936300
Sri Lanka,LKA,2005,81913080
Sri Lanka,LKA,2006,97158840
Sri Lanka,LKA,2007,75925060
Sri Lanka,LKA,2008,125344620
Sri Lanka,LKA,2009,88373620
Sri Lanka,LKA,2010,164028440
Sri Lanka,LKA,2011,163270580
Sri Lanka,LKA,2012,154688170
Sri Lanka,LKA,2013,125829220
Sri Lanka,LKA,2014,157022170
Sri Lanka,LKA,2015,153500300
Sri Lanka,LKA,2016,128018710
Sri Lanka,LKA,2017,155031220
Sri Lanka,LKA,2018,180793030
Sri Lanka,LKA,2019,144225870
Sub-Saharan Africa,,2000,959352410
Sub-Saharan Africa,,2001,1227114240
Sub-Saharan Africa,,2002,661638090
Sub-Saharan Africa,,2003,797846250
Sub-Saharan Africa,,2004,933630430
Sub-Saharan Africa,,2005,1179420200
Sub-Saharan Africa,,2006,1243390330
Sub-Saharan Africa,,2007,1528297880
Sub-Saharan Africa,,2008,1708855030
Sub-Saharan Africa,,2009,1803895120
Sub-Saharan Africa,,2010,1951055610
Sub-Saharan Africa,,2011,2130162560.0000002
Sub-Saharan Africa,,2012,2318328090
Sub-Saharan Africa,,2013,2522543750
Sub-Saharan Africa,,2014,2488414470
Sub-Saharan Africa,,2015,2429975280
Sub-Saharan Africa,,2016,2806729670
Sub-Saharan Africa,,2017,2560319610
Sub-Saharan Africa,,2018,2893932320
Sub-Saharan Africa,,2019,2984704940
Sudan,SDN,2000,3621190
Sudan,SDN,2001,16013530
Sudan,SDN,2002,5601090
Sudan,SDN,2003,2211270
Sudan,SDN,2004,2012840.0000000002
Sudan,SDN,2005,12338210
Sudan,SDN,2006,20789090
Sudan,SDN,2007,20888790
Sudan,SDN,2008,32929949.999999996
Sudan,SDN,2009,75990420
Sudan,SDN,2010,99932430
Sudan,SDN,2011,116083400
Sudan,SDN,2012,118567120
Sudan,SDN,2013,99015520
Sudan,SDN,2014,117189240
Sudan,SDN,2015,218855310
Sudan,SDN,2016,53011350
Sudan,SDN,2017,42831170
Sudan,SDN,2018,36844150
Sudan,SDN,2019,62283280
Suriname,SUR,2000,252050
Suriname,SUR,2001,4570
Suriname,SUR,2002,3046250
Suriname,SUR,2003,1421460
Suriname,SUR,2004,3874650
Suriname,SUR,2005,7517730
Suriname,SUR,2006,6940920
Suriname,SUR,2007,4362330
Suriname,SUR,2008,3747900
Suriname,SUR,2009,6229630
Suriname,SUR,2010,6600860
Suriname,SUR,2011,9754990
Suriname,SUR,2013,440850
Suriname,SUR,2014,19140
Suriname,SUR,2015,423790
Suriname,SUR,2016,775180
Suriname,SUR,2017,1680880
Suriname,SUR,2018,366720
Suriname,SUR,2019,1046870
Syria,SYR,2000,14679780
Syria,SYR,2001,13554330
Syria,SYR,2002,1865090
Syria,SYR,2003,14801460
Syria,SYR,2004,10690270
Syria,SYR,2005,5388030
Syria,SYR,2006,16296920
Syria,SYR,2007,17079240
Syria,SYR,2008,5835900
Syria,SYR,2009,7568390
Syria,SYR,2010,11047030
Syria,SYR,2011,14476590
Syria,SYR,2012,1553920
Syria,SYR,2013,1227150
Syria,SYR,2014,3904660
Syria,SYR,2015,4071799.9999999995
Syria,SYR,2016,2597270
Syria,SYR,2017,8461300
Syria,SYR,2018,23842530
Syria,SYR,2019,25883490
Tajikistan,TJK,2000,15822720
Tajikistan,TJK,2001,6680580
Tajikistan,TJK,2002,3232660
Tajikistan,TJK,2003,5466000
Tajikistan,TJK,2004,18292080
Tajikistan,TJK,2005,23311210
Tajikistan,TJK,2006,10992050
Tajikistan,TJK,2007,7026660
Tajikistan,TJK,2008,14078810
Tajikistan,TJK,2009,14278140
Tajikistan,TJK,2010,21753530
Tajikistan,TJK,2011,22237760
Tajikistan,TJK,2012,32981520.000000004
Tajikistan,TJK,2013,31717330
Tajikistan,TJK,2014,34788850
Tajikistan,TJK,2015,41739330
Tajikistan,TJK,2016,58806790
Tajikistan,TJK,2017,24948870
Tajikistan,TJK,2018,70389440
Tajikistan,TJK,2019,61810480
Tanzania,TZA,2000,54576930
Tanzania,TZA,2001,25337910
Tanzania,TZA,2002,38825640
Tanzania,TZA,2003,73291210
Tanzania,TZA,2004,39880980
Tanzania,TZA,2005,58841810
Tanzania,TZA,2006,94678930
Tanzania,TZA,2007,147493500
Tanzania,TZA,2008,152542010
Tanzania,TZA,2009,213888360
Tanzania,TZA,2010,212619660
Tanzania,TZA,2011,166525920
Tanzania,TZA,2012,214152260
Tanzania,TZA,2013,185746290
Tanzania,TZA,2014,159722480
Tanzania,TZA,2015,134811150
Tanzania,TZA,2016,109779820
Tanzania,TZA,2017,61023470
Tanzania,TZA,2018,162016400
Tanzania,TZA,2019,227804260
Thailand,THA,2000,80471700
Thailand,THA,2001,24453220
Thailand,THA,2002,6691480
Thailand,THA,2003,23955480
Thailand,THA,2004,15300800
Thailand,THA,2005,15987430
Thailand,THA,2006,5224260
Thailand,THA,2007,3564780
Thailand,THA,2008,2924570
Thailand,THA,2009,1965140
Thailand,THA,2010,7187730
Thailand,THA,2011,10472130
Thailand,THA,2012,11223000
Thailand,THA,2013,14505560
Thailand,THA,2014,25584800
Thailand,THA,2015,8101030
Thailand,THA,2016,6044940
Thailand,THA,2017,2667900
Thailand,THA,2018,1584320
Thailand,THA,2019,3073720
Timor,TLS,2000,3770910
Timor,TLS,2001,26237080
Timor,TLS,2002,4567700
Timor,TLS,2003,4366640
Timor,TLS,2004,6078080
Timor,TLS,2005,11796980
Timor,TLS,2006,11311430
Timor,TLS,2007,9495060
Timor,TLS,2008,13371670
Timor,TLS,2009,16297170.000000002
Timor,TLS,2010,17343590
Timor,TLS,2011,22334400
Timor,TLS,2012,14804330
Timor,TLS,2013,10093970
Timor,TLS,2014,11468160
Timor,TLS,2015,16584689.999999998
Timor,TLS,2016,15539970
Timor,TLS,2017,6023060
Timor,TLS,2018,2564600
Timor,TLS,2019,3176940
Togo,TGO,2000,405250
Togo,TGO,2001,2713400
Togo,TGO,2002,2205550
Togo,TGO,2003,6491990
Togo,TGO,2004,6526360
Togo,TGO,2005,1135190
Togo,TGO,2006,1202840
Togo,TGO,2007,1320100
Togo,TGO,2008,2582660
Togo,TGO,2009,4820770
Togo,TGO,2010,4174550
Togo,TGO,2011,7219770
Togo,TGO,2012,8262890.000000001
Togo,TGO,2013,8821510
Togo,TGO,2014,11084730
Togo,TGO,2015,10079520
Togo,TGO,2016,17880390
Togo,TGO,2017,17613880
Togo,TGO,2018,18672600
Togo,TGO,2019,14562650
Tokelau,TKL,2003,30720
Tokelau,TKL,2004,95200
Tokelau,TKL,2005,25960
Tonga,TON,2000,10612670
Tonga,TON,2002,755460
Tonga,TON,2003,592760
Tonga,TON,2004,2341800
Tonga,TON,2005,3816970
Tonga,TON,2006,1394640
Tonga,TON,2007,2145220
Tonga,TON,2008,1656360
Tonga,TON,2009,1107130
Tonga,TON,2010,1003409.9999999999
Tonga,TON,2011,2084360.0000000002
Tonga,TON,2012,747790
Tonga,TON,2013,2649330
Tonga,TON,2014,1473530
Tonga,TON,2015,1634420
Tonga,TON,2016,1393300
Tonga,TON,2017,2362270
Tonga,TON,2018,1118030
Tonga,TON,2019,1082940
Trinidad and Tobago,TTO,2004,116410
Trinidad and Tobago,TTO,2005,284870
Trinidad and Tobago,TTO,2008,141980
Trinidad and Tobago,TTO,2009,398710
Trinidad and Tobago,TTO,2010,14750
Tunisia,TUN,2000,83268530
Tunisia,TUN,2001,69719830
Tunisia,TUN,2002,29933930
Tunisia,TUN,2003,32843350
Tunisia,TUN,2004,39176280
Tunisia,TUN,2005,85531330
Tunisia,TUN,2006,109146500
Tunisia,TUN,2007,88666460
Tunisia,TUN,2008,103062140
Tunisia,TUN,2009,97039410
Tunisia,TUN,2010,125369580
Tunisia,TUN,2011,144446320
Tunisia,TUN,2012,91805140
Tunisia,TUN,2013,48282530
Tunisia,TUN,2014,96751060
Tunisia,TUN,2015,116139710
Tunisia,TUN,2016,154358440
Tunisia,TUN,2017,151382670
Tunisia,TUN,2018,223612390
Tunisia,TUN,2019,110170660
Turkey,TUR,2000,57636580
Turkey,TUR,2001,134772690
Turkey,TUR,2002,54574710
Turkey,TUR,2003,80111350
Turkey,TUR,2004,49835800
Turkey,TUR,2005,17355240
Turkey,TUR,2006,8743970
Turkey,TUR,2007,6524330
Turkey,TUR,2008,169757970
Turkey,TUR,2009,131734870
Turkey,TUR,2010,105600160
Turkey,TUR,2011,105195870
Turkey,TUR,2012,48055510
Turkey,TUR,2013,84531090
Turkey,TUR,2014,165549880
Turkey,TUR,2015,150351860
Turkey,TUR,2016,74332090
Turkey,TUR,2017,53106370
Turkey,TUR,2018,48636030
Turkey,TUR,2019,50388660
Turkmenistan,TKM,2000,21900
Turkmenistan,TKM,2001,17600
Turkmenistan,TKM,2002,490260
Turkmenistan,TKM,2003,13200
Turkmenistan,TKM,2004,11780
Turkmenistan,TKM,2006,45510
Turkmenistan,TKM,2007,63630.00000000001
Turkmenistan,TKM,2009,34520
Turkmenistan,TKM,2010,20130
Turkmenistan,TKM,2011,243410
Turkmenistan,TKM,2019,7990.000000000001
Turks and Caicos Islands,TCA,2000,37530
Turks and Caicos Islands,TCA,2003,59660
Tuvalu,TUV,2002,516229.99999999994
Tuvalu,TUV,2003,19580
Tuvalu,TUV,2007,2740
Tuvalu,TUV,2009,329450
Tuvalu,TUV,2010,43560
Tuvalu,TUV,2011,2365170
Tuvalu,TUV,2012,1239510
Tuvalu,TUV,2013,2697500
Tuvalu,TUV,2014,189490
Tuvalu,TUV,2015,2986130
Tuvalu,TUV,2016,1317650
Tuvalu,TUV,2017,979700
Tuvalu,TUV,2018,77520
Tuvalu,TUV,2019,25120
Uganda,UGA,2000,45521810
Uganda,UGA,2001,69444070
Uganda,UGA,2002,31070120
Uganda,UGA,2003,68843330
Uganda,UGA,2004,64995380
Uganda,UGA,2005,93358290
Uganda,UGA,2006,85237850
Uganda,UGA,2007,159027440
Uganda,UGA,2008,95137410
Uganda,UGA,2009,181251530
Uganda,UGA,2010,149678130
Uganda,UGA,2011,80365800
Uganda,UGA,2012,95442660
Uganda,UGA,2013,87267450
Uganda,UGA,2014,87758790
Uganda,UGA,2015,122176540
Uganda,UGA,2016,129206550
Uganda,UGA,2017,140316830
Uganda,UGA,2018,150199200
Uganda,UGA,2019,127518460
Ukraine,UKR,2005,4621770
Ukraine,UKR,2006,4795540
Ukraine,UKR,2007,3326060
Ukraine,UKR,2008,1352420
Ukraine,UKR,2009,1182000
Ukraine,UKR,2010,5134840
Ukraine,UKR,2011,8112299.999999999
Ukraine,UKR,2012,496110
Ukraine,UKR,2013,452660
Ukraine,UKR,2014,6869190
Ukraine,UKR,2015,9481190
Ukraine,UKR,2016,6901990
Ukraine,UKR,2017,33465580.000000004
Ukraine,UKR,2018,11324520
Ukraine,UKR,2019,30958220
Uruguay,URY,2002,26380
Uruguay,URY,2003,695480
Uruguay,URY,2004,1175760
Uruguay,URY,2005,1403130
Uruguay,URY,2006,643470
Uruguay,URY,2007,614980
Uruguay,URY,2008,443930
Uruguay,URY,2009,1900210
Uruguay,URY,2010,743590
Uruguay,URY,2011,667570
Uruguay,URY,2012,293130
Uruguay,URY,2013,642580
Uruguay,URY,2014,140230
Uruguay,URY,2015,517619.99999999994
Uruguay,URY,2016,348400
Uruguay,URY,2017,709330
Uzbekistan,UZB,2000,2277510
Uzbekistan,UZB,2001,645250
Uzbekistan,UZB,2002,7270320
Uzbekistan,UZB,2003,10585990
Uzbekistan,UZB,2004,10290690
Uzbekistan,UZB,2005,9569840
Uzbekistan,UZB,2006,9915970
Uzbekistan,UZB,2007,10314160
Uzbekistan,UZB,2008,12994990
Uzbekistan,UZB,2009,8981680
Uzbekistan,UZB,2010,30979480
Uzbekistan,UZB,2011,35842580
Uzbekistan,UZB,2012,50751590
Uzbekistan,UZB,2013,65779560
Uzbekistan,UZB,2014,101856610
Uzbekistan,UZB,2015,107134850
Uzbekistan,UZB,2016,112692010
Uzbekistan,UZB,2017,65648270
Uzbekistan,UZB,2018,95653490
Uzbekistan,UZB,2019,149889020
Vanuatu,VUT,2003,527980
Vanuatu,VUT,2004,203660
Vanuatu,VUT,2005,354280
Vanuatu,VUT,2006,293620
Vanuatu,VUT,2007,3262770
Vanuatu,VUT,2008,7993970
Vanuatu,VUT,2009,1195330
Vanuatu,VUT,2010,803580
Vanuatu,VUT,2011,1186830
Vanuatu,VUT,2012,236610
Vanuatu,VUT,2013,1799630
Vanuatu,VUT,2014,4544120
Vanuatu,VUT,2015,2976150
Vanuatu,VUT,2016,2548430
Vanuatu,VUT,2017,2146990
Vanuatu,VUT,2018,1422940
Vanuatu,VUT,2019,4730060
Venezuela,VEN,2000,3230270
Venezuela,VEN,2001,168230
Venezuela,VEN,2002,773630
Venezuela,VEN,2003,749750
Venezuela,VEN,2004,316030
Venezuela,VEN,2005,2850930
Venezuela,VEN,2006,4980620
Venezuela,VEN,2007,5477620
Venezuela,VEN,2008,3261960
Venezuela,VEN,2009,191550
Venezuela,VEN,2010,277170
Venezuela,VEN,2011,675050
Venezuela,VEN,2012,622820
Venezuela,VEN,2013,269690
Venezuela,VEN,2014,520449.99999999994
Venezuela,VEN,2015,201550
Venezuela,VEN,2016,219650
Venezuela,VEN,2017,170830
Venezuela,VEN,2018,102680
Venezuela,VEN,2019,169150
Vietnam,VNM,2000,167767420
Vietnam,VNM,2001,488238880
Vietnam,VNM,2002,77035710
Vietnam,VNM,2003,109718400
Vietnam,VNM,2004,109794770
Vietnam,VNM,2005,144053780
Vietnam,VNM,2006,160559870
Vietnam,VNM,2007,257996690
Vietnam,VNM,2008,281781430
Vietnam,VNM,2009,317369760
Vietnam,VNM,2010,371617230
Vietnam,VNM,2011,358769210
Vietnam,VNM,2012,389252000
Vietnam,VNM,2013,477472830
Vietnam,VNM,2014,513004870
Vietnam,VNM,2015,559335290
Vietnam,VNM,2016,594847170
Vietnam,VNM,2017,508713380
Vietnam,VNM,2018,554491590
Vietnam,VNM,2019,405562880
Wallis and Futuna,WLF,2007,19180
Wallis and Futuna,WLF,2015,36990
Wallis and Futuna,WLF,2016,2396270
Wallis and Futuna,WLF,2017,83510
Wallis and Futuna,WLF,2018,107500
Wallis and Futuna,WLF,2019,11730
Western Africa,,2000,450955220
Western Africa,,2001,786255480
Western Africa,,2002,271286830
Western Africa,,2003,317340650
Western Africa,,2004,454203230
Western Africa,,2005,460095800
Western Africa,,2006,478877310
Western Africa,,2007,602849690
Western Africa,,2008,748367710
Western Africa,,2009,680024980
Western Africa,,2010,747692480
Western Africa,,2011,775564280
Western Africa,,2012,798420310
Western Africa,,2013,794073940
Western Africa,,2014,925691470
Western Africa,,2015,932074240
Western Africa,,2016,1133253690
Western Africa,,2017,923694100
Western Africa,,2018,1149372730
Western Africa,,2019,1138990810
Western Asia,,2000,554524920
Western Asia,,2001,753911690
Western Asia,,2002,280163830
Western Asia,,2003,373919750
Western Asia,,2004,403868070
Western Asia,,2005,1532497180
Western Asia,,2006,1179788640
Western Asia,,2007,917472450
Western Asia,,2008,709608480
Western Asia,,2009,675757350
Western Asia,,2010,792808520
Western Asia,,2011,679707720
Western Asia,,2012,617589700
Western Asia,,2013,657782550
Western Asia,,2014,985442670
Western Asia,,2015,1116201010
Western Asia,,2016,1148967820
Western Asia,,2017,1303117110
Western Asia,,2018,1073358490.0000001
Western Asia,,2019,921995280
Yemen,YEM,2000,100889970
Yemen,YEM,2001,5792570
Yemen,YEM,2002,34976930
Yemen,YEM,2003,27573120
Yemen,YEM,2004,28221080
Yemen,YEM,2005,73236580
Yemen,YEM,2006,65802880
Yemen,YEM,2007,66682210
Yemen,YEM,2008,66538640
Yemen,YEM,2009,58698580
Yemen,YEM,2010,57230610
Yemen,YEM,2011,23519610
Yemen,YEM,2012,35378340
Yemen,YEM,2013,59035480
Yemen,YEM,2014,56797760
Yemen,YEM,2015,17220340
Yemen,YEM,2016,40407710
Yemen,YEM,2017,36276420
Yemen,YEM,2018,52362140
Yemen,YEM,2019,71177440
Zambia,ZMB,2000,121432570
Zambia,ZMB,2001,33710690
Zambia,ZMB,2002,37256610
Zambia,ZMB,2003,44563410
Zambia,ZMB,2004,57035600
Zambia,ZMB,2005,57009440
Zambia,ZMB,2006,57156830
Zambia,ZMB,2007,51662790
Zambia,ZMB,2008,38280220
Zambia,ZMB,2009,55552360
Zambia,ZMB,2010,37993840
Zambia,ZMB,2011,54985520
Zambia,ZMB,2012,69179070
Zambia,ZMB,2013,97529180
Zambia,ZMB,2014,101991310
Zambia,ZMB,2015,109100800
Zambia,ZMB,2016,144235120
Zambia,ZMB,2017,144904080
Zambia,ZMB,2018,146392300
Zambia,ZMB,2019,84624030
Zimbabwe,ZWE,2000,3501340
Zimbabwe,ZWE,2001,2563470
Zimbabwe,ZWE,2002,1930330
Zimbabwe,ZWE,2003,2124650
Zimbabwe,ZWE,2004,906650
Zimbabwe,ZWE,2005,1204310
Zimbabwe,ZWE,2006,2019510
Zimbabwe,ZWE,2007,332750
Zimbabwe,ZWE,2008,11777720
Zimbabwe,ZWE,2009,11088570
Zimbabwe,ZWE,2010,15913500
Zimbabwe,ZWE,2011,29854600
Zimbabwe,ZWE,2012,55517400
Zimbabwe,ZWE,2013,47955630
Zimbabwe,ZWE,2014,43749000
Zimbabwe,ZWE,2015,24118250
Zimbabwe,ZWE,2016,14765510
Zimbabwe,ZWE,2017,23356250
Zimbabwe,ZWE,2018,28388970
Zimbabwe,ZWE,2019,11837840