Entity,Code,Year,6.3.2 - Proportion of river water bodies with good ambient water quality (%) - EN_H2O_RVAMBQ,6.3.2 - Proportion of groundwater bodies with good ambient water quality (%) - EN_H2O_GRAMBQ,6.3.2 - Proportion of open water bodies with good ambient water quality (%) - EN_H2O_OPAMBQ,6.3.2 - Proportion of bodies of water with good ambient water quality (%) - EN_H2O_WBAMBQ
Africa,,2017,75.5987,,,68.34508
Africa,,2020,75.69357,,,72.70258
Americas,,2020,56.73872,,46.46316,57.35227
Andorra,AND,2017,100,75,,92.86
Andorra,AND,2020,86,,,86
Antigua and Barbuda,ATG,2020,,,0,0
Argentina,ARG,2020,0,21.88,,17.95
Australia,AUS,2020,,87,92,87.65
Australia and New Zealand,,2020,,84.12042,90.29046,87.13896
Austria,AUT,2017,80.12,94.57,91.94,80.44
Austria,AUT,2020,81.42,96.24,95.56,81.77
Belarus,BLR,2020,91.26,62.81,93.08,88.88
Belize,BLZ,2020,60,100,,78.95
Benin,BEN,2020,100,88.89,100,89.42
Bosnia and Herzegovina,BIH,2017,4.89,16.67,100,5.79
Bosnia and Herzegovina,BIH,2020,28.35,94.74,100,30.58
Botswana,BWA,2017,94.74,7.69,94.44,50
Botswana,BWA,2020,90,75,,78
Brazil,BRA,2017,71.75,64.86,33.62,63.25
Brazil,BRA,2020,75.87,67.86,46.96,71.02
Bulgaria,BGR,2017,99.12,28.05,100,69.85
Bulgaria,BGR,2020,98.96,25.61,100,65.56
Burkina Faso,BFA,2020,100,95.29,100,97.7
Burundi,BDI,2020,100,100,100,100
Canada,CAN,2020,82.19,,,82.19
Central America,,2020,53.9716,,59.80386,55.87609
Central Asia,,2020,72.53,,38.71,63.94
Chile,CHL,2017,85.64,,,85.64
Chile,CHL,2020,84.02,,,84.02
Costa Rica,CRI,2020,68.48,,,68.48
Cote d'Ivoire,CIV,2020,66.67,,100,80
Croatia,HRV,2020,55,91,71.43,55.85
Cyprus,CYP,2017,94.29,12.5,100,61.67
Cyprus,CYP,2020,94.12,9.09,100,61.4
Czechia,CZE,2017,100,40.99,0,67.01
Czechia,CZE,2020,97.45,37.89,100,88.19
Democratic Republic of Congo,COD,2020,66,,,66
Denmark,DNK,2020,54,75,38,53.42
Dominican Republic,DOM,2020,50,,88.89,70.59
Eastern Africa,,2017,83.05668,,68.46319,68.39966
Eastern Africa,,2020,86.45458,,83.37002,85.44921
Eastern Europe,,2017,97.86557,,81.671,93.80851
Eastern Europe,,2020,99.55667,,83.18467,95.23393
El Salvador,SLV,2017,43.33,,,43.33
El Salvador,SLV,2020,59.68,,,59.68
Estonia,EST,2017,100,,100,100
Estonia,EST,2020,86.2,100,44.2,75.65
Eswatini,SWZ,2020,87.5,,,87.5
Ethiopia,ETH,2020,96.43,,100,96.77
Europe,,2017,94.60027,,82.08169,90.68474
Europe,,2020,96.03144,,83.42427,91.83957
Europe and Northern America,,2017,77.07092,,70.56356,75.2346
Europe and Northern America,,2020,77.83226,,71.49311,75.84894
Fiji,FJI,2017,100,100,100,100
Fiji,FJI,2020,100,100,,100
Finland,FIN,2017,100,85.61,100,95.98
Finland,FIN,2020,100,86.87,100,96.84
France,FRA,2017,97.79,41.08,99.28,83.53
France,FRA,2020,92.53,39.43,100,78.93
Gabon,GAB,2020,91.3,100,100,93.55
Georgia,GEO,2020,,92,,92
Germany,DEU,2017,35.08,,72.41,38.99
Greece,GRC,2017,94.6,0,100,49.25
Greece,GRC,2020,96.53,0,100,40.62
Guinea,GIN,2017,,80.89,,80.89
Guyana,GUY,2020,67.76,,,67.76
Hungary,HUN,2017,53.6,81.98,41.77,57.66
Hungary,HUN,2020,60.72,78.38,34.04,59.33
Iceland,ISL,2017,100,100,100,100
Iceland,ISL,2020,100,100,100,100
Ireland,IRL,2017,56.72,91.42,45.78,61.69
Ireland,IRL,2020,53.18,92.22,50.45,59.44
Jamaica,JAM,2017,92.08,,,92.08
Jamaica,JAM,2020,94.31,33.4,,57.21
Japan,JPN,2017,30,0,75,37.5
Japan,JPN,2020,30,0,75,37.5
Jordan,JOR,2017,66.67,100,90,92
Jordan,JOR,2020,,,100,100
Kazakhstan,KAZ,2020,72.53,,38.71,63.94
Kenya,KEN,2017,30.52,42.18,0,35.5
Kenya,KEN,2020,90.38,90.32,33.33,86.52
Landlocked developing countries (LLDCs),,2020,77.42757,,,73.26656
Laos,LAO,2020,80,,80,80
Latin America and the Caribbean,,2017,55.06455,52.4746,38.72476,53.92102
Latin America and the Caribbean,,2020,56.26216,54.64914,47.80664,56.97547
Latvia,LVA,2017,67.84,100,59.27,65.43
Latvia,LVA,2020,61.55,100,68.12,66.54
Least developed countries (LDCs),,2020,80.25464,,,76.74064
Lebanon,LBN,2017,50,100,0,50
Lesotho,LSO,2017,33.33,0,0,16.67
Lesotho,LSO,2020,100,,100,100
Liberia,LBR,2020,33.33,,100,50
Liechtenstein,LIE,2017,77.78,100,,80
Liechtenstein,LIE,2020,77.78,100,,80
Lithuania,LTU,2017,99.26,,100,99.55
Lithuania,LTU,2020,97.71,,100,98.65
Madagascar,MDG,2017,94.12,81.58,94.59,90.91
Madagascar,MDG,2020,94.12,81.58,94.59,90.67
Mali,MLI,2020,77.78,,0,70
Marshall Islands,MHL,2017,,100,100,100
Mexico,MEX,2020,53.09,,58.27,54.91
Montenegro,MNE,2017,100,0,100,94.12
Montenegro,MNE,2020,86.67,100,90.91,88.1
Morocco,MAR,2017,76.14,76.27,85.94,79.15
Namibia,NAM,2017,85.71,100,60,78.57
Netherlands,NLD,2017,100,62.5,99.01,95.88
Netherlands,NLD,2020,100,62.5,99.01,95.86
New Zealand,NZL,2017,99.58,,87.64,97.7
New Zealand,NZL,2020,80.07,0,40.35,72.21
Niger,NER,2020,60,,,60
Nigeria,NGA,2017,66.27,,41,52.46
Nigeria,NGA,2020,15.05,,7.77,12.46
North Macedonia,MKD,2017,12.5,0,0,8.7
North Macedonia,MKD,2020,70.01,,,70.01
Northern America,,2020,57.16124,,,57.68646
Northern Europe,,2017,78.98304,89.28565,82.46447,80.31944
Northern Europe,,2020,78.88496,67.41984,82.63129,80.94938
Norway,NOR,2017,100,100,100,100
Norway,NOR,2020,100,0,100,100
Oceania,,2020,,84.15717,90.31636,87.17327
Panama,PAN,2020,63.64,,100,64.36
Paraguay,PRY,2020,75.21,0,66.67,71.61
Peru,PER,2017,36.84,,,36.84
Peru,PER,2020,25.62,,23.58,25.41
Poland,POL,2017,30.64,85.71,38.51,33.71
Poland,POL,2020,98.4,58.82,98.77,96.14
Romania,ROU,2017,57.37,83.69,62.61,61.37
Romania,ROU,2020,93.16,44.44,66.67,83.67
Russia,RUS,2017,100,,83.33,96
Russia,RUS,2020,100,,83.33,96
Rwanda,RWA,2017,37.5,,0,30
Rwanda,RWA,2020,75,100,66.67,78.79
Samoa,WSM,2020,100,,100,100
Senegal,SEN,2017,0,66.67,,44.44
Senegal,SEN,2020,66.67,33.33,,44.44
Serbia,SRB,2020,77.14,88.46,100,83.07
Sierra Leone,SLE,2020,41.7,,,41.7
Singapore,SGP,2017,,,100,100
Singapore,SGP,2020,,,100,100
Slovakia,SVK,2017,98.39,49.32,0,71.86
Slovakia,SVK,2020,100,47.3,0,57.15
Slovenia,SVN,2017,80.43,90.48,9.09,75.81
Slovenia,SVN,2020,89.51,78.57,27.27,83.89
South Africa,ZAF,2017,37.05,,62.5,46.92
South Africa,ZAF,2020,52.32,74.19,43.5,52.11
South America,,2017,55.244,52.38261,34.32309,53.54959
South America,,2020,56.60273,54.56449,45.24303,57.0857
South Korea,KOR,2017,82.61,96.01,0,87.29
South Korea,KOR,2020,82.61,96.01,87.76,93.3
South Sudan,SSD,2017,100,100,100,100
Southern Africa,,2017,64.78289,67.09258,67.87148,57.32576
Southern Africa,,2020,71.52145,81.57788,60.27211,66.642
Sub-Saharan Africa,,2017,72.47082,,,65.6897
Sub-Saharan Africa,,2020,72.58133,,,70.75369
Sudan,SDN,2017,100,90,70,86.05
Sweden,SWE,2017,31.77,97.7,48.85,45.13
Sweden,SWE,2020,34.58,97.62,52.96,48.37
Switzerland,CHE,2017,100,,,100
Switzerland,CHE,2020,100,,36.36,61.11
Tanzania,TZA,2020,87,,80,85.33
Tanzania,TZA,2017,,,0,0
Thailand,THA,2020,36,,,36
Togo,TGO,2020,100,100,100,100
Trinidad and Tobago,TTO,2020,,87.5,,87.5
Tunisia,TUN,2020,83,86,,84.94
Uganda,UGA,2017,100,,100,100
Uganda,UGA,2020,0,,0,0
United Arab Emirates,ARE,2017,,50,0,40
United Kingdom,GBR,2017,95.95,56.2,99.37,87.1
United Kingdom,GBR,2020,95.99,57.76,100,89.9
United States,USA,2020,32.63,,44.66,33.67
Uruguay,URY,2020,76.88,,73.04,75.85
Western Africa,,2020,59.53543,,,58.09472
Western Europe,,2017,75.74523,48.82903,87.41574,69.5198
Western Europe,,2020,73.11104,47.67576,88.07391,65.77098
World,OWID_WRL,2017,71.53522,,,70.21703
World,OWID_WRL,2020,72.12703,,,71.92188
Zambia,ZMB,2017,75,66.67,100,75
Zimbabwe,ZWE,2017,76.47,,,76.47
Zimbabwe,ZWE,2020,83.33,,,83.33