Entity,Code,Year,"7.a.1 - International financial flows to developing countries in support of clean energy research and development and renewable energy production, including in hybrid systems (millions of constant United States dollars) - EG_IFF_RANDN - All renewables"
Afghanistan,AFG,2000,20000
Afghanistan,AFG,2001,130000
Afghanistan,AFG,2002,3950000
Afghanistan,AFG,2003,25970000
Afghanistan,AFG,2005,9830000
Afghanistan,AFG,2006,10620000
Afghanistan,AFG,2007,15750000
Afghanistan,AFG,2008,16170000.000000002
Afghanistan,AFG,2009,9960000
Afghanistan,AFG,2010,36500000
Afghanistan,AFG,2011,28690000
Afghanistan,AFG,2012,62630000
Afghanistan,AFG,2013,268460000
Afghanistan,AFG,2014,6940000
Afghanistan,AFG,2015,4890000
Afghanistan,AFG,2016,860000
Afghanistan,AFG,2017,50330000
Afghanistan,AFG,2018,70100000
Afghanistan,AFG,2019,4620000
Algeria,DZA,2001,810000
Algeria,DZA,2002,310000
Algeria,DZA,2003,90000
Algeria,DZA,2004,140000
Algeria,DZA,2005,160000
Algeria,DZA,2009,2190000
Algeria,DZA,2010,400000
Algeria,DZA,2011,0
Algeria,DZA,2012,940000
Algeria,DZA,2013,940000
Algeria,DZA,2014,940000
Algeria,DZA,2015,890000
Algeria,DZA,2016,160000
Algeria,DZA,2017,10000
Algeria,DZA,2018,50000
Algeria,DZA,2019,60000
Angola,AGO,2003,50000
Angola,AGO,2004,40000
Angola,AGO,2007,760000
Angola,AGO,2010,20000
Angola,AGO,2011,220000
Angola,AGO,2012,10000
Angola,AGO,2015,10000
Angola,AGO,2016,93960000
Angola,AGO,2018,120000
Angola,AGO,2019,60000
Anguilla,AIA,2010,50000
Antigua and Barbuda,ATG,2013,2580000
Antigua and Barbuda,ATG,2015,6970000
Antigua and Barbuda,ATG,2017,19550000
Argentina,ARG,2001,3890000
Argentina,ARG,2003,50000
Argentina,ARG,2004,40960000
Argentina,ARG,2005,280000
Argentina,ARG,2006,440000
Argentina,ARG,2007,360000
Argentina,ARG,2008,22940000
Argentina,ARG,2009,39080000
Argentina,ARG,2010,1040000
Argentina,ARG,2011,69260000
Argentina,ARG,2012,256070000
Argentina,ARG,2013,47820000
Argentina,ARG,2014,2472850000
Argentina,ARG,2015,109830000
Argentina,ARG,2016,250160000
Argentina,ARG,2017,503740000
Argentina,ARG,2018,492720000
Argentina,ARG,2019,474460000
Armenia,ARM,2001,7670000
Armenia,ARM,2002,50000
Armenia,ARM,2003,2780000
Armenia,ARM,2004,10320000
Armenia,ARM,2005,3060000
Armenia,ARM,2006,13470000
Armenia,ARM,2007,1530000
Armenia,ARM,2008,100000
Armenia,ARM,2009,450000
Armenia,ARM,2010,92450000
Armenia,ARM,2011,960000
Armenia,ARM,2012,74170000
Armenia,ARM,2013,25910000
Armenia,ARM,2014,9340000
Armenia,ARM,2015,23250000
Armenia,ARM,2016,120440000
Armenia,ARM,2017,1550000
Armenia,ARM,2018,27690000
Armenia,ARM,2019,72580000
Azerbaijan,AZE,2000,4880000
Azerbaijan,AZE,2005,2230000
Azerbaijan,AZE,2006,480000
Azerbaijan,AZE,2009,170000
Azerbaijan,AZE,2010,187390000
Azerbaijan,AZE,2011,20000
Azerbaijan,AZE,2014,20000
Azerbaijan,AZE,2015,77640000
Azerbaijan,AZE,2016,10000
Azerbaijan,AZE,2017,20000
Bahamas,BHS,2017,20000
Bahamas,BHS,2018,110000
Bahamas,BHS,2019,560000
Bangladesh,BGD,2000,3010000
Bangladesh,BGD,2002,32180000
Bangladesh,BGD,2003,46690000
Bangladesh,BGD,2004,17170000
Bangladesh,BGD,2005,39380000
Bangladesh,BGD,2006,20000
Bangladesh,BGD,2007,50500000
Bangladesh,BGD,2008,10000
Bangladesh,BGD,2009,26970000
Bangladesh,BGD,2010,180000
Bangladesh,BGD,2011,236740000
Bangladesh,BGD,2012,149130000
Bangladesh,BGD,2013,112940000
Bangladesh,BGD,2014,90490000
Bangladesh,BGD,2015,7700000
Bangladesh,BGD,2016,418430000
Bangladesh,BGD,2017,246620000
Bangladesh,BGD,2018,235500000
Bangladesh,BGD,2019,137390000
Barbados,BRB,2015,80000
Barbados,BRB,2016,8860000
Barbados,BRB,2018,50000
Barbados,BRB,2019,34100000
Belize,BLZ,2009,4660000
Belize,BLZ,2015,20000
Belize,BLZ,2016,1690000
Belize,BLZ,2017,10000
Belize,BLZ,2018,15950000
Belize,BLZ,2019,260000
Benin,BEN,2002,90000
Benin,BEN,2004,0
Benin,BEN,2006,8540000
Benin,BEN,2008,570000
Benin,BEN,2009,8850000
Benin,BEN,2010,170000
Benin,BEN,2011,370000
Benin,BEN,2012,70000
Benin,BEN,2014,12880000
Benin,BEN,2015,571900000
Benin,BEN,2016,1280000
Benin,BEN,2017,257820000
Benin,BEN,2018,1940000
Benin,BEN,2019,40000
Bhutan,BTN,2000,4890000
Bhutan,BTN,2001,2490000
Bhutan,BTN,2002,25880000
Bhutan,BTN,2005,1320000
Bhutan,BTN,2006,120000
Bhutan,BTN,2007,840000
Bhutan,BTN,2008,4250000
Bhutan,BTN,2009,82980000
Bhutan,BTN,2010,22890000
Bhutan,BTN,2011,90000
Bhutan,BTN,2012,3510000
Bhutan,BTN,2013,36930000
Bhutan,BTN,2014,1990000
Bhutan,BTN,2015,126110000
Bhutan,BTN,2016,50000
Bhutan,BTN,2017,20000
Bhutan,BTN,2018,110000
Bhutan,BTN,2019,700000
Bolivia,BOL,2000,90000
Bolivia,BOL,2001,770000
Bolivia,BOL,2002,70000
Bolivia,BOL,2003,16190000.000000002
Bolivia,BOL,2004,40000
Bolivia,BOL,2005,140000
Bolivia,BOL,2006,430000
Bolivia,BOL,2007,410000
Bolivia,BOL,2008,840000
Bolivia,BOL,2009,100490000
Bolivia,BOL,2010,5300000
Bolivia,BOL,2011,1330000
Bolivia,BOL,2012,4890000
Bolivia,BOL,2013,74850000
Bolivia,BOL,2014,38300000
Bolivia,BOL,2015,2450000
Bolivia,BOL,2016,1124950000
Bolivia,BOL,2017,642800000
Bolivia,BOL,2018,139260000
Bolivia,BOL,2019,900000
Botswana,BWA,2000,30000
Botswana,BWA,2004,40000
Botswana,BWA,2005,20000
Botswana,BWA,2006,60000
Botswana,BWA,2007,10000
Botswana,BWA,2009,6740000
Botswana,BWA,2010,10260000
Botswana,BWA,2011,80000
Botswana,BWA,2012,460000
Botswana,BWA,2014,2550000
Botswana,BWA,2016,10000
Botswana,BWA,2017,20000
Botswana,BWA,2018,10000
Brazil,BRA,2000,126500000
Brazil,BRA,2001,5290000
Brazil,BRA,2002,33350000
Brazil,BRA,2003,7530000
Brazil,BRA,2004,1140000
Brazil,BRA,2005,11720000
Brazil,BRA,2006,1220000
Brazil,BRA,2007,910000
Brazil,BRA,2008,19530000
Brazil,BRA,2009,174490000
Brazil,BRA,2010,135380000
Brazil,BRA,2011,187660000
Brazil,BRA,2012,228480000
Brazil,BRA,2013,93260000
Brazil,BRA,2014,489030000
Brazil,BRA,2015,2300000
Brazil,BRA,2016,161960000
Brazil,BRA,2017,521620000
Brazil,BRA,2018,256430000
Brazil,BRA,2019,50980000
Burkina Faso,BFA,2000,120000
Burkina Faso,BFA,2001,15360000
Burkina Faso,BFA,2002,20000
Burkina Faso,BFA,2004,5260000
Burkina Faso,BFA,2005,15860000
Burkina Faso,BFA,2007,3560000
Burkina Faso,BFA,2008,8000000
Burkina Faso,BFA,2009,710000
Burkina Faso,BFA,2010,1350000
Burkina Faso,BFA,2011,30000
Burkina Faso,BFA,2012,1480000
Burkina Faso,BFA,2013,32460000
Burkina Faso,BFA,2014,38410000
Burkina Faso,BFA,2015,180000
Burkina Faso,BFA,2016,29290000
Burkina Faso,BFA,2017,20820000
Burkina Faso,BFA,2018,35120000
Burkina Faso,BFA,2019,45840000
Burundi,BDI,2008,10000
Burundi,BDI,2009,90000
Burundi,BDI,2010,13350000
Burundi,BDI,2011,10000
Burundi,BDI,2012,6200000
Burundi,BDI,2013,96640000
Burundi,BDI,2014,140890000
Burundi,BDI,2015,2490000
Burundi,BDI,2016,50000
Burundi,BDI,2017,16940000
Burundi,BDI,2018,20360000
Burundi,BDI,2019,89840000
Cambodia,KHM,2003,4630000
Cambodia,KHM,2004,409150000
Cambodia,KHM,2005,1250000
Cambodia,KHM,2006,10300000
Cambodia,KHM,2008,65900000.00000001
Cambodia,KHM,2009,3840000
Cambodia,KHM,2010,680450000
Cambodia,KHM,2011,1120000
Cambodia,KHM,2012,720000
Cambodia,KHM,2013,425110000
Cambodia,KHM,2014,420000
Cambodia,KHM,2015,8150000
Cambodia,KHM,2016,156640000
Cambodia,KHM,2017,3750000
Cambodia,KHM,2018,15750000
Cambodia,KHM,2019,360000
Cameroon,CMR,2002,10000
Cameroon,CMR,2003,10000
Cameroon,CMR,2004,20000
Cameroon,CMR,2006,11080000
Cameroon,CMR,2008,490000
Cameroon,CMR,2009,150000
Cameroon,CMR,2010,53960000
Cameroon,CMR,2011,40000
Cameroon,CMR,2012,724590000
Cameroon,CMR,2013,20000
Cameroon,CMR,2014,11230000
Cameroon,CMR,2015,2060000
Cameroon,CMR,2016,77450000
Cameroon,CMR,2017,171120000
Cameroon,CMR,2018,934680000
Cameroon,CMR,2019,7360000
Cape Verde,CPV,2001,2660000
Cape Verde,CPV,2005,20000
Cape Verde,CPV,2008,440000
Cape Verde,CPV,2009,180000
Cape Verde,CPV,2010,69190000
Cape Verde,CPV,2011,14290000
Cape Verde,CPV,2012,16570000
Cape Verde,CPV,2013,15790000
Cape Verde,CPV,2014,7210000
Cape Verde,CPV,2015,3170000
Cape Verde,CPV,2016,1000000
Cape Verde,CPV,2017,110000
Central African Republic,CAF,2006,0
Central African Republic,CAF,2009,4190000.0000000005
Central African Republic,CAF,2011,32850000
Central African Republic,CAF,2014,0
Central African Republic,CAF,2015,670000
Central African Republic,CAF,2016,0
Central African Republic,CAF,2017,30000
Central African Republic,CAF,2018,3730000
Central African Republic,CAF,2019,50050000
Central and Southern Asia,,2000,585920000
Central and Southern Asia,,2001,855920000
Central and Southern Asia,,2002,533580000.00000006
Central and Southern Asia,,2003,169910000
Central and Southern Asia,,2004,423770000
Central and Southern Asia,,2005,298680000
Central and Southern Asia,,2006,582920000
Central and Southern Asia,,2007,868820000
Central and Southern Asia,,2008,626270000
Central and Southern Asia,,2009,528909999.99999994
Central and Southern Asia,,2010,800710000
Central and Southern Asia,,2011,2681340000
Central and Southern Asia,,2012,3140320000
Central and Southern Asia,,2013,2068880000
Central and Southern Asia,,2014,1982200000
Central and Southern Asia,,2015,2397010000
Central and Southern Asia,,2016,3635490000
Central and Southern Asia,,2017,5440500000
Central and Southern Asia,,2018,2770810000
Central and Southern Asia,,2019,2091870000
Chad,TCD,2001,5880000
Chad,TCD,2007,25860000
Chad,TCD,2011,0
Chad,TCD,2013,30000
Chad,TCD,2014,20000
Chad,TCD,2015,20000
Chad,TCD,2016,41330000
Chad,TCD,2017,10000
Chile,CHL,2000,460000
Chile,CHL,2001,150000
Chile,CHL,2002,30000
Chile,CHL,2003,70000
Chile,CHL,2004,2790000
Chile,CHL,2005,50460000
Chile,CHL,2006,110000
Chile,CHL,2007,93230000
Chile,CHL,2008,65319999.99999999
Chile,CHL,2009,56220000
Chile,CHL,2010,3200000
Chile,CHL,2011,68530000
Chile,CHL,2012,1003530000
Chile,CHL,2013,1352650000
Chile,CHL,2014,1263800000
Chile,CHL,2015,113310000
Chile,CHL,2016,300130000
Chile,CHL,2017,209270000
China,CHN,2000,243620000
China,CHN,2001,325050000
China,CHN,2002,218270000
China,CHN,2003,22510000
China,CHN,2004,32680000
China,CHN,2005,155060000
China,CHN,2006,127720000
China,CHN,2007,24770000
China,CHN,2008,142770000
China,CHN,2009,58540000
China,CHN,2010,131240000.00000001
China,CHN,2011,43040000
China,CHN,2012,100650000
China,CHN,2013,301710000
China,CHN,2014,229420000
China,CHN,2015,92000000
China,CHN,2016,1245180000
China,CHN,2017,372490000
China,CHN,2018,318260000
China,CHN,2019,201540000
Colombia,COL,2002,90000
Colombia,COL,2003,10000
Colombia,COL,2005,223460000
Colombia,COL,2006,1940000
Colombia,COL,2007,790000
Colombia,COL,2008,15930000
Colombia,COL,2009,10000
Colombia,COL,2010,3470000
Colombia,COL,2011,780000
Colombia,COL,2012,1840000
Colombia,COL,2013,310000
Colombia,COL,2014,55290000
Colombia,COL,2015,23220000
Colombia,COL,2016,1454760000
Colombia,COL,2017,184770000
Colombia,COL,2018,144250000
Colombia,COL,2019,152510000
Comoros,COM,2012,310000
Comoros,COM,2013,20000
Comoros,COM,2014,120000
Comoros,COM,2015,970000
Comoros,COM,2016,10000
Comoros,COM,2017,11180000
Congo,COG,2000,150000
Congo,COG,2003,515909999.99999994
Congo,COG,2012,114860000
Congo,COG,2013,1880000
Congo,COG,2014,0
Congo,COG,2016,90000
Congo,COG,2018,20630000
Congo,COG,2019,90000
Cook Islands,COK,2011,3410000
Cook Islands,COK,2012,4930000
Cook Islands,COK,2013,7340000
Cook Islands,COK,2014,14720000
Cook Islands,COK,2015,18100000
Cook Islands,COK,2016,4440000
Costa Rica,CRI,2000,100000
Costa Rica,CRI,2001,140120000
Costa Rica,CRI,2003,16200000
Costa Rica,CRI,2004,90000
Costa Rica,CRI,2005,100000
Costa Rica,CRI,2006,80000
Costa Rica,CRI,2007,700000
Costa Rica,CRI,2008,90000
Costa Rica,CRI,2009,10000
Costa Rica,CRI,2010,7640000
Costa Rica,CRI,2011,1670000
Costa Rica,CRI,2012,333910000
Costa Rica,CRI,2013,122760000
Costa Rica,CRI,2014,161780000
Costa Rica,CRI,2015,596370000
Costa Rica,CRI,2016,173040000
Costa Rica,CRI,2017,251880000
Costa Rica,CRI,2018,27800000
Costa Rica,CRI,2019,680000
Cote d'Ivoire,CIV,2000,13650000
Cote d'Ivoire,CIV,2010,900000
Cote d'Ivoire,CIV,2011,15240000
Cote d'Ivoire,CIV,2012,260000
Cote d'Ivoire,CIV,2013,484310000
Cote d'Ivoire,CIV,2015,820000
Cote d'Ivoire,CIV,2016,34910000
Cote d'Ivoire,CIV,2017,27630000
Cote d'Ivoire,CIV,2018,30900000
Cote d'Ivoire,CIV,2019,24660000
Cuba,CUB,2000,790000
Cuba,CUB,2001,4590000
Cuba,CUB,2002,1710000
Cuba,CUB,2003,360000
Cuba,CUB,2004,910000
Cuba,CUB,2005,410000
Cuba,CUB,2006,390000
Cuba,CUB,2007,10000
Cuba,CUB,2008,50000
Cuba,CUB,2009,910000
Cuba,CUB,2010,4160000
Cuba,CUB,2011,1310000
Cuba,CUB,2012,420000
Cuba,CUB,2013,3100000
Cuba,CUB,2014,40000
Cuba,CUB,2015,77320000
Cuba,CUB,2016,31010000
Cuba,CUB,2017,110970000
Cuba,CUB,2018,7200000
Cuba,CUB,2019,5670000
Democratic Republic of Congo,COD,2001,40000
Democratic Republic of Congo,COD,2002,60000
Democratic Republic of Congo,COD,2005,1280000
Democratic Republic of Congo,COD,2007,210980000
Democratic Republic of Congo,COD,2008,54440000
Democratic Republic of Congo,COD,2009,60000
Democratic Republic of Congo,COD,2010,410000
Democratic Republic of Congo,COD,2011,1291960000
Democratic Republic of Congo,COD,2012,70000
Democratic Republic of Congo,COD,2013,25630000
Democratic Republic of Congo,COD,2014,72270000
Democratic Republic of Congo,COD,2015,610000
Democratic Republic of Congo,COD,2016,23740000
Democratic Republic of Congo,COD,2017,43730000
Democratic Republic of Congo,COD,2018,80000
Democratic Republic of Congo,COD,2019,350000
Djibouti,DJI,2005,5940000
Djibouti,DJI,2009,5580000
Djibouti,DJI,2010,12430000
Djibouti,DJI,2011,10000
Djibouti,DJI,2012,9480000
Djibouti,DJI,2013,8230000
Djibouti,DJI,2014,3140000
Djibouti,DJI,2015,940000
Djibouti,DJI,2016,1290000
Djibouti,DJI,2017,1730000
Djibouti,DJI,2018,30470000
Djibouti,DJI,2019,26860000
Dominica,DMA,2013,7640000
Dominica,DMA,2014,1700000
Dominica,DMA,2017,13270000
Dominica,DMA,2018,1640000
Dominica,DMA,2019,8940000
Dominican Republic,DOM,2000,11100000
Dominican Republic,DOM,2001,4170000
Dominican Republic,DOM,2002,670000
Dominican Republic,DOM,2004,460000
Dominican Republic,DOM,2005,6260000
Dominican Republic,DOM,2006,530000
Dominican Republic,DOM,2007,370000
Dominican Republic,DOM,2008,150000
Dominican Republic,DOM,2009,310000
Dominican Republic,DOM,2010,180000
Dominican Republic,DOM,2011,240000
Dominican Republic,DOM,2012,1390000
Dominican Republic,DOM,2013,20000
Dominican Republic,DOM,2014,450000
Dominican Republic,DOM,2015,70000
Dominican Republic,DOM,2016,81910000
Dominican Republic,DOM,2017,82190000
Dominican Republic,DOM,2018,380000
Dominican Republic,DOM,2019,42670000
Eastern and South-Eastern Asia,,2000,404590000
Eastern and South-Eastern Asia,,2001,438980000
Eastern and South-Eastern Asia,,2002,336410000
Eastern and South-Eastern Asia,,2003,705760000
Eastern and South-Eastern Asia,,2004,1088750000
Eastern and South-Eastern Asia,,2005,419540000
Eastern and South-Eastern Asia,,2006,649270000
Eastern and South-Eastern Asia,,2007,814740000
Eastern and South-Eastern Asia,,2008,530070000.00000006
Eastern and South-Eastern Asia,,2009,965560000
Eastern and South-Eastern Asia,,2010,1072220000
Eastern and South-Eastern Asia,,2011,2785680000
Eastern and South-Eastern Asia,,2012,409490000
Eastern and South-Eastern Asia,,2013,2004440000
Eastern and South-Eastern Asia,,2014,1812240000
Eastern and South-Eastern Asia,,2015,704160000
Eastern and South-Eastern Asia,,2016,3160640000
Eastern and South-Eastern Asia,,2017,3313750000
Eastern and South-Eastern Asia,,2018,2501070000
Eastern and South-Eastern Asia,,2019,845340000
Ecuador,ECU,2000,2220000
Ecuador,ECU,2001,2140000
Ecuador,ECU,2002,830000
Ecuador,ECU,2003,360000
Ecuador,ECU,2004,310000
Ecuador,ECU,2005,8400000
Ecuador,ECU,2006,10000
Ecuador,ECU,2008,2770000
Ecuador,ECU,2009,1270000
Ecuador,ECU,2010,2811680000
Ecuador,ECU,2011,394900000
Ecuador,ECU,2012,26490000
Ecuador,ECU,2013,331000000
Ecuador,ECU,2014,509020000
Ecuador,ECU,2015,31740000
Ecuador,ECU,2016,134670000
Ecuador,ECU,2017,36680000
Ecuador,ECU,2018,890000
Ecuador,ECU,2019,60120000
Egypt,EGY,2000,10780000
Egypt,EGY,2001,31600000
Egypt,EGY,2002,530000
Egypt,EGY,2003,209660000
Egypt,EGY,2004,47570000
Egypt,EGY,2005,102760000
Egypt,EGY,2006,500000
Egypt,EGY,2007,97280000
Egypt,EGY,2008,85760000
Egypt,EGY,2009,257899999.99999997
Egypt,EGY,2010,1025119999.9999999
Egypt,EGY,2011,118940000
Egypt,EGY,2012,14920000
Egypt,EGY,2013,159850000
Egypt,EGY,2014,80000
Egypt,EGY,2015,239160000
Egypt,EGY,2016,312350000
Egypt,EGY,2017,2070239999.9999998
Egypt,EGY,2018,124930000
Egypt,EGY,2019,340400000
El Salvador,SLV,2004,1300000
El Salvador,SLV,2006,0
El Salvador,SLV,2007,250000
El Salvador,SLV,2008,20000
El Salvador,SLV,2009,100000
El Salvador,SLV,2010,90000
El Salvador,SLV,2011,960000
El Salvador,SLV,2012,1440000
El Salvador,SLV,2013,54180000
El Salvador,SLV,2014,10000
El Salvador,SLV,2015,150500000
El Salvador,SLV,2016,67690000
El Salvador,SLV,2017,222340000
El Salvador,SLV,2018,31910000
El Salvador,SLV,2019,1180000
Equatorial Guinea,GNQ,2001,180000
Equatorial Guinea,GNQ,2002,170000
Equatorial Guinea,GNQ,2003,40000
Equatorial Guinea,GNQ,2006,464620000
Equatorial Guinea,GNQ,2013,3420000
Equatorial Guinea,GNQ,2015,20000
Eritrea,ERI,2007,510000
Eritrea,ERI,2008,70000
Eritrea,ERI,2009,30000
Eritrea,ERI,2010,50000
Eritrea,ERI,2011,250000
Eritrea,ERI,2015,113190000
Eritrea,ERI,2018,30000
Eswatini,SWZ,2003,9820000
Eswatini,SWZ,2015,1040000
Ethiopia,ETH,2000,1500000
Ethiopia,ETH,2001,790000
Ethiopia,ETH,2002,205460000
Ethiopia,ETH,2003,7790000
Ethiopia,ETH,2004,640000
Ethiopia,ETH,2005,364870000
Ethiopia,ETH,2006,420000
Ethiopia,ETH,2007,204140000
Ethiopia,ETH,2008,320000
Ethiopia,ETH,2009,4284370000
Ethiopia,ETH,2010,92370000
Ethiopia,ETH,2011,109570000
Ethiopia,ETH,2012,54000000
Ethiopia,ETH,2013,292840000
Ethiopia,ETH,2014,655350000
Ethiopia,ETH,2015,300680000
Ethiopia,ETH,2016,54100000
Ethiopia,ETH,2017,361270000
Ethiopia,ETH,2018,33800000
Ethiopia,ETH,2019,56700000
Fiji,FJI,2004,310000
Fiji,FJI,2005,260000
Fiji,FJI,2007,50000
Fiji,FJI,2009,96070000
Fiji,FJI,2011,10000
Fiji,FJI,2012,110000
Fiji,FJI,2013,4710000
Fiji,FJI,2014,6670000
Fiji,FJI,2015,1700000
Fiji,FJI,2016,180000
Fiji,FJI,2017,50000
Fiji,FJI,2018,5620000
Fiji,FJI,2019,110000
French Polynesia,PYF,2012,240000
Gabon,GAB,2008,407070000
Gabon,GAB,2010,6240000
Gabon,GAB,2013,20000
Gabon,GAB,2014,10000
Gabon,GAB,2015,13090000
Gabon,GAB,2016,40720000
Gabon,GAB,2017,120000
Gabon,GAB,2018,20000
Gambia,GMB,2002,10000
Gambia,GMB,2011,10000
Gambia,GMB,2017,25390000
Gambia,GMB,2018,64769999.99999999
Gambia,GMB,2019,11870000
Georgia,GEO,2001,18260000
Georgia,GEO,2003,1860000
Georgia,GEO,2004,3440000
Georgia,GEO,2005,9570000
Georgia,GEO,2006,2580000
Georgia,GEO,2009,1020000
Georgia,GEO,2010,8380000.000000001
Georgia,GEO,2011,139210000
Georgia,GEO,2012,37150000
Georgia,GEO,2013,9820000
Georgia,GEO,2014,195990000
Georgia,GEO,2015,6770000
Georgia,GEO,2016,90510000
Georgia,GEO,2017,30000000
Georgia,GEO,2018,46330000
Georgia,GEO,2019,23940000
Ghana,GHA,2000,4160000
Ghana,GHA,2001,1020000
Ghana,GHA,2002,20000
Ghana,GHA,2003,340000
Ghana,GHA,2004,250000
Ghana,GHA,2005,350000
Ghana,GHA,2006,27040000
Ghana,GHA,2007,922210000
Ghana,GHA,2008,7780000
Ghana,GHA,2009,620000
Ghana,GHA,2010,24730000
Ghana,GHA,2011,1370000
Ghana,GHA,2012,800000
Ghana,GHA,2013,2370000
Ghana,GHA,2014,7190000
Ghana,GHA,2015,6660000
Ghana,GHA,2016,505230000
Ghana,GHA,2017,7910000
Ghana,GHA,2018,28360000
Ghana,GHA,2019,3360000
Grenada,GRD,2003,460000
Grenada,GRD,2011,3090000
Grenada,GRD,2014,110000
Grenada,GRD,2015,1740000
Grenada,GRD,2017,720000
Guatemala,GTM,2005,40000
Guatemala,GTM,2006,0
Guatemala,GTM,2008,60000
Guatemala,GTM,2009,20000
Guatemala,GTM,2010,9610000
Guatemala,GTM,2011,4330000
Guatemala,GTM,2012,8420000
Guatemala,GTM,2013,17640000
Guatemala,GTM,2014,630000
Guatemala,GTM,2015,20000
Guatemala,GTM,2016,13190000
Guatemala,GTM,2017,860000
Guatemala,GTM,2018,11450000
Guatemala,GTM,2019,56590000
Guinea,GIN,2000,220000
Guinea,GIN,2001,560000
Guinea,GIN,2002,4910000
Guinea,GIN,2006,2490000
Guinea,GIN,2007,500000
Guinea,GIN,2008,10000
Guinea,GIN,2011,366800000
Guinea,GIN,2012,6000000
Guinea,GIN,2014,60000
Guinea,GIN,2015,1190000
Guinea,GIN,2016,140760000
Guinea,GIN,2017,130000
Guinea,GIN,2018,1139600000
Guinea,GIN,2019,819800000
Guinea-Bissau,GNB,2001,3340000
Guinea-Bissau,GNB,2002,4560000
Guinea-Bissau,GNB,2004,160000
Guinea-Bissau,GNB,2009,30000
Guinea-Bissau,GNB,2010,20000
Guinea-Bissau,GNB,2011,220000
Guinea-Bissau,GNB,2012,100000
Guinea-Bissau,GNB,2013,190000
Guinea-Bissau,GNB,2014,200000
Guinea-Bissau,GNB,2016,410000
Guinea-Bissau,GNB,2017,3370000
Guinea-Bissau,GNB,2018,4510000
Guinea-Bissau,GNB,2019,230000
Guyana,GUY,2001,5030000
Guyana,GUY,2005,30000
Guyana,GUY,2010,1190000
Guyana,GUY,2012,90000
Guyana,GUY,2013,20000
Guyana,GUY,2014,20000
Guyana,GUY,2015,2850000
Guyana,GUY,2018,30810000
Guyana,GUY,2019,14630000
Haiti,HTI,2000,840000
Haiti,HTI,2005,320000
Haiti,HTI,2008,0
Haiti,HTI,2009,14870000
Haiti,HTI,2010,2330000
Haiti,HTI,2011,31320000
Haiti,HTI,2012,12110000
Haiti,HTI,2013,13910000
Haiti,HTI,2014,810000
Haiti,HTI,2015,49590000
Haiti,HTI,2016,8670000
Haiti,HTI,2017,26180000
Haiti,HTI,2018,750000
Haiti,HTI,2019,39510000
Honduras,HND,2000,32740000.000000004
Honduras,HND,2003,210000
Honduras,HND,2005,5860000
Honduras,HND,2007,20000
Honduras,HND,2008,20000
Honduras,HND,2009,130000
Honduras,HND,2010,20520000
Honduras,HND,2011,13080000
Honduras,HND,2012,270000
Honduras,HND,2013,322440000
Honduras,HND,2014,134590000
Honduras,HND,2015,391110000
Honduras,HND,2016,176000000
Honduras,HND,2017,86060000
Honduras,HND,2018,99040000
Honduras,HND,2019,960000
India,IND,2000,485730000
India,IND,2001,193140000
India,IND,2002,17160000
India,IND,2003,10700000
India,IND,2004,399430000
India,IND,2005,175340000
India,IND,2006,160980000
India,IND,2007,465640000
India,IND,2008,369350000
India,IND,2009,210650000
India,IND,2010,372820000
India,IND,2011,1950940000
India,IND,2012,1119110000
India,IND,2013,586410000
India,IND,2014,699800000
India,IND,2015,898770000
India,IND,2016,2112780000.0000002
India,IND,2017,861450000
India,IND,2018,1764130000
India,IND,2019,786330000
Indonesia,IDN,2000,2320000
Indonesia,IDN,2001,5090000
Indonesia,IDN,2002,120000
Indonesia,IDN,2003,201310000
Indonesia,IDN,2004,51670000
Indonesia,IDN,2005,188350000
Indonesia,IDN,2006,255840000
Indonesia,IDN,2007,602100000
Indonesia,IDN,2008,19440000
Indonesia,IDN,2009,29220000
Indonesia,IDN,2010,46300000
Indonesia,IDN,2011,947340000
Indonesia,IDN,2012,16110000
Indonesia,IDN,2013,245060000
Indonesia,IDN,2014,881330000
Indonesia,IDN,2015,378150000
Indonesia,IDN,2016,342330000
Indonesia,IDN,2017,300880000
Indonesia,IDN,2018,1056140000.0000001
Indonesia,IDN,2019,215790000
Iran,IRN,2000,62250000
Iran,IRN,2001,290990000
Iran,IRN,2009,20000
Iran,IRN,2010,0
Iran,IRN,2014,90000
Iran,IRN,2015,200000
Iran,IRN,2016,80000
Iran,IRN,2017,280000
Iran,IRN,2018,3500000
Iraq,IRQ,2003,23850000
Iraq,IRQ,2006,43260000
Iraq,IRQ,2007,35230000
Iraq,IRQ,2008,80000
Iraq,IRQ,2009,150000
Iraq,IRQ,2010,158470000
Iraq,IRQ,2012,2250000
Iraq,IRQ,2014,20000
Iraq,IRQ,2016,260570000
Iraq,IRQ,2017,112960000
Jamaica,JAM,2000,5180000
Jamaica,JAM,2001,9070000
Jamaica,JAM,2008,410000
Jamaica,JAM,2009,110000
Jamaica,JAM,2010,170000
Jamaica,JAM,2011,8860000
Jamaica,JAM,2012,120000
Jamaica,JAM,2014,57810000
Jamaica,JAM,2015,87990000
Jamaica,JAM,2016,17580000
Jamaica,JAM,2017,900000
Jamaica,JAM,2018,70520000
Jamaica,JAM,2019,180000
Jordan,JOR,2002,30000
Jordan,JOR,2003,250000
Jordan,JOR,2005,20000
Jordan,JOR,2007,190000
Jordan,JOR,2008,80000
Jordan,JOR,2009,14160000
Jordan,JOR,2010,6880000
Jordan,JOR,2011,46930000
Jordan,JOR,2012,10000
Jordan,JOR,2013,212100000
Jordan,JOR,2014,156210000
Jordan,JOR,2015,252190000
Jordan,JOR,2016,509070000
Jordan,JOR,2017,436080000
Jordan,JOR,2018,89000000
Jordan,JOR,2019,73760000
Kazakhstan,KAZ,2006,361570000
Kazakhstan,KAZ,2007,57660000
Kazakhstan,KAZ,2008,2670000
Kazakhstan,KAZ,2010,1360000
Kazakhstan,KAZ,2011,1710000
Kazakhstan,KAZ,2012,27490000
Kazakhstan,KAZ,2013,20000
Kazakhstan,KAZ,2014,37380000
Kazakhstan,KAZ,2015,48470000
Kazakhstan,KAZ,2016,45870000
Kazakhstan,KAZ,2017,150150000
Kazakhstan,KAZ,2018,250340000
Kazakhstan,KAZ,2019,279670000
Kenya,KEN,2000,90000
Kenya,KEN,2003,330000
Kenya,KEN,2004,135540000
Kenya,KEN,2005,44010000
Kenya,KEN,2006,10000
Kenya,KEN,2007,59020000
Kenya,KEN,2008,29980000
Kenya,KEN,2009,35460000
Kenya,KEN,2010,729350000
Kenya,KEN,2011,511180000
Kenya,KEN,2012,143990000
Kenya,KEN,2013,16250000
Kenya,KEN,2014,719120000
Kenya,KEN,2015,546170000
Kenya,KEN,2016,701120000
Kenya,KEN,2017,301210000
Kenya,KEN,2018,220980000
Kenya,KEN,2019,165780000
Kiribati,KIR,2009,5150000
Kiribati,KIR,2010,980000
Kiribati,KIR,2013,4700000
Kiribati,KIR,2014,4340000
Kiribati,KIR,2016,0
Kiribati,KIR,2018,860000
Kyrgyzstan,KGZ,2000,8460000
Kyrgyzstan,KGZ,2004,40000
Kyrgyzstan,KGZ,2008,400000
Kyrgyzstan,KGZ,2009,170000
Kyrgyzstan,KGZ,2010,1540000
Kyrgyzstan,KGZ,2011,24380000
Kyrgyzstan,KGZ,2012,610000
Kyrgyzstan,KGZ,2013,13510000
Kyrgyzstan,KGZ,2015,20000
Kyrgyzstan,KGZ,2016,38220000
Kyrgyzstan,KGZ,2017,1250000
Kyrgyzstan,KGZ,2018,80000
Kyrgyzstan,KGZ,2019,86210000
Landlocked developing countries (LLDCs),,2000,74310000
Landlocked developing countries (LLDCs),,2001,60480000
Landlocked developing countries (LLDCs),,2002,314960000
Landlocked developing countries (LLDCs),,2003,152850000
Landlocked developing countries (LLDCs),,2004,390720000
Landlocked developing countries (LLDCs),,2005,519340000.00000006
Landlocked developing countries (LLDCs),,2006,854550000
Landlocked developing countries (LLDCs),,2007,1026790000
Landlocked developing countries (LLDCs),,2008,192390000
Landlocked developing countries (LLDCs),,2009,5357180000
Landlocked developing countries (LLDCs),,2010,961570000
Landlocked developing countries (LLDCs),,2011,1676600000
Landlocked developing countries (LLDCs),,2012,686880000
Landlocked developing countries (LLDCs),,2013,4624760000
Landlocked developing countries (LLDCs),,2014,2233110000
Landlocked developing countries (LLDCs),,2015,3075230000
Landlocked developing countries (LLDCs),,2016,2829330000
Landlocked developing countries (LLDCs),,2017,4569460000
Landlocked developing countries (LLDCs),,2018,2013550000
Landlocked developing countries (LLDCs),,2019,1603440000
Laos,LAO,2002,10260000
Laos,LAO,2003,170000
Laos,LAO,2004,366140000
Laos,LAO,2005,53660000
Laos,LAO,2006,218700000
Laos,LAO,2007,2130000
Laos,LAO,2008,1590000
Laos,LAO,2009,412560000
Laos,LAO,2010,10640000
Laos,LAO,2011,1228670000
Laos,LAO,2012,134850000
Laos,LAO,2013,728360000
Laos,LAO,2014,430210000
Laos,LAO,2015,81790000
Laos,LAO,2016,753590000
Laos,LAO,2017,2391410000
Laos,LAO,2018,389520000
Laos,LAO,2019,2380000
Latin America and the Caribbean,,2000,186720000
Latin America and the Caribbean,,2001,182080000
Latin America and the Caribbean,,2002,160900000
Latin America and the Caribbean,,2003,85120000
Latin America and the Caribbean,,2004,52400000
Latin America and the Caribbean,,2005,341500000
Latin America and the Caribbean,,2006,1177430000
Latin America and the Caribbean,,2007,165460000
Latin America and the Caribbean,,2008,156890000
Latin America and the Caribbean,,2009,419390000
Latin America and the Caribbean,,2010,4562890000
Latin America and the Caribbean,,2011,1531260000
Latin America and the Caribbean,,2012,3064630000
Latin America and the Caribbean,,2013,3102360000
Latin America and the Caribbean,,2014,6369620000
Latin America and the Caribbean,,2015,2727810000
Latin America and the Caribbean,,2016,5378850000
Latin America and the Caribbean,,2017,4225319999.9999995
Latin America and the Caribbean,,2018,2087659999.9999998
Latin America and the Caribbean,,2019,1465990000
Least developed countries (LDCs),,2000,61590000
Least developed countries (LDCs),,2001,69680000
Least developed countries (LDCs),,2002,357650000
Least developed countries (LDCs),,2003,1946860000
Least developed countries (LDCs),,2004,854820000
Least developed countries (LDCs),,2005,627090000
Least developed countries (LDCs),,2006,368760000
Least developed countries (LDCs),,2007,1221040000
Least developed countries (LDCs),,2008,357910000
Least developed countries (LDCs),,2009,5354360000
Least developed countries (LDCs),,2010,1543260000
Least developed countries (LDCs),,2011,3739800000
Least developed countries (LDCs),,2012,869130000
Least developed countries (LDCs),,2013,4909150000
Least developed countries (LDCs),,2014,2467910000
Least developed countries (LDCs),,2015,4090650000
Least developed countries (LDCs),,2016,2926390000
Least developed countries (LDCs),,2017,4466590000
Least developed countries (LDCs),,2018,3007930000
Least developed countries (LDCs),,2019,2742120000
Lebanon,LBN,2004,80000
Lebanon,LBN,2007,810000
Lebanon,LBN,2009,390000
Lebanon,LBN,2010,1670000
Lebanon,LBN,2012,1420000
Lebanon,LBN,2013,20000
Lebanon,LBN,2014,2330000
Lebanon,LBN,2015,5120000
Lebanon,LBN,2016,23650000
Lebanon,LBN,2017,30000
Lebanon,LBN,2018,6210000
Lebanon,LBN,2019,320000
Lesotho,LSO,2004,50000
Lesotho,LSO,2005,90000
Lesotho,LSO,2006,60000
Lesotho,LSO,2007,10000
Lesotho,LSO,2009,790000
Lesotho,LSO,2010,40000
Lesotho,LSO,2011,2830000
Lesotho,LSO,2012,210000
Lesotho,LSO,2013,100000
Lesotho,LSO,2014,9270000
Lesotho,LSO,2015,40000
Lesotho,LSO,2016,0
Lesotho,LSO,2018,840000
Lesotho,LSO,2019,13520000
Liberia,LBR,2007,660000
Liberia,LBR,2008,160000
Liberia,LBR,2011,103060000
Liberia,LBR,2012,20000
Liberia,LBR,2013,85180000
Liberia,LBR,2014,190000
Liberia,LBR,2015,252910000
Liberia,LBR,2016,10240000
Liberia,LBR,2017,46280000
Liberia,LBR,2018,6590000
Liberia,LBR,2019,37570000
Madagascar,MDG,2002,10000
Madagascar,MDG,2004,8340000
Madagascar,MDG,2005,3220000
Madagascar,MDG,2006,7150000
Madagascar,MDG,2007,8560000
Madagascar,MDG,2008,2710000
Madagascar,MDG,2011,7370000
Madagascar,MDG,2012,50000
Madagascar,MDG,2013,2760000
Madagascar,MDG,2014,14120000
Madagascar,MDG,2015,4740000
Madagascar,MDG,2016,22530000
Madagascar,MDG,2017,27120000
Madagascar,MDG,2018,5250000
Madagascar,MDG,2019,43730000
Malawi,MWI,2000,6840000
Malawi,MWI,2003,510000
Malawi,MWI,2004,60000
Malawi,MWI,2005,60000
Malawi,MWI,2006,50000
Malawi,MWI,2007,60000
Malawi,MWI,2009,70000
Malawi,MWI,2010,15180000
Malawi,MWI,2011,2410000
Malawi,MWI,2012,1690000
Malawi,MWI,2013,36020000
Malawi,MWI,2014,1930000
Malawi,MWI,2015,63510000
Malawi,MWI,2016,350000
Malawi,MWI,2017,3860000
Malawi,MWI,2018,17150000
Malawi,MWI,2019,101610000
Malaysia,MYS,2000,141190000
Malaysia,MYS,2002,20000
Malaysia,MYS,2004,270000
Malaysia,MYS,2006,10000
Malaysia,MYS,2007,10000
Malaysia,MYS,2009,30000
Malaysia,MYS,2010,140000
Malaysia,MYS,2011,60000
Malaysia,MYS,2012,4000000
Malaysia,MYS,2013,70000
Malaysia,MYS,2014,160000
Malaysia,MYS,2015,170000
Malaysia,MYS,2016,1290000
Malaysia,MYS,2017,50000
Malaysia,MYS,2018,60000
Malaysia,MYS,2019,20000
Maldives,MDV,2000,4770000
Maldives,MDV,2008,110000
Maldives,MDV,2009,450000
Maldives,MDV,2010,9710000
Maldives,MDV,2011,10000
Maldives,MDV,2012,30000
Maldives,MDV,2014,42590000
Maldives,MDV,2015,6210000
Maldives,MDV,2016,10000
Maldives,MDV,2017,20000
Maldives,MDV,2018,5690000
Maldives,MDV,2019,4019999.9999999995
Mali,MLI,2000,3560000
Mali,MLI,2001,10190000
Mali,MLI,2002,10000
Mali,MLI,2003,20000
Mali,MLI,2004,60000
Mali,MLI,2005,5950000
Mali,MLI,2006,31390000
Mali,MLI,2007,100000
Mali,MLI,2008,50000
Mali,MLI,2009,38440000
Mali,MLI,2010,20000
Mali,MLI,2011,230000
Mali,MLI,2012,170000
Mali,MLI,2013,445280000
Mali,MLI,2014,99900000
Mali,MLI,2015,9440000
Mali,MLI,2016,50960000
Mali,MLI,2017,7520000
Mali,MLI,2018,20870000
Mali,MLI,2019,44950000
Marshall Islands,MHL,2005,3110000
Marshall Islands,MHL,2007,910000
Marshall Islands,MHL,2009,10500000
Marshall Islands,MHL,2011,160000
Marshall Islands,MHL,2012,20000
Marshall Islands,MHL,2013,1280000
Marshall Islands,MHL,2014,10000
Marshall Islands,MHL,2015,4139999.9999999995
Marshall Islands,MHL,2016,260000
Marshall Islands,MHL,2017,41660000
Mauritania,MRT,2001,200000
Mauritania,MRT,2006,24330000
Mauritania,MRT,2007,70000
Mauritania,MRT,2011,10000
Mauritania,MRT,2012,67620000
Mauritania,MRT,2013,68690000
Mauritania,MRT,2014,6040000
Mauritania,MRT,2015,120000
Mauritania,MRT,2016,178260000
Mauritania,MRT,2017,18440000
Mauritania,MRT,2018,10000
Mauritania,MRT,2019,1000000
Mauritius,MUS,2010,2040000
Mauritius,MUS,2013,58790000
Mauritius,MUS,2014,52610000
Mauritius,MUS,2015,9440000
Mauritius,MUS,2016,29400000
Mauritius,MUS,2017,340000
Mexico,MEX,2000,2450000
Mexico,MEX,2001,3430000
Mexico,MEX,2002,14190000
Mexico,MEX,2003,260000
Mexico,MEX,2004,530000
Mexico,MEX,2005,33670000
Mexico,MEX,2006,32770000.000000004
Mexico,MEX,2007,160000
Mexico,MEX,2008,6690000
Mexico,MEX,2009,4420000
Mexico,MEX,2010,82310000
Mexico,MEX,2011,1020000
Mexico,MEX,2012,366050000
Mexico,MEX,2013,70970000
Mexico,MEX,2014,387450000
Mexico,MEX,2015,226340000
Mexico,MEX,2016,455350000
Mexico,MEX,2017,502060000
Mexico,MEX,2018,300340000
Mexico,MEX,2019,338650000
Micronesia (country),FSM,2005,5510000
Micronesia (country),FSM,2007,0
Micronesia (country),FSM,2009,14230000
Micronesia (country),FSM,2012,20000
Micronesia (country),FSM,2013,5740000
Micronesia (country),FSM,2014,810000
Micronesia (country),FSM,2015,4070000.0000000005
Micronesia (country),FSM,2016,10000
Micronesia (country),FSM,2017,1180000
Micronesia (country),FSM,2018,10010000
Micronesia (country),FSM,2019,27270000
Mongolia,MNG,2000,5180000
Mongolia,MNG,2001,1650000
Mongolia,MNG,2002,1410000
Mongolia,MNG,2003,5690000
Mongolia,MNG,2005,2800000
Mongolia,MNG,2006,6120000
Mongolia,MNG,2007,12730000
Mongolia,MNG,2008,4400000
Mongolia,MNG,2009,11980000
Mongolia,MNG,2010,12170000
Mongolia,MNG,2012,29080000
Mongolia,MNG,2013,150000
Mongolia,MNG,2014,10000
Mongolia,MNG,2015,890000
Mongolia,MNG,2016,198810000
Mongolia,MNG,2017,84180000
Mongolia,MNG,2018,116030000
Mongolia,MNG,2019,10600000
Montserrat,MSR,2008,1290000
Montserrat,MSR,2011,90000
Montserrat,MSR,2012,6730000
Montserrat,MSR,2013,570000
Montserrat,MSR,2014,960000
Montserrat,MSR,2015,2009999.9999999998
Montserrat,MSR,2016,7980000
Montserrat,MSR,2017,140000
Morocco,MAR,2000,260000
Morocco,MAR,2001,1480000
Morocco,MAR,2002,13440000
Morocco,MAR,2003,550000
Morocco,MAR,2004,153490000
Morocco,MAR,2005,186110000
Morocco,MAR,2006,70280000
Morocco,MAR,2007,180550000
Morocco,MAR,2008,226260000
Morocco,MAR,2009,121030000
Morocco,MAR,2010,8470000
Morocco,MAR,2011,218320000
Morocco,MAR,2012,914040000
Morocco,MAR,2013,5890000
Morocco,MAR,2014,1433570000
Morocco,MAR,2015,234280000
Morocco,MAR,2016,410030000
Morocco,MAR,2017,82050000
Morocco,MAR,2018,811630000
Morocco,MAR,2019,413480000
Mozambique,MOZ,2000,40000
Mozambique,MOZ,2001,420000
Mozambique,MOZ,2002,13110000
Mozambique,MOZ,2003,4019999.9999999995
Mozambique,MOZ,2004,1350000
Mozambique,MOZ,2005,900000
Mozambique,MOZ,2006,50000
Mozambique,MOZ,2007,4810000
Mozambique,MOZ,2008,6430000
Mozambique,MOZ,2009,1960000
Mozambique,MOZ,2010,90890000
Mozambique,MOZ,2011,16200000
Mozambique,MOZ,2012,74200000
Mozambique,MOZ,2013,38460000
Mozambique,MOZ,2014,9310000
Mozambique,MOZ,2015,9500000
Mozambique,MOZ,2016,55930000
Mozambique,MOZ,2017,52490000
Mozambique,MOZ,2018,9130000
Mozambique,MOZ,2019,188450000
Myanmar,MMR,2002,5350000
Myanmar,MMR,2003,434230000
Myanmar,MMR,2004,70000
Myanmar,MMR,2010,90000
Myanmar,MMR,2012,10000
Myanmar,MMR,2013,64080000
Myanmar,MMR,2014,10630000
Myanmar,MMR,2015,57800000
Myanmar,MMR,2016,3870000
Myanmar,MMR,2017,129660000
Myanmar,MMR,2018,22170000
Myanmar,MMR,2019,41330000
Namibia,NAM,2000,110000
Namibia,NAM,2001,220000
Namibia,NAM,2002,30000
Namibia,NAM,2003,30000
Namibia,NAM,2004,100000
Namibia,NAM,2005,400000
Namibia,NAM,2006,220000
Namibia,NAM,2007,10000
Namibia,NAM,2008,46600000
Namibia,NAM,2010,47200000
Namibia,NAM,2011,50000
Namibia,NAM,2012,530000
Namibia,NAM,2014,70000
Namibia,NAM,2016,11630000
Namibia,NAM,2017,37150000
Namibia,NAM,2018,3050000
Namibia,NAM,2019,20000
Nauru,NRU,2005,2069999.9999999998
Nauru,NRU,2007,350000
Nauru,NRU,2014,10000
Nauru,NRU,2015,8640000
Nauru,NRU,2016,2950000
Nauru,NRU,2017,2650000
Nepal,NPL,2000,11770000
Nepal,NPL,2001,5140000
Nepal,NPL,2002,41820000
Nepal,NPL,2003,62490000
Nepal,NPL,2004,5260000
Nepal,NPL,2005,39830000
Nepal,NPL,2006,18590000
Nepal,NPL,2007,61790000
Nepal,NPL,2008,53050000
Nepal,NPL,2009,51230000
Nepal,NPL,2010,23280000
Nepal,NPL,2011,130800000.00000001
Nepal,NPL,2012,29380000
Nepal,NPL,2013,319940000
Nepal,NPL,2014,386670000
Nepal,NPL,2015,18440000
Nepal,NPL,2016,29030000
Nepal,NPL,2017,10640000
Nepal,NPL,2018,14870000
Nepal,NPL,2019,332730000
New Caledonia,NCL,2017,4270000
Nicaragua,NIC,2000,30000
Nicaragua,NIC,2001,20000
Nicaragua,NIC,2002,680000
Nicaragua,NIC,2003,15280000
Nicaragua,NIC,2004,180000
Nicaragua,NIC,2005,40000
Nicaragua,NIC,2006,50000
Nicaragua,NIC,2007,100000
Nicaragua,NIC,2008,1930000
Nicaragua,NIC,2009,8980000
Nicaragua,NIC,2010,96620000
Nicaragua,NIC,2011,16970000
Nicaragua,NIC,2012,72210000
Nicaragua,NIC,2013,14660000
Nicaragua,NIC,2014,51690000
Nicaragua,NIC,2015,67430000
Nicaragua,NIC,2016,178280000
Nicaragua,NIC,2017,65849999.99999999
Nicaragua,NIC,2018,19750000
Nicaragua,NIC,2019,7660000
Niger,NER,2000,190000
Niger,NER,2001,3500000
Niger,NER,2002,1410000
Niger,NER,2005,40000
Niger,NER,2006,100000
Niger,NER,2008,10000
Niger,NER,2012,132259999.99999999
Niger,NER,2014,40990000
Niger,NER,2016,1180000
Niger,NER,2017,82980000
Niger,NER,2018,46190000
Niger,NER,2019,108900000
Nigeria,NGA,2002,0
Nigeria,NGA,2004,180000
Nigeria,NGA,2005,18500000
Nigeria,NGA,2006,1230000
Nigeria,NGA,2007,550000
Nigeria,NGA,2010,580000
Nigeria,NGA,2011,18980000
Nigeria,NGA,2012,20950000
Nigeria,NGA,2013,974050000
Nigeria,NGA,2014,24780000
Nigeria,NGA,2015,46500000
Nigeria,NGA,2016,61810000
Nigeria,NGA,2017,5202310000
Nigeria,NGA,2018,94760000
Nigeria,NGA,2019,1172580000
Niue,NIU,2005,2430000
Niue,NIU,2009,3200000
Niue,NIU,2013,360000
Niue,NIU,2015,10000
Niue,NIU,2016,250000
Niue,NIU,2017,3510000
North Korea,PRK,2002,40000
North Korea,PRK,2004,370000
North Korea,PRK,2005,140000
North Korea,PRK,2006,80000
North Korea,PRK,2011,0
North Korea,PRK,2012,30000
North Korea,PRK,2013,30000
North Korea,PRK,2015,0
North Korea,PRK,2016,340000
North Korea,PRK,2017,2410000
North Korea,PRK,2018,650000
North Korea,PRK,2019,1020000
Northern Africa and Western Asia,,2000,152720000
Northern Africa and Western Asia,,2001,64660000
Northern Africa and Western Asia,,2002,19670000
Northern Africa and Western Asia,,2003,1557420000
Northern Africa and Western Asia,,2004,344330000
Northern Africa and Western Asia,,2005,322110000
Northern Africa and Western Asia,,2006,155400000
Northern Africa and Western Asia,,2007,324970000
Northern Africa and Western Asia,,2008,616010000
Northern Africa and Western Asia,,2009,1034750000
Northern Africa and Western Asia,,2010,1990120000
Northern Africa and Western Asia,,2011,1356950000
Northern Africa and Western Asia,,2012,1570580000
Northern Africa and Western Asia,,2013,1031730000
Northern Africa and Western Asia,,2014,2571310000
Northern Africa and Western Asia,,2015,1297710000
Northern Africa and Western Asia,,2016,3150730000
Northern Africa and Western Asia,,2017,3172550000
Northern Africa and Western Asia,,2018,2291530000
Northern Africa and Western Asia,,2019,1780990000
Oceania (exc. Australia and New Zealand),,2002,50000
Oceania (exc. Australia and New Zealand),,2003,50000
Oceania (exc. Australia and New Zealand),,2004,360000
Oceania (exc. Australia and New Zealand),,2005,16430000
Oceania (exc. Australia and New Zealand),,2006,440000
Oceania (exc. Australia and New Zealand),,2007,14450000
Oceania (exc. Australia and New Zealand),,2008,200000
Oceania (exc. Australia and New Zealand),,2009,137200000
Oceania (exc. Australia and New Zealand),,2010,9100000
Oceania (exc. Australia and New Zealand),,2011,58750000
Oceania (exc. Australia and New Zealand),,2012,21050000
Oceania (exc. Australia and New Zealand),,2013,63870000
Oceania (exc. Australia and New Zealand),,2014,103440000
Oceania (exc. Australia and New Zealand),,2015,89080000
Oceania (exc. Australia and New Zealand),,2016,50670000
Oceania (exc. Australia and New Zealand),,2017,265529999.99999997
Oceania (exc. Australia and New Zealand),,2018,76700000
Oceania (exc. Australia and New Zealand),,2019,131759999.99999999
Pakistan,PAK,2000,40000
Pakistan,PAK,2001,360220000
Pakistan,PAK,2002,180000
Pakistan,PAK,2003,2780000
Pakistan,PAK,2004,40000
Pakistan,PAK,2005,4070000.0000000005
Pakistan,PAK,2006,6820000
Pakistan,PAK,2007,122690000
Pakistan,PAK,2008,138060000
Pakistan,PAK,2009,118640000
Pakistan,PAK,2010,264760000
Pakistan,PAK,2011,253790000
Pakistan,PAK,2012,1386720000
Pakistan,PAK,2013,244730000
Pakistan,PAK,2014,552100000
Pakistan,PAK,2015,1232650000
Pakistan,PAK,2016,903830000
Pakistan,PAK,2017,3386850000
Pakistan,PAK,2018,99120000
Pakistan,PAK,2019,302840000
Palau,PLW,2005,2300000
Palau,PLW,2007,390000
Palau,PLW,2009,7490000
Palau,PLW,2011,0
Palau,PLW,2013,10000
Palau,PLW,2015,5190000
Palau,PLW,2016,10000
Palestine,PSE,2000,30000
Palestine,PSE,2001,30000
Palestine,PSE,2005,30000
Palestine,PSE,2007,400000
Palestine,PSE,2008,90000
Palestine,PSE,2009,5480000
Palestine,PSE,2010,1380000
Palestine,PSE,2011,800000
Palestine,PSE,2012,1340000
Palestine,PSE,2013,960000
Palestine,PSE,2014,1980000
Palestine,PSE,2015,22940000
Palestine,PSE,2016,2890000
Palestine,PSE,2017,10720000
Palestine,PSE,2018,36300000
Palestine,PSE,2019,18540000
Panama,PAN,2001,230000
Panama,PAN,2006,0
Panama,PAN,2008,10000
Panama,PAN,2009,10000
Panama,PAN,2010,2049999.9999999998
Panama,PAN,2011,43030000
Panama,PAN,2013,1810000
Panama,PAN,2014,156490000
Panama,PAN,2015,65060000
Panama,PAN,2016,366660000
Panama,PAN,2017,101570000
Panama,PAN,2018,350000
Panama,PAN,2019,90010000
Papua New Guinea,PNG,2004,10000
Papua New Guinea,PNG,2007,30000
Papua New Guinea,PNG,2008,30000
Papua New Guinea,PNG,2011,37760000
Papua New Guinea,PNG,2013,6420000
Papua New Guinea,PNG,2014,0
Papua New Guinea,PNG,2015,8420000
Papua New Guinea,PNG,2016,32340000.000000004
Papua New Guinea,PNG,2017,830000
Papua New Guinea,PNG,2018,130000
Papua New Guinea,PNG,2019,120000
Paraguay,PRY,2001,10000
Paraguay,PRY,2006,191130000
Paraguay,PRY,2009,80000
Paraguay,PRY,2010,90000
Paraguay,PRY,2011,30000
Paraguay,PRY,2013,80000
Paraguay,PRY,2016,460000
Paraguay,PRY,2018,130470000
Paraguay,PRY,2019,1160000
Peru,PER,2000,1070000
Peru,PER,2001,190000
Peru,PER,2002,88200000
Peru,PER,2003,280000
Peru,PER,2004,110000
Peru,PER,2005,290000
Peru,PER,2006,7550000
Peru,PER,2007,730000
Peru,PER,2008,970000
Peru,PER,2009,1520000
Peru,PER,2010,91150000
Peru,PER,2011,223960000
Peru,PER,2012,238880000
Peru,PER,2013,292670000
Peru,PER,2014,279440000
Peru,PER,2015,84640000
Peru,PER,2016,102310000
Peru,PER,2017,548830000
Peru,PER,2018,68750000
Peru,PER,2019,1090000
Philippines,PHL,2000,12130000
Philippines,PHL,2001,30000
Philippines,PHL,2002,50390000
Philippines,PHL,2003,29150000
Philippines,PHL,2004,5840000
Philippines,PHL,2005,11820000
Philippines,PHL,2006,27510000
Philippines,PHL,2007,167610000
Philippines,PHL,2009,3860000
Philippines,PHL,2010,80870000
Philippines,PHL,2011,810000
Philippines,PHL,2012,1300000
Philippines,PHL,2013,53290000
Philippines,PHL,2014,9290000
Philippines,PHL,2015,22760000
Philippines,PHL,2016,98890000
Philippines,PHL,2017,1510000
Philippines,PHL,2018,177920000
Philippines,PHL,2019,2000000
Residual/unallocated ODA: Eastern and South-eastern Asia,,2000,3490000
Residual/unallocated ODA: Eastern and South-eastern Asia,,2002,3240000
Residual/unallocated ODA: Eastern and South-eastern Asia,,2003,600000
Residual/unallocated ODA: Eastern and South-eastern Asia,,2004,1480000
Residual/unallocated ODA: Eastern and South-eastern Asia,,2005,3590000
Residual/unallocated ODA: Eastern and South-eastern Asia,,2006,23560000
Residual/unallocated ODA: Eastern and South-eastern Asia,,2007,11100000
Residual/unallocated ODA: Eastern and South-eastern Asia,,2008,7210000
Residual/unallocated ODA: Eastern and South-eastern Asia,,2009,16050000
Residual/unallocated ODA: Eastern and South-eastern Asia,,2010,23420000
Residual/unallocated ODA: Eastern and South-eastern Asia,,2011,51190000
Residual/unallocated ODA: Eastern and South-eastern Asia,,2012,37980000
Residual/unallocated ODA: Eastern and South-eastern Asia,,2013,186920000
Residual/unallocated ODA: Eastern and South-eastern Asia,,2014,46270000
Residual/unallocated ODA: Eastern and South-eastern Asia,,2015,53090000
Residual/unallocated ODA: Eastern and South-eastern Asia,,2016,80650000
Residual/unallocated ODA: Eastern and South-eastern Asia,,2017,127440000
Residual/unallocated ODA: Eastern and South-eastern Asia,,2018,45510000
Residual/unallocated ODA: Eastern and South-eastern Asia,,2019,57290000
Residual/unallocated ODA: Latin America and the Caribbean,,2000,2310000
Residual/unallocated ODA: Latin America and the Caribbean,,2001,1670000
Residual/unallocated ODA: Latin America and the Caribbean,,2003,4350000
Residual/unallocated ODA: Latin America and the Caribbean,,2004,3580000
Residual/unallocated ODA: Latin America and the Caribbean,,2006,129600000
Residual/unallocated ODA: Latin America and the Caribbean,,2007,66510000.00000001
Residual/unallocated ODA: Latin America and the Caribbean,,2008,17170000
Residual/unallocated ODA: Latin America and the Caribbean,,2009,4340000
Residual/unallocated ODA: Latin America and the Caribbean,,2010,10090000
Residual/unallocated ODA: Latin America and the Caribbean,,2011,77550000
Residual/unallocated ODA: Latin America and the Caribbean,,2012,210590000
Residual/unallocated ODA: Latin America and the Caribbean,,2013,65700000
Residual/unallocated ODA: Latin America and the Caribbean,,2014,26450000
Residual/unallocated ODA: Latin America and the Caribbean,,2015,116200000
Residual/unallocated ODA: Latin America and the Caribbean,,2016,160010000
Residual/unallocated ODA: Latin America and the Caribbean,,2017,61880000
Residual/unallocated ODA: Latin America and the Caribbean,,2018,236160000
Residual/unallocated ODA: Latin America and the Caribbean,,2019,59640000
Residual/unallocated ODA: Oceania excl. Aus. and N. Zealand,,2002,50000
Residual/unallocated ODA: Oceania excl. Aus. and N. Zealand,,2003,50000
Residual/unallocated ODA: Oceania excl. Aus. and N. Zealand,,2004,30000
Residual/unallocated ODA: Oceania excl. Aus. and N. Zealand,,2008,30000
Residual/unallocated ODA: Oceania excl. Aus. and N. Zealand,,2009,450000
Residual/unallocated ODA: Oceania excl. Aus. and N. Zealand,,2010,840000
Residual/unallocated ODA: Oceania excl. Aus. and N. Zealand,,2012,1330000
Residual/unallocated ODA: Oceania excl. Aus. and N. Zealand,,2013,1540000
Residual/unallocated ODA: Oceania excl. Aus. and N. Zealand,,2015,2000000
Residual/unallocated ODA: Oceania excl. Aus. and N. Zealand,,2016,210000
Residual/unallocated ODA: Oceania excl. Aus. and N. Zealand,,2017,8090000
Residual/unallocated ODA: Oceania excl. Aus. and N. Zealand,,2018,350000
Residual/unallocated ODA: Oceania excl. Aus. and N. Zealand,,2019,21890000
Residual/unallocated ODA: Sub-Saharan Africa,,2000,10330000
Residual/unallocated ODA: Sub-Saharan Africa,,2001,42230000
Residual/unallocated ODA: Sub-Saharan Africa,,2002,400000
Residual/unallocated ODA: Sub-Saharan Africa,,2003,130000
Residual/unallocated ODA: Sub-Saharan Africa,,2004,3030000
Residual/unallocated ODA: Sub-Saharan Africa,,2005,1910000
Residual/unallocated ODA: Sub-Saharan Africa,,2006,48620000
Residual/unallocated ODA: Sub-Saharan Africa,,2007,10710000
Residual/unallocated ODA: Sub-Saharan Africa,,2008,57760000
Residual/unallocated ODA: Sub-Saharan Africa,,2009,90680000
Residual/unallocated ODA: Sub-Saharan Africa,,2010,30360000
Residual/unallocated ODA: Sub-Saharan Africa,,2011,97080000
Residual/unallocated ODA: Sub-Saharan Africa,,2012,16420000.000000002
Residual/unallocated ODA: Sub-Saharan Africa,,2013,65450000
Residual/unallocated ODA: Sub-Saharan Africa,,2014,201260000
Residual/unallocated ODA: Sub-Saharan Africa,,2015,152620000
Residual/unallocated ODA: Sub-Saharan Africa,,2016,816590000
Residual/unallocated ODA: Sub-Saharan Africa,,2017,353120000
Residual/unallocated ODA: Sub-Saharan Africa,,2018,182650000
Residual/unallocated ODA: Sub-Saharan Africa,,2019,680030000
"Residual/unallocated ODA: Unspecified, developing countries",,2000,19680000
"Residual/unallocated ODA: Unspecified, developing countries",,2001,17380000
"Residual/unallocated ODA: Unspecified, developing countries",,2002,6750000
"Residual/unallocated ODA: Unspecified, developing countries",,2005,1430000
"Residual/unallocated ODA: Unspecified, developing countries",,2006,11020000
"Residual/unallocated ODA: Unspecified, developing countries",,2007,4590000
"Residual/unallocated ODA: Unspecified, developing countries",,2008,3130000
"Residual/unallocated ODA: Unspecified, developing countries",,2009,2370000
"Residual/unallocated ODA: Unspecified, developing countries",,2010,81150000
"Residual/unallocated ODA: Unspecified, developing countries",,2011,192390000
"Residual/unallocated ODA: Unspecified, developing countries",,2012,831920000
"Residual/unallocated ODA: Unspecified, developing countries",,2013,290100000
"Residual/unallocated ODA: Unspecified, developing countries",,2014,157550000
"Residual/unallocated ODA: Unspecified, developing countries",,2015,189040000
"Residual/unallocated ODA: Unspecified, developing countries",,2016,117750000
"Residual/unallocated ODA: Unspecified, developing countries",,2017,216970000
"Residual/unallocated ODA: Unspecified, developing countries",,2018,1005450000
"Residual/unallocated ODA: Unspecified, developing countries",,2019,662240000
Residual/unallocated ODA: Western Asia and Northern Africa,,2007,5340000
Residual/unallocated ODA: Western Asia and Northern Africa,,2008,780000
Residual/unallocated ODA: Western Asia and Northern Africa,,2009,70000
Residual/unallocated ODA: Western Asia and Northern Africa,,2010,920000
Residual/unallocated ODA: Western Asia and Northern Africa,,2011,0
Residual/unallocated ODA: Western Asia and Northern Africa,,2014,231040000
Residual/unallocated ODA: Western Asia and Northern Africa,,2015,34330000
Residual/unallocated ODA: Western Asia and Northern Africa,,2016,10630000
Residual/unallocated ODA: Western Asia and Northern Africa,,2017,18860000
Residual/unallocated ODA: Western Asia and Northern Africa,,2018,310000
Residual/unallocated ODA: Western Asia and Northern Africa,,2019,3930000
Reunion,REU,2011,8400000
Reunion,REU,2012,15400000
Reunion,REU,2013,10590000
Reunion,REU,2014,10970000
Reunion,REU,2015,1620000
Rwanda,RWA,2000,150000
Rwanda,RWA,2005,8140000.000000001
Rwanda,RWA,2006,540000
Rwanda,RWA,2007,20650000
Rwanda,RWA,2008,26610000
Rwanda,RWA,2009,23370000
Rwanda,RWA,2010,2120000
Rwanda,RWA,2011,6470000
Rwanda,RWA,2012,720000
Rwanda,RWA,2013,96720000
Rwanda,RWA,2014,48480000
Rwanda,RWA,2016,41630000
Rwanda,RWA,2017,81040000
Rwanda,RWA,2018,15840000
Rwanda,RWA,2019,1560000
Saint Helena,SHN,2003,170000
Saint Helena,SHN,2008,120000
Saint Helena,SHN,2015,1420000
Saint Kitts and Nevis,KNA,2008,360000
Saint Kitts and Nevis,KNA,2011,18410000
Saint Lucia,LCA,2014,930000
Saint Lucia,LCA,2015,10000
Saint Lucia,LCA,2017,9770000
Saint Vincent and the Grenadines,VCT,2008,360000
Saint Vincent and the Grenadines,VCT,2013,10000
Saint Vincent and the Grenadines,VCT,2014,20000
Saint Vincent and the Grenadines,VCT,2016,31690000
Saint Vincent and the Grenadines,VCT,2017,3100000
Samoa,WSM,2009,0
Samoa,WSM,2010,200000
Samoa,WSM,2013,4700000
Samoa,WSM,2014,32460000
Samoa,WSM,2015,10000
Samoa,WSM,2016,0
Samoa,WSM,2017,2049999.9999999998
Sao Tome and Principe,STP,2001,1090000
Sao Tome and Principe,STP,2002,1220000
Sao Tome and Principe,STP,2003,0
Sao Tome and Principe,STP,2004,70000
Sao Tome and Principe,STP,2005,190000
Sao Tome and Principe,STP,2010,120000
Sao Tome and Principe,STP,2011,260000
Sao Tome and Principe,STP,2012,20000
Sao Tome and Principe,STP,2013,5060000
Sao Tome and Principe,STP,2014,120000
Sao Tome and Principe,STP,2015,350000
Sao Tome and Principe,STP,2016,310000
Sao Tome and Principe,STP,2017,10000
Senegal,SEN,2000,160000
Senegal,SEN,2001,11490000
Senegal,SEN,2002,2029999.9999999998
Senegal,SEN,2003,33840000
Senegal,SEN,2004,13420000
Senegal,SEN,2005,6640000
Senegal,SEN,2006,33409999.999999996
Senegal,SEN,2007,710000
Senegal,SEN,2009,38090000
Senegal,SEN,2010,1090000
Senegal,SEN,2011,1440000
Senegal,SEN,2012,8590000
Senegal,SEN,2013,18400000
Senegal,SEN,2014,120000
Senegal,SEN,2015,32310000.000000004
Senegal,SEN,2016,319870000
Senegal,SEN,2017,8550000
Senegal,SEN,2018,83950000
Senegal,SEN,2019,68930000
Seychelles,SYC,2011,10000
Seychelles,SYC,2014,80000
Seychelles,SYC,2015,40000
Seychelles,SYC,2016,670000
Seychelles,SYC,2017,950000
Sierra Leone,SLE,2004,24790000
Sierra Leone,SLE,2005,56410000
Sierra Leone,SLE,2006,10000
Sierra Leone,SLE,2007,15540000
Sierra Leone,SLE,2008,15600000
Sierra Leone,SLE,2009,50000
Sierra Leone,SLE,2010,9310000
Sierra Leone,SLE,2014,8400000
Sierra Leone,SLE,2016,29280000
Sierra Leone,SLE,2017,380000
Sierra Leone,SLE,2018,240000
Sierra Leone,SLE,2019,170000
Small Island Developing States (SIDS),,2000,22690000
Small Island Developing States (SIDS),,2001,29960000
Small Island Developing States (SIDS),,2002,8160000
Small Island Developing States (SIDS),,2003,4910000
Small Island Developing States (SIDS),,2004,1940000
Small Island Developing States (SIDS),,2005,25010000
Small Island Developing States (SIDS),,2006,2800000
Small Island Developing States (SIDS),,2007,16010000.000000002
Small Island Developing States (SIDS),,2008,3400000
Small Island Developing States (SIDS),,2009,158810000
Small Island Developing States (SIDS),,2010,102480000
Small Island Developing States (SIDS),,2011,135870000
Small Island Developing States (SIDS),,2012,59590000
Small Island Developing States (SIDS),,2013,170550000
Small Island Developing States (SIDS),,2014,269260000
Small Island Developing States (SIDS),,2015,335920000
Small Island Developing States (SIDS),,2016,272720000
Small Island Developing States (SIDS),,2017,540260000
Small Island Developing States (SIDS),,2018,214380000
Small Island Developing States (SIDS),,2019,311770000
Solomon Islands,SLB,2008,90000
Solomon Islands,SLB,2009,80000
Solomon Islands,SLB,2011,10000
Solomon Islands,SLB,2012,1090000
Solomon Islands,SLB,2013,10000
Solomon Islands,SLB,2014,13060000
Solomon Islands,SLB,2015,6830000
Solomon Islands,SLB,2016,7100000
Solomon Islands,SLB,2017,163010000
Solomon Islands,SLB,2018,20550000
Solomon Islands,SLB,2019,46400000
Somalia,SOM,2013,3340000
Somalia,SOM,2015,310000
Somalia,SOM,2016,800000
Somalia,SOM,2017,20000
Somalia,SOM,2018,3210000
Somalia,SOM,2019,21490000
South Africa,ZAF,2000,7020000
South Africa,ZAF,2001,1240000
South Africa,ZAF,2002,25560000
South Africa,ZAF,2004,40000
South Africa,ZAF,2005,13110000
South Africa,ZAF,2006,7770000
South Africa,ZAF,2007,1150000
South Africa,ZAF,2008,1170000
South Africa,ZAF,2009,100000
South Africa,ZAF,2010,261160000.00000003
South Africa,ZAF,2011,265140000
South Africa,ZAF,2012,484730000
South Africa,ZAF,2013,409200000
South Africa,ZAF,2014,202270000
South Africa,ZAF,2015,725580000
South Africa,ZAF,2016,201750000
South Africa,ZAF,2017,26330000
South Africa,ZAF,2018,378180000
South Africa,ZAF,2019,164100000
South Sudan,SSD,2011,990000
South Sudan,SSD,2012,1670000
South Sudan,SSD,2013,28370000
South Sudan,SSD,2015,70000
South Sudan,SSD,2016,30000
South Sudan,SSD,2017,300000
South Sudan,SSD,2018,280000
South Sudan,SSD,2019,100000
Sri Lanka,LKA,2000,1470000
Sri Lanka,LKA,2001,3810000
Sri Lanka,LKA,2002,388260000
Sri Lanka,LKA,2003,40000
Sri Lanka,LKA,2004,130000
Sri Lanka,LKA,2005,24750000
Sri Lanka,LKA,2006,90000
Sri Lanka,LKA,2007,38210000
Sri Lanka,LKA,2008,120000
Sri Lanka,LKA,2009,11750000
Sri Lanka,LKA,2010,44570000
Sri Lanka,LKA,2011,7090000
Sri Lanka,LKA,2012,225580000
Sri Lanka,LKA,2013,2340000
Sri Lanka,LKA,2014,119750000
Sri Lanka,LKA,2015,450000
Sri Lanka,LKA,2016,61260000
Sri Lanka,LKA,2017,211630000
Sri Lanka,LKA,2018,200450000
Sri Lanka,LKA,2019,170000
Sub-Saharan Africa,,2000,75150000
Sub-Saharan Africa,,2001,109360000
Sub-Saharan Africa,,2002,264380000
Sub-Saharan Africa,,2003,577410000
Sub-Saharan Africa,,2004,196120000
Sub-Saharan Africa,,2005,558800000
Sub-Saharan Africa,,2006,669460000
Sub-Saharan Africa,,2007,2082170000
Sub-Saharan Africa,,2008,767970000
Sub-Saharan Africa,,2009,4866800000
Sub-Saharan Africa,,2010,1904200000
Sub-Saharan Africa,,2011,2985850000
Sub-Saharan Africa,,2012,1930480000
Sub-Saharan Africa,,2013,5279740000
Sub-Saharan Africa,,2014,2735400000
Sub-Saharan Africa,,2015,5228110000
Sub-Saharan Africa,,2016,4028860000
Sub-Saharan Africa,,2017,7577300000
Sub-Saharan Africa,,2018,4063680000
Sub-Saharan Africa,,2019,3983930000
Sudan,SDN,2003,1317960000
Sudan,SDN,2010,85500000
Sudan,SDN,2011,27700000
Sudan,SDN,2012,130000
Sudan,SDN,2013,3340000
Sudan,SDN,2014,400000
Sudan,SDN,2015,30000
Sudan,SDN,2016,40000
Sudan,SDN,2017,10000
Sudan,SDN,2018,2470000
Sudan,SDN,2019,207170000
Suriname,SUR,2009,400000
Suriname,SUR,2011,4059999.9999999995
Suriname,SUR,2013,20000
Suriname,SUR,2014,0
Suriname,SUR,2017,10000
Suriname,SUR,2018,290000
Suriname,SUR,2019,22500000
Syria,SYR,2010,5220000
Syria,SYR,2018,60000
Tajikistan,TJK,2002,20920000
Tajikistan,TJK,2003,20780000
Tajikistan,TJK,2005,580000
Tajikistan,TJK,2006,540000
Tajikistan,TJK,2007,22870000
Tajikistan,TJK,2008,34870000
Tajikistan,TJK,2009,140000
Tajikistan,TJK,2010,6540000
Tajikistan,TJK,2011,890000
Tajikistan,TJK,2012,3700000
Tajikistan,TJK,2013,134390000
Tajikistan,TJK,2014,420000
Tajikistan,TJK,2015,180000
Tajikistan,TJK,2016,90000
Tajikistan,TJK,2017,334530000
Tanzania,TZA,2000,200000
Tanzania,TZA,2001,2410000
Tanzania,TZA,2002,1590000
Tanzania,TZA,2003,3770000
Tanzania,TZA,2004,80000
Tanzania,TZA,2005,50000
Tanzania,TZA,2006,120000
Tanzania,TZA,2007,20070000
Tanzania,TZA,2008,62560000
Tanzania,TZA,2009,550000
Tanzania,TZA,2010,8850000
Tanzania,TZA,2011,8380000.000000001
Tanzania,TZA,2012,3430000
Tanzania,TZA,2013,168950000
Tanzania,TZA,2014,45420000
Tanzania,TZA,2015,37250000
Tanzania,TZA,2016,152200000
Tanzania,TZA,2017,26250000
Tanzania,TZA,2018,20470000
Tanzania,TZA,2019,5670000
Thailand,THA,2000,150000
Thailand,THA,2001,6490000
Thailand,THA,2002,10660000
Thailand,THA,2003,3650000
Thailand,THA,2004,1520000
Thailand,THA,2006,100000
Thailand,THA,2007,440000
Thailand,THA,2008,4660000
Thailand,THA,2009,1720000
Thailand,THA,2010,4139999.9999999995
Thailand,THA,2011,288270000
Thailand,THA,2012,119370000
Thailand,THA,2013,54650000
Thailand,THA,2014,4370000
Thailand,THA,2015,55520000
Thailand,THA,2016,420000
Thailand,THA,2017,1990000
Thailand,THA,2018,296130000
Thailand,THA,2019,99160000
Timor,TLS,2003,4090000
Timor,TLS,2005,1350000
Timor,TLS,2006,1450000
Timor,TLS,2007,1180000
Timor,TLS,2008,70000
Timor,TLS,2009,150000
Timor,TLS,2010,5060000
Timor,TLS,2011,240000
Timor,TLS,2012,1990000
Timor,TLS,2013,470000
Timor,TLS,2014,10000
Timor,TLS,2015,0
Timor,TLS,2016,1050000
Togo,TGO,2006,20000
Togo,TGO,2012,20000
Togo,TGO,2013,160000
Togo,TGO,2014,9160000
Togo,TGO,2015,4780000
Togo,TGO,2016,50000
Togo,TGO,2017,0
Togo,TGO,2018,17710000
Togo,TGO,2019,1150000
Tokelau,TKL,2011,5290000
Tonga,TON,2004,20000
Tonga,TON,2005,760000
Tonga,TON,2006,440000
Tonga,TON,2009,0
Tonga,TON,2010,5660000
Tonga,TON,2011,12100000
Tonga,TON,2012,7940000
Tonga,TON,2013,17550000
Tonga,TON,2014,2510000
Tonga,TON,2015,14140000
Tonga,TON,2016,2910000
Tonga,TON,2017,20470000
Tonga,TON,2018,37000000
Tonga,TON,2019,2450000
Tunisia,TUN,2000,4390000
Tunisia,TUN,2001,4400000
Tunisia,TUN,2002,5280000
Tunisia,TUN,2003,420000
Tunisia,TUN,2004,280000
Tunisia,TUN,2005,17630000
Tunisia,TUN,2006,24440000
Tunisia,TUN,2007,1640000
Tunisia,TUN,2008,235950000
Tunisia,TUN,2009,123490000
Tunisia,TUN,2010,130720000
Tunisia,TUN,2011,820000
Tunisia,TUN,2012,180150000
Tunisia,TUN,2013,9350000
Tunisia,TUN,2015,8880000
Tunisia,TUN,2016,45640000
Tunisia,TUN,2017,4870000
Tunisia,TUN,2018,18600000
Tunisia,TUN,2019,80070000
Turkey,TUR,2000,130880000
Turkey,TUR,2001,10000
Turkey,TUR,2004,128919999.99999999
Turkey,TUR,2005,350000
Turkey,TUR,2006,240000
Turkey,TUR,2007,1640000
Turkey,TUR,2008,66709999.99999999
Turkey,TUR,2009,494550000
Turkey,TUR,2010,270520000
Turkey,TUR,2011,801710000
Turkey,TUR,2012,263709999.99999997
Turkey,TUR,2013,595990000
Turkey,TUR,2014,515970000
Turkey,TUR,2015,389350000
Turkey,TUR,2016,1364150000
Turkey,TUR,2017,403600000
Turkey,TUR,2018,1062530000
Turkey,TUR,2019,360120000
Turkmenistan,TKM,2009,30000
Turkmenistan,TKM,2013,5940000
Turkmenistan,TKM,2014,50000
Turkmenistan,TKM,2015,120000
Turkmenistan,TKM,2016,80000
Turkmenistan,TKM,2017,60000
Turkmenistan,TKM,2018,0
Turkmenistan,TKM,2019,40000
Tuvalu,TUV,2008,30000
Tuvalu,TUV,2009,10000
Tuvalu,TUV,2010,530000
Tuvalu,TUV,2011,10000
Tuvalu,TUV,2012,2320000
Tuvalu,TUV,2013,4760000
Tuvalu,TUV,2014,20310000
Tuvalu,TUV,2015,8560000
Tuvalu,TUV,2018,390000
Tuvalu,TUV,2019,6160000
Uganda,UGA,2000,26560000
Uganda,UGA,2001,6620000
Uganda,UGA,2002,3710000
Uganda,UGA,2003,630000
Uganda,UGA,2004,30000
Uganda,UGA,2005,70000
Uganda,UGA,2006,60000
Uganda,UGA,2007,571170000
Uganda,UGA,2008,19610000
Uganda,UGA,2009,74230000
Uganda,UGA,2010,29340000
Uganda,UGA,2011,27100000
Uganda,UGA,2012,23250000
Uganda,UGA,2013,1470000000
Uganda,UGA,2014,32259999.999999996
Uganda,UGA,2015,521370000
Uganda,UGA,2016,187710000
Uganda,UGA,2017,91700000
Uganda,UGA,2018,542660000
Uganda,UGA,2019,66480000.00000001
Uruguay,URY,2001,1310000
Uruguay,URY,2003,23520000
Uruguay,URY,2005,0
Uruguay,URY,2006,0
Uruguay,URY,2007,880000
Uruguay,URY,2009,6770000
Uruguay,URY,2010,1120000
Uruguay,URY,2011,7770000
Uruguay,URY,2012,290700000
Uruguay,URY,2013,211660000
Uruguay,URY,2014,275600000
Uruguay,URY,2015,518270000
Uruguay,URY,2016,69860000
Uruguay,URY,2017,18290000
Uzbekistan,UZB,2004,220000
Uzbekistan,UZB,2007,25500000
Uzbekistan,UZB,2012,94470000
Uzbekistan,UZB,2013,196820000
Uzbekistan,UZB,2015,270000
Uzbekistan,UZB,2016,690000
Uzbekistan,UZB,2017,60130000
Uzbekistan,UZB,2018,84130000
Uzbekistan,UZB,2019,65940000
Vanuatu,VUT,2007,12720000
Vanuatu,VUT,2008,30000
Vanuatu,VUT,2010,890000
Vanuatu,VUT,2012,3050000
Vanuatu,VUT,2013,4750000
Vanuatu,VUT,2014,8540000
Vanuatu,VUT,2015,7260000
Vanuatu,VUT,2017,17770000
Vanuatu,VUT,2018,1780000
Vanuatu,VUT,2019,150000
Venezuela,VEN,2000,850000
Venezuela,VEN,2004,20000
Venezuela,VEN,2006,811180000
Venezuela,VEN,2009,190000
Venezuela,VEN,2010,1273440000
Venezuela,VEN,2011,351040000
Venezuela,VEN,2012,10000
Venezuela,VEN,2013,10000
Venezuela,VEN,2014,4350000
Venezuela,VEN,2018,390000
Vietnam,VNM,2000,10000
Vietnam,VNM,2001,100670000
Vietnam,VNM,2002,39890000
Vietnam,VNM,2003,170000
Vietnam,VNM,2004,221040000
Vietnam,VNM,2005,5120000
Vietnam,VNM,2006,1450000
Vietnam,VNM,2007,50000
Vietnam,VNM,2008,192450000
Vietnam,VNM,2009,443520000
Vietnam,VNM,2010,94280000
Vietnam,VNM,2011,271130000
Vietnam,VNM,2012,1390000
Vietnam,VNM,2013,91000000
Vietnam,VNM,2014,244070000
Vietnam,VNM,2015,6350000
Vietnam,VNM,2016,301770000
Vietnam,VNM,2017,24530000
Vietnam,VNM,2018,105770000
Vietnam,VNM,2019,250800000
World,OWID_WRL,2000,1424770000
World,OWID_WRL,2001,1668370000
World,OWID_WRL,2002,1321740000
World,OWID_WRL,2003,3097090000
World,OWID_WRL,2004,2116750000
World,OWID_WRL,2005,1961650000
World,OWID_WRL,2006,3238040000
World,OWID_WRL,2007,4272979999.9999995
World,OWID_WRL,2008,2778550000
World,OWID_WRL,2009,8145000000
World,OWID_WRL,2010,11171150000
World,OWID_WRL,2011,11689930000
World,OWID_WRL,2012,10294110000
World,OWID_WRL,2013,13740060000
World,OWID_WRL,2014,15691960000
World,OWID_WRL,2015,12660840000
World,OWID_WRL,2016,20410690000
World,OWID_WRL,2017,24657200000
World,OWID_WRL,2018,14254970000
World,OWID_WRL,2019,10887330000
Yemen,YEM,2000,1480000
Yemen,YEM,2001,30000
Yemen,YEM,2002,0
Yemen,YEM,2004,110000
Yemen,YEM,2005,140000
Yemen,YEM,2006,130000
Yemen,YEM,2007,110000
Yemen,YEM,2008,150000
Yemen,YEM,2009,11170000
Yemen,YEM,2010,310000
Yemen,YEM,2012,79630000
Yemen,YEM,2013,660000
Yemen,YEM,2014,18670000
Yemen,YEM,2017,10000
Yemen,YEM,2018,55730000
Yemen,YEM,2019,1200000
Zambia,ZMB,2000,10000
Zambia,ZMB,2004,2550000
Zambia,ZMB,2005,10300000
Zambia,ZMB,2006,90000
Zambia,ZMB,2007,30000
Zambia,ZMB,2008,19440000
Zambia,ZMB,2009,253950000
Zambia,ZMB,2010,397390000
Zambia,ZMB,2011,75360000
Zambia,ZMB,2012,10000
Zambia,ZMB,2013,1970000
Zambia,ZMB,2014,233900000
Zambia,ZMB,2015,1791180000
Zambia,ZMB,2016,109510000
Zambia,ZMB,2017,170340000
Zambia,ZMB,2018,54110000
Zambia,ZMB,2019,78570000
Zimbabwe,ZWE,2000,40000
Zimbabwe,ZWE,2001,280000
Zimbabwe,ZWE,2003,10000
Zimbabwe,ZWE,2005,500000
Zimbabwe,ZWE,2009,20000
Zimbabwe,ZWE,2011,1080000
Zimbabwe,ZWE,2013,319000000
Zimbabwe,ZWE,2014,17830000
Zimbabwe,ZWE,2016,30000
Zimbabwe,ZWE,2017,5570000
Zimbabwe,ZWE,2018,10000
Zimbabwe,ZWE,2019,250000