Entity,Code,Year,"8.8.1 - Fatal occupational injuries among employees, by sex and migrant status (per 100,000 employees) - SL_EMP_FTLINJUR - Both sexes - No breakdown"
Algeria,DZA,2000,27.3
Algeria,DZA,2001,23.2
Algeria,DZA,2002,20.9
Algeria,DZA,2003,19
Algeria,DZA,2004,17.6
Argentina,ARG,2000,18.6
Argentina,ARG,2002,15.2
Argentina,ARG,2003,15.2
Argentina,ARG,2004,15
Argentina,ARG,2005,14.3
Argentina,ARG,2006,14.9
Argentina,ARG,2007,14.1
Argentina,ARG,2009,10.6
Argentina,ARG,2010,10.9
Argentina,ARG,2011,7.7
Argentina,ARG,2012,6.8
Argentina,ARG,2014,4.7
Argentina,ARG,2015,4.9
Argentina,ARG,2016,4.2
Argentina,ARG,2017,4.4
Argentina,ARG,2018,3.7
Armenia,ARM,2013,1.9
Armenia,ARM,2018,13.6
Armenia,ARM,2019,4.4
Australia,AUS,2000,2
Australia,AUS,2001,2.6
Australia,AUS,2002,2.4
Australia,AUS,2003,2.3
Australia,AUS,2004,2.1
Australia,AUS,2005,2
Australia,AUS,2006,2.1
Australia,AUS,2007,2
Australia,AUS,2008,2.1
Australia,AUS,2009,2.7
Australia,AUS,2010,2
Australia,AUS,2011,2
Australia,AUS,2012,2
Australia,AUS,2013,1.7
Australia,AUS,2014,1.6
Australia,AUS,2015,1.7
Australia,AUS,2017,1.6
Austria,AUT,2000,5.3
Austria,AUT,2001,4.5
Austria,AUT,2002,4.7
Austria,AUT,2003,3.8
Austria,AUT,2004,5
Austria,AUT,2005,4.6
Austria,AUT,2006,3.9
Austria,AUT,2007,3.9
Austria,AUT,2008,4.1
Austria,AUT,2009,4.8
Austria,AUT,2010,4.5
Austria,AUT,2011,3
Austria,AUT,2012,3.4
Austria,AUT,2013,3.5
Austria,AUT,2014,3.1
Austria,AUT,2015,3.2
Austria,AUT,2016,2
Azerbaijan,AZE,2000,4
Azerbaijan,AZE,2001,3
Azerbaijan,AZE,2002,6
Azerbaijan,AZE,2003,6
Azerbaijan,AZE,2004,8
Azerbaijan,AZE,2005,6
Azerbaijan,AZE,2006,8
Azerbaijan,AZE,2007,13
Azerbaijan,AZE,2008,7
Azerbaijan,AZE,2016,4
Azerbaijan,AZE,2017,4
Azerbaijan,AZE,2018,3
Azerbaijan,AZE,2019,4
Azerbaijan,AZE,2020,3
Bahrain,BHR,2000,10
Bahrain,BHR,2001,5.9
Bahrain,BHR,2002,7.5
Bahrain,BHR,2003,10
Bahrain,BHR,2004,5
Bahrain,BHR,2005,10
Bahrain,BHR,2006,8
Bahrain,BHR,2007,7
Bahrain,BHR,2008,5
Bahrain,BHR,2020,0.6
Barbados,BRB,2016,0.8
Belarus,BLR,2000,6.4
Belarus,BLR,2001,5.8
Belarus,BLR,2002,5.9
Belarus,BLR,2003,5.6
Belarus,BLR,2004,6.4
Belarus,BLR,2005,6.1
Belarus,BLR,2006,5.8
Belarus,BLR,2007,5.4
Belarus,BLR,2008,5.1
Belarus,BLR,2009,4.9
Belarus,BLR,2010,5.1
Belarus,BLR,2011,4.4
Belarus,BLR,2012,3.9
Belarus,BLR,2013,3.8
Belarus,BLR,2014,3
Belarus,BLR,2015,2
Belarus,BLR,2016,2.3
Belarus,BLR,2017,2.2
Belarus,BLR,2018,2.8
Belarus,BLR,2019,2.9
Belgium,BEL,2000,3.9
Belgium,BEL,2001,3.1
Belgium,BEL,2009,2.1
Belgium,BEL,2010,2.2
Belgium,BEL,2011,2.8
Belgium,BEL,2012,1.8
Belgium,BEL,2013,2.5
Belgium,BEL,2014,1.6
Belgium,BEL,2015,1.6
Belize,BLZ,2011,4.5
Belize,BLZ,2012,6.7
Brazil,BRA,2000,11.5
Brazil,BRA,2011,7.4
Bulgaria,BGR,2000,7.3
Bulgaria,BGR,2001,7.3
Bulgaria,BGR,2002,6
Bulgaria,BGR,2003,5.2
Bulgaria,BGR,2004,6
Bulgaria,BGR,2005,5.8
Bulgaria,BGR,2006,7.2
Bulgaria,BGR,2007,7.1
Bulgaria,BGR,2008,6.4
Bulgaria,BGR,2009,3.3
Bulgaria,BGR,2010,3.6
Bulgaria,BGR,2011,3.6
Bulgaria,BGR,2012,3.8
Bulgaria,BGR,2013,3.4
Bulgaria,BGR,2014,4.5
Bulgaria,BGR,2015,3.6
Bulgaria,BGR,2016,3
Bulgaria,BGR,2019,3.4
Burkina Faso,BFA,2000,4.4
Canada,CAN,2000,3.4
Canada,CAN,2001,3.3
Canada,CAN,2002,3.2
Canada,CAN,2003,2.9
Canada,CAN,2004,2.9
Canada,CAN,2005,3
Canada,CAN,2006,2.7
Canada,CAN,2007,2.3
Canada,CAN,2008,2.7
Canada,CAN,2009,2.1
Canada,CAN,2010,2.2
Canada,CAN,2011,2.1
Canada,CAN,2013,2
Canada,CAN,2014,2
Canada,CAN,2015,1.7
Canada,CAN,2016,1.8
Canada,CAN,2017,1.8
Canada,CAN,2018,1.9
Canada,CAN,2019,4.9
Chile,CHL,2000,12
Chile,CHL,2001,10.2
Chile,CHL,2002,11.4
Chile,CHL,2003,11.6
Chile,CHL,2004,9.3
Chile,CHL,2009,6.9
Chile,CHL,2011,5.5
Chile,CHL,2012,6
Chile,CHL,2013,5.1
Chile,CHL,2017,3.4
Chile,CHL,2018,3.1
"China, Hong Kong Special Administrative Region",,2000,8
"China, Hong Kong Special Administrative Region",,2001,7.1
"China, Hong Kong Special Administrative Region",,2002,8.6
"China, Hong Kong Special Administrative Region",,2003,7.2
"China, Hong Kong Special Administrative Region",,2004,7.7
"China, Hong Kong Special Administrative Region",,2005,7.5
"China, Hong Kong Special Administrative Region",,2006,7.3
"China, Hong Kong Special Administrative Region",,2007,6.6
"China, Hong Kong Special Administrative Region",,2008,6.8
"China, Hong Kong Special Administrative Region",,2009,6
"China, Hong Kong Special Administrative Region",,2010,7
"China, Hong Kong Special Administrative Region",,2011,7
"China, Hong Kong Special Administrative Region",,2012,7
"China, Hong Kong Special Administrative Region",,2013,7
"China, Hong Kong Special Administrative Region",,2014,7
"China, Hong Kong Special Administrative Region",,2015,6
"China, Hong Kong Special Administrative Region",,2016,6.8
Colombia,COL,2011,4
Colombia,COL,2012,3.5
Colombia,COL,2013,9
Colombia,COL,2014,4
Colombia,COL,2015,18
Colombia,COL,2017,0
Costa Rica,CRI,2000,9.6
Costa Rica,CRI,2001,9.5
Costa Rica,CRI,2002,7.5
Costa Rica,CRI,2003,7
Costa Rica,CRI,2004,6.1
Costa Rica,CRI,2005,6.4
Costa Rica,CRI,2006,7.2
Costa Rica,CRI,2007,9.9
Costa Rica,CRI,2008,9.1
Costa Rica,CRI,2009,10.5
Costa Rica,CRI,2010,9.3
Costa Rica,CRI,2011,10.2
Costa Rica,CRI,2012,9.6
Costa Rica,CRI,2013,8.3
Costa Rica,CRI,2014,5.8
Costa Rica,CRI,2015,6.2
Costa Rica,CRI,2016,9.7
Croatia,HRV,2000,3.1
Croatia,HRV,2001,3.2
Croatia,HRV,2002,3.3
Croatia,HRV,2003,3.4
Croatia,HRV,2004,2.7
Croatia,HRV,2005,4.3
Croatia,HRV,2006,5
Croatia,HRV,2007,4.7
Croatia,HRV,2008,5.2
Croatia,HRV,2009,2.4
Croatia,HRV,2010,2.7
Croatia,HRV,2011,2.7
Croatia,HRV,2012,3.9
Croatia,HRV,2013,2.1
Croatia,HRV,2014,2
Croatia,HRV,2015,2.2
Croatia,HRV,2016,2.7
Cuba,CUB,2009,23
Cuba,CUB,2010,25
Cyprus,CYP,2000,2.3
Cyprus,CYP,2001,3.9
Cyprus,CYP,2002,7
Cyprus,CYP,2003,3.2
Cyprus,CYP,2004,5.4
Cyprus,CYP,2005,5
Cyprus,CYP,2006,6
Cyprus,CYP,2007,5
Cyprus,CYP,2008,3.9
Cyprus,CYP,2009,2.6
Cyprus,CYP,2010,4.9
Cyprus,CYP,2011,1.8
Cyprus,CYP,2012,3.1
Cyprus,CYP,2013,3
Cyprus,CYP,2014,2.1
Cyprus,CYP,2015,1.9
Cyprus,CYP,2016,1.6
Cyprus,CYP,2020,3.8
Czechia,CZE,2000,4.9
Czechia,CZE,2001,5.2
Czechia,CZE,2002,4.6
Czechia,CZE,2003,4.5
Czechia,CZE,2004,4.2
Czechia,CZE,2005,3.7
Czechia,CZE,2006,3.4
Czechia,CZE,2007,4.1
Czechia,CZE,2008,3.8
Czechia,CZE,2009,2.1
Czechia,CZE,2010,2.5
Czechia,CZE,2011,3.2
Czechia,CZE,2012,2.4
Czechia,CZE,2013,2.3
Czechia,CZE,2014,2.4
Czechia,CZE,2015,2.6
Czechia,CZE,2016,2.3
Denmark,DNK,2000,2
Denmark,DNK,2001,2
Denmark,DNK,2009,1.4
Denmark,DNK,2010,1.5
Denmark,DNK,2011,1.6
Denmark,DNK,2012,1.7
Denmark,DNK,2013,1.5
Denmark,DNK,2014,1.4
Denmark,DNK,2015,1
Dominican Republic,DOM,2008,17.9
Egypt,EGY,2000,7
Egypt,EGY,2001,7
Egypt,EGY,2002,7
Egypt,EGY,2003,6.5
Egypt,EGY,2011,13
Egypt,EGY,2012,11.6
Egypt,EGY,2014,11.2
Egypt,EGY,2015,10.7
El Salvador,SLV,2000,47.6
El Salvador,SLV,2001,44.6
El Salvador,SLV,2002,33.1
El Salvador,SLV,2003,35.1
El Salvador,SLV,2009,0.2
El Salvador,SLV,2010,0.1
Estonia,EST,2000,4.4
Estonia,EST,2001,6.2
Estonia,EST,2002,6
Estonia,EST,2003,5.2
Estonia,EST,2004,5.7
Estonia,EST,2005,4
Estonia,EST,2006,4.3
Estonia,EST,2007,3.2
Estonia,EST,2008,3.2
Estonia,EST,2009,3.5
Estonia,EST,2010,3.4
Estonia,EST,2011,3.1
Estonia,EST,2012,2.4
Estonia,EST,2013,3.9
Estonia,EST,2014,2.9
Estonia,EST,2015,3.1
Estonia,EST,2016,4
Estonia,EST,2020,2.2
Finland,FIN,2000,2.3
Finland,FIN,2001,2.1
Finland,FIN,2002,1.8
Finland,FIN,2003,2.1
Finland,FIN,2004,2.1
Finland,FIN,2005,2.4
Finland,FIN,2006,2.2
Finland,FIN,2007,1.7
Finland,FIN,2009,1.3
Finland,FIN,2010,1.3
Finland,FIN,2011,1.3
Finland,FIN,2012,1.5
Finland,FIN,2013,0.9
Finland,FIN,2014,1.5
Finland,FIN,2015,1.4
France,FRA,2000,4.4
France,FRA,2001,4.2
France,FRA,2002,3.8
France,FRA,2003,3.7
France,FRA,2004,3.5
France,FRA,2005,2.7
France,FRA,2006,3
France,FRA,2007,3.4
France,FRA,2008,2
France,FRA,2009,2.2
France,FRA,2010,2.4
France,FRA,2011,3.1
France,FRA,2012,2.5
France,FRA,2013,2.4
France,FRA,2014,2.7
France,FRA,2015,2.6
French Guiana,GUF,2014,0
Georgia,GEO,2019,2.2
Georgia,GEO,2020,6
Germany,DEU,2009,1.1
Germany,DEU,2010,1.2
Germany,DEU,2011,1.2
Germany,DEU,2012,1.2
Germany,DEU,2013,1
Germany,DEU,2014,1.1
Germany,DEU,2015,1
Greece,GRC,2000,4.1
Greece,GRC,2001,5.9
Greece,GRC,2002,5.3
Greece,GRC,2003,5.4
Greece,GRC,2009,0.7
Greece,GRC,2010,0.8
Greece,GRC,2011,0.9
Greece,GRC,2012,0.7
Greece,GRC,2013,0.7
Greece,GRC,2014,0.8
Greece,GRC,2015,1.2
Greece,GRC,2016,1.3
Guadeloupe,GLP,2014,6.8
Hungary,HUN,2000,4
Hungary,HUN,2001,3.2
Hungary,HUN,2002,4.2
Hungary,HUN,2003,3.4
Hungary,HUN,2004,4.1
Hungary,HUN,2005,3.2
Hungary,HUN,2006,3.1
Hungary,HUN,2007,3
Hungary,HUN,2008,3
Hungary,HUN,2009,2.7
Hungary,HUN,2010,2.7
Hungary,HUN,2011,2.4
Hungary,HUN,2012,1.7
Hungary,HUN,2013,1.4
Hungary,HUN,2014,2.3
Hungary,HUN,2015,2.3
Hungary,HUN,2016,1.8
Hungary,HUN,2020,1.4
Iceland,ISL,2011,0
Iceland,ISL,2012,0
Iceland,ISL,2013,0
India,IND,2000,51
India,IND,2001,77.9
India,IND,2002,87.8
India,IND,2003,82.5
India,IND,2004,89.3
India,IND,2005,133.4
India,IND,2006,98.3
India,IND,2007,116.8
Ireland,IRL,2000,4.2
Ireland,IRL,2001,3.8
Ireland,IRL,2002,3
Ireland,IRL,2003,3.2
Ireland,IRL,2004,2.5
Ireland,IRL,2005,3.3
Ireland,IRL,2006,2.2
Ireland,IRL,2007,2.8
Ireland,IRL,2008,2.5
Ireland,IRL,2009,2.1
Ireland,IRL,2010,2.2
Ireland,IRL,2011,2.8
Ireland,IRL,2012,2.2
Ireland,IRL,2013,2.1
Ireland,IRL,2014,2.5
Ireland,IRL,2015,2.5
Isle of Man,IMN,2000,6
Isle of Man,IMN,2001,5
Isle of Man,IMN,2002,0
Isle of Man,IMN,2003,0
Isle of Man,IMN,2004,0
Isle of Man,IMN,2005,3
Isle of Man,IMN,2006,0
Isle of Man,IMN,2007,0
Isle of Man,IMN,2008,2
Israel,ISR,2000,4.3
Israel,ISR,2001,4.2
Israel,ISR,2002,3.8
Israel,ISR,2003,3.6
Israel,ISR,2004,3.3
Israel,ISR,2005,3
Israel,ISR,2006,3
Israel,ISR,2007,2.6
Israel,ISR,2008,3.4
Israel,ISR,2009,1.7
Israel,ISR,2010,2
Israel,ISR,2011,2.4
Israel,ISR,2012,2.1
Israel,ISR,2014,2
Israel,ISR,2015,1.7
Israel,ISR,2016,1.4
Israel,ISR,2017,1.2
Israel,ISR,2018,1.7
Israel,ISR,2019,2
Israel,ISR,2020,1.4
Italy,ITA,2000,7
Italy,ITA,2001,6
Italy,ITA,2002,5
Italy,ITA,2003,5
Italy,ITA,2004,5
Italy,ITA,2005,5
Italy,ITA,2006,5
Italy,ITA,2007,4
Italy,ITA,2008,4
Italy,ITA,2009,3
Italy,ITA,2010,3
Italy,ITA,2011,2.7
Italy,ITA,2012,2.6
Italy,ITA,2013,2.3
Italy,ITA,2014,2.3
Italy,ITA,2015,2.4
Japan,JPN,2016,2
Japan,JPN,2017,2
Japan,JPN,2018,2
Japan,JPN,2019,1.4
Japan,JPN,2020,1.3
Jordan,JOR,2001,9.2
Jordan,JOR,2002,11.8
Jordan,JOR,2003,15
Jordan,JOR,2004,10
Jordan,JOR,2005,10.6
Jordan,JOR,2006,13.2
Kazakhstan,KAZ,2000,11.3
Kazakhstan,KAZ,2001,9.7
Kazakhstan,KAZ,2002,10.7
Kazakhstan,KAZ,2003,9.3
Kazakhstan,KAZ,2004,10.4
Kazakhstan,KAZ,2005,10.3
Kazakhstan,KAZ,2006,11.3
Kazakhstan,KAZ,2007,8.7
Kazakhstan,KAZ,2008,8.2
Kazakhstan,KAZ,2009,7.5
Kazakhstan,KAZ,2010,7.6
Kazakhstan,KAZ,2013,5.9
Kazakhstan,KAZ,2015,5
Kazakhstan,KAZ,2017,4.3
Kyrgyzstan,KGZ,2000,7
Kyrgyzstan,KGZ,2001,7
Kyrgyzstan,KGZ,2002,7
Kyrgyzstan,KGZ,2003,5
Kyrgyzstan,KGZ,2004,8
Kyrgyzstan,KGZ,2005,5
Kyrgyzstan,KGZ,2006,5
Kyrgyzstan,KGZ,2007,5
Kyrgyzstan,KGZ,2008,5
Kyrgyzstan,KGZ,2013,6
Kyrgyzstan,KGZ,2015,4.1
Latvia,LVA,2002,6.9
Latvia,LVA,2003,4.9
Latvia,LVA,2004,6.9
Latvia,LVA,2005,6
Latvia,LVA,2006,5.5
Latvia,LVA,2007,5.7
Latvia,LVA,2009,3.3
Latvia,LVA,2010,3.5
Latvia,LVA,2011,4.1
Latvia,LVA,2012,4.4
Latvia,LVA,2013,3.5
Latvia,LVA,2014,4.5
Latvia,LVA,2015,3.7
Lithuania,LTU,2000,8.6
Lithuania,LTU,2001,8.9
Lithuania,LTU,2002,8.1
Lithuania,LTU,2003,11.3
Lithuania,LTU,2004,9
Lithuania,LTU,2005,10.9
Lithuania,LTU,2006,9.6
Lithuania,LTU,2007,8.7
Lithuania,LTU,2008,6.8
Lithuania,LTU,2009,4.4
Lithuania,LTU,2010,4
Lithuania,LTU,2011,4.1
Lithuania,LTU,2012,5
Lithuania,LTU,2013,4.6
Lithuania,LTU,2014,4.7
Lithuania,LTU,2015,3.8
Lithuania,LTU,2016,4.2
Luxembourg,LUX,2000,4.7
Luxembourg,LUX,2002,5.7
Luxembourg,LUX,2003,4.9
Luxembourg,LUX,2004,1.9
Luxembourg,LUX,2008,2.9
Luxembourg,LUX,2009,1.5
Luxembourg,LUX,2010,1.5
Luxembourg,LUX,2011,3
Luxembourg,LUX,2012,3.6
Luxembourg,LUX,2013,2.1
Luxembourg,LUX,2014,4.8
Luxembourg,LUX,2015,3.3
Macao,MAC,2006,2.3
Macao,MAC,2007,4.8
Macao,MAC,2008,4.1
Macao,MAC,2009,2.2
Macao,MAC,2010,3.5
Macao,MAC,2011,3.4
Macao,MAC,2012,5.2
Macao,MAC,2013,5
Macao,MAC,2014,3.1
Macao,MAC,2015,5
Macao,MAC,2016,6.9
Malaysia,MYS,2000,11.3
Malaysia,MYS,2001,10.9
Malaysia,MYS,2002,10.8
Malaysia,MYS,2011,9
Malaysia,MYS,2012,6
Malaysia,MYS,2013,5
Malaysia,MYS,2015,5
Malaysia,MYS,2017,3.8
Malta,MLT,2000,3.7
Malta,MLT,2001,4.3
Malta,MLT,2002,2.8
Malta,MLT,2003,8.2
Malta,MLT,2004,8.1
Malta,MLT,2005,4
Malta,MLT,2006,5.2
Malta,MLT,2007,4.5
Malta,MLT,2008,1.9
Malta,MLT,2009,5
Malta,MLT,2010,4.9
Malta,MLT,2011,1.2
Malta,MLT,2012,5.9
Malta,MLT,2013,2.3
Malta,MLT,2014,2.2
Malta,MLT,2015,2.7
Malta,MLT,2020,2.7
Mauritius,MUS,2001,2
Mauritius,MUS,2002,7
Mauritius,MUS,2008,1
Mauritius,MUS,2018,0.5
Mauritius,MUS,2020,0
Mexico,MEX,2000,14
Mexico,MEX,2001,12
Mexico,MEX,2002,11
Mexico,MEX,2003,12
Mexico,MEX,2004,11
Mexico,MEX,2005,11
Mexico,MEX,2006,10
Mexico,MEX,2007,9
Mexico,MEX,2008,10
Mexico,MEX,2009,10
Mexico,MEX,2010,10
Mexico,MEX,2011,10.5
Mexico,MEX,2012,9.8
Mexico,MEX,2013,8.1
Mexico,MEX,2014,7.9
Mexico,MEX,2015,8.2
Mexico,MEX,2016,7.7
Mexico,MEX,2017,7.5
Moldova,MDA,2000,6.5
Moldova,MDA,2001,5
Moldova,MDA,2002,5.3
Moldova,MDA,2003,5.6
Moldova,MDA,2004,4.9
Moldova,MDA,2005,6.4
Moldova,MDA,2006,4.7
Moldova,MDA,2007,7.1
Moldova,MDA,2008,5.3
Moldova,MDA,2009,4.9
Moldova,MDA,2010,6.6
Moldova,MDA,2013,6.2
Moldova,MDA,2014,5.9
Moldova,MDA,2015,5.7
Moldova,MDA,2016,4.9
Moldova,MDA,2017,6.8
Moldova,MDA,2018,6.2
Moldova,MDA,2019,5.8
Moldova,MDA,2020,5.2
Mongolia,MNG,2016,2.7
Mongolia,MNG,2017,2.2
Mongolia,MNG,2018,2.4
Mongolia,MNG,2019,4.5
Mongolia,MNG,2020,3.4
Myanmar,MMR,2000,4.4
Myanmar,MMR,2001,4.1
Myanmar,MMR,2002,2.6
Myanmar,MMR,2003,3
Myanmar,MMR,2004,3
Myanmar,MMR,2005,2
Myanmar,MMR,2007,7
Myanmar,MMR,2008,7.5
Myanmar,MMR,2009,8.9
Myanmar,MMR,2010,6.7
Myanmar,MMR,2011,5.4
Myanmar,MMR,2012,3.8
Myanmar,MMR,2013,3.7
Myanmar,MMR,2014,2.9
Myanmar,MMR,2015,4
Myanmar,MMR,2016,4.6
Myanmar,MMR,2017,2.6
Myanmar,MMR,2018,2.4
Myanmar,MMR,2019,3.2
Namibia,NAM,2000,7
Namibia,NAM,2001,5
Netherlands,NLD,2009,1.1
Netherlands,NLD,2010,1
Netherlands,NLD,2011,0.7
Netherlands,NLD,2012,0.5
Netherlands,NLD,2013,0.6
Netherlands,NLD,2014,0.7
Netherlands,NLD,2015,0.5
New Caledonia,NCL,2012,4
New Caledonia,NCL,2013,11
New Caledonia,NCL,2014,5
New Caledonia,NCL,2015,7
New Zealand,NZL,2012,2.5
New Zealand,NZL,2015,2.3
Nicaragua,NIC,2000,9
Nicaragua,NIC,2001,10
Nicaragua,NIC,2002,9
Nicaragua,NIC,2003,6
Nicaragua,NIC,2009,7.6
Nicaragua,NIC,2010,8
Norway,NOR,2000,2.5
Norway,NOR,2001,1.6
Norway,NOR,2002,1.7
Norway,NOR,2003,2.1
Norway,NOR,2004,1.7
Norway,NOR,2005,2.1
Norway,NOR,2006,1.3
Norway,NOR,2007,1.6
Norway,NOR,2008,2
Norway,NOR,2009,1.8
Norway,NOR,2010,1.6
Norway,NOR,2011,2.2
Norway,NOR,2012,1.4
Norway,NOR,2013,1.9
Norway,NOR,2014,1.7
Norway,NOR,2015,1.5
Pakistan,PAK,2001,55.8
Pakistan,PAK,2002,44.3
Palestine,PSE,2015,38.4
Palestine,PSE,2020,1
Panama,PAN,2000,6.7
Panama,PAN,2001,8.2
Panama,PAN,2002,6.3
Panama,PAN,2003,8.3
Panama,PAN,2004,5.7
Panama,PAN,2005,6.4
Panama,PAN,2006,8.7
Panama,PAN,2011,1.6
Panama,PAN,2012,1.5
Panama,PAN,2013,1.3
Panama,PAN,2014,1.2
Panama,PAN,2015,1.5
Panama,PAN,2016,4
Panama,PAN,2018,7.9
Panama,PAN,2019,1.4
Panama,PAN,2020,66.7
Philippines,PHL,2000,9.5
Philippines,PHL,2002,11.8
Philippines,PHL,2003,7.1
Philippines,PHL,2007,3.9
Philippines,PHL,2009,4
Philippines,PHL,2011,4.4
Philippines,PHL,2013,6.4
Philippines,PHL,2015,3.8
Philippines,PHL,2017,9.6
Poland,POL,2000,5.2
Poland,POL,2001,5.1
Poland,POL,2002,4.9
Poland,POL,2003,4.9
Poland,POL,2004,4.7
Poland,POL,2005,4.4
Poland,POL,2006,4.6
Poland,POL,2007,4.3
Poland,POL,2008,4.5
Poland,POL,2009,4.7
Poland,POL,2010,3.3
Poland,POL,2011,2.5
Poland,POL,2012,2.3
Poland,POL,2013,1.8
Poland,POL,2014,1.8
Poland,POL,2015,1.9
Portugal,PRT,2000,8.7
Portugal,PRT,2001,8.3
Portugal,PRT,2002,8.1
Portugal,PRT,2003,7.1
Portugal,PRT,2004,7
Portugal,PRT,2005,7
Portugal,PRT,2006,6
Portugal,PRT,2007,6.3
Portugal,PRT,2009,4.2
Portugal,PRT,2010,4.3
Portugal,PRT,2011,5.1
Portugal,PRT,2012,4.8
Portugal,PRT,2013,3.6
Portugal,PRT,2014,3.6
Portugal,PRT,2015,3.5
Puerto Rico,PRI,2000,4.1
Puerto Rico,PRI,2005,8.2
Qatar,QAT,2016,1.7
Qatar,QAT,2018,5.9
Reunion,REU,2014,2.3
Romania,ROU,2000,8
Romania,ROU,2001,7.1
Romania,ROU,2002,7
Romania,ROU,2003,7
Romania,ROU,2004,7
Romania,ROU,2005,9
Romania,ROU,2006,7.2
Romania,ROU,2007,8.4
Romania,ROU,2008,9
Romania,ROU,2009,4.5
Romania,ROU,2010,5.3
Romania,ROU,2011,6.4
Romania,ROU,2012,5.8
Romania,ROU,2013,5.6
Romania,ROU,2014,5.5
Romania,ROU,2015,5.6
Romania,ROU,2016,3.8
Romania,ROU,2020,2.9
Russia,RUS,2000,14.9
Russia,RUS,2001,15
Russia,RUS,2002,13.8
Russia,RUS,2003,13.1
Russia,RUS,2004,12.9
Russia,RUS,2005,12.4
Russia,RUS,2006,11.9
Russia,RUS,2007,12.4
Russia,RUS,2008,10.9
Russia,RUS,2009,9
Russia,RUS,2010,9
Russia,RUS,2011,9
Russia,RUS,2012,8
Russia,RUS,2013,8
Russia,RUS,2014,7
Russia,RUS,2015,6
Russia,RUS,2016,6
Russia,RUS,2017,6
Russia,RUS,2018,5
Russia,RUS,2019,5
Russia,RUS,2020,5
Saint Vincent and the Grenadines,VCT,2000,0
Saint Vincent and the Grenadines,VCT,2001,0
Saint Vincent and the Grenadines,VCT,2002,0
Saint Vincent and the Grenadines,VCT,2003,0
Saint Vincent and the Grenadines,VCT,2004,0
Saint Vincent and the Grenadines,VCT,2005,0
Saint Vincent and the Grenadines,VCT,2006,0
Saint Vincent and the Grenadines,VCT,2007,0
Saint Vincent and the Grenadines,VCT,2008,2.6
San Marino,SMR,2000,0
San Marino,SMR,2001,0
San Marino,SMR,2002,0
San Marino,SMR,2003,0
San Marino,SMR,2004,0
San Marino,SMR,2005,0
Seychelles,SYC,2018,4.8
Singapore,SGP,2000,10.8
Singapore,SGP,2001,7.9
Singapore,SGP,2002,10.2
Singapore,SGP,2003,11.8
Singapore,SGP,2004,8.2
Singapore,SGP,2005,6.9
Singapore,SGP,2006,3.1
Singapore,SGP,2007,2.9
Singapore,SGP,2008,2.8
Singapore,SGP,2009,2.9
Singapore,SGP,2010,2.2
Singapore,SGP,2011,2.3
Singapore,SGP,2012,2.1
Singapore,SGP,2013,2.1
Singapore,SGP,2014,1.8
Singapore,SGP,2015,1.9
Singapore,SGP,2016,1.9
Singapore,SGP,2017,1.2
Singapore,SGP,2018,1.2
Singapore,SGP,2019,1.1
Singapore,SGP,2020,0.9
Slovakia,SVK,2000,4.3
Slovakia,SVK,2001,4.9
Slovakia,SVK,2002,4.3
Slovakia,SVK,2003,4.7
Slovakia,SVK,2004,3.9
Slovakia,SVK,2005,3.7
Slovakia,SVK,2006,4.6
Slovakia,SVK,2007,4.1
Slovakia,SVK,2008,4.2
Slovakia,SVK,2009,1.9
Slovakia,SVK,2010,1.9
Slovakia,SVK,2011,1.6
Slovakia,SVK,2012,2.2
Slovakia,SVK,2013,2.4
Slovakia,SVK,2014,1.7
Slovakia,SVK,2015,2.7
Slovakia,SVK,2016,2
Slovakia,SVK,2020,1.5
Slovenia,SVN,2000,3.3
Slovenia,SVN,2001,4.3
Slovenia,SVN,2002,4
Slovenia,SVN,2003,5.1
Slovenia,SVN,2004,2.6
Slovenia,SVN,2005,2.6
Slovenia,SVN,2006,3.8
Slovenia,SVN,2007,5
Slovenia,SVN,2009,2.7
Slovenia,SVN,2010,3
Slovenia,SVN,2011,2.6
Slovenia,SVN,2012,2.7
Slovenia,SVN,2013,2.5
Slovenia,SVN,2014,3.1
Slovenia,SVN,2015,2.8
Slovenia,SVN,2019,1.7
South Korea,KOR,2000,14.3
South Korea,KOR,2001,12.3
South Korea,KOR,2002,12
South Korea,KOR,2003,13.3
South Korea,KOR,2004,13.5
South Korea,KOR,2005,11.7
South Korea,KOR,2006,10.6
South Korea,KOR,2007,9.1
South Korea,KOR,2008,8.7
South Korea,KOR,2009,8.2
South Korea,KOR,2010,7.9
South Korea,KOR,2011,7.9
South Korea,KOR,2012,7.3
South Korea,KOR,2013,7.1
South Korea,KOR,2014,5.8
South Korea,KOR,2015,5.3
South Korea,KOR,2016,5.3
South Korea,KOR,2017,5.2
South Korea,KOR,2018,5.1
South Korea,KOR,2019,4.6
South Korea,KOR,2020,4.7
Spain,ESP,2000,9.2
Spain,ESP,2001,8
Spain,ESP,2002,6.1
Spain,ESP,2003,5.3
Spain,ESP,2004,4.9
Spain,ESP,2005,4.5
Spain,ESP,2006,4.4
Spain,ESP,2007,3.6
Spain,ESP,2008,3.3
Spain,ESP,2009,2.6
Spain,ESP,2010,2.3
Spain,ESP,2011,2.5
Spain,ESP,2012,2.2
Spain,ESP,2013,1.9
Spain,ESP,2014,2
Spain,ESP,2015,2.3
Spain,ESP,2016,1.9
Spain,ESP,2017,2
Spain,ESP,2018,2
Spain,ESP,2019,1.8
Sri Lanka,LKA,2000,1.7
Sri Lanka,LKA,2001,1.3
Sri Lanka,LKA,2002,1.3
Sri Lanka,LKA,2003,2
Sri Lanka,LKA,2004,1.4
Sri Lanka,LKA,2005,1.7
Sri Lanka,LKA,2006,2.8
Sri Lanka,LKA,2007,6.3
Sri Lanka,LKA,2008,1.6
Sri Lanka,LKA,2014,0.9
Sri Lanka,LKA,2015,1
Sri Lanka,LKA,2016,0.8
Sri Lanka,LKA,2017,0.8
Sri Lanka,LKA,2018,1.3
Sri Lanka,LKA,2019,1
Sri Lanka,LKA,2020,1
Sweden,SWE,2000,1.5
Sweden,SWE,2001,1.4
Sweden,SWE,2002,1.4
Sweden,SWE,2003,1.3
Sweden,SWE,2004,1.4
Sweden,SWE,2005,1.6
Sweden,SWE,2006,1.6
Sweden,SWE,2007,1.7
Sweden,SWE,2008,1.5
Sweden,SWE,2009,1
Sweden,SWE,2010,0.9
Sweden,SWE,2011,1.3
Sweden,SWE,2012,1
Sweden,SWE,2013,0.8
Sweden,SWE,2014,0.9
Sweden,SWE,2015,0.7
Sweden,SWE,2016,1
Switzerland,CHE,2000,2.3
Switzerland,CHE,2001,2
Switzerland,CHE,2002,1.5
Switzerland,CHE,2003,1.3
Switzerland,CHE,2004,1.9
Switzerland,CHE,2005,1.3
Switzerland,CHE,2006,1.4
Switzerland,CHE,2007,1.6
Switzerland,CHE,2008,1.1
Switzerland,CHE,2009,1.7
Switzerland,CHE,2010,2.2
Switzerland,CHE,2011,1.2
Switzerland,CHE,2012,1.6
Switzerland,CHE,2013,1.8
Switzerland,CHE,2014,1.6
Switzerland,CHE,2015,1.3
Thailand,THA,2000,11.3
Thailand,THA,2001,10.9
Thailand,THA,2002,9.9
Thailand,THA,2003,11.2
Thailand,THA,2004,11.7
Thailand,THA,2005,18.7
Thailand,THA,2006,10.1
Thailand,THA,2007,9.1
Thailand,THA,2008,7.5
Thailand,THA,2009,7.5
Thailand,THA,2010,7.6
Thailand,THA,2011,6.7
Thailand,THA,2012,8.4
Thailand,THA,2013,7.1
Thailand,THA,2014,6.8
Thailand,THA,2019,5.5
Thailand,THA,2020,5.3
Togo,TGO,2000,11.7
Togo,TGO,2001,16.8
Togo,TGO,2002,11.3
Togo,TGO,2003,15
Togo,TGO,2004,16.3
Trinidad and Tobago,TTO,2000,0.9
Trinidad and Tobago,TTO,2001,0.5
Trinidad and Tobago,TTO,2002,0.1
Trinidad and Tobago,TTO,2003,0.5
Trinidad and Tobago,TTO,2004,0.5
Trinidad and Tobago,TTO,2005,3.1
Trinidad and Tobago,TTO,2006,1.9
Tunisia,TUN,2000,14.9
Tunisia,TUN,2001,15.9
Tunisia,TUN,2002,14.3
Tunisia,TUN,2003,16
Tunisia,TUN,2004,13.1
Turkey,TUR,2000,24.6
Turkey,TUR,2001,20.6
Turkey,TUR,2002,16.8
Turkey,TUR,2003,14.4
Turkey,TUR,2004,13.6
Turkey,TUR,2005,15.8
Turkey,TUR,2006,20.5
Turkey,TUR,2007,12.3
Turkey,TUR,2008,9
Turkey,TUR,2009,11.9
Turkey,TUR,2010,13.3
Turkey,TUR,2011,14.4
Turkey,TUR,2012,5.8
Turkey,TUR,2013,8.3
Turkey,TUR,2014,9.4
Turkey,TUR,2015,6.9
Turkey,TUR,2016,7.5
Turkey,TUR,2017,8.2
Turkey,TUR,2018,7.9
Turkey,TUR,2019,5.9
Turkey,TUR,2020,6
Ukraine,UKR,2000,9.5
Ukraine,UKR,2001,10.5
Ukraine,UKR,2002,10
Ukraine,UKR,2003,9.4
Ukraine,UKR,2004,8.9
Ukraine,UKR,2005,8.4
Ukraine,UKR,2006,8.3
Ukraine,UKR,2007,9.3
Ukraine,UKR,2008,8
Ukraine,UKR,2009,5.5
Ukraine,UKR,2010,5.6
Ukraine,UKR,2011,5.8
Ukraine,UKR,2012,5.7
Ukraine,UKR,2013,5
Ukraine,UKR,2014,4.3
Ukraine,UKR,2015,4
Ukraine,UKR,2016,4.5
Ukraine,UKR,2017,3.8
Ukraine,UKR,2018,3.6
Ukraine,UKR,2019,5.5
Ukraine,UKR,2020,5.4
United Kingdom,GBR,2000,0.9
United Kingdom,GBR,2001,0.8
United Kingdom,GBR,2002,0.7
United Kingdom,GBR,2003,0.7
United Kingdom,GBR,2004,0.7
United Kingdom,GBR,2005,0.6
United Kingdom,GBR,2006,0.7
United Kingdom,GBR,2009,0.5
United Kingdom,GBR,2010,0.5
United Kingdom,GBR,2011,0.7
United Kingdom,GBR,2012,0.6
United Kingdom,GBR,2013,0.9
United Kingdom,GBR,2014,0.8
United Kingdom,GBR,2015,0.8
United States,USA,2000,4
United States,USA,2001,4
United States,USA,2002,4
United States,USA,2003,4
United States,USA,2004,4
United States,USA,2005,4
United States,USA,2006,4
United States,USA,2007,4
United States,USA,2008,3.7
United States,USA,2009,5.2
United States,USA,2010,5.5
United States,USA,2011,5.1
United States,USA,2012,5
United States,USA,2013,5
United States,USA,2014,5.3
United States,USA,2015,4.8
United States,USA,2016,5.2
United States,USA,2017,5.3
United States,USA,2018,5.3
Uruguay,URY,2018,3.7
Uzbekistan,UZB,2009,12.6
Uzbekistan,UZB,2010,10.9
Uzbekistan,UZB,2011,10.6
Uzbekistan,UZB,2012,10.6
Uzbekistan,UZB,2013,11
Uzbekistan,UZB,2014,11.2
Uzbekistan,UZB,2015,9
Uzbekistan,UZB,2016,8
Uzbekistan,UZB,2017,8
Uzbekistan,UZB,2018,8
Uzbekistan,UZB,2019,10
Zimbabwe,ZWE,2000,8.5
Zimbabwe,ZWE,2001,6.2
Zimbabwe,ZWE,2005,6.2
Zimbabwe,ZWE,2006,7.5
Zimbabwe,ZWE,2007,6.3
Zimbabwe,ZWE,2011,8.5
Zimbabwe,ZWE,2012,9.5