Entity,Code,Year,"Share of youth not in education, employment or training, total (% of youth population)"
Afghanistan,AFG,2014,9.48999977111816
Afghanistan,AFG,2017,42.0099983215332
Albania,ALB,2007,33.7700004577637
Albania,ALB,2008,28.1200008392334
Albania,ALB,2009,30.7299995422363
Albania,ALB,2010,29.5
Albania,ALB,2011,30.0100002288818
Albania,ALB,2012,27.6499996185303
Albania,ALB,2013,30.9799995422363
Albania,ALB,2014,31.3899993896484
Albania,ALB,2015,29.8199996948242
Albania,ALB,2016,27.3899993896484
Albania,ALB,2017,26.2299995422363
Albania,ALB,2018,26.6100006103516
Albania,ALB,2019,25.8199996948242
Algeria,DZA,2009,25.4500007629395
Algeria,DZA,2010,24.5300006866455
Algeria,DZA,2011,26
Algeria,DZA,2012,22.7000007629395
Algeria,DZA,2013,21.5
Algeria,DZA,2014,22.7999992370605
Algeria,DZA,2015,21.2000007629395
Algeria,DZA,2017,20.9500007629395
Angola,AGO,2004,30.9599990844727
Angola,AGO,2009,25.8099994659424
Angola,AGO,2011,10.0100002288818
Angola,AGO,2014,27.8999996185303
Argentina,ARG,2004,20.9799995422363
Argentina,ARG,2005,19.8700008392334
Argentina,ARG,2006,19.5100002288818
Argentina,ARG,2008,19.4200000762939
Argentina,ARG,2009,20.0400009155273
Argentina,ARG,2010,19.4599990844727
Argentina,ARG,2011,18.3999996185303
Argentina,ARG,2012,18.4099998474121
Argentina,ARG,2013,19.0699996948242
Argentina,ARG,2014,19.6700000762939
Argentina,ARG,2017,19.25
Argentina,ARG,2018,19.0200004577637
Argentina,ARG,2019,19.2299995422363
Armenia,ARM,2009,40.5200004577637
Armenia,ARM,2011,44.5999984741211
Armenia,ARM,2012,36.7700004577637
Armenia,ARM,2013,44.3699989318848
Armenia,ARM,2014,38.0299987792969
Armenia,ARM,2015,35.560001373291
Armenia,ARM,2016,36.5800018310547
Armenia,ARM,2017,36.5900001525879
Armenia,ARM,2018,31.1000003814697
Armenia,ARM,2019,28.3799991607666
Aruba,ABW,2010,16.5599994659424
Australia,AUS,2009,11.3999996185303
Australia,AUS,2010,11.3199996948242
Australia,AUS,2011,10.5900001525879
Australia,AUS,2012,9.90999984741211
Australia,AUS,2013,11.0200004577637
Australia,AUS,2014,10.0900001525879
Australia,AUS,2015,9.80000019073486
Australia,AUS,2016,8.6899995803833
Australia,AUS,2017,8.9399995803833
Austria,AUT,2004,9.64000034332275
Austria,AUT,2005,8.61999988555908
Austria,AUT,2006,7.80999994277954
Austria,AUT,2007,7.44000005722046
Austria,AUT,2008,7.38000011444092
Austria,AUT,2009,8.1899995803833
Austria,AUT,2010,7.42000007629395
Austria,AUT,2011,7.28000020980835
Austria,AUT,2012,6.80000019073486
Austria,AUT,2013,7.32999992370605
Austria,AUT,2014,7.69999980926514
Austria,AUT,2015,7.51999998092651
Austria,AUT,2016,7.69999980926514
Austria,AUT,2017,6.53999996185303
Austria,AUT,2018,6.82999992370605
Austria,AUT,2019,7.1100001335144
Bangladesh,BGD,2005,30.9899997711182
Bangladesh,BGD,2006,32.2599983215332
Bangladesh,BGD,2010,30.0599994659424
Bangladesh,BGD,2013,20.2099990844727
Bangladesh,BGD,2016,28.8799991607666
Bangladesh,BGD,2017,27.3899993896484
Belarus,BLR,2009,12.0799999237061
Belgium,BEL,2004,8.55000019073486
Belgium,BEL,2005,13.0200004577637
Belgium,BEL,2006,11.2399997711182
Belgium,BEL,2007,11.1599998474121
Belgium,BEL,2008,10.1400003433228
Belgium,BEL,2009,11.0799999237061
Belgium,BEL,2010,10.8599996566772
Belgium,BEL,2011,11.8100004196167
Belgium,BEL,2012,12.3400001525879
Belgium,BEL,2013,12.6800003051758
Belgium,BEL,2014,12.0500001907349
Belgium,BEL,2015,12.1800003051758
Belgium,BEL,2016,9.89000034332275
Belgium,BEL,2017,9.31999969482422
Belgium,BEL,2018,9.14999961853027
Belgium,BEL,2019,9.25
Belize,BLZ,2012,11.9499998092651
Belize,BLZ,2013,27.8799991607666
Belize,BLZ,2014,27.7700004577637
Belize,BLZ,2015,27.3999996185303
Belize,BLZ,2016,27.3799991607666
Belize,BLZ,2017,27.3400001525879
Benin,BEN,2011,17.2299995422363
Bermuda,BMU,2010,6.78999996185303
Bolivia,BOL,1999,1.63999998569489
Bolivia,BOL,2000,1.73000001907349
Bolivia,BOL,2001,22.9300003051758
Bolivia,BOL,2002,9.22000026702881
Bolivia,BOL,2005,12.0799999237061
Bolivia,BOL,2006,10.789999961853
Bolivia,BOL,2007,11.0200004577637
Bolivia,BOL,2008,9.6899995803833
Bolivia,BOL,2009,9.18000030517578
Bolivia,BOL,2011,10.8500003814697
Bolivia,BOL,2012,10.4099998474121
Bolivia,BOL,2013,10.4499998092651
Bolivia,BOL,2014,11.1599998474121
Bolivia,BOL,2015,14.5500001907349
Bolivia,BOL,2016,10.789999961853
Bolivia,BOL,2017,11.5799999237061
Bolivia,BOL,2018,10.8299999237061
Bolivia,BOL,2019,10.2399997711182
Bosnia and Herzegovina,BIH,2006,34.6599998474121
Bosnia and Herzegovina,BIH,2007,31.25
Bosnia and Herzegovina,BIH,2008,26.3700008392334
Bosnia and Herzegovina,BIH,2009,25.5200004577637
Bosnia and Herzegovina,BIH,2010,28.2600002288818
Bosnia and Herzegovina,BIH,2011,27.7700004577637
Bosnia and Herzegovina,BIH,2012,28.5300006866455
Bosnia and Herzegovina,BIH,2013,26.0400009155273
Bosnia and Herzegovina,BIH,2014,26.25
Bosnia and Herzegovina,BIH,2015,28.1399993896484
Bosnia and Herzegovina,BIH,2016,26.9699993133545
Bosnia and Herzegovina,BIH,2017,24.5400009155273
Bosnia and Herzegovina,BIH,2018,22.1299991607666
Bosnia and Herzegovina,BIH,2019,21.1700000762939
Botswana,BWA,1996,43.3499984741211
Botswana,BWA,2006,42.3400001525879
Botswana,BWA,2009,35.4700012207031
Botswana,BWA,2019,33.2000007629395
Brazil,BRA,1995,20.5599994659424
Brazil,BRA,1996,21
Brazil,BRA,1997,20.7199993133545
Brazil,BRA,1998,20.4699993133545
Brazil,BRA,1999,19.9200000762939
Brazil,BRA,2001,19.6900005340576
Brazil,BRA,2002,19.2700004577637
Brazil,BRA,2003,19.3199996948242
Brazil,BRA,2004,19.0200004577637
Brazil,BRA,2005,19.0900001525879
Brazil,BRA,2006,19.2800006866455
Brazil,BRA,2007,19.2199993133545
Brazil,BRA,2008,18.3500003814697
Brazil,BRA,2009,18.8099994659424
Brazil,BRA,2011,19.4300003051758
Brazil,BRA,2012,20.0300006866455
Brazil,BRA,2013,20.3899993896484
Brazil,BRA,2014,20.0900001525879
Brazil,BRA,2015,21.4899997711182
Brazil,BRA,2016,23.2399997711182
Brazil,BRA,2017,24.3299999237061
Brazil,BRA,2018,24.1499996185303
Brazil,BRA,2019,23.5200004577637
Brunei,BRN,2014,17.2000007629395
Brunei,BRN,2017,19.9699993133545
Brunei,BRN,2018,20.7199993133545
Brunei,BRN,2019,20.0900001525879
Bulgaria,BGR,2003,28.2900009155273
Bulgaria,BGR,2004,24.3700008392334
Bulgaria,BGR,2005,25.0499992370605
Bulgaria,BGR,2006,22.2399997711182
Bulgaria,BGR,2007,19.1399993896484
Bulgaria,BGR,2008,17.3999996185303
Bulgaria,BGR,2009,19.4500007629395
Bulgaria,BGR,2010,21.0300006866455
Bulgaria,BGR,2011,21.8099994659424
Bulgaria,BGR,2012,21.5300006866455
Bulgaria,BGR,2013,21.6000003814697
Bulgaria,BGR,2014,20.2399997711182
Bulgaria,BGR,2015,19.2800006866455
Bulgaria,BGR,2016,18.2000007629395
Bulgaria,BGR,2017,15.3100004196167
Bulgaria,BGR,2018,15.039999961853
Bulgaria,BGR,2019,13.7200002670288
Burkina Faso,BFA,2018,41
Burundi,BDI,2014,3.78999996185303
Burundi,BDI,2017,6.19000005722046
Cambodia,KHM,1998,21.0799999237061
Cambodia,KHM,2000,10.3400001525879
Cambodia,KHM,2001,6.13000011444092
Cambodia,KHM,2007,0.349999994039536
Cambodia,KHM,2008,0.129999995231628
Cambodia,KHM,2009,7.13000011444092
Cambodia,KHM,2010,0.219999998807907
Cambodia,KHM,2011,0.219999998807907
Cambodia,KHM,2012,12.7200002670288
Cambodia,KHM,2013,0.200000002980232
Cambodia,KHM,2014,0.0599999986588955
Cambodia,KHM,2017,6.09000015258789
Cameroon,CMR,2007,11.1199998855591
Cameroon,CMR,2010,10.789999961853
Cameroon,CMR,2014,17.0100002288818
Canada,CAN,1976,19.6800003051758
Canada,CAN,1977,20.1700000762939
Canada,CAN,1978,19.7600002288818
Canada,CAN,1979,18.5499992370605
Canada,CAN,1980,18.4500007629395
Canada,CAN,1981,18.0400009155273
Canada,CAN,1982,21.9599990844727
Canada,CAN,1983,21.75
Canada,CAN,1984,20.0699996948242
Canada,CAN,1985,18.3500003814697
Canada,CAN,1986,17.2600002288818
Canada,CAN,1987,15.9099998474121
Canada,CAN,1988,14.6199998855591
Canada,CAN,1989,14.0200004577637
Canada,CAN,1990,15.1700000762939
Canada,CAN,1991,16.8999996185303
Canada,CAN,1992,17.3799991607666
Canada,CAN,1993,17.2700004577637
Canada,CAN,1994,16.7000007629395
Canada,CAN,1995,16.0499992370605
Canada,CAN,1996,16.25
Canada,CAN,1997,15.8900003433228
Canada,CAN,1998,15.289999961853
Canada,CAN,1999,14.2299995422363
Canada,CAN,2000,13.8999996185303
Canada,CAN,2001,13.3299999237061
Canada,CAN,2002,13.2200002670288
Canada,CAN,2003,13.1899995803833
Canada,CAN,2004,13.0900001525879
Canada,CAN,2005,12.7799997329712
Canada,CAN,2006,12.3699998855591
Canada,CAN,2007,12.3199996948242
Canada,CAN,2008,12.7399997711182
Canada,CAN,2009,14.3599996566772
Canada,CAN,2010,14.1000003814697
Canada,CAN,2011,13.6199998855591
Canada,CAN,2012,13.789999961853
Canada,CAN,2013,13.4799995422363
Canada,CAN,2014,13.8999996185303
Canada,CAN,2015,13.8199996948242
Canada,CAN,2016,13.5
Canada,CAN,2017,12.5799999237061
Canada,CAN,2018,12.8400001525879
Canada,CAN,2019,12.3599996566772
Canada,CAN,2020,17.9300003051758
Cape Verde,CPV,2017,31.3999996185303
Cape Verde,CPV,2018,30.25
Cape Verde,CPV,2019,27.9899997711182
Central Europe and the Baltics,,2004,15.5362250218194
Central Europe and the Baltics,,2005,15.4717746612968
Central Europe and the Baltics,,2006,13.2265858799618
Central Europe and the Baltics,,2007,11.4476736623065
Central Europe and the Baltics,,2008,10.2669701390893
Central Europe and the Baltics,,2009,12.0555084136745
Central Europe and the Baltics,,2010,13.0335549326788
Central Europe and the Baltics,,2011,13.4347483550513
Central Europe and the Baltics,,2012,13.6463239778838
Central Europe and the Baltics,,2013,13.9940026202307
Central Europe and the Baltics,,2014,13.4725536669552
Central Europe and the Baltics,,2015,12.944664639758
Central Europe and the Baltics,,2016,12.3095707018588
Central Europe and the Baltics,,2017,11.1095019791711
Central Europe and the Baltics,,2018,10.3104019004217
Central Europe and the Baltics,,2019,10.0004067587339
Chad,TCD,2018,37.0499992370605
Chile,CHL,1990,28.1399993896484
Chile,CHL,1992,24.0900001525879
Chile,CHL,1994,24.5699996948242
Chile,CHL,1996,20.8299999237061
Chile,CHL,1998,23.2600002288818
Chile,CHL,2000,24.0300006866455
Chile,CHL,2003,20.5400009155273
Chile,CHL,2006,19.8899993896484
Chile,CHL,2009,23.2000007629395
Chile,CHL,2010,19.1900005340576
Chile,CHL,2011,19.1800003051758
Chile,CHL,2012,17.8799991607666
Chile,CHL,2013,18.3199996948242
Chile,CHL,2014,18.6399993896484
Chile,CHL,2015,19.1700000762939
Chile,CHL,2016,17.1000003814697
Chile,CHL,2017,16.5300006866455
Chile,CHL,2018,15.8599996566772
Chile,CHL,2019,16.5100002288818
Colombia,COL,2002,29.9400005340576
Colombia,COL,2003,28.0900001525879
Colombia,COL,2004,28.7399997711182
Colombia,COL,2005,27.7199993133545
Colombia,COL,2006,27.4300003051758
Colombia,COL,2007,26.6900005340576
Colombia,COL,2008,25.4400005340576
Colombia,COL,2009,24.8299999237061
Colombia,COL,2010,23.5599994659424
Colombia,COL,2011,23.3899993896484
Colombia,COL,2012,22.4799995422363
Colombia,COL,2013,22.0900001525879
Colombia,COL,2014,21.3899993896484
Colombia,COL,2015,20.9400005340576
Colombia,COL,2016,20.9799995422363
Colombia,COL,2017,21.7800006866455
Colombia,COL,2018,22.5900001525879
Colombia,COL,2019,23.9500007629395
Comoros,COM,2004,27.8899993896484
Comoros,COM,2014,27.5799999237061
Congo,COG,2005,26.4599990844727
Costa Rica,CRI,2001,21.6100006103516
Costa Rica,CRI,2002,20.5599994659424
Costa Rica,CRI,2003,21.6200008392334
Costa Rica,CRI,2004,20.1700000762939
Costa Rica,CRI,2005,18.6599998474121
Costa Rica,CRI,2006,18.4699993133545
Costa Rica,CRI,2007,17.4699993133545
Costa Rica,CRI,2008,17.3199996948242
Costa Rica,CRI,2009,19.6399993896484
Costa Rica,CRI,2010,19.0900001525879
Costa Rica,CRI,2011,21.3799991607666
Costa Rica,CRI,2012,17.75
Costa Rica,CRI,2013,18.2399997711182
Costa Rica,CRI,2014,18.6100006103516
Costa Rica,CRI,2015,18.8700008392334
Costa Rica,CRI,2016,20.6700000762939
Costa Rica,CRI,2017,20.1000003814697
Costa Rica,CRI,2018,19.0200004577637
Costa Rica,CRI,2019,17.8999996185303
Cote d'Ivoire,CIV,2012,12.6700000762939
Cote d'Ivoire,CIV,2013,10.1800003051758
Cote d'Ivoire,CIV,2016,36
Cote d'Ivoire,CIV,2017,34.8300018310547
Croatia,HRV,2005,16.7199993133545
Croatia,HRV,2006,14.1800003051758
Croatia,HRV,2007,12.8699998855591
Croatia,HRV,2008,11.6199998855591
Croatia,HRV,2009,13.4300003051758
Croatia,HRV,2010,15.6700000762939
Croatia,HRV,2011,16.2199993133545
Croatia,HRV,2012,16.5900001525879
Croatia,HRV,2013,19.6299991607666
Croatia,HRV,2014,19.3299999237061
Croatia,HRV,2015,18.1200008392334
Croatia,HRV,2016,16.8999996185303
Croatia,HRV,2017,15.3500003814697
Croatia,HRV,2018,13.5699996948242
Croatia,HRV,2019,11.7799997329712
Curacao,CUW,2018,5.05999994277954
Cyprus,CYP,2003,8.93000030517578
Cyprus,CYP,2004,9.36999988555908
Cyprus,CYP,2005,19.5200004577637
Cyprus,CYP,2006,10.7299995422363
Cyprus,CYP,2007,8.98999977111816
Cyprus,CYP,2008,9.64999961853027
Cyprus,CYP,2009,9.89999961853027
Cyprus,CYP,2010,11.6800003051758
Cyprus,CYP,2011,14.6400003433228
Cyprus,CYP,2012,15.9799995422363
Cyprus,CYP,2013,18.6700000762939
Cyprus,CYP,2014,17.0100002288818
Cyprus,CYP,2015,15.3000001907349
Cyprus,CYP,2016,16.0200004577637
Cyprus,CYP,2017,16.0900001525879
Cyprus,CYP,2018,13.210000038147
Cyprus,CYP,2019,13.6599998474121
Czechia,CZE,2003,11.6199998855591
Czechia,CZE,2004,12.5799999237061
Czechia,CZE,2005,13.25
Czechia,CZE,2006,9.15999984741211
Czechia,CZE,2007,6.92999982833862
Czechia,CZE,2008,6.69999980926514
Czechia,CZE,2009,8.51000022888184
Czechia,CZE,2010,8.82999992370605
Czechia,CZE,2011,8.27999973297119
Czechia,CZE,2012,8.89000034332275
Czechia,CZE,2013,9.13000011444092
Czechia,CZE,2014,8.10999965667725
Czechia,CZE,2015,7.46999979019165
Czechia,CZE,2016,7
Czechia,CZE,2017,6.28999996185303
Czechia,CZE,2018,5.63000011444092
Czechia,CZE,2019,5.65999984741211
Democratic Republic of Congo,COD,2005,18.4500007629395
Democratic Republic of Congo,COD,2012,21.3600006103516
Denmark,DNK,2003,5.44000005722046
Denmark,DNK,2004,5.44999980926514
Denmark,DNK,2005,4.30999994277954
Denmark,DNK,2006,3.61999988555908
Denmark,DNK,2007,4.30000019073486
Denmark,DNK,2008,5.17999982833862
Denmark,DNK,2009,6.48000001907349
Denmark,DNK,2010,6.8600001335144
Denmark,DNK,2011,7.19000005722046
Denmark,DNK,2012,7.34999990463257
Denmark,DNK,2013,6.63000011444092
Denmark,DNK,2014,6.3899998664856
Denmark,DNK,2015,7.03000020980835
Denmark,DNK,2016,6.71999979019165
Denmark,DNK,2017,7.57999992370605
Denmark,DNK,2018,7.67999982833862
Denmark,DNK,2019,7.71999979019165
Djibouti,DJI,2017,19.3199996948242
Dominican Republic,DOM,2000,19.6800003051758
Dominican Republic,DOM,2001,20.9400005340576
Dominican Republic,DOM,2002,20.2600002288818
Dominican Republic,DOM,2003,20.9300003051758
Dominican Republic,DOM,2004,20.4500007629395
Dominican Republic,DOM,2005,20.4500007629395
Dominican Republic,DOM,2006,19.4400005340576
Dominican Republic,DOM,2007,19.1200008392334
Dominican Republic,DOM,2008,19.0699996948242
Dominican Republic,DOM,2009,21.4699993133545
Dominican Republic,DOM,2010,20.8299999237061
Dominican Republic,DOM,2011,19.9300003051758
Dominican Republic,DOM,2012,20.1700000762939
Dominican Republic,DOM,2013,20.8199996948242
Dominican Republic,DOM,2014,19.4699993133545
Dominican Republic,DOM,2015,25.2299995422363
Dominican Republic,DOM,2016,25.3700008392334
Dominican Republic,DOM,2017,24.3400001525879
Dominican Republic,DOM,2018,24.5
Dominican Republic,DOM,2019,24.7199993133545
Early-demographic dividend,,2005,29.3605885871975
Early-demographic dividend,,2010,27.4716777173465
Early-demographic dividend,,2012,25.7834504650113
Early-demographic dividend,,2018,27.4692768381853
Early-demographic dividend,,2019,26.5076991924107
Ecuador,ECU,2000,20.0699996948242
Ecuador,ECU,2001,18.0300006866455
Ecuador,ECU,2003,21.0300006866455
Ecuador,ECU,2004,18.4300003051758
Ecuador,ECU,2005,17.4599990844727
Ecuador,ECU,2006,17.0499992370605
Ecuador,ECU,2007,16.3700008392334
Ecuador,ECU,2008,16.1399993896484
Ecuador,ECU,2009,16.5
Ecuador,ECU,2010,15.6599998474121
Ecuador,ECU,2011,16.4300003051758
Ecuador,ECU,2012,16.5499992370605
Ecuador,ECU,2013,17.3600006103516
Ecuador,ECU,2014,20.2299995422363
Ecuador,ECU,2015,19.8099994659424
Ecuador,ECU,2016,18.4400005340576
Ecuador,ECU,2017,17.5599994659424
Ecuador,ECU,2018,17.6700000762939
Ecuador,ECU,2019,17.5200004577637
Egypt,EGY,2008,29.6599998474121
Egypt,EGY,2009,29.8999996185303
Egypt,EGY,2010,33.0800018310547
Egypt,EGY,2011,32.0999984741211
Egypt,EGY,2012,31.5499992370605
Egypt,EGY,2013,28.3999996185303
Egypt,EGY,2015,27.6100006103516
Egypt,EGY,2016,27.5699996948242
Egypt,EGY,2017,26.8700008392334
Egypt,EGY,2018,27.0499992370605
El Salvador,SLV,2009,28.9300003051758
El Salvador,SLV,2010,27.2099990844727
El Salvador,SLV,2011,25.9099998474121
El Salvador,SLV,2012,26.0300006866455
El Salvador,SLV,2013,25.3500003814697
El Salvador,SLV,2014,28.5
El Salvador,SLV,2015,28.5400009155273
El Salvador,SLV,2016,28.2199993133545
El Salvador,SLV,2017,28.3999996185303
El Salvador,SLV,2018,27.1499996185303
El Salvador,SLV,2019,27.9400005340576
Estonia,EST,2003,12.1199998855591
Estonia,EST,2004,15.1400003433228
Estonia,EST,2005,10.9399995803833
Estonia,EST,2006,8.90999984741211
Estonia,EST,2007,9.39000034332275
Estonia,EST,2008,9.09000015258789
Estonia,EST,2009,14.4700002670288
Estonia,EST,2010,14.0299997329712
Estonia,EST,2011,11.5699996948242
Estonia,EST,2012,12.1999998092651
Estonia,EST,2013,11.3199996948242
Estonia,EST,2014,11.6599998474121
Estonia,EST,2015,10.8400001525879
Estonia,EST,2016,9.14000034332275
Estonia,EST,2017,9.43000030517578
Estonia,EST,2018,9.85000038146973
Estonia,EST,2019,6.94000005722046
Eswatini,SWZ,2016,35.4599990844727
Ethiopia,ETH,2013,10.4799995422363
Euro area,,2003,10.2726472768142
Euro area,,2004,11.4786743563853
Euro area,,2005,12.6048861315891
Euro area,,2006,11.5425938572675
Euro area,,2007,10.9479618980021
Euro area,,2008,11.0556065125724
Euro area,,2009,12.6943646761891
Euro area,,2010,12.8302659110907
Euro area,,2011,12.7840716876971
Euro area,,2012,13.1262917070722
Euro area,,2013,12.8713862297401
Euro area,,2014,12.5079063707812
Euro area,,2015,12.1246802363974
Euro area,,2016,11.6202533187233
Euro area,,2017,11.1051873903578
Euro area,,2018,10.5587599050413
Euro area,,2019,10.1267458440004
Europe & Central Asia,,2006,15.812384176121
Europe & Central Asia,,2007,15.6001973045575
Europe & Central Asia,,2008,15.1041852915555
Europe & Central Asia,,2009,16.084680969707
Europe & Central Asia,,2010,15.5796520338604
Europe & Central Asia,,2011,15.6600783403363
Europe & Central Asia,,2012,15.6527653293233
Europe & Central Asia,,2013,14.7274084377088
Europe & Central Asia,,2014,14.7387691125543
Europe & Central Asia,,2015,14.2121466764669
Europe & Central Asia,,2016,13.9592920354263
Europe & Central Asia,,2017,13.8725118964809
Europe & Central Asia,,2018,13.4380414162343
Europe & Central Asia,,2019,13.2436107416836
Europe & Central Asia (IDA & IBRD),,2009,19.7408974876121
Europe & Central Asia (IDA & IBRD),,2010,18.8619798778988
Europe & Central Asia (IDA & IBRD),,2011,18.945493368163
Europe & Central Asia (IDA & IBRD),,2012,18.6723957561897
Europe & Central Asia (IDA & IBRD),,2013,17.0963695220008
Europe & Central Asia (IDA & IBRD),,2014,17.434896231068
Europe & Central Asia (IDA & IBRD),,2015,16.9128771904593
Europe & Central Asia (IDA & IBRD),,2016,16.9173888476693
Europe & Central Asia (excluding high income),,2009,20.9681726771401
Europe & Central Asia (excluding high income),,2010,19.91943311696
Europe & Central Asia (excluding high income),,2011,19.8932316230239
Europe & Central Asia (excluding high income),,2012,19.5189832449316
Europe & Central Asia (excluding high income),,2013,17.6452948936003
Europe & Central Asia (excluding high income),,2014,17.9751785012964
Europe & Central Asia (excluding high income),,2015,17.5011228326584
Europe & Central Asia (excluding high income),,2016,17.5670906152102
European Union,,2003,11.4680518290672
European Union,,2004,12.4121056535119
European Union,,2005,13.3814393985895
European Union,,2006,11.895666765563
European Union,,2007,10.9682900950983
European Union,,2008,10.7435672146769
European Union,,2009,12.3774795063411
European Union,,2010,12.6677582629878
European Union,,2011,12.7678780094435
European Union,,2012,13.0771480847252
European Union,,2013,12.9671148101532
European Union,,2014,12.5710837706301
European Union,,2015,12.1449664871226
European Union,,2016,11.6205234477693
European Union,,2017,10.9565048788649
European Union,,2018,10.3926288315399
European Union,,2019,9.97950694171009
Fiji,FJI,2005,20.5499992370605
Fiji,FJI,2011,18.3999996185303
Fiji,FJI,2014,19.0900001525879
Fiji,FJI,2016,20.0900001525879
Finland,FIN,2003,10.960000038147
Finland,FIN,2004,9.77999973297119
Finland,FIN,2005,8.09000015258789
Finland,FIN,2006,7.8600001335144
Finland,FIN,2007,7.09000015258789
Finland,FIN,2008,7.94999980926514
Finland,FIN,2009,9.84000015258789
Finland,FIN,2010,9.02000045776367
Finland,FIN,2011,8.43000030517578
Finland,FIN,2012,8.5600004196167
Finland,FIN,2013,9.30000019073486
Finland,FIN,2014,10.1700000762939
Finland,FIN,2015,10.5600004196167
Finland,FIN,2016,9.92000007629395
Finland,FIN,2017,9.39999961853027
Finland,FIN,2018,8.52000045776367
Finland,FIN,2019,8.15999984741211
France,FRA,2003,9.52000045776367
France,FRA,2004,10.6899995803833
France,FRA,2005,11.1899995803833
France,FRA,2006,11.3400001525879
France,FRA,2007,10.6499996185303
France,FRA,2008,10.5500001907349
France,FRA,2009,12.710000038147
France,FRA,2010,12.6499996185303
France,FRA,2011,12.2799997329712
France,FRA,2012,12.5
France,FRA,2013,11.2299995422363
France,FRA,2014,11.1800003051758
France,FRA,2015,11.9099998474121
France,FRA,2016,11.8100004196167
France,FRA,2017,11.3800001144409
France,FRA,2018,11.0500001907349
France,FRA,2019,10.5699996948242
Gambia,GMB,2012,34
Gambia,GMB,2018,49.5499992370605
Georgia,GEO,2012,32.560001373291
Georgia,GEO,2013,30.9500007629395
Georgia,GEO,2014,28.7700004577637
Georgia,GEO,2015,27.4400005340576
Georgia,GEO,2016,26.8199996948242
Georgia,GEO,2017,24.7600002288818
Georgia,GEO,2018,26.8500003814697
Georgia,GEO,2019,26
Germany,DEU,2003,10.0299997329712
Germany,DEU,2004,10.0799999237061
Germany,DEU,2005,11.2799997329712
Germany,DEU,2006,10.0600004196167
Germany,DEU,2007,9.30000019073486
Germany,DEU,2008,8.43000030517578
Germany,DEU,2009,8.80000019073486
Germany,DEU,2010,8.30000019073486
Germany,DEU,2011,7.48999977111816
Germany,DEU,2012,7.09999990463257
Germany,DEU,2013,6.25
Germany,DEU,2014,6.3600001335144
Germany,DEU,2015,6.17000007629395
Germany,DEU,2016,6.69000005722046
Germany,DEU,2017,6.26000022888184
Germany,DEU,2018,5.90000009536743
Germany,DEU,2019,5.65999984741211
Ghana,GHA,2006,23.6100006103516
Ghana,GHA,2013,11.0799999237061
Ghana,GHA,2015,25.5100002288818
Ghana,GHA,2017,30.4599990844727
Greece,GRC,2003,13.6700000762939
Greece,GRC,2004,14.9099998474121
Greece,GRC,2005,20.7800006866455
Greece,GRC,2006,11.9700002670288
Greece,GRC,2007,11.3299999237061
Greece,GRC,2008,11.4399995803833
Greece,GRC,2009,12.3800001144409
Greece,GRC,2010,14.7799997329712
Greece,GRC,2011,17.3799991607666
Greece,GRC,2012,20.1700000762939
Greece,GRC,2013,20.3999996185303
Greece,GRC,2014,19.1499996185303
Greece,GRC,2015,17.1599998474121
Greece,GRC,2016,15.8100004196167
Greece,GRC,2017,15.289999961853
Greece,GRC,2018,14.0900001525879
Greece,GRC,2019,12.539999961853
Guatemala,GTM,2003,22.8999996185303
Guatemala,GTM,2004,27.5499992370605
Guatemala,GTM,2006,24.2000007629395
Guatemala,GTM,2010,24.4400005340576
Guatemala,GTM,2011,24.75
Guatemala,GTM,2012,22.4599990844727
Guatemala,GTM,2013,26.9400005340576
Guatemala,GTM,2014,26.4099998474121
Guatemala,GTM,2015,26.4500007629395
Guatemala,GTM,2016,27.3400001525879
Guatemala,GTM,2017,27.2600002288818
Guinea,GIN,2002,6.19999980926514
Guyana,GUY,2018,35.8400001525879
Haiti,HTI,2012,18.1900005340576
High income,,2004,13.2471374274736
High income,,2005,14.0339602101664
High income,,2006,13.1165631252186
High income,,2007,12.7100622929322
High income,,2008,13.2001900350782
High income,,2009,14.220975707135
High income,,2010,14.1648667532888
High income,,2011,15.2374307585326
High income,,2012,14.157779211009
High income,,2013,13.9071096223535
High income,,2014,13.1493249281784
High income,,2015,12.4204214053538
High income,,2016,11.8346811660291
High income,,2017,11.1805219077971
High income,,2018,10.9557334926234
High income,,2019,10.5833879098655
Honduras,HND,2005,27
Honduras,HND,2006,26.8400001525879
Honduras,HND,2007,27.5799999237061
Honduras,HND,2008,25.8199996948242
Honduras,HND,2009,26.5300006866455
Honduras,HND,2010,26.2099990844727
Honduras,HND,2011,27.5400009155273
Honduras,HND,2012,28.6700000762939
Honduras,HND,2013,26.8099994659424
Honduras,HND,2015,26.9599990844727
Honduras,HND,2016,27.8199996948242
Honduras,HND,2017,27.7199993133545
Honduras,HND,2018,26.6800003051758
Honduras,HND,2019,28.1100006103516
Hong Kong,HKG,2009,7.40999984741211
Hong Kong,HKG,2010,6.94999980926514
Hong Kong,HKG,2011,6.15999984741211
Hong Kong,HKG,2012,6.1399998664856
Hong Kong,HKG,2013,6.67000007629395
Hong Kong,HKG,2014,6.61999988555908
Hong Kong,HKG,2015,6.6100001335144
Hong Kong,HKG,2016,6.09999990463257
Hungary,HUN,2004,12.3800001144409
Hungary,HUN,2005,18.7900009155273
Hungary,HUN,2006,12.4300003051758
Hungary,HUN,2007,11.460000038147
Hungary,HUN,2008,11.460000038147
Hungary,HUN,2009,13.6000003814697
Hungary,HUN,2010,12.5600004196167
Hungary,HUN,2011,13.210000038147
Hungary,HUN,2012,14.7799997329712
Hungary,HUN,2013,15.4700002670288
Hungary,HUN,2014,13.6199998855591
Hungary,HUN,2015,11.5799999237061
Hungary,HUN,2016,11.0500001907349
Hungary,HUN,2017,11.039999961853
Hungary,HUN,2018,10.7299995422363
Hungary,HUN,2019,11
IDA blend,,2011,18.0957739651743
IDA blend,,2013,26.2322963181522
Iceland,ISL,2003,4.48000001907349
Iceland,ISL,2004,6.92999982833862
Iceland,ISL,2005,4.65999984741211
Iceland,ISL,2006,4.80000019073486
Iceland,ISL,2007,4.09999990463257
Iceland,ISL,2008,4.32000017166138
Iceland,ISL,2009,7.32999992370605
Iceland,ISL,2010,7.34999990463257
Iceland,ISL,2011,6.69000005722046
Iceland,ISL,2012,5.8899998664856
Iceland,ISL,2013,5.46999979019165
Iceland,ISL,2014,5.71999979019165
Iceland,ISL,2015,4.55000019073486
Iceland,ISL,2016,4.11999988555908
Iceland,ISL,2017,3.86999988555908
Iceland,ISL,2018,4.86999988555908
Iceland,ISL,2019,4.71000003814697
India,IND,1994,32.6199989318848
India,IND,2000,32.2400016784668
India,IND,2004,26.1299991607666
India,IND,2005,30.4300003051758
India,IND,2010,27.8600006103516
India,IND,2012,27.5
India,IND,2018,30.4099998474121
India,IND,2019,29.5300006866455
Indonesia,IDN,2000,29.3799991607666
Indonesia,IDN,2001,29.8500003814697
Indonesia,IDN,2002,31.0599994659424
Indonesia,IDN,2003,31.5200004577637
Indonesia,IDN,2004,31.4200000762939
Indonesia,IDN,2005,31.8600006103516
Indonesia,IDN,2006,30.4200000762939
Indonesia,IDN,2007,30.0300006866455
Indonesia,IDN,2008,28.1499996185303
Indonesia,IDN,2009,27.6700000762939
Indonesia,IDN,2010,26.6499996185303
Indonesia,IDN,2011,25.8999996185303
Indonesia,IDN,2012,22.9500007629395
Indonesia,IDN,2013,22.8899993896484
Indonesia,IDN,2014,22.3500003814697
Indonesia,IDN,2015,22.9200000762939
Indonesia,IDN,2016,22.4799995422363
Indonesia,IDN,2017,21.4500007629395
Indonesia,IDN,2018,21.7099990844727
Indonesia,IDN,2019,20.4899997711182
Iran,IRN,2009,34.7299995422363
Iran,IRN,2010,34.3499984741211
Iran,IRN,2017,32.2599983215332
Iran,IRN,2018,32.0900001525879
Iraq,IRQ,2007,46.1800003051758
Iraq,IRQ,2012,40.6399993896484
Ireland,IRL,2003,8.84000015258789
Ireland,IRL,2004,10.3599996566772
Ireland,IRL,2005,15.1300001144409
Ireland,IRL,2006,14.4300003051758
Ireland,IRL,2007,10.0600004196167
Ireland,IRL,2008,12.5200004577637
Ireland,IRL,2009,18.2900009155273
Ireland,IRL,2010,19.4300003051758
Ireland,IRL,2011,19.1399993896484
Ireland,IRL,2012,19.1800003051758
Ireland,IRL,2013,16.4200000762939
Ireland,IRL,2014,15.2399997711182
Ireland,IRL,2015,14.25
Ireland,IRL,2016,12.5699996948242
Ireland,IRL,2017,10.9300003051758
Ireland,IRL,2018,10.0699996948242
Ireland,IRL,2019,10.0900001525879
Israel,ISR,2012,15.3699998855591
Israel,ISR,2013,14.4200000762939
Israel,ISR,2014,14.460000038147
Israel,ISR,2015,14.3100004196167
Israel,ISR,2016,13.6800003051758
Israel,ISR,2017,13.5699996948242
Israel,ISR,2018,14.6700000762939
Italy,ITA,2004,16.2700004577637
Italy,ITA,2005,17.0499992370605
Italy,ITA,2006,16.7700004577637
Italy,ITA,2007,16.1399993896484
Italy,ITA,2008,16.5599994659424
Italy,ITA,2009,17.5499992370605
Italy,ITA,2010,18.9699993133545
Italy,ITA,2011,19.6399993896484
Italy,ITA,2012,20.9400005340576
Italy,ITA,2013,22.1399993896484
Italy,ITA,2014,22.0400009155273
Italy,ITA,2015,21.3299999237061
Italy,ITA,2016,19.7999992370605
Italy,ITA,2017,19.9899997711182
Italy,ITA,2018,19.1900005340576
Italy,ITA,2019,18.0499992370605
Japan,JPN,2009,4.3600001335144
Japan,JPN,2010,4.28999996185303
Japan,JPN,2012,4.21000003814697
Japan,JPN,2013,3.91000008583069
Japan,JPN,2014,3.69000005722046
Japan,JPN,2015,3.60999989509583
Japan,JPN,2016,3.51999998092651
Japan,JPN,2017,3.26999998092651
Japan,JPN,2018,2.94000005722046
Japan,JPN,2019,3.10999989509583
Jordan,JOR,2017,38.0699996948242
Jordan,JOR,2018,36.5299987792969
Jordan,JOR,2019,36
Kazakhstan,KAZ,2001,18.6000003814697
Kazakhstan,KAZ,2002,14.8800001144409
Kazakhstan,KAZ,2003,13.5299997329712
Kazakhstan,KAZ,2004,13.2399997711182
Kazakhstan,KAZ,2005,12.8100004196167
Kazakhstan,KAZ,2006,12.5
Kazakhstan,KAZ,2007,10.7299995422363
Kazakhstan,KAZ,2008,9.71000003814697
Kazakhstan,KAZ,2009,9.55000019073486
Kazakhstan,KAZ,2010,8.19999980926514
Kazakhstan,KAZ,2011,7.80000019073486
Kazakhstan,KAZ,2012,8.02999973297119
Kazakhstan,KAZ,2013,8.02000045776367
Kazakhstan,KAZ,2014,8.76000022888184
Kazakhstan,KAZ,2015,8.46000003814697
Kazakhstan,KAZ,2016,9.48999977111816
Kenya,KEN,1999,32.4300003051758
Kenya,KEN,2006,22.7000007629395
Kenya,KEN,2016,13.7299995422363
Kiribati,KIR,2015,46.8899993896484
Kosovo,OWID_KOS,2012,35.1300010681152
Kosovo,OWID_KOS,2014,30.1800003051758
Kosovo,OWID_KOS,2015,31.4300003051758
Kosovo,OWID_KOS,2016,30.1000003814697
Kosovo,OWID_KOS,2017,27.4099998474121
Kosovo,OWID_KOS,2018,30.1100006103516
Kosovo,OWID_KOS,2019,32.4700012207031
Kyrgyzstan,KGZ,2009,17.7999992370605
Kyrgyzstan,KGZ,2010,18.4599990844727
Kyrgyzstan,KGZ,2011,60.5400009155273
Kyrgyzstan,KGZ,2012,62.4599990844727
Kyrgyzstan,KGZ,2013,21.2299995422363
Kyrgyzstan,KGZ,2014,20.7199993133545
Kyrgyzstan,KGZ,2015,21.4200000762939
Kyrgyzstan,KGZ,2016,20.3999996185303
Kyrgyzstan,KGZ,2017,21.0200004577637
Kyrgyzstan,KGZ,2018,20.5400009155273
Laos,LAO,2010,5.11999988555908
Laos,LAO,2017,42.0800018310547
Latin America & Caribbean,,2005,20.2790236944026
Latin America & Caribbean,,2006,20.023729022998
Latin America & Caribbean,,2007,19.6336491485386
Latin America & Caribbean,,2008,19.274872117084
Latin America & Caribbean,,2009,19.8954282017468
Latin America & Caribbean,,2011,20.030885522296
Latin America & Caribbean,,2012,19.8184533398203
Latin America & Caribbean,,2013,20.2095131874705
Latin America & Caribbean,,2014,19.7775542305837
Latin America & Caribbean,,2015,20.8684721497955
Latin America & Caribbean,,2016,21.2389458943354
Latin America & Caribbean,,2017,21.4537219843535
Latin America & Caribbean,,2018,21.0896824651197
Latin America & Caribbean,,2019,20.9357203003344
Latin America & Caribbean (IDA & IBRD),,2005,20.2790236944026
Latin America & Caribbean (IDA & IBRD),,2006,20.023729022998
Latin America & Caribbean (IDA & IBRD),,2007,19.6336491485386
Latin America & Caribbean (IDA & IBRD),,2008,19.274872117084
Latin America & Caribbean (IDA & IBRD),,2009,19.8954282017468
Latin America & Caribbean (IDA & IBRD),,2011,20.030885522296
Latin America & Caribbean (IDA & IBRD),,2012,19.8184533398203
Latin America & Caribbean (IDA & IBRD),,2013,20.2095131874705
Latin America & Caribbean (IDA & IBRD),,2014,19.7775542305837
Latin America & Caribbean (IDA & IBRD),,2015,20.8684721497955
Latin America & Caribbean (IDA & IBRD),,2016,21.2389458943354
Latin America & Caribbean (IDA & IBRD),,2017,21.4537219843535
Latin America & Caribbean (IDA & IBRD),,2018,21.0930932115848
Latin America & Caribbean (IDA & IBRD),,2019,20.9357203003344
Latin America & Caribbean (excluding high income),,2004,20.7784717873671
Latin America & Caribbean (excluding high income),,2005,20.6895732353346
Latin America & Caribbean (excluding high income),,2006,20.4458791058606
Latin America & Caribbean (excluding high income),,2007,20.1477313711937
Latin America & Caribbean (excluding high income),,2008,19.7066459610063
Latin America & Caribbean (excluding high income),,2009,20.0907434498723
Latin America & Caribbean (excluding high income),,2011,20.138000655689
Latin America & Caribbean (excluding high income),,2012,19.8983910820147
Latin America & Caribbean (excluding high income),,2013,20.2052677501517
Latin America & Caribbean (excluding high income),,2014,19.8221374620952
Latin America & Caribbean (excluding high income),,2015,20.9380015125232
Latin America & Caribbean (excluding high income),,2016,21.4528464703982
Latin America & Caribbean (excluding high income),,2017,21.5576932941977
Latin America & Caribbean (excluding high income),,2018,21.2808134448332
Latin America & Caribbean (excluding high income),,2019,21.0914709685065
Latvia,LVA,2003,12.7299995422363
Latvia,LVA,2004,12.3400001525879
Latvia,LVA,2005,10.8900003433228
Latvia,LVA,2006,11.460000038147
Latvia,LVA,2007,11.9399995803833
Latvia,LVA,2008,11.8199996948242
Latvia,LVA,2009,17.4899997711182
Latvia,LVA,2010,17.8099994659424
Latvia,LVA,2011,16.0300006866455
Latvia,LVA,2012,14.8900003433228
Latvia,LVA,2013,13.0299997329712
Latvia,LVA,2014,12.0100002288818
Latvia,LVA,2015,10.5200004577637
Latvia,LVA,2016,11.210000038147
Latvia,LVA,2017,10.2600002288818
Latvia,LVA,2018,7.84000015258789
Latvia,LVA,2019,7.8600001335144
Lebanon,LBN,2007,21.2999992370605
Lebanon,LBN,2019,23.5400009155273
Liberia,LBR,2010,24.2800006866455
Liberia,LBR,2012,11.1000003814697
Liberia,LBR,2014,15.1199998855591
Liberia,LBR,2015,15.1199998855591
Liberia,LBR,2016,13.1499996185303
Lithuania,LTU,2004,9.88000011444092
Lithuania,LTU,2005,8.77000045776367
Lithuania,LTU,2006,8.31999969482422
Lithuania,LTU,2007,7.07000017166138
Lithuania,LTU,2008,8.85000038146973
Lithuania,LTU,2009,12.1199998855591
Lithuania,LTU,2010,13.1700000762939
Lithuania,LTU,2011,11.8199996948242
Lithuania,LTU,2012,11.1700000762939
Lithuania,LTU,2013,11.1400003433228
Lithuania,LTU,2014,9.90999984741211
Lithuania,LTU,2015,9.19999980926514
Lithuania,LTU,2016,9.40999984741211
Lithuania,LTU,2017,9.14999961853027
Lithuania,LTU,2018,8.03999996185303
Lithuania,LTU,2019,8.64999961853027
Lower middle income,,2010,27.1502439208808
Lower middle income,,2018,27.6570765180122
Luxembourg,LUX,2003,5.1399998664856
Luxembourg,LUX,2004,6.25
Luxembourg,LUX,2005,5.5
Luxembourg,LUX,2006,6.69000005722046
Luxembourg,LUX,2007,5.65999984741211
Luxembourg,LUX,2008,6.21000003814697
Luxembourg,LUX,2009,5.78999996185303
Luxembourg,LUX,2010,5.11999988555908
Luxembourg,LUX,2011,4.73999977111816
Luxembourg,LUX,2012,5.8899998664856
Luxembourg,LUX,2013,4.98999977111816
Luxembourg,LUX,2014,6.26000022888184
Luxembourg,LUX,2015,6.17000007629395
Luxembourg,LUX,2016,5.36999988555908
Luxembourg,LUX,2017,5.90999984741211
Luxembourg,LUX,2018,5.28000020980835
Luxembourg,LUX,2019,5.59999990463257
Macao,MAC,2009,7.19000005722046
Macao,MAC,2010,6.19000005722046
Macao,MAC,2011,6.30000019073486
Macao,MAC,2012,5.76000022888184
Macao,MAC,2013,5.26999998092651
Macao,MAC,2014,5
Macao,MAC,2015,5.30999994277954
Macao,MAC,2016,4.96000003814697
Madagascar,MDG,2012,3.78999996185303
Madagascar,MDG,2015,6.78000020980835
Malawi,MWI,2005,10.3500003814697
Malawi,MWI,2011,50.1699981689453
Malawi,MWI,2017,32.9000015258789
Malaysia,MYS,2011,14.3699998855591
Malaysia,MYS,2012,13.9499998092651
Malaysia,MYS,2013,13.6499996185303
Malaysia,MYS,2014,12.7700004577637
Malaysia,MYS,2016,11.6899995803833
Malaysia,MYS,2017,11.8000001907349
Malaysia,MYS,2018,12.4700002670288
Maldives,MDV,2009,32.5400009155273
Maldives,MDV,2014,20.5
Maldives,MDV,2016,23.4899997711182
Mali,MLI,2010,13.4700002670288
Mali,MLI,2013,18.2199993133545
Mali,MLI,2014,21.3099994659424
Mali,MLI,2015,24.9400005340576
Mali,MLI,2016,33.9799995422363
Mali,MLI,2017,28.5599994659424
Mali,MLI,2018,26.7199993133545
Malta,MLT,2004,12.2200002670288
Malta,MLT,2005,11.8999996185303
Malta,MLT,2006,10.3400001525879
Malta,MLT,2007,11.539999961853
Malta,MLT,2008,8.27000045776367
Malta,MLT,2009,9.88000011444092
Malta,MLT,2010,9.52999973297119
Malta,MLT,2011,10.1800003051758
Malta,MLT,2012,10.8199996948242
Malta,MLT,2013,9.90999984741211
Malta,MLT,2014,10.2700004577637
Malta,MLT,2015,10.539999961853
Malta,MLT,2016,8.76000022888184
Malta,MLT,2017,8.59000015258789
Malta,MLT,2018,7.28000020980835
Malta,MLT,2019,8.02999973297119
Mauritania,MRT,2012,39.4900016784668
Mauritania,MRT,2017,35.5299987792969
Mauritius,MUS,2001,33.8400001525879
Mauritius,MUS,2002,30.2199993133545
Mauritius,MUS,2003,27.3600006103516
Mauritius,MUS,2004,27.9899997711182
Mauritius,MUS,2005,28.4799995422363
Mauritius,MUS,2006,22.2299995422363
Mauritius,MUS,2007,20.6100006103516
Mauritius,MUS,2008,21.3400001525879
Mauritius,MUS,2009,21.8299999237061
Mauritius,MUS,2010,21.5200004577637
Mauritius,MUS,2011,21.5400009155273
Mauritius,MUS,2012,21.6100006103516
Mauritius,MUS,2013,21.1700000762939
Mauritius,MUS,2014,20.8600006103516
Mauritius,MUS,2015,20.0900001525879
Mauritius,MUS,2016,20.3199996948242
Mauritius,MUS,2017,19.9400005340576
Mauritius,MUS,2018,20.4599990844727
Mauritius,MUS,2019,18.0799999237061
Mexico,MEX,2005,21.4599990844727
Mexico,MEX,2006,21.2999992370605
Mexico,MEX,2007,21.0900001525879
Mexico,MEX,2008,21.9099998474121
Mexico,MEX,2009,22.1399993896484
Mexico,MEX,2010,22.1800003051758
Mexico,MEX,2011,21.8199996948242
Mexico,MEX,2012,21.1399993896484
Mexico,MEX,2013,20.4699993133545
Mexico,MEX,2014,20.2800006866455
Mexico,MEX,2015,19.75
Mexico,MEX,2016,19.5499992370605
Mexico,MEX,2017,18.7299995422363
Mexico,MEX,2018,18.4300003051758
Mexico,MEX,2019,18.2999992370605
Micronesia (country),FSM,2014,23.6900005340576
Moldova,MDA,2010,28.1800003051758
Moldova,MDA,2011,29.1900005340576
Moldova,MDA,2012,29.2700004577637
Moldova,MDA,2013,28.6399993896484
Moldova,MDA,2014,39.0099983215332
Moldova,MDA,2015,35.7000007629395
Moldova,MDA,2018,28.25
Mongolia,MNG,2006,18.5100002288818
Mongolia,MNG,2008,17.8400001525879
Mongolia,MNG,2009,18.7000007629395
Mongolia,MNG,2010,17.6299991607666
Mongolia,MNG,2011,16.5400009155273
Mongolia,MNG,2012,17.5900001525879
Mongolia,MNG,2013,18.3899993896484
Mongolia,MNG,2014,17.4500007629395
Mongolia,MNG,2015,16.8099994659424
Mongolia,MNG,2016,20.4500007629395
Mongolia,MNG,2017,19.8199996948242
Mongolia,MNG,2018,18.8799991607666
Mongolia,MNG,2019,19.6599998474121
Montenegro,MNE,2011,18.25
Montenegro,MNE,2012,17.7900009155273
Montenegro,MNE,2013,18.5100002288818
Montenegro,MNE,2014,17.7000007629395
Montenegro,MNE,2015,19.1299991607666
Montenegro,MNE,2016,18.3999996185303
Montenegro,MNE,2017,16.6900005340576
Montenegro,MNE,2018,16.2000007629395
Montenegro,MNE,2019,17.3199996948242
Myanmar,MMR,2015,18.6200008392334
Myanmar,MMR,2017,17.3799991607666
Myanmar,MMR,2018,13.6000003814697
Myanmar,MMR,2019,14.9300003051758
Namibia,NAM,2012,31.1499996185303
Namibia,NAM,2013,32.0099983215332
Namibia,NAM,2014,30.4699993133545
Namibia,NAM,2016,33.4199981689453
Namibia,NAM,2018,31.7600002288818
Nauru,NRU,2013,36.4000015258789
Nepal,NPL,2008,23.1299991607666
Nepal,NPL,2017,35.3499984741211
Netherlands,NLD,2003,4.78000020980835
Netherlands,NLD,2004,4.8600001335144
Netherlands,NLD,2005,6.42999982833862
Netherlands,NLD,2006,4.90000009536743
Netherlands,NLD,2007,4.26999998092651
Netherlands,NLD,2008,3.91000008583069
Netherlands,NLD,2009,4.96000003814697
Netherlands,NLD,2010,4.82999992370605
Netherlands,NLD,2011,4.30999994277954
Netherlands,NLD,2012,4.84999990463257
Netherlands,NLD,2013,5.65000009536743
Netherlands,NLD,2014,5.53000020980835
Netherlands,NLD,2015,4.67000007629395
Netherlands,NLD,2016,4.57000017166138
Netherlands,NLD,2017,4
Netherlands,NLD,2018,4.17999982833862
Netherlands,NLD,2019,4.26000022888184
New Caledonia,NCL,2014,11.8400001525879
New Zealand,NZL,2004,10.789999961853
New Zealand,NZL,2005,11.1199998855591
New Zealand,NZL,2006,10.7299995422363
New Zealand,NZL,2007,10.9799995422363
New Zealand,NZL,2008,11.2399997711182
New Zealand,NZL,2009,14.25
New Zealand,NZL,2010,13.6400003433228
New Zealand,NZL,2011,13.4700002670288
New Zealand,NZL,2012,13.7799997329712
New Zealand,NZL,2013,12.210000038147
New Zealand,NZL,2014,11.6599998474121
New Zealand,NZL,2015,11.539999961853
New Zealand,NZL,2016,12.1800003051758
New Zealand,NZL,2017,11.9200000762939
New Zealand,NZL,2018,12.0500001907349
New Zealand,NZL,2019,11.6099996566772
Nicaragua,NIC,2001,25.6100006103516
Nicaragua,NIC,2005,22.5300006866455
Nicaragua,NIC,2012,15.0200004577637
Nicaragua,NIC,2014,1.41999995708466
Niger,NER,2011,19.4300003051758
Niger,NER,2014,25.2000007629395
Niger,NER,2017,68.5599975585938
Nigeria,NGA,2011,1.22000002861023
Nigeria,NGA,2013,20.4200000762939
Nigeria,NGA,2016,21.3600006103516
Nigeria,NGA,2019,31.3899993896484
North America,,1994,18.7809873661626
North America,,1995,18.4926796663424
North America,,1996,17.9094106287455
North America,,1997,16.9456587264141
North America,,1998,16.0933942387692
North America,,1999,15.6297903417236
North America,,2000,15.3454584003356
North America,,2001,15.9314815580389
North America,,2002,16.6882838731212
North America,,2003,16.8393523392989
North America,,2004,16.4692450782877
North America,,2005,16.4225683834369
North America,,2006,15.5047978213018
North America,,2007,15.3092992946133
North America,,2008,16.4959868584697
North America,,2009,19.0720659337848
North America,,2010,19.3174490585431
North America,,2011,18.3973799838694
North America,,2012,18.2800403556314
North America,,2013,17.7638767066612
North America,,2014,16.51312932178
North America,,2015,15.3310137610061
North America,,2016,14.8572452427409
North America,,2017,13.7199314753927
North America,,2018,13.5724992395804
North America,,2019,13.0198628230392
North America,,2020,17.8848092038172
North Macedonia,MKD,2006,41.2999992370605
North Macedonia,MKD,2007,33.060001373291
North Macedonia,MKD,2008,30.7000007629395
North Macedonia,MKD,2009,27.6599998474121
North Macedonia,MKD,2010,25.5200004577637
North Macedonia,MKD,2011,25.1800003051758
North Macedonia,MKD,2012,24.7999992370605
North Macedonia,MKD,2013,24.2299995422363
North Macedonia,MKD,2014,25.1499996185303
North Macedonia,MKD,2015,24.7199993133545
North Macedonia,MKD,2016,24.3199996948242
North Macedonia,MKD,2017,24.8600006103516
North Macedonia,MKD,2018,24.1399993896484
North Macedonia,MKD,2019,18.1399993896484
Norway,NOR,2003,10.0100002288818
Norway,NOR,2004,9.18000030517578
Norway,NOR,2005,11.3000001907349
Norway,NOR,2006,4.55999994277954
Norway,NOR,2007,4.40999984741211
Norway,NOR,2008,4.13000011444092
Norway,NOR,2009,5
Norway,NOR,2010,4.90000009536743
Norway,NOR,2011,5.03999996185303
Norway,NOR,2012,5.15999984741211
Norway,NOR,2013,5.63000011444092
Norway,NOR,2014,5.46999979019165
Norway,NOR,2015,5.03000020980835
Norway,NOR,2016,5.36999988555908
Norway,NOR,2017,4.59000015258789
Norway,NOR,2018,4.84999990463257
Norway,NOR,2019,4.75
OECD members,,2004,14.2881708669285
OECD members,,2005,15.859213490767
OECD members,,2006,17.0180777709211
OECD members,,2007,16.7907388324249
OECD members,,2008,17.0217735804557
OECD members,,2009,17.1388208804732
OECD members,,2010,16.9741706926209
OECD members,,2011,17.598573150916
OECD members,,2012,16.3956888279153
OECD members,,2013,15.8693771175001
OECD members,,2014,15.223599989446
OECD members,,2015,14.5814976653253
OECD members,,2016,14.2580260360668
OECD members,,2017,13.7067605368556
OECD members,,2018,13.6383826921387
OECD members,,2019,13.5860732716613
Pakistan,PAK,2006,36.1699981689453
Pakistan,PAK,2007,34.9099998474121
Pakistan,PAK,2008,33.3300018310547
Pakistan,PAK,2009,31.4699993133545
Pakistan,PAK,2010,31.1000003814697
Pakistan,PAK,2011,32
Pakistan,PAK,2013,31.0100002288818
Pakistan,PAK,2014,30.9099998474121
Pakistan,PAK,2015,30.4099998474121
Pakistan,PAK,2018,30.9599990844727
Palau,PLW,2000,27.2299995422363
Palau,PLW,2014,12.9200000762939
Palestine,PSE,2000,33.0299987792969
Palestine,PSE,2001,36.8800010681152
Palestine,PSE,2002,36.1100006103516
Palestine,PSE,2003,32.2000007629395
Palestine,PSE,2004,30.8400001525879
Palestine,PSE,2005,29.7600002288818
Palestine,PSE,2006,29.1399993896484
Palestine,PSE,2007,29.1100006103516
Palestine,PSE,2008,28.7999992370605
Palestine,PSE,2009,28.2199993133545
Palestine,PSE,2010,29.2700004577637
Palestine,PSE,2011,27.4500007629395
Palestine,PSE,2012,30.0100002288818
Palestine,PSE,2013,31.4400005340576
Palestine,PSE,2014,32.2400016784668
Palestine,PSE,2015,32.2400016784668
Palestine,PSE,2016,32.4300003051758
Palestine,PSE,2017,33.2400016784668
Palestine,PSE,2018,33.4500007629395
Palestine,PSE,2019,33.4099998474121
Panama,PAN,1997,24.3099994659424
Panama,PAN,2003,22.2600002288818
Panama,PAN,2008,21.9300003051758
Panama,PAN,2009,20.0799999237061
Panama,PAN,2010,20.8899993896484
Panama,PAN,2011,21.0300006866455
Panama,PAN,2012,17.5900001525879
Panama,PAN,2013,16.9799995422363
Panama,PAN,2014,18.7600002288818
Panama,PAN,2015,18.4500007629395
Panama,PAN,2016,17.0900001525879
Panama,PAN,2017,17.2000007629395
Panama,PAN,2018,16.3799991607666
Panama,PAN,2019,16.6800003051758
Papua New Guinea,PNG,2010,27.6800003051758
Paraguay,PRY,1998,22.8700008392334
Paraguay,PRY,1999,23.8999996185303
Paraguay,PRY,2001,21.4500007629395
Paraguay,PRY,2002,24.9500007629395
Paraguay,PRY,2003,21.6800003051758
Paraguay,PRY,2004,20.5499992370605
Paraguay,PRY,2005,18.8799991607666
Paraguay,PRY,2006,19.1599998474121
Paraguay,PRY,2007,19.5599994659424
Paraguay,PRY,2008,17.5499992370605
Paraguay,PRY,2009,17
Paraguay,PRY,2010,18.8199996948242
Paraguay,PRY,2011,16.3799991607666
Paraguay,PRY,2012,15.3400001525879
Paraguay,PRY,2013,14.3500003814697
Paraguay,PRY,2014,16.3899993896484
Paraguay,PRY,2015,16.8400001525879
Paraguay,PRY,2016,18.1499996185303
Paraguay,PRY,2017,18.0599994659424
Peru,PER,2002,13.7299995422363
Peru,PER,2003,12.4200000762939
Peru,PER,2004,18.7600002288818
Peru,PER,2005,22.0900001525879
Peru,PER,2006,17.9500007629395
Peru,PER,2007,16.6399993896484
Peru,PER,2008,16.2600002288818
Peru,PER,2009,15.6800003051758
Peru,PER,2010,14.8400001525879
Peru,PER,2011,15.2600002288818
Peru,PER,2012,15.1099996566772
Peru,PER,2013,16.25
Peru,PER,2014,16.5400009155273
Peru,PER,2015,18.1599998474121
Peru,PER,2016,16.9699993133545
Peru,PER,2017,17.3400001525879
Peru,PER,2018,17.6800003051758
Peru,PER,2019,16.8199996948242
Philippines,PHL,2006,24.6800003051758
Philippines,PHL,2007,25.0300006866455
Philippines,PHL,2008,24.75
Philippines,PHL,2009,24.8099994659424
Philippines,PHL,2010,25.3199996948242
Philippines,PHL,2011,24.4200000762939
Philippines,PHL,2012,24.8299999237061
Philippines,PHL,2013,24.2999992370605
Philippines,PHL,2014,23.3500003814697
Philippines,PHL,2015,22.8400001525879
Philippines,PHL,2016,22.2000007629395
Philippines,PHL,2017,21.7000007629395
Philippines,PHL,2018,19.8899993896484
Philippines,PHL,2019,18.7600002288818
Poland,POL,2004,14.4799995422363
Poland,POL,2005,13.9099998474121
Poland,POL,2006,12.6099996566772
Poland,POL,2007,10.5900001525879
Poland,POL,2008,9.03999996185303
Poland,POL,2009,10.1099996566772
Poland,POL,2010,10.7700004577637
Poland,POL,2011,11.5
Poland,POL,2012,11.8199996948242
Poland,POL,2013,12.210000038147
Poland,POL,2014,11.9799995422363
Poland,POL,2015,10.9899997711182
Poland,POL,2016,10.5200004577637
Poland,POL,2017,9.47999954223633
Poland,POL,2018,8.65999984741211
Poland,POL,2019,8.13000011444092
Portugal,PRT,2004,10.25
Portugal,PRT,2005,11.0900001525879
Portugal,PRT,2006,10.6099996566772
Portugal,PRT,2007,11.1599998474121
Portugal,PRT,2008,10.2299995422363
Portugal,PRT,2009,11.1999998092651
Portugal,PRT,2010,11.4399995803833
Portugal,PRT,2011,12.5500001907349
Portugal,PRT,2012,13.9099998474121
Portugal,PRT,2013,14.0699996948242
Portugal,PRT,2014,12.2799997329712
Portugal,PRT,2015,11.2700004577637
Portugal,PRT,2016,10.5500001907349
Portugal,PRT,2017,9.34000015258789
Portugal,PRT,2018,8.36999988555908
Portugal,PRT,2019,8.02000045776367
Post-demographic dividend,,2004,13.252479402149
Post-demographic dividend,,2005,14.1200778419046
Post-demographic dividend,,2006,13.1447505033526
Post-demographic dividend,,2007,13.0061240772055
Post-demographic dividend,,2008,13.572208299077
Post-demographic dividend,,2009,14.0858103119026
Post-demographic dividend,,2010,14.2771675539464
Post-demographic dividend,,2011,15.1755020565299
Post-demographic dividend,,2012,14.0395438319814
Post-demographic dividend,,2013,13.6833989143695
Post-demographic dividend,,2014,13.2343667100651
Post-demographic dividend,,2015,12.4543726451684
Post-demographic dividend,,2016,12.0861532637178
Post-demographic dividend,,2017,11.3513815849126
Post-demographic dividend,,2018,10.9224984592876
Post-demographic dividend,,2019,10.5489858922355
Qatar,QAT,2009,9.39999961853027
Romania,ROU,2003,19.3299999237061
Romania,ROU,2004,18.8400001525879
Romania,ROU,2005,16.7999992370605
Romania,ROU,2006,14.7700004577637
Romania,ROU,2007,13.3100004196167
Romania,ROU,2008,11.5699996948242
Romania,ROU,2009,13.9399995803833
Romania,ROU,2010,16.6000003814697
Romania,ROU,2011,17.4699993133545
Romania,ROU,2012,16.8099994659424
Romania,ROU,2013,16.9599990844727
Romania,ROU,2014,17.0100002288818
Romania,ROU,2015,18.0799999237061
Romania,ROU,2016,17.3799991607666
Romania,ROU,2017,15.1499996185303
Romania,ROU,2018,14.5200004577637
Romania,ROU,2019,14.6599998474121
Russia,RUS,2009,14.0799999237061
Russia,RUS,2010,14.210000038147
Russia,RUS,2011,12.6899995803833
Russia,RUS,2012,11.9899997711182
Russia,RUS,2013,11.8199996948242
Russia,RUS,2014,12.0299997329712
Russia,RUS,2015,12.0299997329712
Russia,RUS,2016,12.4099998474121
Rwanda,RWA,2014,4.65000009536743
Rwanda,RWA,2017,30.7900009155273
Rwanda,RWA,2018,30.6200008392334
Rwanda,RWA,2019,32.7799987792969
Saint Lucia,LCA,2017,33.6599998474121
Saint Lucia,LCA,2018,32.4900016784668
Saint Lucia,LCA,2019,29.8700008392334
Samoa,WSM,2012,38.9000015258789
Samoa,WSM,2017,37.9300003051758
Saudi Arabia,SAU,2009,18.7399997711182
Saudi Arabia,SAU,2011,20.5699996948242
Saudi Arabia,SAU,2012,18.7900009155273
Saudi Arabia,SAU,2013,18.4200000762939
Saudi Arabia,SAU,2014,18.3199996948242
Saudi Arabia,SAU,2015,16.1000003814697
Senegal,SEN,2015,36.2400016784668
Senegal,SEN,2016,29.1100006103516
Senegal,SEN,2017,33.1300010681152
Serbia,SRB,2008,20.3199996948242
Serbia,SRB,2009,21.6100006103516
Serbia,SRB,2010,21.2000007629395
Serbia,SRB,2011,21.6000003814697
Serbia,SRB,2012,21.6499996185303
Serbia,SRB,2013,19.7900009155273
Serbia,SRB,2014,21
Serbia,SRB,2015,20.3600006103516
Serbia,SRB,2016,18.0799999237061
Serbia,SRB,2017,17.5799999237061
Serbia,SRB,2018,16.9799995422363
Serbia,SRB,2019,15.6599998474121
Seychelles,SYC,2019,20.8700008392334
Sierra Leone,SLE,2014,10.0900001525879
Singapore,SGP,2013,3.70000004768372
Singapore,SGP,2014,3.59999990463257
Singapore,SGP,2015,3.59999990463257
Singapore,SGP,2016,4.09999990463257
Singapore,SGP,2017,4.5
Singapore,SGP,2018,4.30000019073486
Singapore,SGP,2019,4.13000011444092
Slovakia,SVK,2003,16.9799995422363
Slovakia,SVK,2004,17.0799999237061
Slovakia,SVK,2005,15.8500003814697
Slovakia,SVK,2006,14.3599996566772
Slovakia,SVK,2007,12.5500001907349
Slovakia,SVK,2008,11.0600004196167
Slovakia,SVK,2009,12.5500001907349
Slovakia,SVK,2010,14.0900001525879
Slovakia,SVK,2011,13.8100004196167
Slovakia,SVK,2012,13.8100004196167
Slovakia,SVK,2013,13.6899995803833
Slovakia,SVK,2014,12.8000001907349
Slovakia,SVK,2015,13.7200002670288
Slovakia,SVK,2016,12.25
Slovakia,SVK,2017,12.1000003814697
Slovakia,SVK,2018,10.1899995803833
Slovakia,SVK,2019,10.3000001907349
Slovenia,SVN,2003,7.26000022888184
Slovenia,SVN,2004,6.55999994277954
Slovenia,SVN,2005,8.93000030517578
Slovenia,SVN,2006,8.52000045776367
Slovenia,SVN,2007,6.69999980926514
Slovenia,SVN,2008,6.5
Slovenia,SVN,2009,7.46000003814697
Slovenia,SVN,2010,7.1100001335144
Slovenia,SVN,2011,7.07999992370605
Slovenia,SVN,2012,9.27999973297119
Slovenia,SVN,2013,9.23999977111816
Slovenia,SVN,2014,9.42000007629395
Slovenia,SVN,2015,9.51000022888184
Slovenia,SVN,2016,8.02999973297119
Slovenia,SVN,2017,6.51999998092651
Slovenia,SVN,2018,6.61999988555908
Slovenia,SVN,2019,7.03000020980835
Solomon Islands,SLB,2013,7.03999996185303
South Africa,ZAF,2000,31.3500003814697
South Africa,ZAF,2001,34.5699996948242
South Africa,ZAF,2002,35.6699981689453
South Africa,ZAF,2003,36.5400009155273
South Africa,ZAF,2004,35.3600006103516
South Africa,ZAF,2005,34.2599983215332
South Africa,ZAF,2006,33.3400001525879
South Africa,ZAF,2007,32.5800018310547
South Africa,ZAF,2012,32.2099990844727
South Africa,ZAF,2013,31.9699993133545
South Africa,ZAF,2014,31.3099994659424
South Africa,ZAF,2015,30.5
South Africa,ZAF,2016,31.2199993133545
South Africa,ZAF,2017,31.0100002288818
South Africa,ZAF,2018,31.5599994659424
South Africa,ZAF,2019,32.4599990844727
South Asia,,1994,32.6199989318848
South Asia,,2000,32.2400016784668
South Asia,,2004,26.1299991607666
South Asia,,2005,30.4938316153603
South Asia,,2010,28.4418237553688
South Asia,,2012,27.5
South Asia,,2018,30.4200889051053
South Asia,,2019,29.5300006866455
South Asia (IDA & IBRD),,1994,32.6199989318848
South Asia (IDA & IBRD),,2000,32.2400016784668
South Asia (IDA & IBRD),,2004,26.1299991607666
South Asia (IDA & IBRD),,2005,30.4938316153603
South Asia (IDA & IBRD),,2010,28.4418237553688
South Asia (IDA & IBRD),,2012,27.5
South Asia (IDA & IBRD),,2018,30.4200889051053
South Asia (IDA & IBRD),,2019,29.5300006866455
Spain,ESP,2003,11.6899995803833
Spain,ESP,2004,11.7600002288818
Spain,ESP,2005,12.960000038147
Spain,ESP,2006,11.8299999237061
Spain,ESP,2007,12.039999961853
Spain,ESP,2008,14.2600002288818
Spain,ESP,2009,18.0900001525879
Spain,ESP,2010,17.8099994659424
Spain,ESP,2011,18.25
Spain,ESP,2012,18.6000003814697
Spain,ESP,2013,18.6299991607666
Spain,ESP,2014,17.1399993896484
Spain,ESP,2015,15.6400003433228
Spain,ESP,2016,14.6099996566772
Spain,ESP,2017,13.3199996948242
Spain,ESP,2018,12.4399995803833
Spain,ESP,2019,12.1300001144409
Sri Lanka,LKA,2010,26.6800003051758
Sri Lanka,LKA,2011,26.5200004577637
Sri Lanka,LKA,2013,27.4599990844727
Sri Lanka,LKA,2014,28.7999992370605
Sri Lanka,LKA,2015,26.6299991607666
Sri Lanka,LKA,2016,27.0900001525879
Sri Lanka,LKA,2017,24.7199993133545
Sri Lanka,LKA,2018,24.1800003051758
Sudan,SDN,2011,32.810001373291
Suriname,SUR,2016,14.6499996185303
Sweden,SWE,2003,6.51000022888184
Sweden,SWE,2004,7.86999988555908
Sweden,SWE,2005,14.1700000762939
Sweden,SWE,2006,9.34000015258789
Sweden,SWE,2007,7.48000001907349
Sweden,SWE,2008,7.82000017166138
Sweden,SWE,2009,9.60000038146973
Sweden,SWE,2010,7.67000007629395
Sweden,SWE,2011,7.53000020980835
Sweden,SWE,2012,7.82999992370605
Sweden,SWE,2013,7.44000005722046
Sweden,SWE,2014,7.15999984741211
Sweden,SWE,2015,6.71999979019165
Sweden,SWE,2016,6.48000001907349
Sweden,SWE,2017,6.15000009536743
Sweden,SWE,2018,6.01999998092651
Sweden,SWE,2019,5.46999979019165
Switzerland,CHE,2003,7.28000020980835
Switzerland,CHE,2004,6.59000015258789
Switzerland,CHE,2005,7.21000003814697
Switzerland,CHE,2006,7.17999982833862
Switzerland,CHE,2007,6.23000001907349
Switzerland,CHE,2008,6.28999996185303
Switzerland,CHE,2009,8.05000019073486
Switzerland,CHE,2010,6.75
Switzerland,CHE,2011,6.84000015258789
Switzerland,CHE,2012,6.80999994277954
Switzerland,CHE,2013,7.32999992370605
Switzerland,CHE,2014,7.40000009536743
Switzerland,CHE,2015,7.36999988555908
Switzerland,CHE,2016,7.03000020980835
Switzerland,CHE,2017,6.51000022888184
Switzerland,CHE,2018,6.03999996185303
Switzerland,CHE,2019,6.19999980926514
Tajikistan,TJK,2009,42.2000007629395
Tanzania,TZA,2001,12.1499996185303
Tanzania,TZA,2005,9.01000022888184
Tanzania,TZA,2006,9.01000022888184
Tanzania,TZA,2014,14.9300003051758
Thailand,THA,2009,13.710000038147
Thailand,THA,2010,12.5200004577637
Thailand,THA,2011,12.5500001907349
Thailand,THA,2012,12.8500003814697
Thailand,THA,2013,14.3699998855591
Thailand,THA,2014,13.3199996948242
Thailand,THA,2015,13.5900001525879
Thailand,THA,2016,14.9700002670288
Thailand,THA,2017,15.5900001525879
Thailand,THA,2018,14.7799997329712
Thailand,THA,2019,14.8800001144409
Timor,TLS,2010,19
Timor,TLS,2013,24.2600002288818
Timor,TLS,2016,20.9500007629395
Togo,TGO,2006,9.8100004196167
Togo,TGO,2011,9.35999965667725
Togo,TGO,2014,16.3299999237061
Togo,TGO,2015,9.85000038146973
Togo,TGO,2017,25.0799999237061
Tonga,TON,2018,30.2900009155273
Trinidad and Tobago,TTO,2013,52.0499992370605
Tunisia,TUN,2010,25.2199993133545
Turkey,TUR,2006,38.5499992370605
Turkey,TUR,2007,39.2200012207031
Turkey,TUR,2008,37.0200004577637
Turkey,TUR,2009,34.939998626709
Turkey,TUR,2010,32.2900009155273
Turkey,TUR,2011,29.5599994659424
Turkey,TUR,2012,28.7199993133545
Turkey,TUR,2013,25.5300006866455
Turkey,TUR,2014,24.7900009155273
Turkey,TUR,2015,23.8899993896484
Turkey,TUR,2016,23.9500007629395
Turkey,TUR,2017,24.1800003051758
Turkey,TUR,2018,24.4099998474121
Turkey,TUR,2019,26.0200004577637
Tuvalu,TUV,2016,28.9599990844727
Uganda,UGA,2005,8.09000015258789
Uganda,UGA,2009,6.94999980926514
Uganda,UGA,2012,14.5299997329712
Uganda,UGA,2013,5.90999984741211
Uganda,UGA,2017,33.4700012207031
Ukraine,UKR,2014,19.9799995422363
Ukraine,UKR,2015,17.6299991607666
Ukraine,UKR,2016,18.2600002288818
Ukraine,UKR,2017,16.4699993133545
United Kingdom,GBR,2004,5.44999980926514
United Kingdom,GBR,2005,8.42000007629395
United Kingdom,GBR,2006,8.55000019073486
United Kingdom,GBR,2007,11.8999996185303
United Kingdom,GBR,2008,12.0900001525879
United Kingdom,GBR,2009,13.2200002670288
United Kingdom,GBR,2010,13.6199998855591
United Kingdom,GBR,2011,14.2399997711182
United Kingdom,GBR,2012,13.8800001144409
United Kingdom,GBR,2013,13.2399997711182
United Kingdom,GBR,2014,11.8599996566772
United Kingdom,GBR,2015,11.0500001907349
United Kingdom,GBR,2016,10.8900003433228
United Kingdom,GBR,2017,10.3100004196167
United Kingdom,GBR,2018,10.4499998092651
United Kingdom,GBR,2019,10.5200004577637
United States,USA,1994,19.0100002288818
United States,USA,1995,18.7600002288818
United States,USA,1996,18.0900001525879
United States,USA,1997,17.0599994659424
United States,USA,1998,16.1800003051758
United States,USA,1999,15.7799997329712
United States,USA,2000,15.5
United States,USA,2001,16.2099990844727
United States,USA,2002,17.0599994659424
United States,USA,2003,17.2299995422363
United States,USA,2004,16.8299999237061
United States,USA,2005,16.8099994659424
United States,USA,2006,15.8400001525879
United States,USA,2007,15.6300001144409
United States,USA,2008,16.8999996185303
United States,USA,2009,19.5799999237061
United States,USA,2010,19.8799991607666
United States,USA,2011,18.9099998474121
United States,USA,2012,18.7600002288818
United States,USA,2013,18.2199993133545
United States,USA,2014,16.7900009155273
United States,USA,2015,15.4899997711182
United States,USA,2016,15
United States,USA,2017,13.8400001525879
United States,USA,2018,13.6499996185303
United States,USA,2019,13.0900001525879
United States,USA,2020,17.8799991607666
Uruguay,URY,1998,20.8500003814697
Uruguay,URY,1999,21.3899993896484
Uruguay,URY,2000,22.9899997711182
Uruguay,URY,2001,21.1000003814697
Uruguay,URY,2002,22.4699993133545
Uruguay,URY,2003,22.0100002288818
Uruguay,URY,2004,19.6599998474121
Uruguay,URY,2005,19.25
Uruguay,URY,2006,20.5499992370605
Uruguay,URY,2007,19.6599998474121
Uruguay,URY,2008,18.7900009155273
Uruguay,URY,2009,17.8500003814697
Uruguay,URY,2010,18.1200008392334
Uruguay,URY,2011,17.1599998474121
Uruguay,URY,2012,17.7299995422363
Uruguay,URY,2013,18.0400009155273
Uruguay,URY,2014,18.1499996185303
Uruguay,URY,2015,18.7299995422363
Uruguay,URY,2016,18.6800003051758
Uruguay,URY,2017,17.8700008392334
Uruguay,URY,2018,17.9500007629395
Uruguay,URY,2019,18.7099990844727
Vanuatu,VUT,2006,22.8600006103516
Vanuatu,VUT,2009,26.3299999237061
Vanuatu,VUT,2010,30.9699993133545
Venezuela,VEN,2005,13.3699998855591
Venezuela,VEN,2006,12.7399997711182
Venezuela,VEN,2007,11.6999998092651
Venezuela,VEN,2008,12.0500001907349
Venezuela,VEN,2009,14.960000038147
Venezuela,VEN,2010,18.7999992370605
Venezuela,VEN,2011,18.8999996185303
Venezuela,VEN,2012,19.6299991607666
Venezuela,VEN,2016,20.2199993133545
Venezuela,VEN,2017,22.75
Vietnam,VNM,2007,10.6000003814697
Vietnam,VNM,2009,10.2700004577637
Vietnam,VNM,2010,8.23999977111816
Vietnam,VNM,2011,8.28999996185303
Vietnam,VNM,2012,9.4399995803833
Vietnam,VNM,2013,9.98999977111816
Vietnam,VNM,2014,9.72999954223633
Vietnam,VNM,2015,9.88000011444092
Vietnam,VNM,2016,9.47000026702881
Vietnam,VNM,2017,9.69999980926514
Vietnam,VNM,2018,8.3100004196167
Vietnam,VNM,2019,14.4099998474121
Vietnam,VNM,2020,15.4700002670288
Yemen,YEM,2014,44.7700004577637
Zambia,ZMB,2008,12.9399995803833
Zambia,ZMB,2017,43.5299987792969
Zambia,ZMB,2018,43.0499992370605
Zimbabwe,ZWE,2011,17.2399997711182
Zimbabwe,ZWE,2014,16.5599994659424
Zimbabwe,ZWE,2019,44.7700004577637