Entity,Code,Year,"8.a.1 - Total official flows (commitments) for Aid for Trade, by recipient countries (millions of constant 2019 United States dollars) - DC_TOF_TRDCML"
Afghanistan,AFG,2005,650300000
Afghanistan,AFG,2006,1341300000
Afghanistan,AFG,2007,1687000000
Afghanistan,AFG,2008,1924300000
Afghanistan,AFG,2009,1618500000
Afghanistan,AFG,2010,1813200000
Afghanistan,AFG,2011,2283100000
Afghanistan,AFG,2012,1246100000
Afghanistan,AFG,2013,2508200000
Afghanistan,AFG,2014,1308400000
Afghanistan,AFG,2015,1325400000
Afghanistan,AFG,2016,920200000
Afghanistan,AFG,2017,1013300000
Afghanistan,AFG,2018,1003952580
Afghanistan,AFG,2019,760445200
Africa,,2005,3509600000
Africa,,2006,7505000000
Africa,,2007,9776300000
Africa,,2008,12778300000
Africa,,2009,13423200000
Africa,,2010,14942400000
Africa,,2011,11227400000
Africa,,2012,18152800000
Africa,,2013,15931500000
Africa,,2014,15160000000
Africa,,2015,17718300000
Africa,,2016,16571800000
Africa,,2017,19631700000
Africa,,2018,17456000000
Africa,,2019,17673100000
Albania,ALB,2005,56600000
Albania,ALB,2006,225900000
Albania,ALB,2007,41100000
Albania,ALB,2008,101900000
Albania,ALB,2009,51900000
Albania,ALB,2010,197100000
Albania,ALB,2011,182100000
Albania,ALB,2012,26900000
Albania,ALB,2013,69200000
Albania,ALB,2014,78900000
Albania,ALB,2015,105000000
Albania,ALB,2016,160800000
Albania,ALB,2017,121100000
Albania,ALB,2018,203918920
Albania,ALB,2019,76123560
Algeria,DZA,2005,37500000
Algeria,DZA,2006,204800000
Algeria,DZA,2007,156000000
Algeria,DZA,2008,33600000
Algeria,DZA,2009,12300000
Algeria,DZA,2010,25700000
Algeria,DZA,2011,33800000
Algeria,DZA,2012,23000000
Algeria,DZA,2013,20300000
Algeria,DZA,2014,22900000
Algeria,DZA,2015,6000000
Algeria,DZA,2016,19000000
Algeria,DZA,2017,23100000
Algeria,DZA,2018,35908670
Algeria,DZA,2019,11294710
Angola,AGO,2005,6200000
Angola,AGO,2006,31500000
Angola,AGO,2007,134500000
Angola,AGO,2008,75500000
Angola,AGO,2009,18200000
Angola,AGO,2010,73300000
Angola,AGO,2011,17400000
Angola,AGO,2012,9900000
Angola,AGO,2013,60100000
Angola,AGO,2014,19500000
Angola,AGO,2015,225200000
Angola,AGO,2016,29900000
Angola,AGO,2017,13400000
Angola,AGO,2018,151512280
Angola,AGO,2019,11917050
Anguilla,AIA,2005,100000
Anguilla,AIA,2006,11000000
Anguilla,AIA,2007,5100000
Anguilla,AIA,2008,0
Anguilla,AIA,2009,100000
Anguilla,AIA,2010,0
Anguilla,AIA,2013,0
Antigua and Barbuda,ATG,2005,2100000
Antigua and Barbuda,ATG,2006,100000
Antigua and Barbuda,ATG,2007,200000
Antigua and Barbuda,ATG,2008,500000
Antigua and Barbuda,ATG,2009,12900000
Antigua and Barbuda,ATG,2010,400000
Antigua and Barbuda,ATG,2011,900000
Antigua and Barbuda,ATG,2012,1000000
Antigua and Barbuda,ATG,2013,3900000
Antigua and Barbuda,ATG,2014,500000
Antigua and Barbuda,ATG,2015,12600000
Antigua and Barbuda,ATG,2016,200000
Antigua and Barbuda,ATG,2017,20900000
Antigua and Barbuda,ATG,2018,125390
Antigua and Barbuda,ATG,2019,5700490
Argentina,ARG,2005,9100000
Argentina,ARG,2006,27000000
Argentina,ARG,2007,32200000.000000004
Argentina,ARG,2008,14700000
Argentina,ARG,2009,26400000
Argentina,ARG,2010,64300000
Argentina,ARG,2011,24000000
Argentina,ARG,2012,115500000
Argentina,ARG,2013,9700000
Argentina,ARG,2014,11700000
Argentina,ARG,2015,10400000
Argentina,ARG,2016,24500000
Argentina,ARG,2017,14100000
Argentina,ARG,2018,94607880
Argentina,ARG,2019,106975980
Armenia,ARM,2005,70200000
Armenia,ARM,2006,336600000
Armenia,ARM,2007,137200000
Armenia,ARM,2008,238100000
Armenia,ARM,2009,171600000
Armenia,ARM,2010,148700000
Armenia,ARM,2011,101400000
Armenia,ARM,2012,134100000
Armenia,ARM,2013,151000000
Armenia,ARM,2014,297600000
Armenia,ARM,2015,258700000
Armenia,ARM,2016,232000000
Armenia,ARM,2017,136600000
Armenia,ARM,2018,46568510
Armenia,ARM,2019,102035190
Asia,,2005,7273600000
Asia,,2006,11863800000
Asia,,2007,12531700000
Asia,,2008,18446400000
Asia,,2009,15280800000
Asia,,2010,15791800000
Asia,,2011,17556800000
Asia,,2012,18474800000
Asia,,2013,24633800000
Asia,,2014,22892700000
Asia,,2015,27139100000
Asia,,2016,23737600000
Asia,,2017,24330700000
Asia,,2018,25674100000
Asia,,2019,20127100000
Azerbaijan,AZE,2005,95400000
Azerbaijan,AZE,2006,82800000
Azerbaijan,AZE,2007,132699999.99999999
Azerbaijan,AZE,2008,67900000
Azerbaijan,AZE,2009,151000000
Azerbaijan,AZE,2010,91700000
Azerbaijan,AZE,2011,113600000
Azerbaijan,AZE,2012,13100000
Azerbaijan,AZE,2013,14700000
Azerbaijan,AZE,2014,39700000
Azerbaijan,AZE,2015,25500000
Azerbaijan,AZE,2016,9800000
Azerbaijan,AZE,2017,153200000
Azerbaijan,AZE,2018,11271430
Azerbaijan,AZE,2019,195411570
Bangladesh,BGD,2005,305400000
Bangladesh,BGD,2006,569600000
Bangladesh,BGD,2007,686200000
Bangladesh,BGD,2008,1088800000
Bangladesh,BGD,2009,827100000
Bangladesh,BGD,2010,1095100000
Bangladesh,BGD,2011,1673000000
Bangladesh,BGD,2012,1001000000
Bangladesh,BGD,2013,1588600000
Bangladesh,BGD,2014,1720600000
Bangladesh,BGD,2015,2568200000
Bangladesh,BGD,2016,2735300000
Bangladesh,BGD,2017,3040300000
Bangladesh,BGD,2018,4278074139.9999995
Bangladesh,BGD,2019,3109028140
Barbados,BRB,2005,300000
Barbados,BRB,2006,3500000
Barbados,BRB,2007,14500000
Barbados,BRB,2008,13500000
Barbados,BRB,2009,2200000
Barbados,BRB,2010,500000
Belarus,BLR,2005,500000
Belarus,BLR,2006,2200000
Belarus,BLR,2007,12400000
Belarus,BLR,2008,8199999.999999999
Belarus,BLR,2009,18200000
Belarus,BLR,2010,63300000
Belarus,BLR,2011,4700000
Belarus,BLR,2012,6400000
Belarus,BLR,2013,7300000
Belarus,BLR,2014,11400000
Belarus,BLR,2015,5400000
Belarus,BLR,2016,26100000
Belarus,BLR,2017,18800000
Belarus,BLR,2018,10268330
Belarus,BLR,2019,94959610
Belize,BLZ,2005,3500000
Belize,BLZ,2006,12100000
Belize,BLZ,2007,3000000
Belize,BLZ,2008,11700000
Belize,BLZ,2009,21400000
Belize,BLZ,2010,24200000
Belize,BLZ,2011,8199999.999999999
Belize,BLZ,2012,32799999.999999996
Belize,BLZ,2013,26200000
Belize,BLZ,2014,9700000
Belize,BLZ,2015,41300000
Belize,BLZ,2016,4900000
Belize,BLZ,2017,56000000
Belize,BLZ,2018,85037660
Belize,BLZ,2019,17729130
Benin,BEN,2005,77900000
Benin,BEN,2006,354100000
Benin,BEN,2007,82300000
Benin,BEN,2008,166600000
Benin,BEN,2009,253600000
Benin,BEN,2010,236600000
Benin,BEN,2011,154800000
Benin,BEN,2012,107800000
Benin,BEN,2013,107400000
Benin,BEN,2014,148600000
Benin,BEN,2015,245300000
Benin,BEN,2016,149500000
Benin,BEN,2017,761800000
Benin,BEN,2018,215081450
Benin,BEN,2019,518689700
Bhutan,BTN,2005,18500000
Bhutan,BTN,2006,14500000
Bhutan,BTN,2007,81200000
Bhutan,BTN,2008,24000000
Bhutan,BTN,2009,67900000
Bhutan,BTN,2010,52500000
Bhutan,BTN,2011,36400000
Bhutan,BTN,2012,35900000
Bhutan,BTN,2013,80000000
Bhutan,BTN,2014,60500000
Bhutan,BTN,2015,138800000
Bhutan,BTN,2016,67800000
Bhutan,BTN,2017,46900000
Bhutan,BTN,2018,22966230
Bhutan,BTN,2019,85123720
Bolivia,BOL,2005,94700000
Bolivia,BOL,2006,127300000
Bolivia,BOL,2007,268100000.00000003
Bolivia,BOL,2008,79200000
Bolivia,BOL,2009,256399999.99999997
Bolivia,BOL,2010,309500000
Bolivia,BOL,2011,395100000
Bolivia,BOL,2012,241100000
Bolivia,BOL,2013,217100000
Bolivia,BOL,2014,449500000
Bolivia,BOL,2015,484900000
Bolivia,BOL,2016,186600000
Bolivia,BOL,2017,1022100000
Bolivia,BOL,2018,296582580
Bolivia,BOL,2019,126899260
Bosnia and Herzegovina,BIH,2005,46200000
Bosnia and Herzegovina,BIH,2006,191400000
Bosnia and Herzegovina,BIH,2007,151600000
Bosnia and Herzegovina,BIH,2008,129600000
Bosnia and Herzegovina,BIH,2009,211200000
Bosnia and Herzegovina,BIH,2010,225900000
Bosnia and Herzegovina,BIH,2011,220300000
Bosnia and Herzegovina,BIH,2012,212100000
Bosnia and Herzegovina,BIH,2013,436800000
Bosnia and Herzegovina,BIH,2014,511300000
Bosnia and Herzegovina,BIH,2015,76100000
Bosnia and Herzegovina,BIH,2016,61500000
Bosnia and Herzegovina,BIH,2017,200500000
Bosnia and Herzegovina,BIH,2018,166866080
Bosnia and Herzegovina,BIH,2019,250860090
Botswana,BWA,2005,1700000
Botswana,BWA,2006,2100000
Botswana,BWA,2007,9000000
Botswana,BWA,2008,4700000
Botswana,BWA,2009,5000000
Botswana,BWA,2010,17500000
Botswana,BWA,2011,4600000
Botswana,BWA,2012,92000000
Botswana,BWA,2013,3800000
Botswana,BWA,2014,7200000
Botswana,BWA,2015,3000000
Botswana,BWA,2016,7800000
Botswana,BWA,2017,8500000
Botswana,BWA,2018,3035770
Botswana,BWA,2019,28899590
Brazil,BRA,2005,23500000
Brazil,BRA,2006,42500000
Brazil,BRA,2007,98100000
Brazil,BRA,2008,52100000
Brazil,BRA,2009,210100000
Brazil,BRA,2010,229400000
Brazil,BRA,2011,233200000
Brazil,BRA,2012,1053700000
Brazil,BRA,2013,271800000
Brazil,BRA,2014,722800000
Brazil,BRA,2015,807900000
Brazil,BRA,2016,257600000.00000003
Brazil,BRA,2017,607800000
Brazil,BRA,2018,383716100
Brazil,BRA,2019,217587030
Burkina Faso,BFA,2005,103800000
Burkina Faso,BFA,2006,200400000
Burkina Faso,BFA,2007,134500000
Burkina Faso,BFA,2008,230500000
Burkina Faso,BFA,2009,617500000
Burkina Faso,BFA,2010,318600000
Burkina Faso,BFA,2011,320600000
Burkina Faso,BFA,2012,299200000
Burkina Faso,BFA,2013,450600000
Burkina Faso,BFA,2014,335600000
Burkina Faso,BFA,2015,317800000
Burkina Faso,BFA,2016,410000000
Burkina Faso,BFA,2017,490100000
Burkina Faso,BFA,2018,545517100
Burkina Faso,BFA,2019,591460710
Burundi,BDI,2005,42500000
Burundi,BDI,2006,86800000
Burundi,BDI,2007,80500000
Burundi,BDI,2008,83000000
Burundi,BDI,2009,122800000
Burundi,BDI,2010,189500000
Burundi,BDI,2011,190400000
Burundi,BDI,2012,130800000.00000001
Burundi,BDI,2013,249200000
Burundi,BDI,2014,258899999.99999997
Burundi,BDI,2015,147500000
Burundi,BDI,2016,94500000
Burundi,BDI,2017,231900000
Burundi,BDI,2018,137337010
Burundi,BDI,2019,118220940
Cambodia,KHM,2005,112400000
Cambodia,KHM,2006,195600000
Cambodia,KHM,2007,165700000
Cambodia,KHM,2008,255400000
Cambodia,KHM,2009,232400000
Cambodia,KHM,2010,425500000
Cambodia,KHM,2011,219900000
Cambodia,KHM,2012,271100000
Cambodia,KHM,2013,359300000
Cambodia,KHM,2014,633700000
Cambodia,KHM,2015,441300000
Cambodia,KHM,2016,505900000
Cambodia,KHM,2017,539500000
Cambodia,KHM,2018,732199260
Cambodia,KHM,2019,587475760
Cameroon,CMR,2005,34300000
Cameroon,CMR,2006,301100000
Cameroon,CMR,2007,309000000
Cameroon,CMR,2008,218200000
Cameroon,CMR,2009,335400000
Cameroon,CMR,2010,153000000
Cameroon,CMR,2011,390100000
Cameroon,CMR,2012,479000000
Cameroon,CMR,2013,157200000
Cameroon,CMR,2014,331500000
Cameroon,CMR,2015,138500000
Cameroon,CMR,2016,193100000
Cameroon,CMR,2017,456500000
Cameroon,CMR,2018,228021330
Cameroon,CMR,2019,349625450
Cape Verde,CPV,2005,60800000
Cape Verde,CPV,2006,24600000
Cape Verde,CPV,2007,65400000.00000001
Cape Verde,CPV,2008,98300000
Cape Verde,CPV,2009,112900000
Cape Verde,CPV,2010,63600000
Cape Verde,CPV,2011,40300000
Cape Verde,CPV,2012,88000000
Cape Verde,CPV,2013,38300000
Cape Verde,CPV,2014,58500000
Cape Verde,CPV,2015,46900000
Cape Verde,CPV,2016,15300000
Cape Verde,CPV,2017,59100000
Cape Verde,CPV,2018,60008690
Cape Verde,CPV,2019,74986860
Caribbean,,2005,142300000
Caribbean,,2006,198700000
Caribbean,,2007,227600000
Caribbean,,2008,263100000.00000003
Caribbean,,2009,491500000
Caribbean,,2010,528799999.99999994
Caribbean,,2011,825700000
Caribbean,,2012,513299999.99999994
Caribbean,,2013,474800000
Caribbean,,2014,341000000
Caribbean,,2015,493200000
Caribbean,,2016,309000000
Caribbean,,2017,582400000
Caribbean,,2018,704900000
Caribbean,,2019,497900000
Caucasus and Central Asia,,2005,400700000
Caucasus and Central Asia,,2006,1097800000
Caucasus and Central Asia,,2007,873900000
Caucasus and Central Asia,,2008,971600000
Caucasus and Central Asia,,2009,1254300000
Caucasus and Central Asia,,2010,1587300000
Caucasus and Central Asia,,2011,845900000
Caucasus and Central Asia,,2012,1422800000
Caucasus and Central Asia,,2013,1433200000
Caucasus and Central Asia,,2014,1916300000
Caucasus and Central Asia,,2015,1443700000
Caucasus and Central Asia,,2016,1215700000
Caucasus and Central Asia,,2017,1756900000
Caucasus and Central Asia,,2018,1668000000
Caucasus and Central Asia,,2019,3549400000
Central African Republic,CAF,2005,9600000
Central African Republic,CAF,2006,117100000
Central African Republic,CAF,2007,48100000
Central African Republic,CAF,2008,5100000
Central African Republic,CAF,2009,85500000
Central African Republic,CAF,2010,17300000
Central African Republic,CAF,2011,83700000
Central African Republic,CAF,2012,128600000
Central African Republic,CAF,2013,6900000
Central African Republic,CAF,2014,9200000
Central African Republic,CAF,2015,300000
Central African Republic,CAF,2016,9900000
Central African Republic,CAF,2017,52400000
Central African Republic,CAF,2018,121035470
Central African Republic,CAF,2019,118471960
Central America,,2005,303400000
Central America,,2006,541800000
Central America,,2007,714600000
Central America,,2008,650900000
Central America,,2009,709800000
Central America,,2010,927400000
Central America,,2011,585300000
Central America,,2012,942900000
Central America,,2013,1082000000
Central America,,2014,1228000000
Central America,,2015,1244000000
Central America,,2016,1440200000
Central America,,2017,1305400000
Central America,,2018,1008200000
Central America,,2019,769100000
Central Asia,,2005,171700000
Central Asia,,2006,259600000.00000003
Central Asia,,2007,510300000
Central Asia,,2008,412800000
Central Asia,,2009,431400000
Central Asia,,2010,1031800000
Central Asia,,2011,509800000
Central Asia,,2012,726000000
Central Asia,,2013,1067700000
Central Asia,,2014,1363300000
Central Asia,,2015,1094300000
Central Asia,,2016,839000000
Central Asia,,2017,1152300000
Central Asia,,2018,1214400000
Central Asia,,2019,2922100000
Chad,TCD,2005,60900000
Chad,TCD,2006,13300000
Chad,TCD,2007,63600000
Chad,TCD,2008,41800000
Chad,TCD,2009,94100000
Chad,TCD,2010,14500000
Chad,TCD,2011,166900000
Chad,TCD,2012,65599999.99999999
Chad,TCD,2013,53500000
Chad,TCD,2014,123400000
Chad,TCD,2015,123200000
Chad,TCD,2016,54700000
Chad,TCD,2017,39500000
Chad,TCD,2018,177045430
Chad,TCD,2019,56699160
Chile,CHL,2005,11600000
Chile,CHL,2006,6300000
Chile,CHL,2007,18700000
Chile,CHL,2008,72300000
Chile,CHL,2009,67000000
Chile,CHL,2010,31100000
Chile,CHL,2011,83600000
Chile,CHL,2012,73900000
Chile,CHL,2013,222400000
Chile,CHL,2014,388300000
Chile,CHL,2015,79200000
Chile,CHL,2016,162600000
Chile,CHL,2017,17000000
China,CHN,2005,246200000
China,CHN,2006,562700000
China,CHN,2007,361200000
China,CHN,2008,690900000
China,CHN,2009,554500000
China,CHN,2010,575100000
China,CHN,2011,165900000
China,CHN,2012,303400000
China,CHN,2013,389000000
China,CHN,2014,286800000
China,CHN,2015,522900000
China,CHN,2016,799700000
China,CHN,2017,289000000
China,CHN,2018,285353760
China,CHN,2019,139444770
Colombia,COL,2005,70800000
Colombia,COL,2006,140700000
Colombia,COL,2007,140400000
Colombia,COL,2008,204900000
Colombia,COL,2009,196400000
Colombia,COL,2010,178100000
Colombia,COL,2011,335700000
Colombia,COL,2012,197800000
Colombia,COL,2013,215600000
Colombia,COL,2014,285300000
Colombia,COL,2015,255500000
Colombia,COL,2016,132800000.00000001
Colombia,COL,2017,260399999.99999997
Colombia,COL,2018,170898010
Colombia,COL,2019,292509050
Comoros,COM,2005,2900000
Comoros,COM,2006,8400000
Comoros,COM,2007,6900000
Comoros,COM,2008,2400000
Comoros,COM,2009,30900000
Comoros,COM,2010,6300000
Comoros,COM,2011,5900000
Comoros,COM,2012,26300000
Comoros,COM,2013,47000000
Comoros,COM,2014,6100000
Comoros,COM,2015,23800000
Comoros,COM,2016,300000
Comoros,COM,2017,40500000
Comoros,COM,2018,28185240
Comoros,COM,2019,63320330
Congo,COG,2005,25200000
Congo,COG,2006,22700000
Congo,COG,2007,61700000
Congo,COG,2008,22800000
Congo,COG,2009,41300000
Congo,COG,2010,26500000
Congo,COG,2011,84000000
Congo,COG,2012,58300000
Congo,COG,2013,19300000
Congo,COG,2014,56900000
Congo,COG,2015,90800000
Congo,COG,2016,16800000
Congo,COG,2017,118800000
Congo,COG,2018,36377570
Congo,COG,2019,10667960
Cook Islands,COK,2005,1100000
Cook Islands,COK,2006,200000
Cook Islands,COK,2007,0
Cook Islands,COK,2008,1300000
Cook Islands,COK,2009,8100000
Cook Islands,COK,2010,4800000
Cook Islands,COK,2011,16500000
Cook Islands,COK,2012,6400000
Cook Islands,COK,2013,13000000
Cook Islands,COK,2014,15100000
Cook Islands,COK,2015,6200000
Cook Islands,COK,2016,4500000
Cook Islands,COK,2017,10500000
Cook Islands,COK,2018,827740
Cook Islands,COK,2019,878990
Costa Rica,CRI,2005,12000000
Costa Rica,CRI,2006,9800000
Costa Rica,CRI,2007,24000000
Costa Rica,CRI,2008,28200000
Costa Rica,CRI,2009,12200000
Costa Rica,CRI,2010,14900000
Costa Rica,CRI,2011,50300000
Costa Rica,CRI,2012,6600000
Costa Rica,CRI,2013,10400000
Costa Rica,CRI,2014,179800000
Costa Rica,CRI,2015,68200000
Costa Rica,CRI,2016,25000000
Costa Rica,CRI,2017,260500000
Costa Rica,CRI,2018,34865910
Costa Rica,CRI,2019,10340150
Cote d'Ivoire,CIV,2005,6100000
Cote d'Ivoire,CIV,2006,19100000
Cote d'Ivoire,CIV,2007,39200000
Cote d'Ivoire,CIV,2008,261200000
Cote d'Ivoire,CIV,2009,259399999.99999997
Cote d'Ivoire,CIV,2010,216500000
Cote d'Ivoire,CIV,2011,198800000
Cote d'Ivoire,CIV,2012,186800000
Cote d'Ivoire,CIV,2013,164500000
Cote d'Ivoire,CIV,2014,56000000
Cote d'Ivoire,CIV,2015,415500000
Cote d'Ivoire,CIV,2016,347700000
Cote d'Ivoire,CIV,2017,771100000
Cote d'Ivoire,CIV,2018,583335330
Cote d'Ivoire,CIV,2019,829128500
Croatia,HRV,2005,18000000
Croatia,HRV,2006,72100000
Croatia,HRV,2007,86900000
Croatia,HRV,2008,167800000
Croatia,HRV,2009,70100000
Croatia,HRV,2010,65200000
Cuba,CUB,2005,3900000
Cuba,CUB,2006,7400000
Cuba,CUB,2007,8700000
Cuba,CUB,2008,15400000
Cuba,CUB,2009,12200000
Cuba,CUB,2010,26300000
Cuba,CUB,2011,9100000
Cuba,CUB,2012,11900000
Cuba,CUB,2013,22000000
Cuba,CUB,2014,13200000
Cuba,CUB,2015,24100000
Cuba,CUB,2016,47800000
Cuba,CUB,2017,156000000
Cuba,CUB,2018,56462290
Cuba,CUB,2019,84656690
Democratic Republic of Congo,COD,2005,113700000
Democratic Republic of Congo,COD,2006,151700000
Democratic Republic of Congo,COD,2007,449400000
Democratic Republic of Congo,COD,2008,263700000
Democratic Republic of Congo,COD,2009,677200000
Democratic Republic of Congo,COD,2010,687300000
Democratic Republic of Congo,COD,2011,727400000
Democratic Republic of Congo,COD,2012,403300000
Democratic Republic of Congo,COD,2013,488100000
Democratic Republic of Congo,COD,2014,452500000
Democratic Republic of Congo,COD,2015,410900000
Democratic Republic of Congo,COD,2016,583700000
Democratic Republic of Congo,COD,2017,498600000
Democratic Republic of Congo,COD,2018,168353890
Democratic Republic of Congo,COD,2019,294799800
"Developed regions (Europe, Cyprus, Israel, Northern America, Japan, Australia & New Zealand)",,2005,457100000
"Developed regions (Europe, Cyprus, Israel, Northern America, Japan, Australia & New Zealand)",,2006,1058000000
"Developed regions (Europe, Cyprus, Israel, Northern America, Japan, Australia & New Zealand)",,2007,938300000
"Developed regions (Europe, Cyprus, Israel, Northern America, Japan, Australia & New Zealand)",,2008,1113300000
"Developed regions (Europe, Cyprus, Israel, Northern America, Japan, Australia & New Zealand)",,2009,874600000
"Developed regions (Europe, Cyprus, Israel, Northern America, Japan, Australia & New Zealand)",,2010,1488700000
"Developed regions (Europe, Cyprus, Israel, Northern America, Japan, Australia & New Zealand)",,2011,2333500000
"Developed regions (Europe, Cyprus, Israel, Northern America, Japan, Australia & New Zealand)",,2012,2401100000
"Developed regions (Europe, Cyprus, Israel, Northern America, Japan, Australia & New Zealand)",,2013,2347400000
"Developed regions (Europe, Cyprus, Israel, Northern America, Japan, Australia & New Zealand)",,2014,2066900000
"Developed regions (Europe, Cyprus, Israel, Northern America, Japan, Australia & New Zealand)",,2015,1275000000
"Developed regions (Europe, Cyprus, Israel, Northern America, Japan, Australia & New Zealand)",,2016,1651200000
"Developed regions (Europe, Cyprus, Israel, Northern America, Japan, Australia & New Zealand)",,2017,1487200000
"Developed regions (Europe, Cyprus, Israel, Northern America, Japan, Australia & New Zealand)",,2018,1673000000
"Developed regions (Europe, Cyprus, Israel, Northern America, Japan, Australia & New Zealand)",,2019,1635900000
Developing regions,,2005,13242800000
Developing regions,,2006,26332900000
Developing regions,,2007,29209100000
Developing regions,,2008,38712000000
Developing regions,,2009,39074800000
Developing regions,,2010,41749100000
Developing regions,,2011,41310100000
Developing regions,,2012,49269400000
Developing regions,,2013,52456100000
Developing regions,,2014,51388200000
Developing regions,,2015,57612800000
Developing regions,,2016,52862100000
Developing regions,,2017,59274300000
Developing regions,,2018,56603400000
Developing regions,,2019,53033100000
Djibouti,DJI,2005,12900000
Djibouti,DJI,2006,4500000
Djibouti,DJI,2007,4800000
Djibouti,DJI,2008,22300000
Djibouti,DJI,2009,22500000
Djibouti,DJI,2010,49300000
Djibouti,DJI,2011,53100000
Djibouti,DJI,2012,63800000
Djibouti,DJI,2013,88300000
Djibouti,DJI,2014,39700000
Djibouti,DJI,2015,63600000
Djibouti,DJI,2016,114900000
Djibouti,DJI,2017,73200000
Djibouti,DJI,2018,223586220
Djibouti,DJI,2019,52118000
Dominica,DMA,2005,6300000
Dominica,DMA,2006,5400000
Dominica,DMA,2007,6700000
Dominica,DMA,2008,6300000
Dominica,DMA,2009,7200000
Dominica,DMA,2010,100000
Dominica,DMA,2011,300000
Dominica,DMA,2012,30800000
Dominica,DMA,2013,16300000
Dominica,DMA,2014,11500000
Dominica,DMA,2015,2200000
Dominica,DMA,2016,0
Dominica,DMA,2017,17500000
Dominica,DMA,2018,48361900
Dominica,DMA,2019,28686100
Dominican Republic,DOM,2005,31700000
Dominican Republic,DOM,2006,32000000
Dominican Republic,DOM,2007,38300000
Dominican Republic,DOM,2008,32200000.000000004
Dominican Republic,DOM,2009,66800000
Dominican Republic,DOM,2010,77800000
Dominican Republic,DOM,2011,270900000
Dominican Republic,DOM,2012,47500000
Dominican Republic,DOM,2013,74200000
Dominican Republic,DOM,2014,42000000
Dominican Republic,DOM,2015,24500000
Dominican Republic,DOM,2016,29500000
Dominican Republic,DOM,2017,35000000
Dominican Republic,DOM,2018,84153860
Dominican Republic,DOM,2019,196001480
Eastern Africa,,2005,1568600000
Eastern Africa,,2006,2929700000
Eastern Africa,,2007,4254300000
Eastern Africa,,2008,4037300000
Eastern Africa,,2009,5151900000
Eastern Africa,,2010,6001900000
Eastern Africa,,2011,4000600000
Eastern Africa,,2012,7186100000
Eastern Africa,,2013,6834600000
Eastern Africa,,2014,5793300000
Eastern Africa,,2015,7769600000
Eastern Africa,,2016,6338700000
Eastern Africa,,2017,7390700000
Eastern Africa,,2018,6979800000
Eastern Africa,,2019,6555200000
Eastern Asia,,2005,270800000
Eastern Asia,,2006,707200000
Eastern Asia,,2007,443300000
Eastern Asia,,2008,1269500000
Eastern Asia,,2009,677800000
Eastern Asia,,2010,871100000
Eastern Asia,,2011,272100000
Eastern Asia,,2012,471900000
Eastern Asia,,2013,481400000
Eastern Asia,,2014,344000000
Eastern Asia,,2015,967700000
Eastern Asia,,2016,1019200000
Eastern Asia,,2017,451900000
Eastern Asia,,2018,509500000
Eastern Asia,,2019,278800000
Eastern Asia (excluding Japan and China),,2005,24600000
Eastern Asia (excluding Japan and China),,2006,144500000
Eastern Asia (excluding Japan and China),,2007,82100000
Eastern Asia (excluding Japan and China),,2008,578600000
Eastern Asia (excluding Japan and China),,2009,123300000
Eastern Asia (excluding Japan and China),,2010,295900000
Eastern Asia (excluding Japan and China),,2011,106200000
Eastern Asia (excluding Japan and China),,2012,168500000
Eastern Asia (excluding Japan and China),,2013,92400000
Eastern Asia (excluding Japan and China),,2014,57100000
Eastern Asia (excluding Japan and China),,2015,444800000
Eastern Asia (excluding Japan and China),,2016,219600000
Eastern Asia (excluding Japan and China),,2017,162800000
Eastern Asia (excluding Japan and China),,2018,224100000
Eastern Asia (excluding Japan and China),,2019,139300000
Eastern Europe,,2005,102500000
Eastern Europe,,2006,261200000
Eastern Europe,,2007,290100000
Eastern Europe,,2008,313100000
Eastern Europe,,2009,368100000
Eastern Europe,,2010,614400000
Eastern Europe,,2011,385600000
Eastern Europe,,2012,894800000
Eastern Europe,,2013,816000000
Eastern Europe,,2014,870800000
Eastern Europe,,2015,281400000
Eastern Europe,,2016,1097500000
Eastern Europe,,2017,384000000
Eastern Europe,,2018,419100000
Eastern Europe,,2019,456000000
Ecuador,ECU,2005,25900000
Ecuador,ECU,2006,17800000
Ecuador,ECU,2007,88200000
Ecuador,ECU,2008,62500000
Ecuador,ECU,2009,69400000
Ecuador,ECU,2010,87300000
Ecuador,ECU,2011,35500000
Ecuador,ECU,2012,170100000
Ecuador,ECU,2013,25800000
Ecuador,ECU,2014,26200000
Ecuador,ECU,2015,361700000
Ecuador,ECU,2016,66500000
Ecuador,ECU,2017,231100000
Ecuador,ECU,2018,246639040
Ecuador,ECU,2019,69934950
Egypt,EGY,2005,279300000
Egypt,EGY,2006,743700000
Egypt,EGY,2007,539700000
Egypt,EGY,2008,1162800000
Egypt,EGY,2009,473700000
Egypt,EGY,2010,1662500000
Egypt,EGY,2011,796000000
Egypt,EGY,2012,1915600000
Egypt,EGY,2013,1728900000
Egypt,EGY,2014,1390400000
Egypt,EGY,2015,1595800000
Egypt,EGY,2016,2597600000
Egypt,EGY,2017,1077300000
Egypt,EGY,2018,853675920
Egypt,EGY,2019,1194845210
El Salvador,SLV,2005,11200000
El Salvador,SLV,2006,23500000
El Salvador,SLV,2007,460100000
El Salvador,SLV,2008,177800000
El Salvador,SLV,2009,145600000
El Salvador,SLV,2010,47600000
El Salvador,SLV,2011,50800000
El Salvador,SLV,2012,32299999.999999996
El Salvador,SLV,2013,46300000
El Salvador,SLV,2014,167200000
El Salvador,SLV,2015,177900000
El Salvador,SLV,2016,68200000
El Salvador,SLV,2017,32200000.000000004
El Salvador,SLV,2018,58164210
El Salvador,SLV,2019,153170220
Equatorial Guinea,GNQ,2005,200000
Equatorial Guinea,GNQ,2006,0
Equatorial Guinea,GNQ,2007,600000
Equatorial Guinea,GNQ,2008,200000
Equatorial Guinea,GNQ,2009,1100000
Equatorial Guinea,GNQ,2010,400000
Equatorial Guinea,GNQ,2011,1200000
Equatorial Guinea,GNQ,2012,300000
Equatorial Guinea,GNQ,2013,3700000
Equatorial Guinea,GNQ,2014,100000
Equatorial Guinea,GNQ,2015,100000
Equatorial Guinea,GNQ,2016,100000
Equatorial Guinea,GNQ,2017,400000
Equatorial Guinea,GNQ,2018,6915310
Equatorial Guinea,GNQ,2019,312780
Eritrea,ERI,2005,18600000
Eritrea,ERI,2006,19000000
Eritrea,ERI,2007,63300000
Eritrea,ERI,2008,18000000
Eritrea,ERI,2009,59700000
Eritrea,ERI,2010,15200000
Eritrea,ERI,2011,2900000
Eritrea,ERI,2012,15900000
Eritrea,ERI,2013,5200000
Eritrea,ERI,2014,900000
Eritrea,ERI,2015,31700000
Eritrea,ERI,2016,24700000
Eritrea,ERI,2017,114100000
Eritrea,ERI,2018,10678530
Eritrea,ERI,2019,25305530
Eswatini,SWZ,2005,3200000
Eswatini,SWZ,2006,8100000
Eswatini,SWZ,2007,22000000
Eswatini,SWZ,2008,31600000
Eswatini,SWZ,2009,21700000
Eswatini,SWZ,2010,22100000
Eswatini,SWZ,2011,69300000
Eswatini,SWZ,2012,8800000
Eswatini,SWZ,2013,4600000
Eswatini,SWZ,2014,17700000
Eswatini,SWZ,2015,60300000
Eswatini,SWZ,2016,7900000
Eswatini,SWZ,2017,500000
Eswatini,SWZ,2018,4064339.9999999995
Eswatini,SWZ,2019,28982400
Ethiopia,ETH,2005,284600000
Ethiopia,ETH,2006,668000000
Ethiopia,ETH,2007,870200000
Ethiopia,ETH,2008,633500000
Ethiopia,ETH,2009,721000000
Ethiopia,ETH,2010,865600000
Ethiopia,ETH,2011,446100000
Ethiopia,ETH,2012,1832700000
Ethiopia,ETH,2013,918300000
Ethiopia,ETH,2014,1014100000
Ethiopia,ETH,2015,1444300000
Ethiopia,ETH,2016,1378800000
Ethiopia,ETH,2017,1104800000
Ethiopia,ETH,2018,2400410390
Ethiopia,ETH,2019,881709110
Europe,,2005,457100000
Europe,,2006,1058000000
Europe,,2007,938300000
Europe,,2008,1113300000
Europe,,2009,874600000
Europe,,2010,1488700000
Europe,,2011,2333500000
Europe,,2012,2401100000
Europe,,2013,2347400000
Europe,,2014,2066900000
Europe,,2015,1275000000
Europe,,2016,1651200000
Europe,,2017,1487200000
Europe,,2018,1673000000
Europe,,2019,1635900000
Fiji,FJI,2005,5500000
Fiji,FJI,2006,10400000
Fiji,FJI,2007,5300000
Fiji,FJI,2008,16900000
Fiji,FJI,2009,5900000
Fiji,FJI,2010,18300000
Fiji,FJI,2011,16000000
Fiji,FJI,2012,21100000
Fiji,FJI,2013,46600000
Fiji,FJI,2014,13800000
Fiji,FJI,2015,24100000
Fiji,FJI,2016,11800000
Fiji,FJI,2017,14800000
Fiji,FJI,2018,23448780
Fiji,FJI,2019,40804530
Gabon,GAB,2005,12200000
Gabon,GAB,2006,66400000.00000001
Gabon,GAB,2007,24400000
Gabon,GAB,2008,58100000
Gabon,GAB,2009,18400000
Gabon,GAB,2010,34700000
Gabon,GAB,2011,4099999.9999999995
Gabon,GAB,2012,2700000
Gabon,GAB,2013,2600000
Gabon,GAB,2014,67099999.99999999
Gabon,GAB,2015,1600000
Gabon,GAB,2016,123500000
Gabon,GAB,2017,3900000
Gabon,GAB,2018,1679570
Gabon,GAB,2019,28761320
Gambia,GMB,2005,22000000
Gambia,GMB,2006,27900000
Gambia,GMB,2007,17700000
Gambia,GMB,2008,7600000
Gambia,GMB,2009,32799999.999999996
Gambia,GMB,2010,70800000
Gambia,GMB,2011,66400000.00000001
Gambia,GMB,2012,146500000
Gambia,GMB,2013,56300000
Gambia,GMB,2014,48100000
Gambia,GMB,2015,75100000
Gambia,GMB,2016,78800000
Gambia,GMB,2017,123100000
Gambia,GMB,2018,160385600
Gambia,GMB,2019,103259810
Georgia,GEO,2005,63400000
Georgia,GEO,2006,418700000
Georgia,GEO,2007,93700000
Georgia,GEO,2008,252800000
Georgia,GEO,2009,500300000
Georgia,GEO,2010,315100000
Georgia,GEO,2011,121200000
Georgia,GEO,2012,549700000
Georgia,GEO,2013,199900000
Georgia,GEO,2014,215700000
Georgia,GEO,2015,65099999.99999999
Georgia,GEO,2016,134900000
Georgia,GEO,2017,314800000
Georgia,GEO,2018,395801530
Georgia,GEO,2019,329884600
Ghana,GHA,2005,160600000
Ghana,GHA,2006,327200000
Ghana,GHA,2007,870200000
Ghana,GHA,2008,625500000
Ghana,GHA,2009,727600000
Ghana,GHA,2010,790000000
Ghana,GHA,2011,505700000
Ghana,GHA,2012,668100000
Ghana,GHA,2013,245300000
Ghana,GHA,2014,292700000
Ghana,GHA,2015,350200000
Ghana,GHA,2016,1059900000.0000001
Ghana,GHA,2017,654000000
Ghana,GHA,2018,401792680
Ghana,GHA,2019,645651500
Grenada,GRD,2005,2900000
Grenada,GRD,2006,700000
Grenada,GRD,2007,200000
Grenada,GRD,2008,3500000
Grenada,GRD,2009,11200000
Grenada,GRD,2010,1500000
Grenada,GRD,2011,14300000
Grenada,GRD,2012,18200000
Grenada,GRD,2013,1600000
Grenada,GRD,2014,10800000
Grenada,GRD,2015,10300000
Grenada,GRD,2016,23500000
Grenada,GRD,2017,30000000
Grenada,GRD,2018,11867190
Grenada,GRD,2019,10038010
Guatemala,GTM,2005,9800000
Guatemala,GTM,2006,95900000
Guatemala,GTM,2007,30500000
Guatemala,GTM,2008,28000000
Guatemala,GTM,2009,89100000
Guatemala,GTM,2010,69200000
Guatemala,GTM,2011,40500000
Guatemala,GTM,2012,150900000
Guatemala,GTM,2013,159300000
Guatemala,GTM,2014,70000000
Guatemala,GTM,2015,76000000
Guatemala,GTM,2016,46900000
Guatemala,GTM,2017,33400000
Guatemala,GTM,2018,58697170
Guatemala,GTM,2019,82400980
Guinea,GIN,2005,24700000
Guinea,GIN,2006,70400000
Guinea,GIN,2007,122300000
Guinea,GIN,2008,22500000
Guinea,GIN,2009,37900000
Guinea,GIN,2010,10300000
Guinea,GIN,2011,117100000
Guinea,GIN,2012,133900000
Guinea,GIN,2013,185800000
Guinea,GIN,2014,74500000
Guinea,GIN,2015,149800000
Guinea,GIN,2016,119200000
Guinea,GIN,2017,164400000
Guinea,GIN,2018,316238410
Guinea,GIN,2019,329914850
Guinea-Bissau,GNB,2005,3800000
Guinea-Bissau,GNB,2006,22400000
Guinea-Bissau,GNB,2007,17600000
Guinea-Bissau,GNB,2008,4600000
Guinea-Bissau,GNB,2009,14100000
Guinea-Bissau,GNB,2010,24100000
Guinea-Bissau,GNB,2011,12000000
Guinea-Bissau,GNB,2012,1500000
Guinea-Bissau,GNB,2013,15100000
Guinea-Bissau,GNB,2014,18800000
Guinea-Bissau,GNB,2015,118700000
Guinea-Bissau,GNB,2016,2600000
Guinea-Bissau,GNB,2017,79000000
Guinea-Bissau,GNB,2018,108302670
Guinea-Bissau,GNB,2019,24034920
Guyana,GUY,2005,18100000
Guyana,GUY,2006,11900000
Guyana,GUY,2007,95800000
Guyana,GUY,2008,51900000
Guyana,GUY,2009,42500000
Guyana,GUY,2010,51200000
Guyana,GUY,2011,69400000
Guyana,GUY,2012,99500000
Guyana,GUY,2013,31400000
Guyana,GUY,2014,400000
Guyana,GUY,2015,3100000
Guyana,GUY,2016,28200000
Guyana,GUY,2017,12300000
Guyana,GUY,2018,97503150
Guyana,GUY,2019,23883520
Haiti,HTI,2005,63200000
Haiti,HTI,2006,82000000
Haiti,HTI,2007,64000000
Haiti,HTI,2008,130600000
Haiti,HTI,2009,319700000
Haiti,HTI,2010,354800000
Haiti,HTI,2011,469000000
Haiti,HTI,2012,322100000
Haiti,HTI,2013,302000000
Haiti,HTI,2014,209700000
Haiti,HTI,2015,378400000
Haiti,HTI,2016,104900000
Haiti,HTI,2017,230400000
Haiti,HTI,2018,420319840
Haiti,HTI,2019,133091900.00000001
Honduras,HND,2005,149100000
Honduras,HND,2006,33500000
Honduras,HND,2007,32100000
Honduras,HND,2008,137800000
Honduras,HND,2009,158200000
Honduras,HND,2010,331500000
Honduras,HND,2011,104200000
Honduras,HND,2012,85900000
Honduras,HND,2013,380300000
Honduras,HND,2014,238900000
Honduras,HND,2015,356700000
Honduras,HND,2016,157600000
Honduras,HND,2017,172600000
Honduras,HND,2018,247137270
Honduras,HND,2019,195776320
India,IND,2005,758600000
India,IND,2006,1645000000
India,IND,2007,2103000000
India,IND,2008,2931400000
India,IND,2009,1640600000
India,IND,2010,2799400000
India,IND,2011,3184500000
India,IND,2012,3328200000
India,IND,2013,5094500000
India,IND,2014,4661900000
India,IND,2015,2997300000
India,IND,2016,4364600000
India,IND,2017,5443800000
India,IND,2018,7095105290
India,IND,2019,2427173490
Indonesia,IDN,2005,560000000
Indonesia,IDN,2006,893900000
Indonesia,IDN,2007,749600000
Indonesia,IDN,2008,722600000
Indonesia,IDN,2009,1156000000
Indonesia,IDN,2010,692200000
Indonesia,IDN,2011,532100000
Indonesia,IDN,2012,220900000
Indonesia,IDN,2013,781100000
Indonesia,IDN,2014,573100000
Indonesia,IDN,2015,2414100000
Indonesia,IDN,2016,334800000
Indonesia,IDN,2017,3024700000
Indonesia,IDN,2018,1759507130
Indonesia,IDN,2019,346612560
Iran,IRN,2005,2600000
Iran,IRN,2006,3500000
Iran,IRN,2007,1500000
Iran,IRN,2008,4600000
Iran,IRN,2009,2200000
Iran,IRN,2010,11700000
Iran,IRN,2011,5900000
Iran,IRN,2012,4000000
Iran,IRN,2013,2600000
Iran,IRN,2014,2000000
Iran,IRN,2015,4000000
Iran,IRN,2016,7900000
Iran,IRN,2017,13400000
Iran,IRN,2018,31073050
Iran,IRN,2019,12207180
Iraq,IRQ,2005,2134400000
Iraq,IRQ,2006,2550300000
Iraq,IRQ,2007,1376900000
Iraq,IRQ,2008,2892100000
Iraq,IRQ,2009,423700000
Iraq,IRQ,2010,745800000
Iraq,IRQ,2011,134000000
Iraq,IRQ,2012,639000000
Iraq,IRQ,2013,59300000
Iraq,IRQ,2014,408500000
Iraq,IRQ,2015,691000000
Iraq,IRQ,2016,8500000
Iraq,IRQ,2017,610400000
Iraq,IRQ,2018,175225200
Iraq,IRQ,2019,1122138860
Jamaica,JAM,2005,17700000
Jamaica,JAM,2006,17700000
Jamaica,JAM,2007,51400000
Jamaica,JAM,2008,34300000
Jamaica,JAM,2009,40400000
Jamaica,JAM,2010,40600000
Jamaica,JAM,2011,51600000
Jamaica,JAM,2012,13400000
Jamaica,JAM,2013,46500000
Jamaica,JAM,2014,7500000
Jamaica,JAM,2015,4900000
Jamaica,JAM,2016,24900000
Jamaica,JAM,2017,48900000
Jamaica,JAM,2018,51026760
Jamaica,JAM,2019,7345750
Jordan,JOR,2005,27500000
Jordan,JOR,2006,6400000
Jordan,JOR,2007,83800000
Jordan,JOR,2008,267600000.00000003
Jordan,JOR,2009,199100000
Jordan,JOR,2010,133900000
Jordan,JOR,2011,221300000
Jordan,JOR,2012,395700000
Jordan,JOR,2013,853400000
Jordan,JOR,2014,171100000
Jordan,JOR,2015,595000000
Jordan,JOR,2016,310100000
Jordan,JOR,2017,406600000
Jordan,JOR,2018,104956940
Jordan,JOR,2019,121435540
Kazakhstan,KAZ,2005,19700000
Kazakhstan,KAZ,2006,66200000
Kazakhstan,KAZ,2007,186200000
Kazakhstan,KAZ,2008,106300000
Kazakhstan,KAZ,2009,62900000
Kazakhstan,KAZ,2010,186800000
Kazakhstan,KAZ,2011,13700000
Kazakhstan,KAZ,2012,36800000
Kazakhstan,KAZ,2013,9800000
Kazakhstan,KAZ,2014,45900000
Kazakhstan,KAZ,2015,16399999.999999998
Kazakhstan,KAZ,2016,5600000
Kazakhstan,KAZ,2017,17800000
Kazakhstan,KAZ,2018,13258420
Kazakhstan,KAZ,2019,12924520
Kenya,KEN,2005,233900000
Kenya,KEN,2006,485700000
Kenya,KEN,2007,832700000
Kenya,KEN,2008,86100000
Kenya,KEN,2009,948400000
Kenya,KEN,2010,1442000000
Kenya,KEN,2011,838800000
Kenya,KEN,2012,2265700000
Kenya,KEN,2013,661400000
Kenya,KEN,2014,920500000
Kenya,KEN,2015,1748800000
Kenya,KEN,2016,961800000
Kenya,KEN,2017,1241400000
Kenya,KEN,2018,539861550
Kenya,KEN,2019,1421749400
Kiribati,KIR,2005,6400000
Kiribati,KIR,2006,1200000
Kiribati,KIR,2007,14800000
Kiribati,KIR,2008,5600000
Kiribati,KIR,2009,8300000.000000001
Kiribati,KIR,2010,4200000
Kiribati,KIR,2011,95800000
Kiribati,KIR,2012,6400000
Kiribati,KIR,2013,17700000
Kiribati,KIR,2014,20700000
Kiribati,KIR,2015,15500000
Kiribati,KIR,2016,64599999.99999999
Kiribati,KIR,2017,40100000
Kiribati,KIR,2018,25532370
Kiribati,KIR,2019,6521270
Kosovo,OWID_KOS,2009,140800000
Kosovo,OWID_KOS,2010,27300000
Kosovo,OWID_KOS,2011,86000000
Kosovo,OWID_KOS,2012,43800000
Kosovo,OWID_KOS,2013,88400000
Kosovo,OWID_KOS,2014,80600000
Kosovo,OWID_KOS,2015,74000000
Kosovo,OWID_KOS,2016,62200000
Kosovo,OWID_KOS,2017,133900000
Kosovo,OWID_KOS,2018,56350910
Kosovo,OWID_KOS,2019,144647920
Kyrgyzstan,KGZ,2005,33400000
Kyrgyzstan,KGZ,2006,75900000
Kyrgyzstan,KGZ,2007,132100000
Kyrgyzstan,KGZ,2008,73400000
Kyrgyzstan,KGZ,2009,127400000
Kyrgyzstan,KGZ,2010,155900000
Kyrgyzstan,KGZ,2011,198500000
Kyrgyzstan,KGZ,2012,157900000
Kyrgyzstan,KGZ,2013,138800000
Kyrgyzstan,KGZ,2014,276900000
Kyrgyzstan,KGZ,2015,293200000
Kyrgyzstan,KGZ,2016,319500000
Kyrgyzstan,KGZ,2017,176700000
Kyrgyzstan,KGZ,2018,242384300
Kyrgyzstan,KGZ,2019,357958640
Landlocked developing countries (LLDCs),,2005,2436300000
Landlocked developing countries (LLDCs),,2006,4945000000
Landlocked developing countries (LLDCs),,2007,6704100000
Landlocked developing countries (LLDCs),,2008,6323600000
Landlocked developing countries (LLDCs),,2009,7734600000
Landlocked developing countries (LLDCs),,2010,8306200000.000001
Landlocked developing countries (LLDCs),,2011,7624700000
Landlocked developing countries (LLDCs),,2012,8090100000
Landlocked developing countries (LLDCs),,2013,9898200000
Landlocked developing countries (LLDCs),,2014,9526700000
Landlocked developing countries (LLDCs),,2015,9296000000
Landlocked developing countries (LLDCs),,2016,8740700000
Landlocked developing countries (LLDCs),,2017,9597800000
Landlocked developing countries (LLDCs),,2018,10793200000
Landlocked developing countries (LLDCs),,2019,10463700000
Laos,LAO,2005,75400000
Laos,LAO,2006,115100000
Laos,LAO,2007,141400000
Laos,LAO,2008,102600000
Laos,LAO,2009,104500000
Laos,LAO,2010,250900000
Laos,LAO,2011,223500000
Laos,LAO,2012,195000000
Laos,LAO,2013,241300000
Laos,LAO,2014,318500000
Laos,LAO,2015,257700000
Laos,LAO,2016,152800000
Laos,LAO,2017,138700000
Laos,LAO,2018,219307450
Laos,LAO,2019,146208990
Latin America and the Caribbean,,2005,787600000
Latin America and the Caribbean,,2006,1499100000
Latin America and the Caribbean,,2007,1851700000
Latin America and the Caribbean,,2008,1610800000
Latin America and the Caribbean,,2009,2406900000
Latin America and the Caribbean,,2010,2736100000
Latin America and the Caribbean,,2011,2719900000
Latin America and the Caribbean,,2012,3642900000
Latin America and the Caribbean,,2013,2911200000
Latin America and the Caribbean,,2014,3863000000
Latin America and the Caribbean,,2015,3907200000
Latin America and the Caribbean,,2016,3192100000
Latin America and the Caribbean,,2017,4337900000
Latin America and the Caribbean,,2018,3218200000
Latin America and the Caribbean,,2019,2473200000
Least developed countries (LDCs),,2005,3584100000
Least developed countries (LDCs),,2006,6948000000
Least developed countries (LDCs),,2007,9182600000
Least developed countries (LDCs),,2008,10989800000
Least developed countries (LDCs),,2009,11972400000
Least developed countries (LDCs),,2010,12883500000
Least developed countries (LDCs),,2011,12544300000
Least developed countries (LDCs),,2012,11603800000
Least developed countries (LDCs),,2013,17458900000
Least developed countries (LDCs),,2014,13634900000
Least developed countries (LDCs),,2015,18413000000
Least developed countries (LDCs),,2016,14978900000
Least developed countries (LDCs),,2017,19258300000
Least developed countries (LDCs),,2018,20474200000
Least developed countries (LDCs),,2019,16680599999.999998
Lebanon,LBN,2005,2700000
Lebanon,LBN,2006,28600000
Lebanon,LBN,2007,149700000
Lebanon,LBN,2008,60200000
Lebanon,LBN,2009,54600000
Lebanon,LBN,2010,77700000
Lebanon,LBN,2011,29000000
Lebanon,LBN,2012,40800000
Lebanon,LBN,2013,111600000
Lebanon,LBN,2014,30500000
Lebanon,LBN,2015,178200000
Lebanon,LBN,2016,144000000
Lebanon,LBN,2017,51800000
Lebanon,LBN,2018,254663640
Lebanon,LBN,2019,75550130
Lesotho,LSO,2005,4200000
Lesotho,LSO,2006,27300000
Lesotho,LSO,2007,63200000
Lesotho,LSO,2008,4500000
Lesotho,LSO,2009,21900000
Lesotho,LSO,2010,31700000
Lesotho,LSO,2011,29900000
Lesotho,LSO,2012,1500000
Lesotho,LSO,2013,27100000
Lesotho,LSO,2014,48900000
Lesotho,LSO,2015,2000000
Lesotho,LSO,2016,26300000
Lesotho,LSO,2017,41800000
Lesotho,LSO,2018,20450160
Lesotho,LSO,2019,70473450
Liberia,LBR,2005,800000
Liberia,LBR,2006,20900000
Liberia,LBR,2007,226900000
Liberia,LBR,2008,50000000
Liberia,LBR,2009,281200000
Liberia,LBR,2010,130300000.00000001
Liberia,LBR,2011,178500000
Liberia,LBR,2012,344700000
Liberia,LBR,2013,392300000
Liberia,LBR,2014,80200000
Liberia,LBR,2015,657200000
Liberia,LBR,2016,145000000
Liberia,LBR,2017,273100000
Liberia,LBR,2018,128365090.00000001
Liberia,LBR,2019,172926320
Libya,LBY,2005,2100000
Libya,LBY,2006,2500000
Libya,LBY,2007,5200000
Libya,LBY,2008,6900000
Libya,LBY,2009,9600000
Libya,LBY,2010,20600000
Libya,LBY,2011,2800000
Libya,LBY,2012,3600000
Libya,LBY,2013,18700000
Libya,LBY,2014,12200000
Libya,LBY,2015,1900000
Libya,LBY,2016,0
Libya,LBY,2017,7700000
Libya,LBY,2018,15927390
Libya,LBY,2019,9493350
Madagascar,MDG,2005,121200000
Madagascar,MDG,2006,154900000
Madagascar,MDG,2007,207100000
Madagascar,MDG,2008,386600000
Madagascar,MDG,2009,52500000
Madagascar,MDG,2010,30900000
Madagascar,MDG,2011,62800000
Madagascar,MDG,2012,246000000
Madagascar,MDG,2013,249200000
Madagascar,MDG,2014,171000000
Madagascar,MDG,2015,222300000
Madagascar,MDG,2016,283900000
Madagascar,MDG,2017,892200000
Madagascar,MDG,2018,246810220
Madagascar,MDG,2019,630484430
Malawi,MWI,2005,75300000
Malawi,MWI,2006,109800000
Malawi,MWI,2007,178800000
Malawi,MWI,2008,118000000
Malawi,MWI,2009,174400000
Malawi,MWI,2010,248400000
Malawi,MWI,2011,275700000
Malawi,MWI,2012,325000000
Malawi,MWI,2013,554500000
Malawi,MWI,2014,216300000
Malawi,MWI,2015,390000000
Malawi,MWI,2016,231800000
Malawi,MWI,2017,559300000
Malawi,MWI,2018,103652150
Malawi,MWI,2019,401921580
Malaysia,MYS,2005,6800000
Malaysia,MYS,2006,8400000
Malaysia,MYS,2007,28100000
Malaysia,MYS,2008,92900000
Malaysia,MYS,2009,51200000
Malaysia,MYS,2010,14400000
Malaysia,MYS,2011,5800000
Malaysia,MYS,2012,34400000
Malaysia,MYS,2013,5900000
Malaysia,MYS,2014,5500000
Malaysia,MYS,2015,15500000
Malaysia,MYS,2016,6500000
Malaysia,MYS,2017,7300000
Malaysia,MYS,2018,6378960
Malaysia,MYS,2019,13603560
Maldives,MDV,2005,1900000
Maldives,MDV,2006,2500000
Maldives,MDV,2007,29700000
Maldives,MDV,2008,13000000
Maldives,MDV,2009,24600000
Maldives,MDV,2010,14000000
Maldives,MDV,2011,3100000
Maldives,MDV,2012,26000000
Maldives,MDV,2013,9900000
Maldives,MDV,2014,61400000
Maldives,MDV,2015,112600000
Maldives,MDV,2016,142100000
Maldives,MDV,2017,71400000
Maldives,MDV,2018,75112470
Maldives,MDV,2019,56184880
Mali,MLI,2005,127200000
Mali,MLI,2006,156600000
Mali,MLI,2007,842700000
Mali,MLI,2008,585400000
Mali,MLI,2009,627800000
Mali,MLI,2010,301600000
Mali,MLI,2011,239600000
Mali,MLI,2012,90700000
Mali,MLI,2013,446800000
Mali,MLI,2014,302900000
Mali,MLI,2015,197500000
Mali,MLI,2016,360200000
Mali,MLI,2017,315600000
Mali,MLI,2018,576065650
Mali,MLI,2019,544839270
Marshall Islands,MHL,2005,1700000
Marshall Islands,MHL,2006,1300000
Marshall Islands,MHL,2007,1500000
Marshall Islands,MHL,2008,800000
Marshall Islands,MHL,2009,18800000
Marshall Islands,MHL,2010,900000
Marshall Islands,MHL,2011,1100000
Marshall Islands,MHL,2012,15200000
Marshall Islands,MHL,2013,5500000
Marshall Islands,MHL,2014,9100000
Marshall Islands,MHL,2015,7900000
Marshall Islands,MHL,2016,11400000
Marshall Islands,MHL,2017,63000000
Marshall Islands,MHL,2018,20793540
Marshall Islands,MHL,2019,39662240
Mauritania,MRT,2005,60200000
Mauritania,MRT,2006,166500000
Mauritania,MRT,2007,49000000
Mauritania,MRT,2008,210000000
Mauritania,MRT,2009,52400000
Mauritania,MRT,2010,60600000
Mauritania,MRT,2011,292400000
Mauritania,MRT,2012,141200000
Mauritania,MRT,2013,266200000
Mauritania,MRT,2014,125600000
Mauritania,MRT,2015,181600000
Mauritania,MRT,2016,340200000
Mauritania,MRT,2017,515600000
Mauritania,MRT,2018,71050800
Mauritania,MRT,2019,140033170
Mauritius,MUS,2005,2000000
Mauritius,MUS,2006,38900000
Mauritius,MUS,2007,13500000
Mauritius,MUS,2008,43200000
Mauritius,MUS,2009,98700000
Mauritius,MUS,2010,31900000
Mauritius,MUS,2011,6500000
Mauritius,MUS,2012,67500000
Mauritius,MUS,2013,151400000
Mauritius,MUS,2014,55700000
Mauritius,MUS,2015,43600000
Mauritius,MUS,2016,41200000
Mauritius,MUS,2017,9300000
Mauritius,MUS,2018,123229740
Mauritius,MUS,2019,16533249.999999998
Mayotte,MYT,2005,9200000
Mayotte,MYT,2006,200000
Mayotte,MYT,2007,33200000.000000004
Mayotte,MYT,2008,33100000
Mayotte,MYT,2009,19500000
Mayotte,MYT,2010,45900000
Melanesia,OWID_MNS,2005,87900000
Melanesia,OWID_MNS,2006,289100000
Melanesia,OWID_MNS,2007,152600000
Melanesia,OWID_MNS,2008,184500000
Melanesia,OWID_MNS,2009,196400000
Melanesia,OWID_MNS,2010,299000000
Melanesia,OWID_MNS,2011,289900000
Melanesia,OWID_MNS,2012,190200000
Melanesia,OWID_MNS,2013,327600000
Melanesia,OWID_MNS,2014,439300000
Melanesia,OWID_MNS,2015,623500000
Melanesia,OWID_MNS,2016,245400000
Melanesia,OWID_MNS,2017,406000000
Melanesia,OWID_MNS,2018,391900000
Melanesia,OWID_MNS,2019,385100000
Mexico,MEX,2005,10600000
Mexico,MEX,2006,21000000
Mexico,MEX,2007,60000000
Mexico,MEX,2008,70700000
Mexico,MEX,2009,74700000
Mexico,MEX,2010,137800000
Mexico,MEX,2011,129100000
Mexico,MEX,2012,399000000
Mexico,MEX,2013,204800000
Mexico,MEX,2014,356100000
Mexico,MEX,2015,203000000
Mexico,MEX,2016,494500000
Mexico,MEX,2017,337700000
Mexico,MEX,2018,378014970
Mexico,MEX,2019,255987870
Micronesia (country),FSM,2005,6000000
Micronesia (country),FSM,2006,14400000
Micronesia (country),FSM,2007,3800000
Micronesia (country),FSM,2008,31900000
Micronesia (country),FSM,2009,19000000
Micronesia (country),FSM,2010,1400000
Micronesia (country),FSM,2011,2200000
Micronesia (country),FSM,2012,4099999.9999999995
Micronesia (country),FSM,2013,34800000
Micronesia (country),FSM,2014,68600000
Micronesia (country),FSM,2015,9500000
Micronesia (country),FSM,2016,12400000
Micronesia (country),FSM,2017,26500000
Micronesia (country),FSM,2018,39362750
Micronesia (country),FSM,2019,75660020
Middle Africa,,2005,266399999.99999997
Middle Africa,,2006,712300000
Middle Africa,,2007,1097400000
Middle Africa,,2008,689800000
Middle Africa,,2009,1293100000
Middle Africa,,2010,1011100000
Middle Africa,,2011,1498100000
Middle Africa,,2012,1150600000
Middle Africa,,2013,802200000
Middle Africa,,2014,1061400000.0000001
Middle Africa,,2015,1022500000
Middle Africa,,2016,1035599999.9999999
Middle Africa,,2017,1189300000
Middle Africa,,2018,907400000
Middle Africa,,2019,896300000
Moldova,MDA,2005,20200000
Moldova,MDA,2006,47300000
Moldova,MDA,2007,45800000
Moldova,MDA,2008,38900000
Moldova,MDA,2009,60100000
Moldova,MDA,2010,408300000
Moldova,MDA,2011,113100000
Moldova,MDA,2012,282900000
Moldova,MDA,2013,123700000
Moldova,MDA,2014,341100000
Moldova,MDA,2015,79300000
Moldova,MDA,2016,288100000
Moldova,MDA,2017,108900000
Moldova,MDA,2018,113581710
Moldova,MDA,2019,128561110.00000001
Mongolia,MNG,2005,20600000
Mongolia,MNG,2006,136500000
Mongolia,MNG,2007,79500000
Mongolia,MNG,2008,560900000
Mongolia,MNG,2009,119600000
Mongolia,MNG,2010,295200000
Mongolia,MNG,2011,106000000
Mongolia,MNG,2012,145600000
Mongolia,MNG,2013,89700000
Mongolia,MNG,2014,54700000
Mongolia,MNG,2015,442300000
Mongolia,MNG,2016,218300000
Mongolia,MNG,2017,158679050
Mongolia,MNG,2018,221560080
Mongolia,MNG,2019,137284980
Montenegro,MNE,2005,2600000
Montenegro,MNE,2006,14200000
Montenegro,MNE,2007,50800000
Montenegro,MNE,2008,23200000
Montenegro,MNE,2009,26200000
Montenegro,MNE,2010,25900000
Montenegro,MNE,2011,23000000
Montenegro,MNE,2012,23500000
Montenegro,MNE,2013,108900000
Montenegro,MNE,2014,99000000
Montenegro,MNE,2015,140800000
Montenegro,MNE,2016,49300000
Montenegro,MNE,2017,110707740
Montenegro,MNE,2018,145308070
Montenegro,MNE,2019,115669700
Montserrat,MSR,2005,1300000
Montserrat,MSR,2006,18200000
Montserrat,MSR,2007,10500000
Montserrat,MSR,2008,4700000
Montserrat,MSR,2009,2300000
Montserrat,MSR,2010,100000
Montserrat,MSR,2011,2000000
Montserrat,MSR,2012,8800000
Montserrat,MSR,2013,4700000
Montserrat,MSR,2014,17700000
Montserrat,MSR,2015,23200000
Montserrat,MSR,2016,9400000
Montserrat,MSR,2017,2309420
Montserrat,MSR,2018,24112780
Montserrat,MSR,2019,6966970
Morocco,MAR,2005,143600000
Morocco,MAR,2006,470200000
Morocco,MAR,2007,276500000
Morocco,MAR,2008,1814900000
Morocco,MAR,2009,968500000
Morocco,MAR,2010,1219900000
Morocco,MAR,2011,576100000
Morocco,MAR,2012,2160800000
Morocco,MAR,2013,1149800000
Morocco,MAR,2014,1682800000
Morocco,MAR,2015,982700000
Morocco,MAR,2016,1161800000
Morocco,MAR,2017,1428989360
Morocco,MAR,2018,968186080
Morocco,MAR,2019,1221558060
Mozambique,MOZ,2005,169400000
Mozambique,MOZ,2006,356400000
Mozambique,MOZ,2007,453500000
Mozambique,MOZ,2008,537900000
Mozambique,MOZ,2009,369200000
Mozambique,MOZ,2010,611300000
Mozambique,MOZ,2011,291000000
Mozambique,MOZ,2012,382100000
Mozambique,MOZ,2013,950900000
Mozambique,MOZ,2014,504700000
Mozambique,MOZ,2015,739100000
Mozambique,MOZ,2016,275300000
Mozambique,MOZ,2017,616115870
Mozambique,MOZ,2018,627964330
Mozambique,MOZ,2019,1050717010.0000001
Myanmar,MMR,2005,5100000
Myanmar,MMR,2006,15700000
Myanmar,MMR,2007,9800000
Myanmar,MMR,2008,21100000
Myanmar,MMR,2009,19200000
Myanmar,MMR,2010,32299999.999999996
Myanmar,MMR,2011,48200000
Myanmar,MMR,2012,62800000
Myanmar,MMR,2013,1143100000
Myanmar,MMR,2014,926100000
Myanmar,MMR,2015,2348400000
Myanmar,MMR,2016,618100000
Myanmar,MMR,2017,1225798880
Myanmar,MMR,2018,2004754850
Myanmar,MMR,2019,626604740
Namibia,NAM,2005,17900000
Namibia,NAM,2006,108400000
Namibia,NAM,2007,29100000
Namibia,NAM,2008,87300000
Namibia,NAM,2009,149300000
Namibia,NAM,2010,83200000
Namibia,NAM,2011,51200000
Namibia,NAM,2012,48600000
Namibia,NAM,2013,39200000
Namibia,NAM,2014,25300000
Namibia,NAM,2015,94800000
Namibia,NAM,2016,49100000
Namibia,NAM,2017,113700080
Namibia,NAM,2018,36373520
Namibia,NAM,2019,68388010
Nauru,NRU,2005,2100000
Nauru,NRU,2006,11500000
Nauru,NRU,2007,10800000
Nauru,NRU,2008,6700000
Nauru,NRU,2009,6400000
Nauru,NRU,2010,300000
Nauru,NRU,2011,1100000
Nauru,NRU,2012,5200000
Nauru,NRU,2013,3400000
Nauru,NRU,2014,1800000
Nauru,NRU,2015,14300000
Nauru,NRU,2016,4600000
Nauru,NRU,2017,33941250
Nauru,NRU,2018,47667840
Nauru,NRU,2019,29165080
Nepal,NPL,2005,88000000
Nepal,NPL,2006,201900000
Nepal,NPL,2007,202200000
Nepal,NPL,2008,191500000
Nepal,NPL,2009,277800000
Nepal,NPL,2010,449100000
Nepal,NPL,2011,407700000
Nepal,NPL,2012,392600000
Nepal,NPL,2013,932600000
Nepal,NPL,2014,605000000
Nepal,NPL,2015,337700000
Nepal,NPL,2016,477200000
Nepal,NPL,2017,784690870
Nepal,NPL,2018,736786900
Nepal,NPL,2019,543849320
Nicaragua,NIC,2005,104400000
Nicaragua,NIC,2006,340000000
Nicaragua,NIC,2007,80600000
Nicaragua,NIC,2008,189500000
Nicaragua,NIC,2009,189900000
Nicaragua,NIC,2010,289700000
Nicaragua,NIC,2011,180000000
Nicaragua,NIC,2012,226700000
Nicaragua,NIC,2013,246800000
Nicaragua,NIC,2014,201400000
Nicaragua,NIC,2015,314000000
Nicaragua,NIC,2016,365200000
Nicaragua,NIC,2017,398045880
Nicaragua,NIC,2018,136682330
Nicaragua,NIC,2019,10942770
Niger,NER,2005,65000000
Niger,NER,2006,80600000
Niger,NER,2007,50200000
Niger,NER,2008,200900000
Niger,NER,2009,135900000
Niger,NER,2010,59800000
Niger,NER,2011,139400000
Niger,NER,2012,318700000
Niger,NER,2013,197000000
Niger,NER,2014,308100000
Niger,NER,2015,329000000
Niger,NER,2016,590500000
Niger,NER,2017,434857790
Niger,NER,2018,967204260
Niger,NER,2019,590575170
Nigeria,NGA,2005,125100000
Nigeria,NGA,2006,210600000
Nigeria,NGA,2007,182900000
Nigeria,NGA,2008,626800000
Nigeria,NGA,2009,967200000
Nigeria,NGA,2010,312300000
Nigeria,NGA,2011,446200000
Nigeria,NGA,2012,1157600000
Nigeria,NGA,2013,636800000
Nigeria,NGA,2014,967000000
Nigeria,NGA,2015,300400000
Nigeria,NGA,2016,254700000
Nigeria,NGA,2017,824415030
Nigeria,NGA,2018,1424898710
Nigeria,NGA,2019,669598810
Niue,NIU,2005,1400000
Niue,NIU,2006,3700000
Niue,NIU,2007,1600000
Niue,NIU,2008,400000
Niue,NIU,2009,3300000
Niue,NIU,2010,3900000
Niue,NIU,2011,9800000
Niue,NIU,2012,2700000
Niue,NIU,2013,5800000
Niue,NIU,2014,2500000
Niue,NIU,2015,9400000
Niue,NIU,2016,1000000
Niue,NIU,2017,15153600
Niue,NIU,2018,2241110
Niue,NIU,2019,4565090
North Korea,PRK,2005,4000000
North Korea,PRK,2006,8100000
North Korea,PRK,2007,2600000
North Korea,PRK,2008,17700000
North Korea,PRK,2009,3800000
North Korea,PRK,2010,700000
North Korea,PRK,2011,200000
North Korea,PRK,2012,22900000
North Korea,PRK,2013,2700000
North Korea,PRK,2014,2500000
North Korea,PRK,2015,2500000
North Korea,PRK,2016,1300000
North Korea,PRK,2017,4200000
North Korea,PRK,2018,2544010
North Korea,PRK,2019,2063050
North Macedonia,MKD,2005,20600000
North Macedonia,MKD,2006,31900000
North Macedonia,MKD,2007,46700000
North Macedonia,MKD,2008,60800000
North Macedonia,MKD,2009,43400000
North Macedonia,MKD,2010,78500000
North Macedonia,MKD,2011,80300000
North Macedonia,MKD,2012,242000000
North Macedonia,MKD,2013,45700000
North Macedonia,MKD,2014,179800000
North Macedonia,MKD,2015,97900000
North Macedonia,MKD,2016,51300000
North Macedonia,MKD,2017,32218760.000000004
North Macedonia,MKD,2018,96056600
North Macedonia,MKD,2019,321320390
Northern Africa,,2005,523100000
Northern Africa,,2006,1606000000
Northern Africa,,2007,1252300000
Northern Africa,,2008,4022900000
Northern Africa,,2009,1996800000
Northern Africa,,2010,3738100000
Northern Africa,,2011,2315200000
Northern Africa,,2012,5380800000
Northern Africa,,2013,4015500000
Northern Africa,,2014,4608700000
Northern Africa,,2015,3561300000
Northern Africa,,2016,4353600000
Northern Africa,,2017,3850100000
Northern Africa,,2018,2598800000
Northern Africa,,2019,3238900000
ODA residual,,2005,1090800000
ODA residual,,2006,4076400000
ODA residual,,2007,3825800000
ODA residual,,2008,4481300000
ODA residual,,2009,6807200000
ODA residual,,2010,6417700000
ODA residual,,2011,6925900000
ODA residual,,2012,6275800000
ODA residual,,2013,6094200000
ODA residual,,2014,6714600000
ODA residual,,2015,6741200000
ODA residual,,2016,7288500000
ODA residual,,2017,8768200000
ODA residual,,2018,7852800000
ODA residual,,2019,10340800000
Oceania,,2005,124300000
Oceania,,2006,330700000
Oceania,,2007,285200000
Oceania,,2008,281900000
Oceania,,2009,282100000
Oceania,,2010,372500000
Oceania,,2011,546600000
Oceania,,2012,321900000
Oceania,,2013,538100000
Oceania,,2014,691100000
Oceania,,2015,832000000
Oceania,,2016,420900000
Oceania,,2017,718700000
Oceania,,2018,729500000
Oceania,,2019,782900000
Oman,OMN,2005,1800000
Oman,OMN,2006,800000
Oman,OMN,2007,400000
Oman,OMN,2008,20800000
Oman,OMN,2009,188500000
Oman,OMN,2010,1300000
Pakistan,PAK,2005,225600000
Pakistan,PAK,2006,361200000
Pakistan,PAK,2007,667700000
Pakistan,PAK,2008,1076600000
Pakistan,PAK,2009,750900000
Pakistan,PAK,2010,785700000
Pakistan,PAK,2011,800800000
Pakistan,PAK,2012,1430700000
Pakistan,PAK,2013,734600000
Pakistan,PAK,2014,2556600000
Pakistan,PAK,2015,1799000000
Pakistan,PAK,2016,1103800000
Pakistan,PAK,2017,908245170
Pakistan,PAK,2018,1019260040
Pakistan,PAK,2019,2114919100
Palau,PLW,2005,4600000
Palau,PLW,2006,2200000
Palau,PLW,2007,13800000
Palau,PLW,2008,1900000
Palau,PLW,2009,8400000
Palau,PLW,2010,1500000
Palau,PLW,2011,1100000
Palau,PLW,2012,18700000
Palau,PLW,2013,1400000
Palau,PLW,2014,1000000
Palau,PLW,2015,6100000
Palau,PLW,2016,16100000.000000002
Palau,PLW,2017,5262730
Palau,PLW,2018,2386780
Palau,PLW,2019,37209860
Palestine,PSE,2005,49900000
Palestine,PSE,2006,43100000
Palestine,PSE,2007,67000000
Palestine,PSE,2008,169800000
Palestine,PSE,2009,239800000
Palestine,PSE,2010,185900000
Palestine,PSE,2011,86600000
Palestine,PSE,2012,92300000
Palestine,PSE,2013,181900000
Palestine,PSE,2014,57300000
Palestine,PSE,2015,145600000
Palestine,PSE,2016,142900000
Palestine,PSE,2017,124354230
Palestine,PSE,2018,126483460
Palestine,PSE,2019,116959090
Panama,PAN,2005,2900000
Panama,PAN,2006,6000000
Panama,PAN,2007,24300000
Panama,PAN,2008,7300000
Panama,PAN,2009,18700000
Panama,PAN,2010,12400000
Panama,PAN,2011,22100000
Panama,PAN,2012,8900000
Panama,PAN,2013,7900000
Panama,PAN,2014,4900000
Panama,PAN,2015,6800000
Panama,PAN,2016,278200000
Panama,PAN,2017,14834240
Panama,PAN,2018,9641310
Panama,PAN,2019,42758070
Papua New Guinea,PNG,2005,71400000
Papua New Guinea,PNG,2006,151500000
Papua New Guinea,PNG,2007,116100000
Papua New Guinea,PNG,2008,123500000
Papua New Guinea,PNG,2009,157100000
Papua New Guinea,PNG,2010,223900000
Papua New Guinea,PNG,2011,198400000
Papua New Guinea,PNG,2012,65800000
Papua New Guinea,PNG,2013,235500000
Papua New Guinea,PNG,2014,291600000
Papua New Guinea,PNG,2015,385600000
Papua New Guinea,PNG,2016,134400000
Papua New Guinea,PNG,2017,219654660
Papua New Guinea,PNG,2018,216854350
Papua New Guinea,PNG,2019,129679650.00000001
Paraguay,PRY,2005,11900000
Paraguay,PRY,2006,201200000
Paraguay,PRY,2007,21200000
Paraguay,PRY,2008,36600000
Paraguay,PRY,2009,71800000
Paraguay,PRY,2010,170800000
Paraguay,PRY,2011,17300000
Paraguay,PRY,2012,16000000
Paraguay,PRY,2013,81100000
Paraguay,PRY,2014,188300000
Paraguay,PRY,2015,64599999.99999999
Paraguay,PRY,2016,143500000
Paraguay,PRY,2017,85181490
Paraguay,PRY,2018,72309580
Paraguay,PRY,2019,171768270
Peru,PER,2005,62000000
Peru,PER,2006,173100000
Peru,PER,2007,119100000
Peru,PER,2008,93800000
Peru,PER,2009,197600000
Peru,PER,2010,146300000
Peru,PER,2011,102100000
Peru,PER,2012,200200000
Peru,PER,2013,198400000
Peru,PER,2014,137700000
Peru,PER,2015,98300000
Peru,PER,2016,411200000
Peru,PER,2017,197403040
Peru,PER,2018,136123980
Peru,PER,2019,168985600
Philippines,PHL,2005,88700000
Philippines,PHL,2006,76300000
Philippines,PHL,2007,284900000
Philippines,PHL,2008,305700000
Philippines,PHL,2009,828900000
Philippines,PHL,2010,119000000
Philippines,PHL,2011,806200000
Philippines,PHL,2012,889600000
Philippines,PHL,2013,860900000
Philippines,PHL,2014,183500000
Philippines,PHL,2015,2931100000
Philippines,PHL,2016,273500000
Philippines,PHL,2017,290950230
Philippines,PHL,2018,1611686920
Philippines,PHL,2019,2033683340
Polynesia,OWID_PYA,2005,15600000
Polynesia,OWID_PYA,2006,11100000
Polynesia,OWID_PYA,2007,88000000
Polynesia,OWID_PYA,2008,50500000
Polynesia,OWID_PYA,2009,24600000
Polynesia,OWID_PYA,2010,65200000
Polynesia,OWID_PYA,2011,155400000
Polynesia,OWID_PYA,2012,82100000
Polynesia,OWID_PYA,2013,147600000
Polynesia,OWID_PYA,2014,150600000
Polynesia,OWID_PYA,2015,155100000
Polynesia,OWID_PYA,2016,66300000
Polynesia,OWID_PYA,2017,144000000
Polynesia,OWID_PYA,2018,201800000
Polynesia,OWID_PYA,2019,209500000
Rwanda,RWA,2005,38900000
Rwanda,RWA,2006,117500000
Rwanda,RWA,2007,98500000
Rwanda,RWA,2008,159600000
Rwanda,RWA,2009,402000000
Rwanda,RWA,2010,179900000
Rwanda,RWA,2011,303000000
Rwanda,RWA,2012,207300000
Rwanda,RWA,2013,428300000
Rwanda,RWA,2014,318300000
Rwanda,RWA,2015,365000000
Rwanda,RWA,2016,889700000
Rwanda,RWA,2017,481472960
Rwanda,RWA,2018,560840340
Rwanda,RWA,2019,504187320
Saint Helena,SHN,2005,37000000
Saint Helena,SHN,2006,20900000
Saint Helena,SHN,2007,5200000
Saint Helena,SHN,2008,15300000
Saint Helena,SHN,2009,21400000
Saint Helena,SHN,2010,8000000
Saint Helena,SHN,2011,59100000
Saint Helena,SHN,2012,8300000.000000001
Saint Helena,SHN,2013,19300000
Saint Helena,SHN,2014,11200000
Saint Helena,SHN,2015,25000000
Saint Helena,SHN,2016,84900000
Saint Helena,SHN,2017,3983710
Saint Helena,SHN,2018,28943620
Saint Helena,SHN,2019,7508290
Saint Kitts and Nevis,KNA,2005,1500000
Saint Kitts and Nevis,KNA,2006,0
Saint Kitts and Nevis,KNA,2007,100000
Saint Kitts and Nevis,KNA,2008,600000
Saint Kitts and Nevis,KNA,2009,0
Saint Kitts and Nevis,KNA,2010,500000
Saint Kitts and Nevis,KNA,2011,800000
Saint Kitts and Nevis,KNA,2012,9000000
Saint Kitts and Nevis,KNA,2013,300000
Saint Lucia,LCA,2005,300000
Saint Lucia,LCA,2006,8100000
Saint Lucia,LCA,2007,8300000.000000001
Saint Lucia,LCA,2008,7300000
Saint Lucia,LCA,2009,700000
Saint Lucia,LCA,2010,3500000
Saint Lucia,LCA,2011,6500000
Saint Lucia,LCA,2012,31400000
Saint Lucia,LCA,2013,500000
Saint Lucia,LCA,2014,23200000
Saint Lucia,LCA,2015,12500000
Saint Lucia,LCA,2016,17600000
Saint Lucia,LCA,2017,21615490
Saint Lucia,LCA,2018,2628860
Saint Lucia,LCA,2019,15294620
Saint Vincent and the Grenadines,VCT,2005,400000
Saint Vincent and the Grenadines,VCT,2006,11000000
Saint Vincent and the Grenadines,VCT,2007,8700000
Saint Vincent and the Grenadines,VCT,2008,1100000
Saint Vincent and the Grenadines,VCT,2009,1500000
Saint Vincent and the Grenadines,VCT,2010,300000
Saint Vincent and the Grenadines,VCT,2011,300000
Saint Vincent and the Grenadines,VCT,2012,19300000
Saint Vincent and the Grenadines,VCT,2013,2700000
Saint Vincent and the Grenadines,VCT,2014,4800000
Saint Vincent and the Grenadines,VCT,2015,500000
Saint Vincent and the Grenadines,VCT,2016,51200000
Saint Vincent and the Grenadines,VCT,2017,19799410
Saint Vincent and the Grenadines,VCT,2018,5880310
Saint Vincent and the Grenadines,VCT,2019,10082870
Samoa,WSM,2005,3900000
Samoa,WSM,2006,2400000
Samoa,WSM,2007,60200000
Samoa,WSM,2008,16100000.000000002
Samoa,WSM,2009,4400000
Samoa,WSM,2010,23000000
Samoa,WSM,2011,26700000
Samoa,WSM,2012,26600000
Samoa,WSM,2013,26800000
Samoa,WSM,2014,73600000
Samoa,WSM,2015,67099999.99999999
Samoa,WSM,2016,32299999.999999996
Samoa,WSM,2017,45395400
Samoa,WSM,2018,52600620
Samoa,WSM,2019,114725610
Sao Tome and Principe,STP,2005,4300000
Sao Tome and Principe,STP,2006,8500000
Sao Tome and Principe,STP,2007,6000000
Sao Tome and Principe,STP,2008,4500000
Sao Tome and Principe,STP,2009,22000000
Sao Tome and Principe,STP,2010,4200000
Sao Tome and Principe,STP,2011,23300000
Sao Tome and Principe,STP,2012,3000000
Sao Tome and Principe,STP,2013,10800000
Sao Tome and Principe,STP,2014,1100000
Sao Tome and Principe,STP,2015,32000000
Sao Tome and Principe,STP,2016,23900000
Sao Tome and Principe,STP,2017,5716760
Sao Tome and Principe,STP,2018,16441759.999999998
Sao Tome and Principe,STP,2019,25056950
Saudi Arabia,SAU,2005,1100000
Saudi Arabia,SAU,2006,1800000
Saudi Arabia,SAU,2007,1500000
Senegal,SEN,2005,113300000
Senegal,SEN,2006,255800000
Senegal,SEN,2007,117000000
Senegal,SEN,2008,340000000
Senegal,SEN,2009,384100000
Senegal,SEN,2010,934100000
Senegal,SEN,2011,228900000
Senegal,SEN,2012,356300000
Senegal,SEN,2013,334700000
Senegal,SEN,2014,382300000
Senegal,SEN,2015,627000000
Senegal,SEN,2016,257500000
Senegal,SEN,2017,981763480
Senegal,SEN,2018,403303870
Senegal,SEN,2019,693185540
Serbia,SRB,2005,210700000
Serbia,SRB,2006,261200000
Serbia,SRB,2007,271000000
Serbia,SRB,2008,317000000
Serbia,SRB,2009,103600000
Serbia,SRB,2010,281600000
Serbia,SRB,2011,1442200000
Serbia,SRB,2012,1001700000
Serbia,SRB,2013,870800000
Serbia,SRB,2014,327200000
Serbia,SRB,2015,573700000
Serbia,SRB,2016,230700000
Serbia,SRB,2017,638607950
Serbia,SRB,2018,641681310
Serbia,SRB,2019,415940900
Seychelles,SYC,2005,1500000
Seychelles,SYC,2006,3700000
Seychelles,SYC,2007,700000
Seychelles,SYC,2008,11600000
Seychelles,SYC,2009,2000000
Seychelles,SYC,2010,1300000
Seychelles,SYC,2011,1200000
Seychelles,SYC,2012,10000000
Seychelles,SYC,2013,4000000
Seychelles,SYC,2014,900000
Seychelles,SYC,2015,28800000
Seychelles,SYC,2016,19800000
Seychelles,SYC,2017,7027370
Sierra Leone,SLE,2005,56600000
Sierra Leone,SLE,2006,18300000
Sierra Leone,SLE,2007,107900000
Sierra Leone,SLE,2008,131600000
Sierra Leone,SLE,2009,34600000
Sierra Leone,SLE,2010,153600000
Sierra Leone,SLE,2011,90000000
Sierra Leone,SLE,2012,105300000
Sierra Leone,SLE,2013,234600000
Sierra Leone,SLE,2014,36300000
Sierra Leone,SLE,2015,57700000
Sierra Leone,SLE,2016,228400000
Sierra Leone,SLE,2017,158798850
Sierra Leone,SLE,2018,53084110
Sierra Leone,SLE,2019,287298550
Small Island Developing States (SIDS),,2005,384600000
Small Island Developing States (SIDS),,2006,689300000
Small Island Developing States (SIDS),,2007,803300000
Small Island Developing States (SIDS),,2008,847000000
Small Island Developing States (SIDS),,2009,1223700000
Small Island Developing States (SIDS),,2010,1203100000
Small Island Developing States (SIDS),,2011,1583800000
Small Island Developing States (SIDS),,2012,1281700000
Small Island Developing States (SIDS),,2013,1430000000
Small Island Developing States (SIDS),,2014,1276900000
Small Island Developing States (SIDS),,2015,1833500000
Small Island Developing States (SIDS),,2016,1171100000
Small Island Developing States (SIDS),,2017,1684500000
Small Island Developing States (SIDS),,2018,2049300000.0000002
Small Island Developing States (SIDS),,2019,1694300000
Solomon Islands,SLB,2005,9600000
Solomon Islands,SLB,2006,49100000
Solomon Islands,SLB,2007,4600000
Solomon Islands,SLB,2008,18000000
Solomon Islands,SLB,2009,7100000
Solomon Islands,SLB,2010,39000000
Solomon Islands,SLB,2011,59500000
Solomon Islands,SLB,2012,28400000
Solomon Islands,SLB,2013,28700000
Solomon Islands,SLB,2014,108900000
Solomon Islands,SLB,2015,66400000.00000001
Solomon Islands,SLB,2016,51300000
Solomon Islands,SLB,2017,120973950
Solomon Islands,SLB,2018,106050550
Solomon Islands,SLB,2019,178535110
Somalia,SOM,2005,1200000
Somalia,SOM,2006,8800000
Somalia,SOM,2007,8700000
Somalia,SOM,2008,23600000
Somalia,SOM,2009,36600000
Somalia,SOM,2010,14100000
Somalia,SOM,2011,37400000
Somalia,SOM,2012,89600000
Somalia,SOM,2013,93900000
Somalia,SOM,2014,22100000
Somalia,SOM,2015,59900000
Somalia,SOM,2016,35200000
Somalia,SOM,2017,29220560
Somalia,SOM,2018,82435190
Somalia,SOM,2019,167270690
South Africa,ZAF,2005,78200000
South Africa,ZAF,2006,119400000
South Africa,ZAF,2007,113200000
South Africa,ZAF,2008,221300000
South Africa,ZAF,2009,153500000
South Africa,ZAF,2010,200400000
South Africa,ZAF,2011,96200000
South Africa,ZAF,2012,90700000
South Africa,ZAF,2013,319600000
South Africa,ZAF,2014,294100000
South Africa,ZAF,2015,1026200000
South Africa,ZAF,2016,196800000
South Africa,ZAF,2017,231948970
South Africa,ZAF,2018,752235240
South Africa,ZAF,2019,471744530
South America,,2005,341900000
South America,,2006,758600000
South America,,2007,909500000
South America,,2008,696700000
South America,,2009,1205600000
South America,,2010,1279900000
South America,,2011,1308800000
South America,,2012,2186700000
South America,,2013,1354300000
South America,,2014,2293900000
South America,,2015,2170100000
South America,,2016,1442800000
South America,,2017,2450100000
South America,,2018,1505000000
South America,,2019,1206300000
South Sudan,SSD,2011,66900000.00000001
South Sudan,SSD,2012,79300000
South Sudan,SSD,2013,265399999.99999997
South Sudan,SSD,2014,166500000
South Sudan,SSD,2015,104000000
South Sudan,SSD,2016,12200000
South Sudan,SSD,2017,123437470
South Sudan,SSD,2018,52866620
South Sudan,SSD,2019,115741380
South-eastern Asia,,2005,1841900000
South-eastern Asia,,2006,2625600000
South-eastern Asia,,2007,3430000000
South-eastern Asia,,2008,4081400000
South-eastern Asia,,2009,5418000000
South-eastern Asia,,2010,3554900000
South-eastern Asia,,2011,4727600000
South-eastern Asia,,2012,4144800000
South-eastern Asia,,2013,6963300000
South-eastern Asia,,2014,4776600000
South-eastern Asia,,2015,11227900000
South-eastern Asia,,2016,7412900000
South-eastern Asia,,2017,6600900000
South-eastern Asia,,2018,6914600000
South-eastern Asia,,2019,4483900000
Southern Africa,,2005,105100000
Southern Africa,,2006,265300000
Southern Africa,,2007,236500000
Southern Africa,,2008,349300000
Southern Africa,,2009,351300000
Southern Africa,,2010,354900000
Southern Africa,,2011,251200000
Southern Africa,,2012,241600000
Southern Africa,,2013,394400000
Southern Africa,,2014,393100000
Southern Africa,,2015,1186200000
Southern Africa,,2016,287900000
Southern Africa,,2017,396400000
Southern Africa,,2018,816200000
Southern Africa,,2019,668500000
Southern Asia,,2005,2237500000
Southern Asia,,2006,4445700000
Southern Asia,,2007,5756600000
Southern Asia,,2008,7719600000
Southern Asia,,2009,5570300000
Southern Asia,,2010,7327700000
Southern Asia,,2011,8932100000
Southern Asia,,2012,8019700000
Southern Asia,,2013,11409700000
Southern Asia,,2014,11807700000
Southern Asia,,2015,9706500000
Southern Asia,,2016,10814600000
Southern Asia,,2017,11805600000
Southern Asia,,2018,14382800000
Southern Asia,,2019,9541300000
Southern Asia (excluding India),,2005,1478800000
Southern Asia (excluding India),,2006,2800700000
Southern Asia (excluding India),,2007,3653600000
Southern Asia (excluding India),,2008,4788300000
Southern Asia (excluding India),,2009,3929700000
Southern Asia (excluding India),,2010,4528300000
Southern Asia (excluding India),,2011,5747600000
Southern Asia (excluding India),,2012,4691500000
Southern Asia (excluding India),,2013,6315200000
Southern Asia (excluding India),,2014,7145900000
Southern Asia (excluding India),,2015,6709200000
Southern Asia (excluding India),,2016,6450000000
Southern Asia (excluding India),,2017,6361800000
Southern Asia (excluding India),,2018,7287700000
Southern Asia (excluding India),,2019,7114100000
Southern Europe,,2005,354600000
Southern Europe,,2006,796700000
Southern Europe,,2007,648200000
Southern Europe,,2008,800200000
Southern Europe,,2009,506500000
Southern Europe,,2010,874300000
Southern Europe,,2011,1947900000
Southern Europe,,2012,1506300000
Southern Europe,,2013,1531400000
Southern Europe,,2014,1196200000
Southern Europe,,2015,993600000
Southern Europe,,2016,553700000
Southern Europe,,2017,1103100000
Southern Europe,,2018,1253800000
Southern Europe,,2019,1179900000
Sri Lanka,LKA,2005,186400000
Sri Lanka,LKA,2006,306200000
Sri Lanka,LKA,2007,298000000
Sri Lanka,LKA,2008,465400000
Sri Lanka,LKA,2009,360600000
Sri Lanka,LKA,2010,307200000
Sri Lanka,LKA,2011,537700000
Sri Lanka,LKA,2012,555200000
Sri Lanka,LKA,2013,458600000
Sri Lanka,LKA,2014,831400000
Sri Lanka,LKA,2015,423500000
Sri Lanka,LKA,2016,995600000
Sri Lanka,LKA,2017,483599220
Sri Lanka,LKA,2018,120427530
Sri Lanka,LKA,2019,432345240
Sub-Saharan Africa,,2005,2986500000
Sub-Saharan Africa,,2006,5899000000
Sub-Saharan Africa,,2007,8523900000
Sub-Saharan Africa,,2008,8755400000
Sub-Saharan Africa,,2009,11426400000
Sub-Saharan Africa,,2010,11204300000
Sub-Saharan Africa,,2011,8912200000
Sub-Saharan Africa,,2012,12772000000
Sub-Saharan Africa,,2013,11916000000
Sub-Saharan Africa,,2014,10551300000
Sub-Saharan Africa,,2015,14157000000
Sub-Saharan Africa,,2016,12218200000
Sub-Saharan Africa,,2017,15781600000
Sub-Saharan Africa,,2018,14857200000
Sub-Saharan Africa,,2019,14434300000
Sudan,SDN,2005,17100000
Sudan,SDN,2006,31700000
Sudan,SDN,2007,75700000
Sudan,SDN,2008,568000000
Sudan,SDN,2009,260700000
Sudan,SDN,2010,330000000
Sudan,SDN,2011,653000000
Sudan,SDN,2012,272900000
Sudan,SDN,2013,424400000
Sudan,SDN,2014,92100000
Sudan,SDN,2015,211700000
Sudan,SDN,2016,231000000
Sudan,SDN,2017,216201470
Sudan,SDN,2018,59381590
Sudan,SDN,2019,294201370
Suriname,SUR,2005,8600000
Suriname,SUR,2006,5900000
Suriname,SUR,2007,21500000
Suriname,SUR,2008,23300000
Suriname,SUR,2009,54100000
Suriname,SUR,2010,400000
Suriname,SUR,2011,5700000
Suriname,SUR,2012,13400000
Suriname,SUR,2013,500000
Suriname,SUR,2014,500000
Suriname,SUR,2015,500000
Suriname,SUR,2016,22900000
Suriname,SUR,2017,504220
Suriname,SUR,2018,5691700
Suriname,SUR,2019,27201450
Syria,SYR,2005,10400000
Syria,SYR,2006,24100000
Syria,SYR,2007,48200000
Syria,SYR,2008,9400000
Syria,SYR,2009,266500000
Syria,SYR,2010,174400000
Syria,SYR,2011,104000000
Syria,SYR,2012,3000000
Syria,SYR,2013,1400000
Syria,SYR,2014,1500000
Syria,SYR,2015,4700000
Syria,SYR,2016,15500000
Syria,SYR,2017,13697340
Syria,SYR,2018,15711230
Syria,SYR,2019,9576980
Tajikistan,TJK,2005,57300000
Tajikistan,TJK,2006,74000000
Tajikistan,TJK,2007,145900000
Tajikistan,TJK,2008,150100000
Tajikistan,TJK,2009,116000000
Tajikistan,TJK,2010,234100000
Tajikistan,TJK,2011,228900000
Tajikistan,TJK,2012,177100000
Tajikistan,TJK,2013,318800000
Tajikistan,TJK,2014,116400000
Tajikistan,TJK,2015,266600000.00000003
Tajikistan,TJK,2016,193300000
Tajikistan,TJK,2017,449645150
Tajikistan,TJK,2018,234628980
Tajikistan,TJK,2019,342125630
Tanzania,TZA,2005,272800000
Tanzania,TZA,2006,405600000
Tanzania,TZA,2007,512600000
Tanzania,TZA,2008,1390900000
Tanzania,TZA,2009,760600000
Tanzania,TZA,2010,1330800000
Tanzania,TZA,2011,517500000
Tanzania,TZA,2012,604600000
Tanzania,TZA,2013,1428000000
Tanzania,TZA,2014,904500000
Tanzania,TZA,2015,1152200000
Tanzania,TZA,2016,894900000
Tanzania,TZA,2017,985753740
Tanzania,TZA,2018,773655780
Tanzania,TZA,2019,335365990
Thailand,THA,2005,205300000
Thailand,THA,2006,41100000
Thailand,THA,2007,48800000
Thailand,THA,2008,600500000
Thailand,THA,2009,620200000
Thailand,THA,2010,307700000
Thailand,THA,2011,21000000
Thailand,THA,2012,119600000
Thailand,THA,2013,26200000
Thailand,THA,2014,30800000
Thailand,THA,2015,366100000
Thailand,THA,2016,1548400000
Thailand,THA,2017,53597110
Thailand,THA,2018,14244910
Thailand,THA,2019,40151860
Timor,TLS,2005,15100000
Timor,TLS,2006,21700000
Timor,TLS,2007,34900000
Timor,TLS,2008,40600000
Timor,TLS,2009,30500000
Timor,TLS,2010,85400000
Timor,TLS,2011,49800000
Timor,TLS,2012,94600000
Timor,TLS,2013,116400000
Timor,TLS,2014,43200000
Timor,TLS,2015,60000000
Timor,TLS,2016,147600000
Timor,TLS,2017,63094910
Timor,TLS,2018,51938780
Timor,TLS,2019,96403600
Togo,TGO,2005,1400000
Togo,TGO,2006,15400000
Togo,TGO,2007,4900000
Togo,TGO,2008,102100000
Togo,TGO,2009,69400000
Togo,TGO,2010,145700000
Togo,TGO,2011,72600000
Togo,TGO,2012,39100000
Togo,TGO,2013,93700000
Togo,TGO,2014,57000000
Togo,TGO,2015,84100000
Togo,TGO,2016,111700000
Togo,TGO,2017,194467810
Togo,TGO,2018,110209990
Togo,TGO,2019,91210230
Tokelau,TKL,2005,700000
Tokelau,TKL,2006,700000
Tokelau,TKL,2007,1800000
Tokelau,TKL,2008,1100000
Tokelau,TKL,2009,1100000
Tokelau,TKL,2010,500000
Tokelau,TKL,2011,9400000
Tokelau,TKL,2012,11800000
Tokelau,TKL,2013,9700000
Tokelau,TKL,2014,4300000
Tokelau,TKL,2015,800000
Tokelau,TKL,2016,100000
Tokelau,TKL,2017,16883870
Tokelau,TKL,2018,11284490
Tokelau,TKL,2019,4401120
Tonga,TON,2005,1400000
Tonga,TON,2006,3200000
Tonga,TON,2007,12800000
Tonga,TON,2008,23400000
Tonga,TON,2009,3700000
Tonga,TON,2010,27500000
Tonga,TON,2011,72800000
Tonga,TON,2012,26000000
Tonga,TON,2013,40600000
Tonga,TON,2014,16000000
Tonga,TON,2015,55200000
Tonga,TON,2016,12800000
Tonga,TON,2017,30197470
Tonga,TON,2018,85226660
Tonga,TON,2019,40107530
Trinidad and Tobago,TTO,2005,10500000
Trinidad and Tobago,TTO,2006,1600000
Trinidad and Tobago,TTO,2007,10900000
Trinidad and Tobago,TTO,2008,13100000
Trinidad and Tobago,TTO,2009,14200000
Trinidad and Tobago,TTO,2010,22400000
Tunisia,TUN,2005,43600000
Tunisia,TUN,2006,153200000
Tunisia,TUN,2007,199300000
Tunisia,TUN,2008,436800000
Tunisia,TUN,2009,271900000
Tunisia,TUN,2010,479400000
Tunisia,TUN,2011,253500000
Tunisia,TUN,2012,1004800000
Tunisia,TUN,2013,673400000
Tunisia,TUN,2014,1408200000
Tunisia,TUN,2015,763200000
Tunisia,TUN,2016,344300000
Tunisia,TUN,2017,1096805650
Tunisia,TUN,2018,665717340
Tunisia,TUN,2019,507463770
Turkey,TUR,2005,256700000
Turkey,TUR,2006,237900000
Turkey,TUR,2007,203000000
Turkey,TUR,2008,698200000
Turkey,TUR,2009,255700000
Turkey,TUR,2010,840000000
Turkey,TUR,2011,1951800000
Turkey,TUR,2012,3096400000
Turkey,TUR,2013,2864200000
Turkey,TUR,2014,3187100000
Turkey,TUR,2015,1743800000
Turkey,TUR,2016,2590800000
Turkey,TUR,2017,1978983830
Turkey,TUR,2018,1316886670
Turkey,TUR,2019,549144240
Turkmenistan,TKM,2005,1400000
Turkmenistan,TKM,2006,1100000
Turkmenistan,TKM,2007,1000000
Turkmenistan,TKM,2008,3700000
Turkmenistan,TKM,2009,2900000
Turkmenistan,TKM,2010,17900000
Turkmenistan,TKM,2011,6700000
Turkmenistan,TKM,2012,3500000
Turkmenistan,TKM,2013,10500000
Turkmenistan,TKM,2014,7000000
Turkmenistan,TKM,2015,2000000
Turkmenistan,TKM,2016,1800000
Turkmenistan,TKM,2017,1379150
Turkmenistan,TKM,2018,2417980
Turkmenistan,TKM,2019,13846710
Turks and Caicos Islands,TCA,2005,0
Tuvalu,TUV,2005,3300000
Tuvalu,TUV,2006,900000
Tuvalu,TUV,2007,9000000
Tuvalu,TUV,2008,6200000
Tuvalu,TUV,2009,1400000
Tuvalu,TUV,2010,1300000
Tuvalu,TUV,2011,15900000
Tuvalu,TUV,2012,4400000
Tuvalu,TUV,2013,27400000
Tuvalu,TUV,2014,31900000
Tuvalu,TUV,2015,14400000
Tuvalu,TUV,2016,8000000
Tuvalu,TUV,2017,22025490
Tuvalu,TUV,2018,24357960
Tuvalu,TUV,2019,37501410
Uganda,UGA,2005,161900000
Uganda,UGA,2006,185600000
Uganda,UGA,2007,682800000
Uganda,UGA,2008,277600000
Uganda,UGA,2009,954100000
Uganda,UGA,2010,676000000
Uganda,UGA,2011,459200000
Uganda,UGA,2012,306200000
Uganda,UGA,2013,459800000
Uganda,UGA,2014,803000000
Uganda,UGA,2015,852500000
Uganda,UGA,2016,656900000
Uganda,UGA,2017,349189790
Uganda,UGA,2018,713449000
Uganda,UGA,2019,541179960
Ukraine,UKR,2005,81700000
Ukraine,UKR,2006,211700000
Ukraine,UKR,2007,231900000
Ukraine,UKR,2008,266000000
Ukraine,UKR,2009,289700000
Ukraine,UKR,2010,142800000
Ukraine,UKR,2011,267800000
Ukraine,UKR,2012,605600000
Ukraine,UKR,2013,685000000
Ukraine,UKR,2014,518200000.00000006
Ukraine,UKR,2015,196700000
Ukraine,UKR,2016,783300000
Ukraine,UKR,2017,256259730
Ukraine,UKR,2018,295290510
Ukraine,UKR,2019,232504150
Uruguay,URY,2005,4400000
Uruguay,URY,2006,2500000
Uruguay,URY,2007,4900000
Uruguay,URY,2008,4600000
Uruguay,URY,2009,12400000
Uruguay,URY,2010,10000000
Uruguay,URY,2011,5100000
Uruguay,URY,2012,5100000
Uruguay,URY,2013,72200000
Uruguay,URY,2014,78400000
Uruguay,URY,2015,3300000
Uruguay,URY,2016,6100000
Uruguay,URY,2017,892070
Uzbekistan,UZB,2005,59900000
Uzbekistan,UZB,2006,42300000
Uzbekistan,UZB,2007,45200000
Uzbekistan,UZB,2008,79400000
Uzbekistan,UZB,2009,122200000
Uzbekistan,UZB,2010,437100000
Uzbekistan,UZB,2011,62000000
Uzbekistan,UZB,2012,350500000
Uzbekistan,UZB,2013,589800000
Uzbekistan,UZB,2014,917100000
Uzbekistan,UZB,2015,516100000
Uzbekistan,UZB,2016,318800000
Uzbekistan,UZB,2017,506825980
Uzbekistan,UZB,2018,721684250
Uzbekistan,UZB,2019,2195231890
Vanuatu,VUT,2005,1400000
Vanuatu,VUT,2006,78100000
Vanuatu,VUT,2007,26500000
Vanuatu,VUT,2008,26200000
Vanuatu,VUT,2009,26400000
Vanuatu,VUT,2010,17900000
Vanuatu,VUT,2011,16000000
Vanuatu,VUT,2012,74800000
Vanuatu,VUT,2013,16900000
Vanuatu,VUT,2014,25000000
Vanuatu,VUT,2015,147400000
Vanuatu,VUT,2016,47900000
Vanuatu,VUT,2017,50593100
Vanuatu,VUT,2018,45543170
Vanuatu,VUT,2019,36108220
Venezuela,VEN,2005,1200000
Venezuela,VEN,2006,2300000
Venezuela,VEN,2007,1300000
Venezuela,VEN,2008,1000000
Venezuela,VEN,2009,1600000
Venezuela,VEN,2010,1400000
Venezuela,VEN,2011,2200000
Venezuela,VEN,2012,500000
Venezuela,VEN,2013,8400000
Venezuela,VEN,2014,4700000
Venezuela,VEN,2015,900000
Venezuela,VEN,2016,300000
Venezuela,VEN,2017,1306230
Venezuela,VEN,2018,918960
Venezuela,VEN,2019,505260.00000000006
Vietnam,VNM,2005,773000000
Vietnam,VNM,2006,1257700000
Vietnam,VNM,2007,1966800000
Vietnam,VNM,2008,1940100000
Vietnam,VNM,2009,2375100000
Vietnam,VNM,2010,1627700000
Vietnam,VNM,2011,2821100000
Vietnam,VNM,2012,2256900000
Vietnam,VNM,2013,3429200000
Vietnam,VNM,2014,2062300000.0000002
Vietnam,VNM,2015,2393900000
Vietnam,VNM,2016,3825300000
Vietnam,VNM,2017,1257143010
Vietnam,VNM,2018,514615159.99999994
Vietnam,VNM,2019,593161070
Wallis and Futuna,WLF,2005,3800000
Wallis and Futuna,WLF,2006,0
Wallis and Futuna,WLF,2007,2700000
Wallis and Futuna,WLF,2008,1900000
Wallis and Futuna,WLF,2009,2600000
Wallis and Futuna,WLF,2010,4200000
Wallis and Futuna,WLF,2011,4400000
Wallis and Futuna,WLF,2012,4300000
Wallis and Futuna,WLF,2013,24200000
Wallis and Futuna,WLF,2014,7200000
Wallis and Futuna,WLF,2015,2100000
Wallis and Futuna,WLF,2016,7500000
Wallis and Futuna,WLF,2017,3858650
Wallis and Futuna,WLF,2018,25284260
Wallis and Futuna,WLF,2019,7339130
Western Africa,,2005,1046300000
Western Africa,,2006,1991700000
Western Africa,,2007,2935800000
Western Africa,,2008,3679000000
Western Africa,,2009,4630000000
Western Africa,,2010,3836400000
Western Africa,,2011,3162300000
Western Africa,,2012,4193700000
Western Africa,,2013,3884800000
Western Africa,,2014,3303500000
Western Africa,,2015,4178700000
Western Africa,,2016,4556000000
Western Africa,,2017,6805200000
Western Africa,,2018,6153800000
Western Africa,,2019,6314300000
Western Asia,,2005,2751700000
Western Asia,,2006,3825700000
Western Asia,,2007,2391400000
Western Asia,,2008,4963100000
Western Asia,,2009,3183300000
Western Asia,,2010,3006300000
Western Asia,,2011,3115200000
Western Asia,,2012,5112400000
Western Asia,,2013,4711800000
Western Asia,,2014,4601000000
Western Asia,,2015,4142600000.0000005
Western Asia,,2016,3651800000
Western Asia,,2017,4320000000
Western Asia,,2018,2652900000
Western Asia,,2019,2901000000
Yemen,YEM,2005,38000000
Yemen,YEM,2006,94400000
Yemen,YEM,2007,97400000
Yemen,YEM,2008,286200000
Yemen,YEM,2009,732500000
Yemen,YEM,2010,291800000
Yemen,YEM,2011,252400000
Yemen,YEM,2012,148300000
Yemen,YEM,2013,274500000
Yemen,YEM,2014,192000000
Yemen,YEM,2015,434900000
Yemen,YEM,2016,63300000
Yemen,YEM,2017,529560690
Yemen,YEM,2018,205287560
Yemen,YEM,2019,278896080
Zambia,ZMB,2005,116800000
Zambia,ZMB,2006,271300000
Zambia,ZMB,2007,176100000
Zambia,ZMB,2008,200300000
Zambia,ZMB,2009,270700000
Zambia,ZMB,2010,148500000
Zambia,ZMB,2011,367600000
Zambia,ZMB,2012,440600000
Zambia,ZMB,2013,229000000
Zambia,ZMB,2014,339600000
Zambia,ZMB,2015,236600000
Zambia,ZMB,2016,367700000
Zambia,ZMB,2017,450464480
Zambia,ZMB,2018,259277560
Zambia,ZMB,2019,207879110
Zimbabwe,ZWE,2005,3000000
Zimbabwe,ZWE,2006,4700000
Zimbabwe,ZWE,2007,30500000
Zimbabwe,ZWE,2008,9700000
Zimbabwe,ZWE,2009,106300000
Zimbabwe,ZWE,2010,114900000
Zimbabwe,ZWE,2011,74600000
Zimbabwe,ZWE,2012,92800000
Zimbabwe,ZWE,2013,50700000
Zimbabwe,ZWE,2014,50500000
Zimbabwe,ZWE,2015,116000000
Zimbabwe,ZWE,2016,55000000
Zimbabwe,ZWE,2017,81156220
Zimbabwe,ZWE,2018,95592860
Zimbabwe,ZWE,2019,21463390