Entity,Code,Year,"Commercial bank branches (per 100,000 adults)"
Afghanistan,AFG,2004,0.37
Afghanistan,AFG,2005,0.58
Afghanistan,AFG,2006,0.92
Afghanistan,AFG,2007,1.24
Afghanistan,AFG,2008,1.48
Afghanistan,AFG,2009,2.23
Afghanistan,AFG,2010,2.39
Afghanistan,AFG,2011,2.22
Afghanistan,AFG,2012,2.13
Afghanistan,AFG,2013,2.25
Afghanistan,AFG,2014,2.3
Afghanistan,AFG,2015,2.16
Afghanistan,AFG,2016,2.11
Afghanistan,AFG,2017,2.04
Afghanistan,AFG,2018,1.96
Afghanistan,AFG,2019,1.87
Africa Eastern and Southern,,2004,2.4
Africa Eastern and Southern,,2005,2.275
Africa Eastern and Southern,,2006,2.23
Africa Eastern and Southern,,2007,2.395
Africa Eastern and Southern,,2008,2.99
Africa Eastern and Southern,,2009,2.94
Africa Eastern and Southern,,2010,3.38
Africa Eastern and Southern,,2011,3.62
Africa Eastern and Southern,,2012,3.85
Africa Eastern and Southern,,2013,4.225
Africa Eastern and Southern,,2014,4.475
Africa Eastern and Southern,,2015,4.545
Africa Eastern and Southern,,2016,5.09
Africa Eastern and Southern,,2017,5.21
Africa Eastern and Southern,,2018,5
Africa Eastern and Southern,,2019,4.65
Africa Western and Central,,2004,1.12
Africa Western and Central,,2005,1.205
Africa Western and Central,,2006,1.34
Africa Western and Central,,2007,1.715
Africa Western and Central,,2008,2.235
Africa Western and Central,,2009,2.775
Africa Western and Central,,2010,3.355
Africa Western and Central,,2011,3.52
Africa Western and Central,,2012,3.68
Africa Western and Central,,2013,3.855
Africa Western and Central,,2014,3.74
Africa Western and Central,,2015,3.7
Africa Western and Central,,2016,3.735
Africa Western and Central,,2017,4.04
Africa Western and Central,,2018,4.3
Africa Western and Central,,2019,4.45
Albania,ALB,2004,9.68
Albania,ALB,2005,11.7
Albania,ALB,2006,13.83
Albania,ALB,2007,18.61
Albania,ALB,2008,23.5
Albania,ALB,2009,24.01
Albania,ALB,2010,24.13
Albania,ALB,2011,24.11
Albania,ALB,2012,24.06
Albania,ALB,2013,23.49
Albania,ALB,2014,22.07
Albania,ALB,2015,22.02
Albania,ALB,2016,21.68
Albania,ALB,2017,20.72
Albania,ALB,2018,19.54
Albania,ALB,2019,18.71
Algeria,DZA,2004,4.73
Algeria,DZA,2005,4.72
Algeria,DZA,2006,4.95
Algeria,DZA,2007,5.06
Algeria,DZA,2008,5.24
Algeria,DZA,2009,5.17
Algeria,DZA,2010,5.06
Algeria,DZA,2011,5.18
Algeria,DZA,2012,5.23
Algeria,DZA,2013,5.22
Algeria,DZA,2014,5.21
Algeria,DZA,2015,5.26
Algeria,DZA,2016,5.25
Algeria,DZA,2017,5.22
Algeria,DZA,2018,5.22
Algeria,DZA,2019,5.23
Angola,AGO,2004,1.81
Angola,AGO,2005,2.24
Angola,AGO,2006,3.38
Angola,AGO,2007,3.87
Angola,AGO,2008,4.65
Angola,AGO,2009,5.22
Angola,AGO,2010,7.41
Angola,AGO,2011,8.37
Angola,AGO,2012,9.04
Angola,AGO,2013,10.15
Angola,AGO,2014,10.19
Angola,AGO,2015,10.44
Angola,AGO,2016,10.29
Angola,AGO,2017,10.29
Angola,AGO,2018,9.49
Angola,AGO,2019,9.45
Antigua and Barbuda,ATG,2009,38.35
Antigua and Barbuda,ATG,2010,37.54
Antigua and Barbuda,ATG,2011,35.4
Antigua and Barbuda,ATG,2012,34.77
Antigua and Barbuda,ATG,2013,34.17
Antigua and Barbuda,ATG,2014,30.82
Antigua and Barbuda,ATG,2015,28.99
Antigua and Barbuda,ATG,2016,28.63
Antigua and Barbuda,ATG,2017,24.26
Antigua and Barbuda,ATG,2018,23.99
Antigua and Barbuda,ATG,2019,23.75
Arab World,,2004,8.8
Arab World,,2005,8.87
Arab World,,2006,10.64
Arab World,,2007,10.01
Arab World,,2008,10.55
Arab World,,2009,10.86
Arab World,,2010,10.845
Arab World,,2011,10.965
Arab World,,2012,11
Arab World,,2013,11.025
Arab World,,2014,11.75
Arab World,,2015,11.3
Arab World,,2016,11.955
Arab World,,2017,11.375
Arab World,,2018,11.14
Arab World,,2019,10.445
Argentina,ARG,2004,13.43
Argentina,ARG,2005,13.24
Argentina,ARG,2006,13.24
Argentina,ARG,2007,13.19
Argentina,ARG,2008,13.12
Argentina,ARG,2009,12.99
Argentina,ARG,2010,13.04
Argentina,ARG,2011,13.14
Argentina,ARG,2012,13.22
Argentina,ARG,2013,13.25
Argentina,ARG,2014,13.23
Argentina,ARG,2015,13.26
Argentina,ARG,2016,13.45
Argentina,ARG,2017,13.54
Argentina,ARG,2018,13.49
Argentina,ARG,2019,13.45
Armenia,ARM,2004,10.84
Armenia,ARM,2005,12.3
Armenia,ARM,2006,13.68
Armenia,ARM,2007,15.81
Armenia,ARM,2008,17.31
Armenia,ARM,2009,17.79
Armenia,ARM,2010,18.56
Armenia,ARM,2011,19.98
Armenia,ARM,2012,21.28
Armenia,ARM,2013,21.74
Armenia,ARM,2014,22.71
Armenia,ARM,2015,23.4
Armenia,ARM,2016,23.11
Armenia,ARM,2017,23.14
Armenia,ARM,2018,23.6
Armenia,ARM,2019,24.24
Aruba,ABW,2011,20.96
Aruba,ABW,2012,21.96
Aruba,ABW,2013,19.29
Aruba,ABW,2014,19.06
Aruba,ABW,2015,18.86
Aruba,ABW,2016,19.83
Aruba,ABW,2017,18.51
Aruba,ABW,2018,17.24
Aruba,ABW,2019,14.84
Australia,AUS,2004,30.67
Australia,AUS,2005,30.65
Australia,AUS,2006,31.24
Australia,AUS,2007,31.67
Australia,AUS,2008,31.57
Australia,AUS,2009,31.22
Australia,AUS,2010,30.75
Australia,AUS,2011,30.41
Australia,AUS,2012,30.94
Australia,AUS,2013,30.14
Australia,AUS,2014,29.16
Australia,AUS,2015,28.75
Australia,AUS,2016,27.74
Australia,AUS,2017,29.63
Australia,AUS,2018,28.22
Austria,AUT,2004,13.93
Austria,AUT,2005,13.32
Austria,AUT,2006,13.09
Austria,AUT,2007,12.88
Austria,AUT,2008,12.57
Austria,AUT,2009,11.77
Austria,AUT,2010,11.29
Austria,AUT,2011,15.13
Austria,AUT,2012,15.97
Austria,AUT,2013,15.54
Austria,AUT,2014,14.83
Austria,AUT,2015,13.8
Austria,AUT,2016,12.66
Austria,AUT,2017,12.06
Austria,AUT,2018,11.94
Austria,AUT,2019,11.88
Azerbaijan,AZE,2004,6.52
Azerbaijan,AZE,2005,6.75
Azerbaijan,AZE,2006,7.33
Azerbaijan,AZE,2007,8.21
Azerbaijan,AZE,2008,9.19
Azerbaijan,AZE,2009,9.79
Azerbaijan,AZE,2010,9.86
Azerbaijan,AZE,2011,10
Azerbaijan,AZE,2012,9.69
Azerbaijan,AZE,2013,10.2
Azerbaijan,AZE,2014,10.82
Azerbaijan,AZE,2015,10.66
Bahamas,BHS,2007,42.2
Bahamas,BHS,2008,41.33
Bahamas,BHS,2009,39.31
Bahamas,BHS,2010,38.92
Bahamas,BHS,2011,38.17
Bahamas,BHS,2012,37.83
Bahamas,BHS,2013,36.77
Bahamas,BHS,2014,36.12
Bahamas,BHS,2015,31.99
Bahamas,BHS,2016,31.76
Bahamas,BHS,2017,27.85
Bahamas,BHS,2018,28.1
Bahamas,BHS,2019,24.38
Bangladesh,BGD,2004,7.12
Bangladesh,BGD,2005,7.07
Bangladesh,BGD,2006,7.1
Bangladesh,BGD,2007,7.13
Bangladesh,BGD,2008,7.18
Bangladesh,BGD,2009,7.4
Bangladesh,BGD,2010,7.66
Bangladesh,BGD,2011,7.87
Bangladesh,BGD,2012,8.07
Bangladesh,BGD,2013,8.25
Bangladesh,BGD,2014,8.45
Bangladesh,BGD,2015,8.61
Bangladesh,BGD,2016,8.71
Bangladesh,BGD,2017,8.82
Bangladesh,BGD,2018,8.94
Bangladesh,BGD,2019,9
Barbados,BRB,2006,19.01
Barbados,BRB,2007,19.33
Barbados,BRB,2008,19.21
Barbados,BRB,2009,18.65
Barbados,BRB,2010,18.55
Barbados,BRB,2011,19.75
Barbados,BRB,2012,20.5
Barbados,BRB,2013,19.09
Barbados,BRB,2014,20.7
Barbados,BRB,2015,15.87
Barbados,BRB,2016,16.21
Barbados,BRB,2017,16.97
Barbados,BRB,2018,16.88
Barbados,BRB,2019,15.54
Belarus,BLR,2004,6.096447
Belarus,BLR,2005,5.799036
Belarus,BLR,2006,5.567515
Belarus,BLR,2007,4.875529
Belarus,BLR,2008,4.390215
Belarus,BLR,2009,3.667875
Belarus,BLR,2010,3.192415
Belarus,BLR,2011,2.098577
Belarus,BLR,2012,1.707225
Belarus,BLR,2013,1.562742
Belarus,BLR,2014,1.203652
Belarus,BLR,2015,0.8921416
Belarus,BLR,2016,0.8566219
Belarus,BLR,2017,0.7840065
Belgium,BEL,2004,57.28
Belgium,BEL,2005,53.77
Belgium,BEL,2006,53.51
Belgium,BEL,2007,51.44
Belgium,BEL,2008,49.74
Belgium,BEL,2009,48
Belgium,BEL,2010,45.05
Belgium,BEL,2011,43.5
Belgium,BEL,2012,42.53
Belgium,BEL,2013,41.46
Belgium,BEL,2014,39.88
Belgium,BEL,2015,38.55
Belgium,BEL,2016,36.55
Belgium,BEL,2017,34.79
Belgium,BEL,2018,32.39
Belize,BLZ,2004,25.64
Belize,BLZ,2005,25.38
Belize,BLZ,2006,23.35
Belize,BLZ,2007,26.26
Belize,BLZ,2008,26.88
Belize,BLZ,2009,25.94
Belize,BLZ,2010,25.05
Belize,BLZ,2011,24.18
Belize,BLZ,2012,23.38
Belize,BLZ,2013,23.93
Belize,BLZ,2014,23.17
Belize,BLZ,2015,20.81
Belize,BLZ,2016,20.22
Belize,BLZ,2017,19.64
Belize,BLZ,2018,19.1
Belize,BLZ,2019,18.59
Benin,BEN,2004,0.96
Benin,BEN,2005,1.1
Benin,BEN,2006,1.64
Benin,BEN,2007,2.04
Benin,BEN,2008,2.45
Benin,BEN,2009,2.84
Benin,BEN,2010,3.06
Benin,BEN,2011,3.29
Benin,BEN,2012,3.28
Benin,BEN,2013,3.36
Benin,BEN,2014,3.46
Benin,BEN,2015,3.65
Benin,BEN,2016,3.62
Benin,BEN,2017,3.37
Benin,BEN,2018,3.27
Benin,BEN,2019,3.94
Bhutan,BTN,2004,14.45
Bhutan,BTN,2005,14.01
Bhutan,BTN,2006,13.66
Bhutan,BTN,2007,13.35
Bhutan,BTN,2008,13.5
Bhutan,BTN,2009,13.65
Bhutan,BTN,2010,15.26
Bhutan,BTN,2011,17.4
Bhutan,BTN,2012,13.35
Bhutan,BTN,2013,17.19
Bhutan,BTN,2014,16.62
Bhutan,BTN,2015,16.46
Bhutan,BTN,2016,16.49
Bhutan,BTN,2017,18.36
Bhutan,BTN,2018,18.39
Bhutan,BTN,2019,19.31
Bolivia,BOL,2004,4.39
Bolivia,BOL,2005,4.98
Bolivia,BOL,2006,5.61
Bolivia,BOL,2007,15.43
Bolivia,BOL,2008,16.01
Bolivia,BOL,2009,18.12
Bolivia,BOL,2010,20.28
Bolivia,BOL,2011,23.9
Bolivia,BOL,2012,25.41
Bolivia,BOL,2013,28.78
Bolivia,BOL,2014,32.13
Bolivia,BOL,2015,34.49
Bolivia,BOL,2016,38.44
Bolivia,BOL,2017,40.69
Bolivia,BOL,2018,40.61
Bolivia,BOL,2019,44.93
Bosnia and Herzegovina,BIH,2005,27.49
Bosnia and Herzegovina,BIH,2006,28.29
Bosnia and Herzegovina,BIH,2007,31.81
Bosnia and Herzegovina,BIH,2008,33.91
Bosnia and Herzegovina,BIH,2009,32.29
Bosnia and Herzegovina,BIH,2010,31.51
Bosnia and Herzegovina,BIH,2011,32.44
Bosnia and Herzegovina,BIH,2012,32.24
Bosnia and Herzegovina,BIH,2013,33.19
Bosnia and Herzegovina,BIH,2014,34.35
Bosnia and Herzegovina,BIH,2015,31.65
Bosnia and Herzegovina,BIH,2016,30.3
Bosnia and Herzegovina,BIH,2017,30.47
Bosnia and Herzegovina,BIH,2018,30.53
Bosnia and Herzegovina,BIH,2019,30.01
Botswana,BWA,2004,7
Botswana,BWA,2005,6.65
Botswana,BWA,2006,7
Botswana,BWA,2007,7.98
Botswana,BWA,2008,8.9
Botswana,BWA,2009,8.85
Botswana,BWA,2010,9.21
Botswana,BWA,2011,8.84
Botswana,BWA,2012,8.96
Botswana,BWA,2013,9.24
Botswana,BWA,2014,9.49
Botswana,BWA,2015,8.84
Botswana,BWA,2016,9.08
Botswana,BWA,2017,8.37
Botswana,BWA,2018,9.29
Botswana,BWA,2019,9.37
Brazil,BRA,2004,18.83
Brazil,BRA,2005,18.73
Brazil,BRA,2006,18.56
Brazil,BRA,2007,18.62
Brazil,BRA,2008,19.19
Brazil,BRA,2009,19.19
Brazil,BRA,2010,18.67
Brazil,BRA,2011,19.19
Brazil,BRA,2012,20.41
Brazil,BRA,2013,20.53
Brazil,BRA,2014,21.24
Brazil,BRA,2015,20.85
Brazil,BRA,2016,20.34
Brazil,BRA,2017,19.51
Brazil,BRA,2018,18.98
Brazil,BRA,2019,18.7
Brunei,BRN,2004,20.98
Brunei,BRN,2005,25.81
Brunei,BRN,2006,23.1
Brunei,BRN,2007,22.68
Brunei,BRN,2008,23
Brunei,BRN,2009,23.67
Brunei,BRN,2010,23.28
Brunei,BRN,2011,23.17
Brunei,BRN,2012,22.76
Brunei,BRN,2013,23.02
Brunei,BRN,2014,20.36
Brunei,BRN,2015,20.95
Brunei,BRN,2016,19.72
Brunei,BRN,2017,18.48
Brunei,BRN,2018,17.26
Brunei,BRN,2019,17.6
Bulgaria,BGR,2004,84.93
Bulgaria,BGR,2005,85.44
Bulgaria,BGR,2006,84.53
Bulgaria,BGR,2007,88.37
Bulgaria,BGR,2008,92.34
Bulgaria,BGR,2009,92.26
Bulgaria,BGR,2010,91.9
Bulgaria,BGR,2011,60.02
Bulgaria,BGR,2012,61.36
Bulgaria,BGR,2013,60.78
Bulgaria,BGR,2014,60.4
Bulgaria,BGR,2015,60.32
Bulgaria,BGR,2016,48.52
Bulgaria,BGR,2017,51.01
Bulgaria,BGR,2018,52.8
Bulgaria,BGR,2019,57.89
Burkina Faso,BFA,2004,1.16
Burkina Faso,BFA,2005,1.3
Burkina Faso,BFA,2006,1.22
Burkina Faso,BFA,2007,1.51
Burkina Faso,BFA,2008,1.68
Burkina Faso,BFA,2009,1.83
Burkina Faso,BFA,2010,1.94
Burkina Faso,BFA,2011,2.11
Burkina Faso,BFA,2012,2.16
Burkina Faso,BFA,2013,2.34
Burkina Faso,BFA,2014,2.78
Burkina Faso,BFA,2015,2.91
Burkina Faso,BFA,2016,2.89
Burkina Faso,BFA,2017,2.86
Burkina Faso,BFA,2018,2.83
Burkina Faso,BFA,2019,3.08
Burundi,BDI,2004,1.6
Burundi,BDI,2005,1.64
Burundi,BDI,2006,1.77
Burundi,BDI,2007,1.89
Burundi,BDI,2008,1.93
Burundi,BDI,2009,2.09
Burundi,BDI,2010,2.33
Burundi,BDI,2011,2.54
Burundi,BDI,2012,2.77
Burundi,BDI,2013,3.28
Burundi,BDI,2014,3.2
Burundi,BDI,2015,3.23
Burundi,BDI,2016,3.22
Cambodia,KHM,2006,2.33
Cambodia,KHM,2007,3.03
Cambodia,KHM,2008,3.14
Cambodia,KHM,2009,3.96
Cambodia,KHM,2010,4.12
Cambodia,KHM,2011,4.28
Cambodia,KHM,2012,4.49
Cambodia,KHM,2013,4.77
Cambodia,KHM,2014,5.69
Cambodia,KHM,2015,6.12
Cambodia,KHM,2016,7.24
Cambodia,KHM,2017,7.52
Cambodia,KHM,2018,7.84
Cambodia,KHM,2019,8.3
Cameroon,CMR,2004,0.48
Cameroon,CMR,2005,1
Cameroon,CMR,2006,1.08
Cameroon,CMR,2007,1.13
Cameroon,CMR,2008,1.21
Cameroon,CMR,2009,1.3
Cameroon,CMR,2010,1.69
Cameroon,CMR,2011,1.73
Cameroon,CMR,2012,1.83
Cameroon,CMR,2013,1.96
Cameroon,CMR,2014,1.98
Cameroon,CMR,2015,2.06
Cameroon,CMR,2016,2.03
Cameroon,CMR,2017,1.9
Cameroon,CMR,2018,2.2
Canada,CAN,2006,24.58
Canada,CAN,2007,24.67
Canada,CAN,2008,24.62
Canada,CAN,2009,24.19
Canada,CAN,2010,24.06
Canada,CAN,2011,24.19
Canada,CAN,2012,24.31
Canada,CAN,2013,23.32
Canada,CAN,2014,23.14
Canada,CAN,2015,22.84
Canada,CAN,2016,22.25
Canada,CAN,2017,20.75
Canada,CAN,2018,19.99
Canada,CAN,2019,19.59
Cape Verde,CPV,2004,16.46
Cape Verde,CPV,2005,16.62
Cape Verde,CPV,2006,18.48
Cape Verde,CPV,2007,21.51
Cape Verde,CPV,2008,25.94
Cape Verde,CPV,2009,28.3
Cape Verde,CPV,2010,31.19
Cape Verde,CPV,2011,30.47
Cape Verde,CPV,2012,34.15
Cape Verde,CPV,2013,34.09
Cape Verde,CPV,2014,33.77
Cape Verde,CPV,2015,33.73
Cape Verde,CPV,2016,33.42
Cape Verde,CPV,2017,31.26
Cape Verde,CPV,2018,32.53
Cape Verde,CPV,2019,32
Caribbean Small States,,2004,9.785
Caribbean Small States,,2005,9.59
Caribbean Small States,,2006,9.655
Caribbean Small States,,2007,9.73
Caribbean Small States,,2008,9.81
Caribbean Small States,,2009,9.645
Caribbean Small States,,2010,9.815
Caribbean Small States,,2011,9.285
Caribbean Small States,,2012,9.295
Caribbean Small States,,2013,9.055
Caribbean Small States,,2014,9.17
Caribbean Small States,,2015,9.03
Caribbean Small States,,2016,8.97
Caribbean Small States,,2017,9.38
Caribbean Small States,,2018,9.495
Caribbean Small States,,2019,9.415
Central African Republic,CAF,2004,0.31
Central African Republic,CAF,2005,0.31
Central African Republic,CAF,2006,0.3
Central African Republic,CAF,2007,0.51
Central African Republic,CAF,2008,0.54
Central African Republic,CAF,2009,0.78
Central African Republic,CAF,2010,0.9
Central African Republic,CAF,2011,0.94
Central African Republic,CAF,2012,0.98
Central African Republic,CAF,2013,1.06
Central African Republic,CAF,2014,0.98
Central African Republic,CAF,2015,0.69
Central African Republic,CAF,2016,0.68
Central African Republic,CAF,2017,0.71
Central Europe and the Baltics,,2004,25.92
Central Europe and the Baltics,,2005,26.15
Central Europe and the Baltics,,2006,27.785
Central Europe and the Baltics,,2007,29.82
Central Europe and the Baltics,,2008,32.75
Central Europe and the Baltics,,2009,32.94
Central Europe and the Baltics,,2010,32.19
Central Europe and the Baltics,,2011,32.57
Central Europe and the Baltics,,2012,26.63
Central Europe and the Baltics,,2013,26.89
Central Europe and the Baltics,,2014,27.98
Central Europe and the Baltics,,2015,28.26
Central Europe and the Baltics,,2016,28.02
Central Europe and the Baltics,,2017,26.68
Central Europe and the Baltics,,2018,25.58
Central Europe and the Baltics,,2019,23.68
Chad,TCD,2004,0.38
Chad,TCD,2005,0.37
Chad,TCD,2006,0.36
Chad,TCD,2007,0.36
Chad,TCD,2008,0.49
Chad,TCD,2009,0.56
Chad,TCD,2010,0.62
Chad,TCD,2011,0.68
Chad,TCD,2012,0.65
Chad,TCD,2013,0.88
Chad,TCD,2014,0.96
Chad,TCD,2015,0.98
Chad,TCD,2016,1
Chad,TCD,2017,0.99
Chad,TCD,2018,0.94
Chad,TCD,2019,0.84
Chile,CHL,2004,14.93
Chile,CHL,2005,15.39
Chile,CHL,2006,16.62
Chile,CHL,2007,17.18
Chile,CHL,2008,17.36
Chile,CHL,2009,16.96
Chile,CHL,2010,17.36
Chile,CHL,2011,17.26
Chile,CHL,2012,17.18
Chile,CHL,2013,17.02
Chile,CHL,2014,16.8
Chile,CHL,2015,16.09
Chile,CHL,2016,15.72
Chile,CHL,2017,14.8
Chile,CHL,2018,13.97
Chile,CHL,2019,13.05
China,CHN,2012,7.76
China,CHN,2013,7.83
China,CHN,2014,8.06
China,CHN,2015,8.53
China,CHN,2016,8.81
China,CHN,2017,8.81
China,CHN,2018,8.88
China,CHN,2019,8.86
Colombia,COL,2008,14.03
Colombia,COL,2009,13.96
Colombia,COL,2010,13.79
Colombia,COL,2011,14.76
Colombia,COL,2012,15.05
Colombia,COL,2013,15.66
Colombia,COL,2014,15.65
Colombia,COL,2015,16.2
Colombia,COL,2016,15.95
Colombia,COL,2017,15.37
Colombia,COL,2018,14.86
Colombia,COL,2019,14.48
Comoros,COM,2004,0.58
Comoros,COM,2005,0.57
Comoros,COM,2006,0.55
Comoros,COM,2007,1.07
Comoros,COM,2008,1.04
Comoros,COM,2009,1.26
Comoros,COM,2010,1.23
Comoros,COM,2011,2.15
Comoros,COM,2012,2.33
Comoros,COM,2013,2.49
Comoros,COM,2014,2.87
Comoros,COM,2015,2.79
Comoros,COM,2016,3.14
Comoros,COM,2017,3.06
Comoros,COM,2018,3.18
Comoros,COM,2019,3.68
Congo,COG,2004,0.69
Congo,COG,2005,0.66
Congo,COG,2006,0.64
Congo,COG,2007,1.42
Congo,COG,2008,1.71
Congo,COG,2009,1.74
Congo,COG,2010,2.08
Congo,COG,2011,2.54
Congo,COG,2012,2.71
Congo,COG,2013,3.32
Congo,COG,2014,3.58
Congo,COG,2015,3.7
Congo,COG,2016,3.85
Congo,COG,2017,4.04
Costa Rica,CRI,2004,16.12
Costa Rica,CRI,2005,18.01
Costa Rica,CRI,2006,18.59
Costa Rica,CRI,2007,20.7
Costa Rica,CRI,2008,20.41
Costa Rica,CRI,2009,19.99
Costa Rica,CRI,2010,20.06
Costa Rica,CRI,2011,22.87
Costa Rica,CRI,2012,22.8
Costa Rica,CRI,2013,22.33
Costa Rica,CRI,2014,22.09
Costa Rica,CRI,2015,22.1
Costa Rica,CRI,2016,21.57
Costa Rica,CRI,2017,20.53
Costa Rica,CRI,2018,19.68
Costa Rica,CRI,2019,18.95
Cote d'Ivoire,CIV,2004,1.38
Cote d'Ivoire,CIV,2005,1.46
Cote d'Ivoire,CIV,2006,1.58
Cote d'Ivoire,CIV,2007,1.83
Cote d'Ivoire,CIV,2008,2.45
Cote d'Ivoire,CIV,2009,2.71
Cote d'Ivoire,CIV,2010,4.29
Cote d'Ivoire,CIV,2011,4.31
Cote d'Ivoire,CIV,2012,4.53
Cote d'Ivoire,CIV,2013,4.46
Cote d'Ivoire,CIV,2014,4.63
Cote d'Ivoire,CIV,2015,4.92
Cote d'Ivoire,CIV,2016,5.05
Cote d'Ivoire,CIV,2017,5.19
Cote d'Ivoire,CIV,2018,5.06
Cote d'Ivoire,CIV,2019,5.02
Croatia,HRV,2004,29.74
Croatia,HRV,2005,31.66
Croatia,HRV,2006,31.69
Croatia,HRV,2007,33.62
Croatia,HRV,2008,35.36
Croatia,HRV,2009,36.71
Croatia,HRV,2010,36.18
Croatia,HRV,2011,35.91
Croatia,HRV,2012,35.58
Croatia,HRV,2013,34.59
Croatia,HRV,2014,33.82
Croatia,HRV,2015,33.49
Croatia,HRV,2016,32.73
Croatia,HRV,2017,32.25
Croatia,HRV,2018,30.05
Croatia,HRV,2019,28.34
Cyprus,CYP,2004,67.5
Cyprus,CYP,2005,62.76
Cyprus,CYP,2006,60.77
Cyprus,CYP,2007,60.69
Cyprus,CYP,2008,61.18
Cyprus,CYP,2009,60.28
Cyprus,CYP,2010,57.98
Cyprus,CYP,2011,55.57
Cyprus,CYP,2012,52.15
Cyprus,CYP,2013,39.28
Cyprus,CYP,2014,37.87
Cyprus,CYP,2015,36.17
Cyprus,CYP,2016,34.34
Cyprus,CYP,2017,50.46
Cyprus,CYP,2018,42.24
Cyprus,CYP,2019,35.76
Czechia,CZE,2004,21
Czechia,CZE,2005,21.37
Czechia,CZE,2006,21.89
Czechia,CZE,2007,21.59
Czechia,CZE,2008,22.81
Czechia,CZE,2009,22.74
Czechia,CZE,2010,22.61
Czechia,CZE,2011,23.29
Czechia,CZE,2012,23.83
Czechia,CZE,2013,24.29
Czechia,CZE,2014,24.21
Czechia,CZE,2015,23.68
Czechia,CZE,2016,22.36
Czechia,CZE,2017,21.28
Czechia,CZE,2018,21.26
Czechia,CZE,2019,20.57
Democratic Republic of Congo,COD,2004,0.46
Democratic Republic of Congo,COD,2005,0.45
Democratic Republic of Congo,COD,2006,0.45
Democratic Republic of Congo,COD,2007,0.48
Democratic Republic of Congo,COD,2008,0.47
Democratic Republic of Congo,COD,2009,0.48
Democratic Republic of Congo,COD,2010,0.6
Democratic Republic of Congo,COD,2011,0.61
Democratic Republic of Congo,COD,2012,0.69
Democratic Republic of Congo,COD,2013,0.65
Democratic Republic of Congo,COD,2014,0.79
Democratic Republic of Congo,COD,2015,1.03
Denmark,DNK,2004,50.08
Denmark,DNK,2005,50.2
Denmark,DNK,2006,50.52
Denmark,DNK,2007,51.86
Denmark,DNK,2008,50.45
Denmark,DNK,2009,45.8
Denmark,DNK,2010,40.86
Denmark,DNK,2011,38.73
Denmark,DNK,2012,34.08
Denmark,DNK,2013,30.01
Denmark,DNK,2014,27.79
Denmark,DNK,2015,24.69
Denmark,DNK,2016,24.05
Denmark,DNK,2017,20.71
Denmark,DNK,2018,20.85
Denmark,DNK,2019,19.98
Djibouti,DJI,2004,2.11
Djibouti,DJI,2005,2.06
Djibouti,DJI,2006,2.39
Djibouti,DJI,2007,2.31
Djibouti,DJI,2008,2.99
Djibouti,DJI,2009,3.45
Djibouti,DJI,2010,4.24
Djibouti,DJI,2011,4.83
Djibouti,DJI,2012,5.06
Djibouti,DJI,2013,4.78
Djibouti,DJI,2014,5.32
Djibouti,DJI,2015,5.99
Djibouti,DJI,2016,5.87
Djibouti,DJI,2017,7.26
Djibouti,DJI,2018,7.85
Djibouti,DJI,2019,9.43
Dominica,DMA,2004,21.78
Dominica,DMA,2005,21.7
Dominica,DMA,2006,21.65
Dominica,DMA,2007,21.61
Dominica,DMA,2008,21.57
Dominica,DMA,2009,21.52
Dominica,DMA,2010,21.46
Dominica,DMA,2011,21.37
Dominica,DMA,2012,21.28
Dominica,DMA,2013,21.17
Dominica,DMA,2014,19.31
Dominica,DMA,2015,19.21
Dominica,DMA,2016,17.37
Dominica,DMA,2017,15.55
Dominica,DMA,2018,15.51
Dominica,DMA,2019,15.42
Dominican Republic,DOM,2004,10.05
Dominican Republic,DOM,2005,10.02
Dominican Republic,DOM,2006,10
Dominican Republic,DOM,2007,10.01
Dominican Republic,DOM,2008,10.13
Dominican Republic,DOM,2009,10.29
Dominican Republic,DOM,2010,10.32
Dominican Republic,DOM,2011,10.75
Dominican Republic,DOM,2012,10.57
Dominican Republic,DOM,2013,11.75
Dominican Republic,DOM,2014,11.66
Dominican Republic,DOM,2015,12.67
Dominican Republic,DOM,2016,12.7
Dominican Republic,DOM,2017,12.77
Dominican Republic,DOM,2018,12.56
Dominican Republic,DOM,2019,12.33
Early-demographic dividend,,2004,5.665
Early-demographic dividend,,2005,6.65
Early-demographic dividend,,2006,6.95
Early-demographic dividend,,2007,7.34
Early-demographic dividend,,2008,7.68
Early-demographic dividend,,2009,8.05
Early-demographic dividend,,2010,8.36
Early-demographic dividend,,2011,8.84
Early-demographic dividend,,2012,9.92
Early-demographic dividend,,2013,10.195
Early-demographic dividend,,2014,10.935
Early-demographic dividend,,2015,10.27
Early-demographic dividend,,2016,10.62
Early-demographic dividend,,2017,10.44
Early-demographic dividend,,2018,10.22
Early-demographic dividend,,2019,11.755
East Asia & Pacific,,2004,14.04
East Asia & Pacific,,2005,12.62
East Asia & Pacific,,2006,10.89
East Asia & Pacific,,2007,10.45
East Asia & Pacific,,2008,10.145
East Asia & Pacific,,2009,9.87
East Asia & Pacific,,2010,9.83
East Asia & Pacific,,2011,11.25
East Asia & Pacific,,2012,10.285
East Asia & Pacific,,2013,10.04
East Asia & Pacific,,2014,9.91
East Asia & Pacific,,2015,9.82
East Asia & Pacific,,2016,9.64
East Asia & Pacific,,2017,9.61
East Asia & Pacific,,2018,9.63
East Asia & Pacific,,2019,10.08
East Asia & Pacific (IDA & IBRD),,2004,7.75
East Asia & Pacific (IDA & IBRD),,2005,8
East Asia & Pacific (IDA & IBRD),,2006,5.72
East Asia & Pacific (IDA & IBRD),,2007,5.97
East Asia & Pacific (IDA & IBRD),,2008,4.92
East Asia & Pacific (IDA & IBRD),,2009,3.96
East Asia & Pacific (IDA & IBRD),,2010,4.12
East Asia & Pacific (IDA & IBRD),,2011,4.28
East Asia & Pacific (IDA & IBRD),,2012,6.125
East Asia & Pacific (IDA & IBRD),,2013,6.325
East Asia & Pacific (IDA & IBRD),,2014,6.875
East Asia & Pacific (IDA & IBRD),,2015,7.325
East Asia & Pacific (IDA & IBRD),,2016,8.025
East Asia & Pacific (IDA & IBRD),,2017,8.165
East Asia & Pacific (IDA & IBRD),,2018,8.36
East Asia & Pacific (IDA & IBRD),,2019,9.03
East Asia & Pacific (excluding high income),,2004,7.75
East Asia & Pacific (excluding high income),,2005,8
East Asia & Pacific (excluding high income),,2006,5.72
East Asia & Pacific (excluding high income),,2007,5.97
East Asia & Pacific (excluding high income),,2008,4.92
East Asia & Pacific (excluding high income),,2009,3.96
East Asia & Pacific (excluding high income),,2010,4.12
East Asia & Pacific (excluding high income),,2011,4.28
East Asia & Pacific (excluding high income),,2012,6.125
East Asia & Pacific (excluding high income),,2013,6.325
East Asia & Pacific (excluding high income),,2014,6.875
East Asia & Pacific (excluding high income),,2015,7.325
East Asia & Pacific (excluding high income),,2016,8.025
East Asia & Pacific (excluding high income),,2017,8.165
East Asia & Pacific (excluding high income),,2018,8.36
East Asia & Pacific (excluding high income),,2019,9.03
Ecuador,ECU,2004,10.44
Ecuador,ECU,2005,10.56
Ecuador,ECU,2006,11
Ecuador,ECU,2007,11.86
Ecuador,ECU,2008,11.95
Ecuador,ECU,2009,11.92
Ecuador,ECU,2010,12.27
Ecuador,ECU,2011,12.65
Ecuador,ECU,2012,12.91
Ecuador,ECU,2013,11.96
Ecuador,ECU,2014,11.57
Ecuador,ECU,2015,11.51
Ecuador,ECU,2016,10.96
Ecuador,ECU,2017,9.16
Ecuador,ECU,2018,10.07
Egypt,EGY,2004,3.8
Egypt,EGY,2005,3.81
Egypt,EGY,2006,3.92
Egypt,EGY,2007,4.21
Egypt,EGY,2008,4.46
Egypt,EGY,2009,4.58
Egypt,EGY,2010,4.61
Egypt,EGY,2011,4.62
Egypt,EGY,2012,4.57
Egypt,EGY,2013,4.56
Egypt,EGY,2014,4.56
Egypt,EGY,2015,4.61
Egypt,EGY,2016,4.74
Egypt,EGY,2017,4.88
Egypt,EGY,2018,4.99
Egypt,EGY,2019,6.64
El Salvador,SLV,2009,11.66
El Salvador,SLV,2010,10.65
El Salvador,SLV,2011,11.48
El Salvador,SLV,2012,11.06
El Salvador,SLV,2013,11.73
El Salvador,SLV,2014,11.66
El Salvador,SLV,2015,11.46
El Salvador,SLV,2016,13.24
El Salvador,SLV,2017,14.82
El Salvador,SLV,2018,14.92
El Salvador,SLV,2019,14.79
Equatorial Guinea,GNQ,2004,2.54
Equatorial Guinea,GNQ,2005,2.65
Equatorial Guinea,GNQ,2006,2.94
Equatorial Guinea,GNQ,2007,3
Equatorial Guinea,GNQ,2008,3.04
Equatorial Guinea,GNQ,2009,3.08
Equatorial Guinea,GNQ,2010,3.27
Equatorial Guinea,GNQ,2011,3.29
Equatorial Guinea,GNQ,2012,3.92
Equatorial Guinea,GNQ,2013,3.89
Equatorial Guinea,GNQ,2014,4.44
Equatorial Guinea,GNQ,2015,4.93
Equatorial Guinea,GNQ,2017,5.43
Equatorial Guinea,GNQ,2018,6.44
Equatorial Guinea,GNQ,2019,6.43
Estonia,EST,2004,18.41
Estonia,EST,2005,20.88
Estonia,EST,2006,22.63
Estonia,EST,2007,24.02
Estonia,EST,2008,23.82
Estonia,EST,2009,20.28
Estonia,EST,2010,19.47
Estonia,EST,2011,17.35
Estonia,EST,2012,16.02
Estonia,EST,2013,13.95
Estonia,EST,2014,12.39
Estonia,EST,2015,11.15
Estonia,EST,2016,10.42
Estonia,EST,2017,10.06
Estonia,EST,2018,9.68
Estonia,EST,2019,8.93
Eswatini,SWZ,2004,6.17
Eswatini,SWZ,2005,6.28
Eswatini,SWZ,2006,6.39
Eswatini,SWZ,2007,6.32
Eswatini,SWZ,2008,6.41
Eswatini,SWZ,2009,6.34
Eswatini,SWZ,2010,6.44
Eswatini,SWZ,2011,7.31
Eswatini,SWZ,2012,7.23
Eswatini,SWZ,2013,6.99
Eswatini,SWZ,2014,6.92
Eswatini,SWZ,2015,8.03
Eswatini,SWZ,2016,7.32
Eswatini,SWZ,2017,6.49
Eswatini,SWZ,2018,6.97
Ethiopia,ETH,2004,0.84
Ethiopia,ETH,2005,0.92
Ethiopia,ETH,2006,0.95
Ethiopia,ETH,2007,1.09
Ethiopia,ETH,2008,1.21
Ethiopia,ETH,2009,1.33
Ethiopia,ETH,2010,1.37
Ethiopia,ETH,2011,1.91
Ethiopia,ETH,2012,2.94
Euro area,,2004,33.61
Euro area,,2005,31.88
Euro area,,2006,33.75
Euro area,,2007,37.36
Euro area,,2008,36.61
Euro area,,2009,35.35
Euro area,,2010,34.18
Euro area,,2011,32.76
Euro area,,2012,26.63
Euro area,,2013,26.89
Euro area,,2014,27.98
Euro area,,2015,26.84
Euro area,,2016,24.62
Euro area,,2017,22.86
Euro area,,2018,20.87
Euro area,,2019,20.2
Europe & Central Asia,,2004,24.33
Europe & Central Asia,,2005,25.605
Europe & Central Asia,,2006,27.025
Europe & Central Asia,,2007,27.52
Europe & Central Asia,,2008,27.79
Europe & Central Asia,,2009,26.46
Europe & Central Asia,,2010,26.29
Europe & Central Asia,,2011,24.16
Europe & Central Asia,,2012,24.62
Europe & Central Asia,,2013,24.76
Europe & Central Asia,,2014,24.54
Europe & Central Asia,,2015,24.69
Europe & Central Asia,,2016,24.62
Europe & Central Asia,,2017,23.14
Europe & Central Asia,,2018,23.6
Europe & Central Asia,,2019,23.895
Europe & Central Asia (IDA & IBRD),,2004,14.065
Europe & Central Asia (IDA & IBRD),,2005,14.68
Europe & Central Asia (IDA & IBRD),,2006,16.42
Europe & Central Asia (IDA & IBRD),,2007,19.29
Europe & Central Asia (IDA & IBRD),,2008,23.73
Europe & Central Asia (IDA & IBRD),,2009,24.01
Europe & Central Asia (IDA & IBRD),,2010,24.13
Europe & Central Asia (IDA & IBRD),,2011,24.11
Europe & Central Asia (IDA & IBRD),,2012,24.65
Europe & Central Asia (IDA & IBRD),,2013,24.76
Europe & Central Asia (IDA & IBRD),,2014,24.87
Europe & Central Asia (IDA & IBRD),,2015,25.52
Europe & Central Asia (IDA & IBRD),,2016,27.815
Europe & Central Asia (IDA & IBRD),,2017,26.165
Europe & Central Asia (IDA & IBRD),,2018,25.58
Europe & Central Asia (IDA & IBRD),,2019,25.64
Europe & Central Asia (excluding high income),,2004,10.5
Europe & Central Asia (excluding high income),,2005,12.62
Europe & Central Asia (excluding high income),,2006,14.025
Europe & Central Asia (excluding high income),,2007,17.825
Europe & Central Asia (excluding high income),,2008,23.5
Europe & Central Asia (excluding high income),,2009,23.54
Europe & Central Asia (excluding high income),,2010,23.36
Europe & Central Asia (excluding high income),,2011,23.6
Europe & Central Asia (excluding high income),,2012,24.06
Europe & Central Asia (excluding high income),,2013,23.49
Europe & Central Asia (excluding high income),,2014,23.62
Europe & Central Asia (excluding high income),,2015,24.69
Europe & Central Asia (excluding high income),,2016,26.31
Europe & Central Asia (excluding high income),,2017,24.865
Europe & Central Asia (excluding high income),,2018,24.15
Europe & Central Asia (excluding high income),,2019,24.24
European Union,,2004,30.665
European Union,,2005,29.865
European Union,,2006,32.55
European Union,,2007,33.295
European Union,,2008,35.36
European Union,,2009,35.35
European Union,,2010,34.18
European Union,,2011,32.76
European Union,,2012,33.2
European Union,,2013,30.01
European Union,,2014,27.98
European Union,,2015,26.84
European Union,,2016,24.62
European Union,,2017,22.86
European Union,,2018,21.26
European Union,,2019,22.285
Fiji,FJI,2004,9.26
Fiji,FJI,2005,9.64
Fiji,FJI,2006,10.58
Fiji,FJI,2007,11.29
Fiji,FJI,2008,11.61
Fiji,FJI,2009,11.27
Fiji,FJI,2010,11.14
Fiji,FJI,2011,10.94
Fiji,FJI,2012,10.6
Fiji,FJI,2013,11.28
Fiji,FJI,2014,12.62
Fiji,FJI,2015,12.8
Fiji,FJI,2016,12.4
Fiji,FJI,2017,12.15
Fiji,FJI,2018,11.88
Fiji,FJI,2019,11.28
Finland,FIN,2004,13.17
Finland,FIN,2005,14.41
Finland,FIN,2006,16.95
Finland,FIN,2007,16.09
Finland,FIN,2008,16.02
Finland,FIN,2009,14.97
Finland,FIN,2010,15.5
Finland,FIN,2011,17.02
Finland,FIN,2012,15.5
Finland,FIN,2013,14.1
Finland,FIN,2014,9.42
Finland,FIN,2015,8.49
Finland,FIN,2016,7.31
Finland,FIN,2017,6.46
Finland,FIN,2018,4.8
Finland,FIN,2019,4.44
Fragile and conflict affected situations,,2004,1.81
Fragile and conflict affected situations,,2005,1.97
Fragile and conflict affected situations,,2006,2.025
Fragile and conflict affected situations,,2007,2.19
Fragile and conflict affected situations,,2008,2.18
Fragile and conflict affected situations,,2009,2.23
Fragile and conflict affected situations,,2010,2.39
Fragile and conflict affected situations,,2011,2.63
Fragile and conflict affected situations,,2012,2.94
Fragile and conflict affected situations,,2013,3.3
Fragile and conflict affected situations,,2014,3.39
Fragile and conflict affected situations,,2015,3.36
Fragile and conflict affected situations,,2016,3.4
Fragile and conflict affected situations,,2017,4.005
Fragile and conflict affected situations,,2018,4.27
France,FRA,2004,21.58
France,FRA,2005,22.01
France,FRA,2006,45.91
France,FRA,2007,44.91
France,FRA,2008,44.58
France,FRA,2009,41.94
France,FRA,2010,41.59
France,FRA,2011,41.39
France,FRA,2012,39
France,FRA,2013,38.63
France,FRA,2014,38.06
France,FRA,2015,37.6
France,FRA,2016,37.19
France,FRA,2017,36.01
France,FRA,2018,34.86
France,FRA,2019,34.27
Gabon,GAB,2005,4.03
Gabon,GAB,2006,4
Gabon,GAB,2007,4.08
Gabon,GAB,2008,3.93
Gabon,GAB,2009,4.3
Gabon,GAB,2010,4.72
Gabon,GAB,2011,5.29
Gabon,GAB,2012,8.96
Gabon,GAB,2013,9.29
Gambia,GMB,2004,4
Gambia,GMB,2005,4.22
Gambia,GMB,2006,4.9
Gambia,GMB,2007,5.75
Gambia,GMB,2008,6.87
Gambia,GMB,2009,7.16
Gambia,GMB,2010,8.74
Gambia,GMB,2011,8.47
Gambia,GMB,2012,8.1
Gambia,GMB,2013,8.49
Gambia,GMB,2014,8.3
Gambia,GMB,2015,8.38
Gambia,GMB,2016,7.54
Gambia,GMB,2017,6.9
Gambia,GMB,2018,7.71
Gambia,GMB,2019,7.09
Georgia,GEO,2004,10.16
Georgia,GEO,2005,11.68
Georgia,GEO,2006,14
Georgia,GEO,2007,17.04
Georgia,GEO,2008,21.81
Georgia,GEO,2009,20.72
Georgia,GEO,2010,21.21
Georgia,GEO,2011,23.6
Georgia,GEO,2012,27.98
Georgia,GEO,2013,32.88
Georgia,GEO,2014,32.4
Georgia,GEO,2015,32.17
Georgia,GEO,2016,32.72
Georgia,GEO,2017,33.23
Georgia,GEO,2018,31.52
Georgia,GEO,2019,33.58
Germany,DEU,2004,21.3
Germany,DEU,2005,20.21
Germany,DEU,2006,16.7
Germany,DEU,2007,16.32
Germany,DEU,2008,16.33
Germany,DEU,2009,15.87
Germany,DEU,2010,15.71
Germany,DEU,2011,15.86
Germany,DEU,2012,14.19
Germany,DEU,2013,14.91
Germany,DEU,2014,14.56
Germany,DEU,2015,14.06
Germany,DEU,2016,13.55
Germany,DEU,2017,12.95
Germany,DEU,2018,11.17
Germany,DEU,2019,10.97
Ghana,GHA,2004,3.04
Ghana,GHA,2005,3.2
Ghana,GHA,2006,3.56
Ghana,GHA,2007,4.51
Ghana,GHA,2008,4.7
Ghana,GHA,2009,5.02
Ghana,GHA,2010,5.28
Ghana,GHA,2011,5.29
Ghana,GHA,2012,5.57
Ghana,GHA,2013,5.72
Ghana,GHA,2014,5.94
Ghana,GHA,2015,6.98
Ghana,GHA,2016,6.98
Ghana,GHA,2017,8.42
Ghana,GHA,2018,8.54
Greece,GRC,2004,34.04
Greece,GRC,2005,35.19
Greece,GRC,2006,38.05
Greece,GRC,2007,40.14
Greece,GRC,2008,42.62
Greece,GRC,2009,42.29
Greece,GRC,2010,41.33
Greece,GRC,2011,39.67
Greece,GRC,2012,37.74
Greece,GRC,2013,32.55
Greece,GRC,2014,28.18
Greece,GRC,2015,26.84
Greece,GRC,2016,24.62
Greece,GRC,2017,22.86
Greece,GRC,2018,20.87
Greece,GRC,2019,19.25
Grenada,GRD,2004,36.41
Grenada,GRD,2005,33.23
Grenada,GRD,2006,32.76
Grenada,GRD,2007,32.33
Grenada,GRD,2008,31.9
Grenada,GRD,2009,31.44
Grenada,GRD,2010,30.95
Grenada,GRD,2011,31.96
Grenada,GRD,2012,32.87
Grenada,GRD,2013,32.55
Grenada,GRD,2014,32.29
Grenada,GRD,2015,32.09
Grenada,GRD,2016,23.63
Grenada,GRD,2017,23.54
Grenada,GRD,2018,23.48
Grenada,GRD,2019,23.41
Guatemala,GTM,2004,18.11
Guatemala,GTM,2005,17.92
Guatemala,GTM,2006,17.61
Guatemala,GTM,2007,28.09
Guatemala,GTM,2008,30.85
Guatemala,GTM,2009,33.39
Guatemala,GTM,2010,34.25
Guatemala,GTM,2011,35.09
Guatemala,GTM,2012,35.73
Guatemala,GTM,2013,36.1
Guatemala,GTM,2014,35.95
Guatemala,GTM,2015,35.9
Guatemala,GTM,2016,34.94
Guatemala,GTM,2017,34.19
Guatemala,GTM,2018,27.69
Guatemala,GTM,2019,25.56
Guinea,GIN,2004,0.76
Guinea,GIN,2005,0.74
Guinea,GIN,2006,0.85
Guinea,GIN,2007,0.93
Guinea,GIN,2008,1.15
Guinea,GIN,2009,1.35
Guinea,GIN,2010,1.48
Guinea,GIN,2011,1.63
Guinea,GIN,2012,1.8
Guinea,GIN,2013,1.87
Guinea,GIN,2014,2.51
Guinea,GIN,2015,2.78
Guinea,GIN,2016,2.75
Guinea,GIN,2017,2.76
Guinea,GIN,2018,2.78
Guinea,GIN,2019,2.71
Guinea-Bissau,GNB,2004,0.14
Guinea-Bissau,GNB,2005,0.27
Guinea-Bissau,GNB,2006,0.39
Guinea-Bissau,GNB,2007,0.5
Guinea-Bissau,GNB,2008,1.22
Guinea-Bissau,GNB,2009,1.9
Guinea-Bissau,GNB,2010,1.96
Guinea-Bissau,GNB,2011,2.36
Guinea-Bissau,GNB,2012,2.51
Guinea-Bissau,GNB,2013,2.76
Guinea-Bissau,GNB,2014,2.69
Guinea-Bissau,GNB,2015,3.31
Guinea-Bissau,GNB,2016,3.23
Guinea-Bissau,GNB,2017,3.14
Guinea-Bissau,GNB,2018,3.05
Guinea-Bissau,GNB,2019,3.78
Guyana,GUY,2004,6.11
Guyana,GUY,2005,6.1
Guyana,GUY,2006,6.24
Guyana,GUY,2007,6.36
Guyana,GUY,2008,6.48
Guyana,GUY,2009,6.59
Guyana,GUY,2010,6.69
Guyana,GUY,2011,7.38
Guyana,GUY,2012,7.66
Guyana,GUY,2013,8.13
Guyana,GUY,2014,8.4
Guyana,GUY,2015,8.48
Guyana,GUY,2016,8.39
Guyana,GUY,2017,8.31
Guyana,GUY,2018,8.23
Guyana,GUY,2019,8.15
Haiti,HTI,2004,3.18
Haiti,HTI,2005,3.17
Haiti,HTI,2006,3.1
Haiti,HTI,2007,2.96
Haiti,HTI,2008,2.91
Haiti,HTI,2009,2.9
Haiti,HTI,2010,2.48
Haiti,HTI,2011,2.63
Haiti,HTI,2012,2.72
Haiti,HTI,2013,2.71
Haiti,HTI,2014,2.7
Haiti,HTI,2015,2.69
Haiti,HTI,2016,2.63
Haiti,HTI,2017,2.66
Haiti,HTI,2018,2.69
Heavily indebted poor countries (HIPC),,2004,1.15
Heavily indebted poor countries (HIPC),,2005,1.205
Heavily indebted poor countries (HIPC),,2006,1.22
Heavily indebted poor countries (HIPC),,2007,1.715
Heavily indebted poor countries (HIPC),,2008,2.155
Heavily indebted poor countries (HIPC),,2009,2.475
Heavily indebted poor countries (HIPC),,2010,2.745
Heavily indebted poor countries (HIPC),,2011,2.635
Heavily indebted poor countries (HIPC),,2012,3
Heavily indebted poor countries (HIPC),,2013,3.33
Heavily indebted poor countries (HIPC),,2014,3.39
Heavily indebted poor countries (HIPC),,2015,3.345
Heavily indebted poor countries (HIPC),,2016,3.44
Heavily indebted poor countries (HIPC),,2017,3.37
Heavily indebted poor countries (HIPC),,2018,3.37
Heavily indebted poor countries (HIPC),,2019,4.02
High income,,2004,24.49
High income,,2005,25.5
High income,,2006,26.3
High income,,2007,25.96
High income,,2008,26.03
High income,,2009,25.22
High income,,2010,24.06
High income,,2011,23.83
High income,,2012,23.27
High income,,2013,22.79
High income,,2014,21.455
High income,,2015,20.965
High income,,2016,20.165
High income,,2017,19.3
High income,,2018,19.99
High income,,2019,19.42
Honduras,HND,2004,15.27
Honduras,HND,2005,16.02
Honduras,HND,2006,17.95
Honduras,HND,2007,21.37
Honduras,HND,2008,22.68
Honduras,HND,2009,21.77
Honduras,HND,2010,19.09
Honduras,HND,2011,19.35
Honduras,HND,2012,21.21
Honduras,HND,2013,21.49
Honduras,HND,2014,21.32
Honduras,HND,2015,19.31
Honduras,HND,2016,19.51
Honduras,HND,2017,19.44
Honduras,HND,2018,18.89
Honduras,HND,2019,18.39
Hong Kong,HKG,2004,23.55
Hong Kong,HKG,2005,23.24
Hong Kong,HKG,2006,23.06
Hong Kong,HKG,2007,23.42
Hong Kong,HKG,2008,23.8
Hong Kong,HKG,2009,23.52
Hong Kong,HKG,2010,23.84
Hong Kong,HKG,2011,23.83
Hong Kong,HKG,2012,23.27
Hong Kong,HKG,2013,22.82
Hong Kong,HKG,2014,22.56
Hong Kong,HKG,2015,22.17
Hong Kong,HKG,2016,21.46
Hong Kong,HKG,2017,21.04
Hong Kong,HKG,2018,21.19
Hong Kong,HKG,2019,20.98
Hungary,HUN,2004,13.79
Hungary,HUN,2005,14.81
Hungary,HUN,2006,16.15
Hungary,HUN,2007,17.34
Hungary,HUN,2008,17.99
Hungary,HUN,2009,17.65
Hungary,HUN,2010,16.78
Hungary,HUN,2011,16.44
Hungary,HUN,2012,16.08
Hungary,HUN,2013,15.41
Hungary,HUN,2014,15.5
Hungary,HUN,2015,15.13
Hungary,HUN,2016,14.71
Hungary,HUN,2017,14.64
Hungary,HUN,2018,14.2
Hungary,HUN,2019,23.42
IBRD only,,2004,10.44
IBRD only,,2005,11.68
IBRD only,,2006,12.06
IBRD only,,2007,13.19
IBRD only,,2008,14
IBRD only,,2009,13.68
IBRD only,,2010,13.79
IBRD only,,2011,14.71
IBRD only,,2012,14.89
IBRD only,,2013,14.83
IBRD only,,2014,15.04
IBRD only,,2015,14.495
IBRD only,,2016,15.155
IBRD only,,2017,14.51
IBRD only,,2018,14.52
IBRD only,,2019,14.48
IDA & IBRD total,,2004,4.905
IDA & IBRD total,,2005,5.3
IDA & IBRD total,,2006,5.32
IDA & IBRD total,,2007,5.75
IDA & IBRD total,,2008,6.645
IDA & IBRD total,,2009,6.82
IDA & IBRD total,,2010,6.92
IDA & IBRD total,,2011,7.35
IDA & IBRD total,,2012,8.07
IDA & IBRD total,,2013,8.49
IDA & IBRD total,,2014,8.62
IDA & IBRD total,,2015,8.61
IDA & IBRD total,,2016,8.96
IDA & IBRD total,,2017,8.905
IDA & IBRD total,,2018,9.49
IDA & IBRD total,,2019,9.84
IDA blend,,2004,2.79
IDA blend,,2005,3.255
IDA blend,,2006,2.69
IDA blend,,2007,3.51
IDA blend,,2008,3.41
IDA blend,,2009,4.36
IDA blend,,2010,4.65
IDA blend,,2011,4.92
IDA blend,,2012,5.19
IDA blend,,2013,5.28
IDA blend,,2014,5.48
IDA blend,,2015,4.98
IDA blend,,2016,4.83
IDA blend,,2017,5.08
IDA blend,,2018,5.24
IDA blend,,2019,6.17
IDA only,,2004,1.79
IDA only,,2005,1.68
IDA only,,2006,1.705
IDA only,,2007,2.04
IDA only,,2008,2.45
IDA only,,2009,2.71
IDA only,,2010,3.06
IDA only,,2011,3.29
IDA only,,2012,3.33
IDA only,,2013,3.59
IDA only,,2014,3.505
IDA only,,2015,3.51
IDA only,,2016,3.83
IDA only,,2017,4.465
IDA only,,2018,4.24
IDA only,,2019,4.96
IDA total,,2004,1.81
IDA total,,2005,1.83
IDA total,,2006,1.91
IDA total,,2007,2.045
IDA total,,2008,2.45
IDA total,,2009,2.775
IDA total,,2010,3.185
IDA total,,2011,3.49
IDA total,,2012,3.52
IDA total,,2013,3.845
IDA total,,2014,3.74
IDA total,,2015,3.72
IDA total,,2016,4.55
IDA total,,2017,4.63
IDA total,,2018,5
IDA total,,2019,4.99
Iceland,ISL,2004,90.9
Iceland,ISL,2005,86.18
Iceland,ISL,2006,77.58
Iceland,ISL,2007,73.31
Iceland,ISL,2008,69.68
Iceland,ISL,2009,60.84
Iceland,ISL,2010,57.56
Iceland,ISL,2011,52.21
Iceland,ISL,2012,47.15
Iceland,ISL,2013,43.14
Iceland,ISL,2014,40.3
Iceland,ISL,2015,36.42
Iceland,ISL,2016,35.47
Iceland,ISL,2017,34.58
Iceland,ISL,2018,31.47
Iceland,ISL,2019,30.31
India,IND,2004,8.93
India,IND,2005,8.89
India,IND,2006,8.86
India,IND,2007,8.97
India,IND,2008,9.28
India,IND,2009,9.57
India,IND,2010,10
India,IND,2011,10.47
India,IND,2012,11.14
India,IND,2013,11.8
India,IND,2014,12.82
India,IND,2015,13.52
India,IND,2016,14.21
India,IND,2017,14.51
India,IND,2018,14.5
India,IND,2019,14.58
Indonesia,IDN,2004,5.16
Indonesia,IDN,2005,5.27
Indonesia,IDN,2006,5.72
Indonesia,IDN,2007,5.97
Indonesia,IDN,2008,6.58
Indonesia,IDN,2009,7.64
Indonesia,IDN,2010,8.11
Indonesia,IDN,2011,14.71
Indonesia,IDN,2012,16.87
Indonesia,IDN,2013,17.64
Indonesia,IDN,2014,17.83
Indonesia,IDN,2015,17.64
Indonesia,IDN,2016,17.26
Indonesia,IDN,2017,16.75
Indonesia,IDN,2018,16.14
Indonesia,IDN,2019,15.64
Iran,IRN,2004,28.72
Iran,IRN,2005,28.2
Iran,IRN,2006,27.98
Iran,IRN,2007,28.11
Iran,IRN,2008,28.9
Iran,IRN,2009,28.55
Iran,IRN,2010,26.32
Iran,IRN,2011,29.6
Iran,IRN,2012,29.68
Iran,IRN,2013,29.37
Iran,IRN,2014,32.31
Iran,IRN,2015,31.33
Iran,IRN,2016,31.65
Iran,IRN,2017,28.59
Iran,IRN,2018,31.09
Iraq,IRQ,2006,3.4
Iraq,IRQ,2007,3.39
Iraq,IRQ,2008,3.41
Iraq,IRQ,2009,4.82
Iraq,IRQ,2010,5.29
Iraq,IRQ,2011,5.1
Iraq,IRQ,2012,5.52
Iraq,IRQ,2013,5.4
Iraq,IRQ,2014,5.25
Iraq,IRQ,2015,4.86
Iraq,IRQ,2016,4.05
Iraq,IRQ,2017,3.97
Iraq,IRQ,2018,4.38
Iraq,IRQ,2019,4
Ireland,IRL,2004,35.72
Ireland,IRL,2005,34.4
Ireland,IRL,2006,33.75
Ireland,IRL,2007,32.97
Ireland,IRL,2008,33.52
Ireland,IRL,2009,34.16
Ireland,IRL,2010,27.99
Ireland,IRL,2011,27
Ireland,IRL,2012,24.43
Ireland,IRL,2013,22.79
Ireland,IRL,2014,21.8
Ireland,IRL,2015,21.86
Ireland,IRL,2016,21.61
Ireland,IRL,2017,20.75
Ireland,IRL,2018,20.44
Ireland,IRL,2019,21.15
Israel,ISR,2004,19.79
Israel,ISR,2005,19.6
Israel,ISR,2006,19.4
Israel,ISR,2007,19.45
Israel,ISR,2008,19.82
Israel,ISR,2009,19.68
Israel,ISR,2010,21.55
Israel,ISR,2011,21.87
Israel,ISR,2012,21.85
Israel,ISR,2013,21.48
Israel,ISR,2014,20.85
Israel,ISR,2015,20.07
Israel,ISR,2016,18.87
Israel,ISR,2017,17.89
Israel,ISR,2018,17.35
Israel,ISR,2019,16.76
Italy,ITA,2004,56.21
Italy,ITA,2005,56.77
Italy,ITA,2006,58.01
Italy,ITA,2007,59.18
Italy,ITA,2008,62.62
Italy,ITA,2009,59.71
Italy,ITA,2010,58.44
Italy,ITA,2011,58.01
Italy,ITA,2012,56.48
Italy,ITA,2013,53.3
Italy,ITA,2014,50.81
Italy,ITA,2015,49.82
Italy,ITA,2016,47.63
Italy,ITA,2017,44.61
Italy,ITA,2018,40.89
Italy,ITA,2019,38.79
Jamaica,JAM,2004,6.98
Jamaica,JAM,2005,6.74
Jamaica,JAM,2006,6.7
Jamaica,JAM,2007,6.66
Jamaica,JAM,2008,6.82
Jamaica,JAM,2009,6.48
Jamaica,JAM,2010,6.14
Jamaica,JAM,2011,6.02
Jamaica,JAM,2012,5.94
Jamaica,JAM,2013,5.63
Jamaica,JAM,2014,5.1
Jamaica,JAM,2015,5.18
Jamaica,JAM,2016,5.14
Jamaica,JAM,2017,6.67
Jamaica,JAM,2018,7.24
Jamaica,JAM,2019,7.32
Japan,JPN,2004,34.61
Japan,JPN,2005,34.38
Japan,JPN,2006,34.12
Japan,JPN,2007,33.9
Japan,JPN,2008,33.85
Japan,JPN,2009,33.81
Japan,JPN,2010,33.82
Japan,JPN,2011,33.9
Japan,JPN,2012,33.95
Japan,JPN,2013,33.91
Japan,JPN,2014,33.9
Japan,JPN,2015,34.14
Japan,JPN,2016,34.1
Japan,JPN,2017,34
Japan,JPN,2018,34.01
Japan,JPN,2019,33.92
Jordan,JOR,2004,18.2
Jordan,JOR,2005,17.75
Jordan,JOR,2006,16.96
Jordan,JOR,2007,17
Jordan,JOR,2008,16.74
Jordan,JOR,2009,16.4
Jordan,JOR,2010,16.72
Jordan,JOR,2011,16.57
Jordan,JOR,2012,16.19
Jordan,JOR,2013,15.72
Jordan,JOR,2014,15.35
Jordan,JOR,2015,15.07
Jordan,JOR,2016,14.86
Jordan,JOR,2017,14.43
Jordan,JOR,2018,14.54
Jordan,JOR,2019,14.39
Kazakhstan,KAZ,2004,3.73
Kazakhstan,KAZ,2005,3.95
Kazakhstan,KAZ,2006,3.08
Kazakhstan,KAZ,2007,3.29
Kazakhstan,KAZ,2008,3.49
Kazakhstan,KAZ,2009,3.37
Kazakhstan,KAZ,2010,3.26
Kazakhstan,KAZ,2011,3.32
Kazakhstan,KAZ,2012,3.29
Kazakhstan,KAZ,2013,3.27
Kazakhstan,KAZ,2014,3.39
Kazakhstan,KAZ,2015,2.96
Kazakhstan,KAZ,2016,2.95
Kazakhstan,KAZ,2017,2.81
Kazakhstan,KAZ,2018,2.49
Kazakhstan,KAZ,2019,2.49
Kenya,KEN,2004,2.7
Kenya,KEN,2005,2.6
Kenya,KEN,2006,2.69
Kenya,KEN,2007,3.51
Kenya,KEN,2008,4.07
Kenya,KEN,2009,4.36
Kenya,KEN,2010,4.65
Kenya,KEN,2011,4.92
Kenya,KEN,2012,5.19
Kenya,KEN,2013,5.28
Kenya,KEN,2014,5.48
Kenya,KEN,2015,5.59
Kenya,KEN,2016,5.37
Kenya,KEN,2017,5.21
Kenya,KEN,2018,5
Kenya,KEN,2019,4.65
Kiribati,KIR,2011,5.99
Kiribati,KIR,2012,5.87
Kiribati,KIR,2013,5.74
Kosovo,OWID_KOS,2004,24.33
Kosovo,OWID_KOS,2005,24.31
Kosovo,OWID_KOS,2006,24.12
Kosovo,OWID_KOS,2007,23.93
Kosovo,OWID_KOS,2008,23.73
Kosovo,OWID_KOS,2009,23.54
Kosovo,OWID_KOS,2010,23.36
Kosovo,OWID_KOS,2011,23.16
Kosovo,OWID_KOS,2012,22.9
Kosovo,OWID_KOS,2013,21.79
Kosovo,OWID_KOS,2014,20.28
Kosovo,OWID_KOS,2015,20.35
Kosovo,OWID_KOS,2016,19.97
Kosovo,OWID_KOS,2017,16.74
Kosovo,OWID_KOS,2018,16.16
Kuwait,KWT,2004,12.82
Kuwait,KWT,2005,13.75
Kuwait,KWT,2006,14.58
Kuwait,KWT,2007,15.4
Kuwait,KWT,2008,15.48
Kuwait,KWT,2009,15.84
Kuwait,KWT,2010,15.71
Kuwait,KWT,2011,15.94
Kuwait,KWT,2012,14.8
Kuwait,KWT,2013,15.35
Kuwait,KWT,2014,15.27
Kuwait,KWT,2015,14.79
Kuwait,KWT,2016,14.67
Kuwait,KWT,2017,14.59
Kuwait,KWT,2018,14.72
Kuwait,KWT,2019,13.58
Kyrgyzstan,KGZ,2004,5.14
Kyrgyzstan,KGZ,2005,5.3
Kyrgyzstan,KGZ,2006,5.32
Kyrgyzstan,KGZ,2007,6.41
Kyrgyzstan,KGZ,2008,6.82
Kyrgyzstan,KGZ,2009,6.91
Kyrgyzstan,KGZ,2010,6.1
Kyrgyzstan,KGZ,2011,7.16
Kyrgyzstan,KGZ,2012,7.71
Kyrgyzstan,KGZ,2013,7.85
Kyrgyzstan,KGZ,2014,7.89
Kyrgyzstan,KGZ,2015,8.28
Kyrgyzstan,KGZ,2016,8.43
Kyrgyzstan,KGZ,2017,8.18
Kyrgyzstan,KGZ,2018,8.09
Kyrgyzstan,KGZ,2019,7.96
Laos,LAO,2009,2.35
Laos,LAO,2010,2.54
Laos,LAO,2011,2.55
Laos,LAO,2012,2.7
Laos,LAO,2013,2.73
Laos,LAO,2014,2.88
Laos,LAO,2015,2.9
Laos,LAO,2016,3
Laos,LAO,2017,3.09
Laos,LAO,2018,3.17
Late-demographic dividend,,2004,15.07
Late-demographic dividend,,2005,15.39
Late-demographic dividend,,2006,17.59
Late-demographic dividend,,2007,18.195
Late-demographic dividend,,2008,19.19
Late-demographic dividend,,2009,19.56
Late-demographic dividend,,2010,19.47
Late-demographic dividend,,2011,19.45
Late-demographic dividend,,2012,19.46
Late-demographic dividend,,2013,19.585
Late-demographic dividend,,2014,19.805
Late-demographic dividend,,2015,19.31
Late-demographic dividend,,2016,20.37
Late-demographic dividend,,2017,19.055
Late-demographic dividend,,2018,18.045
Late-demographic dividend,,2019,17.56
Latin America & Caribbean,,2004,11.05
Latin America & Caribbean,,2005,11.765
Latin America & Caribbean,,2006,12.025
Latin America & Caribbean,,2007,13.19
Latin America & Caribbean,,2008,13.77
Latin America & Caribbean,,2009,13.4
Latin America & Caribbean,,2010,13.58
Latin America & Caribbean,,2011,13.53
Latin America & Caribbean,,2012,13.22
Latin America & Caribbean,,2013,13.25
Latin America & Caribbean,,2014,13.24
Latin America & Caribbean,,2015,13.26
Latin America & Caribbean,,2016,13.345
Latin America & Caribbean,,2017,13.785
Latin America & Caribbean,,2018,13.675
Latin America & Caribbean,,2019,13.59
Latin America & Caribbean (IDA & IBRD),,2004,11.05
Latin America & Caribbean (IDA & IBRD),,2005,11.765
Latin America & Caribbean (IDA & IBRD),,2006,12.025
Latin America & Caribbean (IDA & IBRD),,2007,13.19
Latin America & Caribbean (IDA & IBRD),,2008,13.77
Latin America & Caribbean (IDA & IBRD),,2009,13.4
Latin America & Caribbean (IDA & IBRD),,2010,13.58
Latin America & Caribbean (IDA & IBRD),,2011,13.53
Latin America & Caribbean (IDA & IBRD),,2012,13.22
Latin America & Caribbean (IDA & IBRD),,2013,13.25
Latin America & Caribbean (IDA & IBRD),,2014,13.24
Latin America & Caribbean (IDA & IBRD),,2015,13.26
Latin America & Caribbean (IDA & IBRD),,2016,13.345
Latin America & Caribbean (IDA & IBRD),,2017,13.785
Latin America & Caribbean (IDA & IBRD),,2018,13.675
Latin America & Caribbean (IDA & IBRD),,2019,13.59
Latin America & Caribbean (excluding high income),,2004,10.245
Latin America & Caribbean (excluding high income),,2005,10.29
Latin America & Caribbean (excluding high income),,2006,10.5
Latin America & Caribbean (excluding high income),,2007,12.6
Latin America & Caribbean (excluding high income),,2008,13.545
Latin America & Caribbean (excluding high income),,2009,12.99
Latin America & Caribbean (excluding high income),,2010,13.04
Latin America & Caribbean (excluding high income),,2011,13.14
Latin America & Caribbean (excluding high income),,2012,13.22
Latin America & Caribbean (excluding high income),,2013,13.25
Latin America & Caribbean (excluding high income),,2014,13.23
Latin America & Caribbean (excluding high income),,2015,13.26
Latin America & Caribbean (excluding high income),,2016,13.45
Latin America & Caribbean (excluding high income),,2017,14.03
Latin America & Caribbean (excluding high income),,2018,13.86
Latin America & Caribbean (excluding high income),,2019,14.48
Latvia,LVA,2004,31.59
Latvia,LVA,2005,31.88
Latvia,LVA,2006,33.41
Latvia,LVA,2007,37.36
Latvia,LVA,2008,36.61
Latvia,LVA,2009,35.35
Latvia,LVA,2010,34.18
Latvia,LVA,2011,32.76
Latvia,LVA,2012,24.62
Latvia,LVA,2013,21.57
Latvia,LVA,2014,20.37
Latvia,LVA,2015,18.05
Latvia,LVA,2016,17.1
Latvia,LVA,2017,16.47
Latvia,LVA,2018,14.7
Latvia,LVA,2019,9.74
Least developed countries: UN classification,,2004,1.17
Least developed countries: UN classification,,2005,1.21
Least developed countries: UN classification,,2006,1.515
Least developed countries: UN classification,,2007,1.9
Least developed countries: UN classification,,2008,2.08
Least developed countries: UN classification,,2009,2.35
Least developed countries: UN classification,,2010,2.54
Least developed countries: UN classification,,2011,2.63
Least developed countries: UN classification,,2012,2.94
Least developed countries: UN classification,,2013,3.28
Least developed countries: UN classification,,2014,3.32
Least developed countries: UN classification,,2015,3.32
Least developed countries: UN classification,,2016,3.33
Least developed countries: UN classification,,2017,3.37
Least developed countries: UN classification,,2018,3.555
Least developed countries: UN classification,,2019,4.1
Lebanon,LBN,2004,26.98
Lebanon,LBN,2005,26.86
Lebanon,LBN,2006,26.35
Lebanon,LBN,2007,26.45
Lebanon,LBN,2008,26.45
Lebanon,LBN,2009,26.51
Lebanon,LBN,2010,26.29
Lebanon,LBN,2011,25.99
Lebanon,LBN,2012,24.85
Lebanon,LBN,2013,23.99
Lebanon,LBN,2014,23.54
Lebanon,LBN,2015,23.01
Lebanon,LBN,2016,22.57
Lebanon,LBN,2017,22.28
Lebanon,LBN,2018,22.31
Lebanon,LBN,2019,21.66
Lesotho,LSO,2004,2.4
Lesotho,LSO,2005,2.31
Lesotho,LSO,2006,1.91
Lesotho,LSO,2007,2.05
Lesotho,LSO,2008,2.2
Lesotho,LSO,2009,2.25
Lesotho,LSO,2010,3.31
Lesotho,LSO,2011,3.36
Lesotho,LSO,2012,3.33
Lesotho,LSO,2013,3.59
Lesotho,LSO,2014,3.55
Lesotho,LSO,2015,3.72
Lesotho,LSO,2016,3.83
Lesotho,LSO,2017,3.78
Lesotho,LSO,2018,3.74
Liberia,LBR,2006,0.84
Liberia,LBR,2007,1.12
Liberia,LBR,2008,1.66
Liberia,LBR,2009,2.95
Liberia,LBR,2010,3.65
Liberia,LBR,2011,3.75
Liberia,LBR,2012,3.68
Liberia,LBR,2013,3.82
Liberia,LBR,2014,3.74
Liberia,LBR,2015,3.05
Liberia,LBR,2016,2.96
Liberia,LBR,2017,2.98
Liberia,LBR,2018,3.17
Liberia,LBR,2019,3.08
Libya,LBY,2004,8.8
Libya,LBY,2005,8.87
Libya,LBY,2006,10.64
Libya,LBY,2007,10.74
Libya,LBY,2008,10.69
Libya,LBY,2009,10.85
Libya,LBY,2010,11.16
Libya,LBY,2011,11.14
Libya,LBY,2012,11.35
Libya,LBY,2013,11.8
Libya,LBY,2014,11.75
Libya,LBY,2015,11.67
Libya,LBY,2016,11.63
Libya,LBY,2017,11.48
Libya,LBY,2018,11.36
Lithuania,LTU,2004,23.76
Lithuania,LTU,2005,25.5
Lithuania,LTU,2006,27.95
Lithuania,LTU,2007,29.93
Lithuania,LTU,2008,29.72
Lithuania,LTU,2009,29.51
Lithuania,LTU,2010,29.05
Lithuania,LTU,2011,19
Lithuania,LTU,2012,19.28
Lithuania,LTU,2013,18.08
Lithuania,LTU,2014,16.24
Lithuania,LTU,2015,14.55
Lithuania,LTU,2016,13.44
Lithuania,LTU,2017,13.6
Lithuania,LTU,2018,11.45
Lithuania,LTU,2019,10.11
Low & middle income,,2004,4.715
Low & middle income,,2005,5.02
Low & middle income,,2006,4.925
Low & middle income,,2007,5.16
Low & middle income,,2008,6.27
Low & middle income,,2009,6.41
Low & middle income,,2010,6.5
Low & middle income,,2011,7.165
Low & middle income,,2012,7.775
Low & middle income,,2013,8.09
Low & middle income,,2014,8.275
Low & middle income,,2015,8.375
Low & middle income,,2016,8.76
Low & middle income,,2017,8.725
Low & middle income,,2018,9.29
Low & middle income,,2019,9.45
Low income,,2004,1.12
Low income,,2005,1.155
Low income,,2006,1.14
Low income,,2007,1.41
Low income,,2008,1.93
Low income,,2009,2.16
Low income,,2010,2.36
Low income,,2011,2.29
Low income,,2012,2.71
Low income,,2013,2.865
Low income,,2014,2.78
Low income,,2015,3.03
Low income,,2016,2.96
Low income,,2017,2.81
Low income,,2018,2.83
Low income,,2019,3.08
Lower middle income,,2004,4.7
Lower middle income,,2005,4.45
Lower middle income,,2006,3.895
Lower middle income,,2007,4.51
Lower middle income,,2008,4.675
Lower middle income,,2009,5.095
Lower middle income,,2010,5.19
Lower middle income,,2011,6.315
Lower middle income,,2012,6.42
Lower middle income,,2013,6.88
Lower middle income,,2014,6.975
Lower middle income,,2015,7.185
Lower middle income,,2016,7.28
Lower middle income,,2017,7.85
Lower middle income,,2018,8.09
Lower middle income,,2019,8.9
Luxembourg,LUX,2004,110.94
Luxembourg,LUX,2005,105.41
Luxembourg,LUX,2006,100.62
Luxembourg,LUX,2007,97.55
Luxembourg,LUX,2008,94.58
Luxembourg,LUX,2009,90.93
Luxembourg,LUX,2010,88.62
Luxembourg,LUX,2011,85.95
Luxembourg,LUX,2012,82.98
Luxembourg,LUX,2013,81.72
Luxembourg,LUX,2014,79.57
Luxembourg,LUX,2015,76.84
Luxembourg,LUX,2016,76.72
Luxembourg,LUX,2017,71.72
Luxembourg,LUX,2018,68.44
Luxembourg,LUX,2019,64.49
Macao,MAC,2004,34.47
Macao,MAC,2005,34.19
Macao,MAC,2006,35.87
Macao,MAC,2007,35.87
Macao,MAC,2008,36.16
Macao,MAC,2009,36.23
Macao,MAC,2010,36.08
Macao,MAC,2011,36.62
Macao,MAC,2012,36.3
Macao,MAC,2013,36.81
Macao,MAC,2014,37.57
Macao,MAC,2015,37.82
Macao,MAC,2016,37.48
Macao,MAC,2017,38.9
Macao,MAC,2018,39.42
Macao,MAC,2019,40.13
Madagascar,MDG,2004,1.12
Madagascar,MDG,2005,1.11
Madagascar,MDG,2006,1.14
Madagascar,MDG,2007,1.27
Madagascar,MDG,2008,1.33
Madagascar,MDG,2009,1.41
Madagascar,MDG,2010,1.46
Madagascar,MDG,2011,1.53
Madagascar,MDG,2012,1.61
Madagascar,MDG,2013,1.68
Madagascar,MDG,2014,1.9
Madagascar,MDG,2015,2.06
Madagascar,MDG,2016,2.2
Madagascar,MDG,2017,2.32
Madagascar,MDG,2018,2.38
Malawi,MWI,2004,1
Malawi,MWI,2005,0.96
Malawi,MWI,2006,0.95
Malawi,MWI,2007,1.99
Malawi,MWI,2008,2.23
Malawi,MWI,2009,2.34
Malawi,MWI,2010,2.95
Malawi,MWI,2011,1.09
Malawi,MWI,2012,3.36
Malawi,MWI,2013,3.34
Malawi,MWI,2014,3.32
Malawi,MWI,2015,3.37
Malawi,MWI,2016,2.99
Malawi,MWI,2017,2.21
Malawi,MWI,2018,2.29
Malawi,MWI,2019,2.27
Malaysia,MYS,2004,14.04
Malaysia,MYS,2005,12.62
Malaysia,MYS,2006,11.73
Malaysia,MYS,2007,11.46
Malaysia,MYS,2008,11.28
Malaysia,MYS,2009,11.13
Malaysia,MYS,2010,10.92
Malaysia,MYS,2011,11.25
Malaysia,MYS,2012,11.15
Malaysia,MYS,2013,10.97
Malaysia,MYS,2014,10.81
Malaysia,MYS,2015,10.69
Malaysia,MYS,2016,10.44
Malaysia,MYS,2017,10.23
Malaysia,MYS,2018,10.24
Malaysia,MYS,2019,10.08
Maldives,MDV,2004,10.08
Maldives,MDV,2005,10.04
Maldives,MDV,2006,11.77
Maldives,MDV,2007,12.11
Maldives,MDV,2008,12.41
Maldives,MDV,2009,12.27
Maldives,MDV,2010,11.71
Maldives,MDV,2011,11.45
Maldives,MDV,2012,11.16
Maldives,MDV,2013,10.55
Maldives,MDV,2014,10.28
Maldives,MDV,2015,10.04
Maldives,MDV,2016,11.94
Maldives,MDV,2017,13.16
Maldives,MDV,2018,13.11
Maldives,MDV,2019,13.87
Mali,MLI,2004,2.45
Mali,MLI,2005,2.49
Mali,MLI,2006,2.65
Mali,MLI,2007,2.99
Mali,MLI,2008,2.87
Mali,MLI,2009,3.22
Mali,MLI,2010,3.66
Mali,MLI,2011,4.27
Mali,MLI,2012,4.83
Mali,MLI,2013,5.06
Mali,MLI,2014,5.64
Mali,MLI,2015,6.06
Mali,MLI,2016,6.08
Mali,MLI,2017,5.16
Mali,MLI,2018,5.03
Mali,MLI,2019,4.96
Malta,MLT,2004,38.88
Malta,MLT,2005,39.29
Malta,MLT,2006,37.39
Malta,MLT,2007,38.49
Malta,MLT,2008,40.05
Malta,MLT,2009,40.11
Malta,MLT,2010,39.45
Malta,MLT,2011,41.44
Malta,MLT,2012,37.91
Malta,MLT,2013,37.85
Malta,MLT,2014,37.05
Malta,MLT,2015,37.2
Malta,MLT,2016,34.3
Malta,MLT,2017,32.14
Malta,MLT,2018,29.61
Malta,MLT,2019,27.63
Marshall Islands,MHL,2004,11.8
Marshall Islands,MHL,2005,11.8
Marshall Islands,MHL,2006,11.8
Marshall Islands,MHL,2007,14.73
Marshall Islands,MHL,2008,17.65
Marshall Islands,MHL,2009,17.61
Marshall Islands,MHL,2010,17.58
Marshall Islands,MHL,2011,20.46
Marshall Islands,MHL,2012,20.41
Marshall Islands,MHL,2013,20.36
Marshall Islands,MHL,2014,20.32
Marshall Islands,MHL,2015,20.29
Marshall Islands,MHL,2016,20.26
Marshall Islands,MHL,2017,14.42
Marshall Islands,MHL,2018,14.07
Marshall Islands,MHL,2019,13.4
Mauritania,MRT,2007,4.08
Mauritania,MRT,2008,4.26
Mauritania,MRT,2009,4.28
Mauritania,MRT,2010,4.29
Mauritania,MRT,2011,4.25
Mauritania,MRT,2012,4.75
Mauritania,MRT,2013,6.77
Mauritania,MRT,2014,7.03
Mauritania,MRT,2015,7.39
Mauritania,MRT,2016,8.63
Mauritania,MRT,2017,8.64
Mauritania,MRT,2018,10.92
Mauritania,MRT,2019,11.36
Mauritius,MUS,2004,18.14
Mauritius,MUS,2005,18.28
Mauritius,MUS,2006,18.65
Mauritius,MUS,2007,18.95
Mauritius,MUS,2008,19.55
Mauritius,MUS,2009,21.1
Mauritius,MUS,2010,21.31
Mauritius,MUS,2011,21.61
Mauritius,MUS,2012,21.91
Mauritius,MUS,2013,22.24
Mauritius,MUS,2014,22.47
Mauritius,MUS,2015,21.72
Mauritius,MUS,2016,20.4
Mauritius,MUS,2017,18.6
Mauritius,MUS,2018,17.11
Mauritius,MUS,2019,16.42
Mexico,MEX,2004,11.05
Mexico,MEX,2005,11.09
Mexico,MEX,2006,11.44
Mexico,MEX,2007,12.6
Mexico,MEX,2008,13.97
Mexico,MEX,2009,13.68
Mexico,MEX,2010,14.09
Mexico,MEX,2011,14.41
Mexico,MEX,2012,14.89
Mexico,MEX,2013,14.83
Mexico,MEX,2014,14.73
Mexico,MEX,2015,13.92
Mexico,MEX,2016,14.02
Mexico,MEX,2017,14.03
Mexico,MEX,2018,13.86
Mexico,MEX,2019,13.73
Micronesia (country),FSM,2004,12.34
Micronesia (country),FSM,2005,12.33
Micronesia (country),FSM,2006,12.26
Micronesia (country),FSM,2007,12.24
Micronesia (country),FSM,2008,12.23
Micronesia (country),FSM,2009,15.23
Micronesia (country),FSM,2010,15.11
Micronesia (country),FSM,2011,14.9
Micronesia (country),FSM,2012,14.6
Micronesia (country),FSM,2013,14.26
Micronesia (country),FSM,2014,13.94
Micronesia (country),FSM,2015,13.67
Micronesia (country),FSM,2016,13.41
Micronesia (country),FSM,2017,13.19
Micronesia (country),FSM,2018,13
Micronesia (country),FSM,2019,12.82
Middle East & North Africa,,2004,10.85
Middle East & North Africa,,2005,11.36
Middle East & North Africa,,2006,12.05
Middle East & North Africa,,2007,12.395
Middle East & North Africa,,2008,13.23
Middle East & North Africa,,2009,13.35
Middle East & North Africa,,2010,13.7
Middle East & North Africa,,2011,12.05
Middle East & North Africa,,2012,12.135
Middle East & North Africa,,2013,12.095
Middle East & North Africa,,2014,13.23
Middle East & North Africa,,2015,12.79
Middle East & North Africa,,2016,13.52
Middle East & North Africa,,2017,13.72
Middle East & North Africa,,2018,13.81
Middle East & North Africa,,2019,11.165
Middle East & North Africa (IDA & IBRD),,2004,9.35
Middle East & North Africa (IDA & IBRD),,2005,9.745
Middle East & North Africa (IDA & IBRD),,2006,10.64
Middle East & North Africa (IDA & IBRD),,2007,10.74
Middle East & North Africa (IDA & IBRD),,2008,10.69
Middle East & North Africa (IDA & IBRD),,2009,10.85
Middle East & North Africa (IDA & IBRD),,2010,11.16
Middle East & North Africa (IDA & IBRD),,2011,11.14
Middle East & North Africa (IDA & IBRD),,2012,11.35
Middle East & North Africa (IDA & IBRD),,2013,11.8
Middle East & North Africa (IDA & IBRD),,2014,13.55
Middle East & North Africa (IDA & IBRD),,2015,13.37
Middle East & North Africa (IDA & IBRD),,2016,14.86
Middle East & North Africa (IDA & IBRD),,2017,14.43
Middle East & North Africa (IDA & IBRD),,2018,14.54
Middle East & North Africa (IDA & IBRD),,2019,10.515
Middle East & North Africa (excluding high income),,2004,8.8
Middle East & North Africa (excluding high income),,2005,8.87
Middle East & North Africa (excluding high income),,2006,9.845
Middle East & North Africa (excluding high income),,2007,10.01
Middle East & North Africa (excluding high income),,2008,10.55
Middle East & North Africa (excluding high income),,2009,10.86
Middle East & North Africa (excluding high income),,2010,10.845
Middle East & North Africa (excluding high income),,2011,10.965
Middle East & North Africa (excluding high income),,2012,11
Middle East & North Africa (excluding high income),,2013,11.16
Middle East & North Africa (excluding high income),,2014,11.75
Middle East & North Africa (excluding high income),,2015,11.67
Middle East & North Africa (excluding high income),,2016,13.57
Middle East & North Africa (excluding high income),,2017,13.72
Middle East & North Africa (excluding high income),,2018,13.81
Middle East & North Africa (excluding high income),,2019,12.8
Middle income,,2004,7.355
Middle income,,2005,7.37
Middle income,,2006,7.23
Middle income,,2007,7.98
Middle income,,2008,8.615
Middle income,,2009,8.96
Middle income,,2010,9.49
Middle income,,2011,10.355
Middle income,,2012,10.295
Middle income,,2013,10.42
Middle income,,2014,10.83
Middle income,,2015,10.66
Middle income,,2016,10.96
Middle income,,2017,10.44
Middle income,,2018,11.14
Middle income,,2019,11.845
Moldova,MDA,2004,37.11
Moldova,MDA,2005,40.11
Moldova,MDA,2006,41.5
Moldova,MDA,2007,44.68
Moldova,MDA,2008,49.6
Moldova,MDA,2009,48.69
Moldova,MDA,2010,49.19
Moldova,MDA,2011,52.74
Moldova,MDA,2012,53.2
Moldova,MDA,2013,54.04
Moldova,MDA,2014,56.23
Moldova,MDA,2015,34.56
Moldova,MDA,2016,34.54
Moldova,MDA,2017,34.71
Moldova,MDA,2018,35.36
Moldova,MDA,2019,32.48
Mongolia,MNG,2004,40.01
Mongolia,MNG,2005,41.66
Mongolia,MNG,2006,46.11
Mongolia,MNG,2007,53.07
Mongolia,MNG,2008,57.23
Mongolia,MNG,2009,54.3
Mongolia,MNG,2010,54.61
Mongolia,MNG,2011,65.69
Mongolia,MNG,2012,68.21
Mongolia,MNG,2013,70.68
Mongolia,MNG,2014,71.23
Mongolia,MNG,2015,70.13
Mongolia,MNG,2016,69.83
Mongolia,MNG,2017,69.92
Mongolia,MNG,2018,69.17
Mongolia,MNG,2019,63.89
Montenegro,MNE,2004,21.09
Montenegro,MNE,2005,25.09
Montenegro,MNE,2006,27.24
Montenegro,MNE,2007,34.65
Montenegro,MNE,2008,41.77
Montenegro,MNE,2009,43.58
Montenegro,MNE,2010,39.78
Montenegro,MNE,2011,40.28
Montenegro,MNE,2012,40.57
Montenegro,MNE,2013,42.42
Montenegro,MNE,2014,41.9
Montenegro,MNE,2015,42.99
Montenegro,MNE,2016,44.27
Montenegro,MNE,2017,43.63
Montenegro,MNE,2018,43.62
Montenegro,MNE,2019,40.85
Morocco,MAR,2004,9.9
Morocco,MAR,2005,10.62
Morocco,MAR,2006,11.49
Morocco,MAR,2007,12.63
Morocco,MAR,2008,14.15
Morocco,MAR,2009,19.56
Morocco,MAR,2010,20.79
Morocco,MAR,2011,21.81
Morocco,MAR,2012,22.86
Morocco,MAR,2013,23.59
Morocco,MAR,2014,24.06
Morocco,MAR,2015,24.58
Morocco,MAR,2016,24.8
Morocco,MAR,2017,24.85
Morocco,MAR,2018,24.89
Morocco,MAR,2019,24.61
Mozambique,MOZ,2004,1.82
Mozambique,MOZ,2005,2.05
Mozambique,MOZ,2006,2.09
Mozambique,MOZ,2007,2.42
Mozambique,MOZ,2008,2.57
Mozambique,MOZ,2009,2.94
Mozambique,MOZ,2010,3.38
Mozambique,MOZ,2011,3.62
Mozambique,MOZ,2012,3.85
Mozambique,MOZ,2013,3.87
Mozambique,MOZ,2014,4.12
Mozambique,MOZ,2015,4.29
Mozambique,MOZ,2016,4.36
Mozambique,MOZ,2017,4.3
Mozambique,MOZ,2018,4.24
Mozambique,MOZ,2019,4.1
Myanmar,MMR,2004,1.81
Myanmar,MMR,2005,1.72
Myanmar,MMR,2006,1.42
Myanmar,MMR,2007,1.44
Myanmar,MMR,2008,1.47
Myanmar,MMR,2009,1.49
Myanmar,MMR,2010,1.53
Myanmar,MMR,2011,1.68
Myanmar,MMR,2012,1.86
Myanmar,MMR,2013,2.74
Myanmar,MMR,2014,3.39
Myanmar,MMR,2015,3.36
Myanmar,MMR,2016,3.4
Myanmar,MMR,2017,4.7
Myanmar,MMR,2018,5.09
Myanmar,MMR,2019,5.61
Namibia,NAM,2004,11.26
Namibia,NAM,2005,11.16
Namibia,NAM,2006,12.12
Namibia,NAM,2007,12.71
Namibia,NAM,2008,12.81
Namibia,NAM,2009,12.82
Namibia,NAM,2010,12.82
Namibia,NAM,2011,12.95
Namibia,NAM,2012,12.84
Namibia,NAM,2013,12.94
Namibia,NAM,2014,13.53
Namibia,NAM,2015,13.62
Namibia,NAM,2016,15.45
Namibia,NAM,2017,10.48
Namibia,NAM,2018,11.39
Namibia,NAM,2019,11.18
Nepal,NPL,2004,2.56
Nepal,NPL,2005,2.51
Nepal,NPL,2006,2.55
Nepal,NPL,2007,3.5
Nepal,NPL,2008,3.48
Nepal,NPL,2009,4.59
Nepal,NPL,2010,5.1
Nepal,NPL,2011,7.35
Nepal,NPL,2012,8.54
Nepal,NPL,2013,8.62
Nepal,NPL,2014,8.88
Nepal,NPL,2015,9.45
Nepal,NPL,2016,10.28
Nepal,NPL,2017,12.14
Nepal,NPL,2018,15.47
Nepal,NPL,2019,17.79
Netherlands,NLD,2004,33.61
Netherlands,NLD,2005,28.07
Netherlands,NLD,2006,27.7
Netherlands,NLD,2007,28.66
Netherlands,NLD,2008,27.57
Netherlands,NLD,2009,25.22
Netherlands,NLD,2010,23.02
Netherlands,NLD,2011,21.31
Netherlands,NLD,2012,19.65
Netherlands,NLD,2013,17.35
Netherlands,NLD,2014,14.79
Netherlands,NLD,2015,13.99
Netherlands,NLD,2016,12.46
Netherlands,NLD,2017,11.92
Netherlands,NLD,2018,10.94
Netherlands,NLD,2019,9.25
New Zealand,NZL,2004,35.01
New Zealand,NZL,2005,35.15
New Zealand,NZL,2006,35.35
New Zealand,NZL,2007,35.14
New Zealand,NZL,2008,34.99
New Zealand,NZL,2009,35.7
New Zealand,NZL,2010,34.49
New Zealand,NZL,2011,33.91
New Zealand,NZL,2012,33.32
New Zealand,NZL,2013,30.83
New Zealand,NZL,2014,29.56
New Zealand,NZL,2015,28.96
New Zealand,NZL,2016,29.71
New Zealand,NZL,2017,27.28
New Zealand,NZL,2018,27
New Zealand,NZL,2019,25.44
Nicaragua,NIC,2004,4.87
Nicaragua,NIC,2005,6.2
Nicaragua,NIC,2006,6.9
Nicaragua,NIC,2007,7.34
Nicaragua,NIC,2008,8.12
Nicaragua,NIC,2009,8.05
Nicaragua,NIC,2010,6.75
Nicaragua,NIC,2011,7.11
Nicaragua,NIC,2012,7.02
Nicaragua,NIC,2013,7.37
Nicaragua,NIC,2014,7.57
Nicaragua,NIC,2015,8.09
Nicaragua,NIC,2016,11.07
Nicaragua,NIC,2017,11.16
Nicaragua,NIC,2018,9.44
Nicaragua,NIC,2019,8.8
Niger,NER,2004,0.52
Niger,NER,2005,0.68
Niger,NER,2006,0.76
Niger,NER,2007,0.92
Niger,NER,2008,1.07
Niger,NER,2009,1.12
Niger,NER,2010,1.22
Niger,NER,2011,1.25
Niger,NER,2012,1.55
Niger,NER,2013,1.65
Niger,NER,2014,1.66
Niger,NER,2015,1.71
Niger,NER,2016,1.67
Niger,NER,2017,1.68
Niger,NER,2018,1.63
Niger,NER,2019,1.63
Nigeria,NGA,2004,4.7
Nigeria,NGA,2005,4.18
Nigeria,NGA,2006,3.78
Nigeria,NGA,2007,5.21
Nigeria,NGA,2008,6.27
Nigeria,NGA,2009,6.48
Nigeria,NGA,2010,6.56
Nigeria,NGA,2011,6.41
Nigeria,NGA,2012,5.82
Nigeria,NGA,2013,5.9
Nigeria,NGA,2014,5.61
Nigeria,NGA,2015,4.98
Nigeria,NGA,2016,4.74
Nigeria,NGA,2017,4.44
Nigeria,NGA,2018,4.3
North America,,2004,32.69
North America,,2005,33.28
North America,,2006,29.26
North America,,2007,29.72
North America,,2008,29.89
North America,,2009,30.05
North America,,2010,29.74
North America,,2011,29.67
North America,,2012,29.605
North America,,2013,28.485
North America,,2014,27.785
North America,,2015,27.775
North America,,2016,27.18
North America,,2017,25.985
North America,,2018,25.445
North America,,2019,25.025
North Macedonia,MKD,2004,17.29
North Macedonia,MKD,2005,16.42
North Macedonia,MKD,2006,18.79
North Macedonia,MKD,2007,19.97
North Macedonia,MKD,2008,24.35
North Macedonia,MKD,2009,25.31
North Macedonia,MKD,2010,25.65
North Macedonia,MKD,2011,24.16
North Macedonia,MKD,2012,24.65
North Macedonia,MKD,2013,24.76
North Macedonia,MKD,2014,24.87
North Macedonia,MKD,2015,24.69
North Macedonia,MKD,2016,25.01
North Macedonia,MKD,2017,25.65
North Macedonia,MKD,2018,24.15
North Macedonia,MKD,2019,24.11
Norway,NOR,2005,12.08
Norway,NOR,2006,12.01
Norway,NOR,2007,12.31
Norway,NOR,2008,11.7
Norway,NOR,2009,11.02
Norway,NOR,2010,10.96
Norway,NOR,2011,10.73
Norway,NOR,2012,9.93
Norway,NOR,2013,8.94
Norway,NOR,2014,8.51
Norway,NOR,2015,7.73
Norway,NOR,2016,6.16
Norway,NOR,2017,5.5
OECD members,,2004,27.825
OECD members,,2005,26.15
OECD members,,2006,27.62
OECD members,,2007,28.66
OECD members,,2008,27.68
OECD members,,2009,25.935
OECD members,,2010,25.495
OECD members,,2011,24.125
OECD members,,2012,24.07
OECD members,,2013,23.055
OECD members,,2014,22.09
OECD members,,2015,22.1
OECD members,,2016,21.61
OECD members,,2017,20.71
OECD members,,2018,20.215
OECD members,,2019,19.42
Oman,OMN,2004,21.16
Oman,OMN,2005,20.17
Oman,OMN,2006,19.64
Oman,OMN,2007,20.06
Oman,OMN,2008,20.67
Oman,OMN,2009,21.1
Oman,OMN,2010,20.4
Oman,OMN,2011,19.45
Oman,OMN,2012,18.51
Oman,OMN,2013,18.64
Oman,OMN,2014,17
Oman,OMN,2015,16.37
Oman,OMN,2016,15.95
Oman,OMN,2017,14.57
Oman,OMN,2018,14.59
Other small states,,2004,7
Other small states,,2005,6.465
Other small states,,2006,6.695
Other small states,,2007,7.15
Other small states,,2008,7.885
Other small states,,2009,8.005
Other small states,,2010,8.975
Other small states,,2011,8.655
Other small states,,2012,8.96
Other small states,,2013,9.24
Other small states,,2014,8.895
Other small states,,2015,8.61
Other small states,,2016,9.08
Other small states,,2017,7.635
Other small states,,2018,7.45
Other small states,,2019,9.15
Pakistan,PAK,2004,7.59
Pakistan,PAK,2005,7.67
Pakistan,PAK,2006,7.8
Pakistan,PAK,2007,8.02
Pakistan,PAK,2008,8.33
Pakistan,PAK,2009,8.37
Pakistan,PAK,2010,8.38
Pakistan,PAK,2011,8.53
Pakistan,PAK,2012,8.75
Pakistan,PAK,2013,9.05
Pakistan,PAK,2014,9.31
Pakistan,PAK,2015,9.65
Pakistan,PAK,2016,9.95
Pakistan,PAK,2017,10.18
Pakistan,PAK,2018,10.28
Pakistan,PAK,2019,10.41
Palestine,PSE,2004,8.77
Palestine,PSE,2005,8.68
Palestine,PSE,2006,9.05
Palestine,PSE,2007,9.28
Palestine,PSE,2008,10.41
Palestine,PSE,2009,10.87
Palestine,PSE,2010,10.53
Palestine,PSE,2011,10.79
Palestine,PSE,2012,10.65
Palestine,PSE,2013,10.52
Palestine,PSE,2014,11.04
Palestine,PSE,2015,11.3
Palestine,PSE,2016,12.28
Palestine,PSE,2017,13.01
Palestine,PSE,2018,13.08
Palestine,PSE,2019,12.8
Panama,PAN,2007,21.43
Panama,PAN,2008,22.48
Panama,PAN,2009,22.36
Panama,PAN,2010,22.7
Panama,PAN,2011,22.65
Panama,PAN,2012,22.26
Panama,PAN,2013,23.59
Panama,PAN,2014,23.96
Panama,PAN,2015,23.61
Panama,PAN,2016,23.37
Panama,PAN,2017,22.22
Panama,PAN,2018,21.66
Panama,PAN,2019,20.2
Papua New Guinea,PNG,2004,1.79
Papua New Guinea,PNG,2005,1.77
Papua New Guinea,PNG,2006,1.68
Papua New Guinea,PNG,2007,1.68
Papua New Guinea,PNG,2008,1.64
Papua New Guinea,PNG,2009,1.55
Papua New Guinea,PNG,2010,1.6
Papua New Guinea,PNG,2011,1.71
Papua New Guinea,PNG,2012,1.71
Papua New Guinea,PNG,2013,1.66
Papua New Guinea,PNG,2014,1.62
Papua New Guinea,PNG,2015,1.58
Papua New Guinea,PNG,2016,1.54
Papua New Guinea,PNG,2017,1.5
Papua New Guinea,PNG,2018,1.52
Paraguay,PRY,2004,4.15
Paraguay,PRY,2005,3.99
Paraguay,PRY,2006,4.05
Paraguay,PRY,2007,4.32
Paraguay,PRY,2008,5.75
Paraguay,PRY,2009,7.12
Paraguay,PRY,2010,8.57
Paraguay,PRY,2011,9.51
Paraguay,PRY,2012,10.02
Paraguay,PRY,2013,10.32
Paraguay,PRY,2014,9.1
Paraguay,PRY,2015,10.12
Paraguay,PRY,2016,10.1
Paraguay,PRY,2017,10.21
Paraguay,PRY,2018,10.15
Paraguay,PRY,2019,10.4
Peru,PER,2004,4.21
Peru,PER,2005,4.34
Peru,PER,2006,4.52
Peru,PER,2007,5.19
Peru,PER,2008,6.71
Peru,PER,2009,6.82
Peru,PER,2010,6.92
Peru,PER,2011,7.17
Peru,PER,2012,7.79
Peru,PER,2013,7.94
Peru,PER,2014,8.25
Peru,PER,2015,8.37
Peru,PER,2016,8.1
Peru,PER,2017,7.6
Peru,PER,2018,7.22
Peru,PER,2019,6.56
Philippines,PHL,2004,8.21
Philippines,PHL,2005,8
Philippines,PHL,2006,7.8
Philippines,PHL,2007,7.53
Philippines,PHL,2008,7.57
Philippines,PHL,2009,7.49
Philippines,PHL,2010,7.55
Philippines,PHL,2011,7.66
Philippines,PHL,2012,7.93
Philippines,PHL,2013,8.24
Philippines,PHL,2014,8.62
Philippines,PHL,2015,8.76
Philippines,PHL,2016,8.84
Philippines,PHL,2017,8.99
Philippines,PHL,2018,9.02
Philippines,PHL,2019,9.2
Poland,POL,2004,26.62
Poland,POL,2005,26.59
Poland,POL,2006,27.62
Poland,POL,2007,29.71
Poland,POL,2008,32.75
Poland,POL,2009,32.94
Poland,POL,2010,32.19
Poland,POL,2011,32.57
Poland,POL,2012,33.96
Poland,POL,2013,32.95
Poland,POL,2014,32.93
Poland,POL,2015,31.12
Poland,POL,2016,31.01
Poland,POL,2017,29.31
Poland,POL,2018,29.73
Poland,POL,2019,28.95
Portugal,PRT,2004,66.45
Portugal,PRT,2005,68.15
Portugal,PRT,2006,70.74
Portugal,PRT,2007,61.51
Portugal,PRT,2008,64.21
Portugal,PRT,2009,65.78
Portugal,PRT,2010,65.87
Portugal,PRT,2011,63.95
Portugal,PRT,2012,61.1
Portugal,PRT,2013,58.03
Portugal,PRT,2014,53.39
Portugal,PRT,2015,35.5
Portugal,PRT,2016,42.7
Portugal,PRT,2017,42.79
Portugal,PRT,2018,39.11
Portugal,PRT,2019,38.24
Post-demographic dividend,,2004,29.74
Post-demographic dividend,,2005,28.07
Post-demographic dividend,,2006,28.12
Post-demographic dividend,,2007,30.8
Post-demographic dividend,,2008,30.645
Post-demographic dividend,,2009,30.365
Post-demographic dividend,,2010,29.9
Post-demographic dividend,,2011,27.3
Post-demographic dividend,,2012,27.625
Post-demographic dividend,,2013,27.575
Post-demographic dividend,,2014,27.79
Post-demographic dividend,,2015,24.69
Post-demographic dividend,,2016,24.05
Post-demographic dividend,,2017,21.28
Post-demographic dividend,,2018,21.26
Post-demographic dividend,,2019,20.98
Pre-demographic dividend,,2004,1.15
Pre-demographic dividend,,2005,1.205
Pre-demographic dividend,,2006,1.34
Pre-demographic dividend,,2007,1.86
Pre-demographic dividend,,2008,2.05
Pre-demographic dividend,,2009,2.42
Pre-demographic dividend,,2010,2.57
Pre-demographic dividend,,2011,2.64
Pre-demographic dividend,,2012,3.17
Pre-demographic dividend,,2013,3.34
Pre-demographic dividend,,2014,3.46
Pre-demographic dividend,,2015,3.37
Pre-demographic dividend,,2016,3.44
Pre-demographic dividend,,2017,3.67
Pre-demographic dividend,,2018,3.64
Pre-demographic dividend,,2019,3.97
Qatar,QAT,2004,21.49
Qatar,QAT,2005,20.22
Qatar,QAT,2006,18.56
Qatar,QAT,2007,17.78
Qatar,QAT,2008,17.65
Qatar,QAT,2009,17.39
Qatar,QAT,2010,17.13
Qatar,QAT,2011,12.43
Qatar,QAT,2012,12.31
Qatar,QAT,2013,11.53
Qatar,QAT,2014,13.23
Qatar,QAT,2015,10.58
Qatar,QAT,2016,11.32
Qatar,QAT,2017,9.12
Qatar,QAT,2018,7.19
Qatar,QAT,2019,9.44
Romania,ROU,2008,36.73
Romania,ROU,2009,36.21
Romania,ROU,2010,35.44
Romania,ROU,2011,35.27
Romania,ROU,2012,33.2
Romania,ROU,2013,31.64
Romania,ROU,2014,30.74
Romania,ROU,2015,28.72
Romania,ROU,2016,28.02
Romania,ROU,2017,26.68
Romania,ROU,2018,25.58
Romania,ROU,2019,23.68
Russia,RUS,2004,26.76
Russia,RUS,2005,28.43
Russia,RUS,2006,30.36
Russia,RUS,2007,33.64
Russia,RUS,2008,35.57
Russia,RUS,2009,34.64
Russia,RUS,2010,35.06
Russia,RUS,2011,36.75
Russia,RUS,2012,38.25
Russia,RUS,2013,38.52
Russia,RUS,2014,37.04
Russia,RUS,2015,32.93
Russia,RUS,2016,30.13
Russia,RUS,2017,29.23
Russia,RUS,2018,26.26
Russia,RUS,2019,25.64
Rwanda,RWA,2004,0.4
Rwanda,RWA,2005,0.78
Rwanda,RWA,2006,0.74
Rwanda,RWA,2007,1.1
Rwanda,RWA,2008,4.67
Rwanda,RWA,2009,5
Rwanda,RWA,2010,4.99
Rwanda,RWA,2011,5.56
Rwanda,RWA,2012,5.73
Rwanda,RWA,2013,6.07
Rwanda,RWA,2014,5.94
Rwanda,RWA,2015,6.22
Rwanda,RWA,2016,6.28
Rwanda,RWA,2017,6.18
Rwanda,RWA,2018,5.77
Rwanda,RWA,2019,5.32
Saint Kitts and Nevis,KNA,2004,57.56
Saint Kitts and Nevis,KNA,2005,56.8
Saint Kitts and Nevis,KNA,2006,56.11
Saint Kitts and Nevis,KNA,2007,55.46
Saint Kitts and Nevis,KNA,2008,59.84
Saint Kitts and Nevis,KNA,2009,59.19
Saint Kitts and Nevis,KNA,2010,58.55
Saint Kitts and Nevis,KNA,2011,48.26
Saint Kitts and Nevis,KNA,2012,50.11
Saint Kitts and Nevis,KNA,2013,49.57
Saint Kitts and Nevis,KNA,2014,44.37
Saint Kitts and Nevis,KNA,2015,43.92
Saint Kitts and Nevis,KNA,2016,41.21
Saint Kitts and Nevis,KNA,2017,31.75
Saint Kitts and Nevis,KNA,2018,33
Saint Kitts and Nevis,KNA,2019,32.46
Saint Lucia,LCA,2004,25.14
Saint Lucia,LCA,2005,24.57
Saint Lucia,LCA,2006,23.93
Saint Lucia,LCA,2007,23.31
Saint Lucia,LCA,2008,22.72
Saint Lucia,LCA,2009,22.17
Saint Lucia,LCA,2010,21.7
Saint Lucia,LCA,2011,21.29
Saint Lucia,LCA,2012,20.96
Saint Lucia,LCA,2013,20.68
Saint Lucia,LCA,2014,20.42
Saint Lucia,LCA,2015,19.48
Saint Lucia,LCA,2016,15.84
Saint Lucia,LCA,2017,15.67
Saint Lucia,LCA,2018,15.52
Saint Lucia,LCA,2019,15.38
Saint Vincent and the Grenadines,VCT,2009,21.35
Saint Vincent and the Grenadines,VCT,2010,21.17
Saint Vincent and the Grenadines,VCT,2011,21.07
Saint Vincent and the Grenadines,VCT,2012,20.93
Saint Vincent and the Grenadines,VCT,2013,20.76
Saint Vincent and the Grenadines,VCT,2014,20.59
Saint Vincent and the Grenadines,VCT,2015,20.42
Saint Vincent and the Grenadines,VCT,2016,16.69
Saint Vincent and the Grenadines,VCT,2017,16.54
Saint Vincent and the Grenadines,VCT,2018,16.4
Saint Vincent and the Grenadines,VCT,2019,16.27
Samoa,WSM,2004,17.68
Samoa,WSM,2005,18.43
Samoa,WSM,2006,20.95
Samoa,WSM,2007,23.41
Samoa,WSM,2008,23.14
Samoa,WSM,2009,26.41
Samoa,WSM,2010,25.28
Samoa,WSM,2011,18.11
Samoa,WSM,2012,18.8
Samoa,WSM,2013,22.91
Samoa,WSM,2014,24.52
Samoa,WSM,2015,21.96
Samoa,WSM,2016,23.46
Samoa,WSM,2017,23.32
Samoa,WSM,2018,23.97
Samoa,WSM,2019,23.68
San Marino,SMR,2004,237
San Marino,SMR,2005,258.17
San Marino,SMR,2006,274.83
San Marino,SMR,2007,287.24
San Marino,SMR,2008,283.7
San Marino,SMR,2009,280.26
San Marino,SMR,2010,276.78
San Marino,SMR,2011,258.34
San Marino,SMR,2012,258.72
San Marino,SMR,2013,251.95
San Marino,SMR,2014,238.38
San Marino,SMR,2015,229.03
San Marino,SMR,2016,223.81
San Marino,SMR,2017,189.93
San Marino,SMR,2018,181.18
San Marino,SMR,2019,140.45
Sao Tome and Principe,STP,2008,19.67
Sao Tome and Principe,STP,2009,24.14
Sao Tome and Principe,STP,2010,28.41
Sao Tome and Principe,STP,2011,28.73
Sao Tome and Principe,STP,2012,31.91
Sao Tome and Principe,STP,2013,32.24
Sao Tome and Principe,STP,2014,30.72
Sao Tome and Principe,STP,2015,30.09
Sao Tome and Principe,STP,2016,25.09
Sao Tome and Principe,STP,2017,24.51
Sao Tome and Principe,STP,2018,20.61
Saudi Arabia,SAU,2004,8.13
Saudi Arabia,SAU,2005,7.86
Saudi Arabia,SAU,2006,7.95
Saudi Arabia,SAU,2007,8.01
Saudi Arabia,SAU,2008,8.02
Saudi Arabia,SAU,2009,8.3
Saudi Arabia,SAU,2010,8.36
Saudi Arabia,SAU,2011,8.28
Saudi Arabia,SAU,2012,8.17
Saudi Arabia,SAU,2013,8.17
Saudi Arabia,SAU,2014,8.51
Saudi Arabia,SAU,2015,8.55
Saudi Arabia,SAU,2016,8.53
Saudi Arabia,SAU,2017,8.5
Saudi Arabia,SAU,2018,8.34
Saudi Arabia,SAU,2019,8.16
Senegal,SEN,2004,2.01
Senegal,SEN,2005,2.55
Senegal,SEN,2006,2.96
Senegal,SEN,2007,3.14
Senegal,SEN,2008,3.81
Senegal,SEN,2009,3.99
Senegal,SEN,2010,4.24
Senegal,SEN,2011,4.55
Senegal,SEN,2012,4.79
Senegal,SEN,2013,4.7
Senegal,SEN,2014,4.76
Senegal,SEN,2015,5.1
Senegal,SEN,2016,5.14
Senegal,SEN,2017,5.76
Senegal,SEN,2018,5.6
Senegal,SEN,2019,5.76
Serbia,SRB,2004,22.32
Serbia,SRB,2005,32.06
Serbia,SRB,2006,36.41
Serbia,SRB,2007,40.72
Serbia,SRB,2008,45.51
Serbia,SRB,2009,43.94
Serbia,SRB,2010,41.24
Serbia,SRB,2011,39.75
Serbia,SRB,2012,37.45
Serbia,SRB,2013,33.7
Serbia,SRB,2014,30.4
Serbia,SRB,2015,29.54
Serbia,SRB,2016,29.41
Serbia,SRB,2017,27.92
Serbia,SRB,2018,27.52
Serbia,SRB,2019,27.6
Seychelles,SYC,2004,42.36
Seychelles,SYC,2005,40.21
Seychelles,SYC,2006,40.85
Seychelles,SYC,2007,40.45
Seychelles,SYC,2008,46.85
Seychelles,SYC,2009,46.32
Seychelles,SYC,2010,46.18
Seychelles,SYC,2011,47.42
Seychelles,SYC,2012,48.42
Seychelles,SYC,2013,49.02
Seychelles,SYC,2014,54.04
Seychelles,SYC,2015,54.36
Seychelles,SYC,2016,53.72
Seychelles,SYC,2017,53.18
Seychelles,SYC,2018,51.43
Seychelles,SYC,2019,55.07
Sierra Leone,SLE,2004,1.12
Sierra Leone,SLE,2005,1.2
Sierra Leone,SLE,2006,1.34
Sierra Leone,SLE,2007,1.6
Sierra Leone,SLE,2008,2.02
Sierra Leone,SLE,2009,2.45
Sierra Leone,SLE,2010,2.57
Sierra Leone,SLE,2011,2.64
Sierra Leone,SLE,2012,2.65
Singapore,SGP,2004,11.46
Singapore,SGP,2005,11.24
Singapore,SGP,2006,10.89
Singapore,SGP,2007,10.45
Singapore,SGP,2008,9.98
Singapore,SGP,2009,9.87
Singapore,SGP,2010,9.83
Singapore,SGP,2011,9.6
Singapore,SGP,2012,9.42
Singapore,SGP,2013,9.11
Singapore,SGP,2014,9.01
Singapore,SGP,2015,8.95
Singapore,SGP,2016,8.68
Singapore,SGP,2017,8.22
Singapore,SGP,2018,8.13
Singapore,SGP,2019,7.82
Slovakia,SVK,2004,25.22
Slovakia,SVK,2005,25.71
Slovakia,SVK,2006,26.3
Slovakia,SVK,2007,25.96
Slovakia,SVK,2008,27.79
Slovakia,SVK,2009,26.46
Slovakia,SVK,2010,26.29
Slovakia,SVK,2011,25.97
Slovakia,SVK,2012,26.63
Slovakia,SVK,2013,26.89
Slovakia,SVK,2014,27.98
Slovakia,SVK,2015,28.26
Slovakia,SVK,2016,28.25
Slovakia,SVK,2017,26.91
Slovakia,SVK,2018,25.6
Slovakia,SVK,2019,24.81
Slovenia,SVN,2004,40.97
Slovenia,SVN,2005,40.09
Slovenia,SVN,2006,39.65
Slovenia,SVN,2007,40.22
Slovenia,SVN,2008,39.38
Slovenia,SVN,2009,39.58
Slovenia,SVN,2010,38.76
Slovenia,SVN,2011,38.32
Slovenia,SVN,2012,38.47
Slovenia,SVN,2013,34.43
Slovenia,SVN,2014,31.83
Slovenia,SVN,2015,31.18
Slovenia,SVN,2016,30.63
Slovenia,SVN,2017,29.46
Slovenia,SVN,2018,27.92
Slovenia,SVN,2019,27.76
Small states,,2004,7
Small states,,2005,6.695
Small states,,2006,6.85
Small states,,2007,7.32
Small states,,2008,7.885
Small states,,2009,8.005
Small states,,2010,8.975
Small states,,2011,8.655
Small states,,2012,8.96
Small states,,2013,9.24
Small states,,2014,8.895
Small states,,2015,8.61
Small states,,2016,9.08
Small states,,2017,7.635
Small states,,2018,7.475
Small states,,2019,9.15
Solomon Islands,SLB,2004,7.45
Solomon Islands,SLB,2005,7.98
Solomon Islands,SLB,2006,8.13
Solomon Islands,SLB,2007,7.93
Solomon Islands,SLB,2008,7.73
Solomon Islands,SLB,2009,7.54
Solomon Islands,SLB,2010,4.48
Solomon Islands,SLB,2011,4.04
Solomon Islands,SLB,2012,3.93
Solomon Islands,SLB,2013,3.53
Solomon Islands,SLB,2014,4.01
Solomon Islands,SLB,2015,3.9
Solomon Islands,SLB,2016,4.06
Solomon Islands,SLB,2017,4.22
South Africa,ZAF,2004,4.69
South Africa,ZAF,2005,7
South Africa,ZAF,2006,7.23
South Africa,ZAF,2007,5.88
South Africa,ZAF,2008,7.68
South Africa,ZAF,2009,9.07
South Africa,ZAF,2010,9.77
South Africa,ZAF,2011,10.24
South Africa,ZAF,2012,9.92
South Africa,ZAF,2013,10.07
South Africa,ZAF,2014,10.83
South Africa,ZAF,2015,10.42
South Africa,ZAF,2016,10.13
South Africa,ZAF,2017,10.4
South Africa,ZAF,2018,10.16
South Africa,ZAF,2019,9.59
South Asia,,2004,7.355
South Asia,,2005,7.37
South Asia,,2006,7.45
South Asia,,2007,7.575
South Asia,,2008,7.755
South Asia,,2009,7.885
South Asia,,2010,8.02
South Asia,,2011,8.2
South Asia,,2012,8.645
South Asia,,2013,8.835
South Asia,,2014,9.095
South Asia,,2015,9.55
South Asia,,2016,9.95
South Asia,,2017,10.18
South Asia,,2018,10.28
South Asia,,2019,10.41
South Asia (IDA & IBRD),,2004,7.355
South Asia (IDA & IBRD),,2005,7.37
South Asia (IDA & IBRD),,2006,7.45
South Asia (IDA & IBRD),,2007,7.575
South Asia (IDA & IBRD),,2008,7.755
South Asia (IDA & IBRD),,2009,7.885
South Asia (IDA & IBRD),,2010,8.02
South Asia (IDA & IBRD),,2011,8.2
South Asia (IDA & IBRD),,2012,8.645
South Asia (IDA & IBRD),,2013,8.835
South Asia (IDA & IBRD),,2014,9.095
South Asia (IDA & IBRD),,2015,9.55
South Asia (IDA & IBRD),,2016,9.95
South Asia (IDA & IBRD),,2017,10.18
South Asia (IDA & IBRD),,2018,10.28
South Asia (IDA & IBRD),,2019,10.41
South Korea,KOR,2004,16.8
South Korea,KOR,2005,17.33
South Korea,KOR,2006,17.82
South Korea,KOR,2007,18.31
South Korea,KOR,2008,18.7
South Korea,KOR,2009,18.19
South Korea,KOR,2010,18.18
South Korea,KOR,2011,18.22
South Korea,KOR,2012,18.31
South Korea,KOR,2013,18.02
South Korea,KOR,2014,17.2
South Korea,KOR,2015,16.75
South Korea,KOR,2016,16.24
South Korea,KOR,2017,15.44
South Korea,KOR,2018,15.28
South Korea,KOR,2019,15.11
South Sudan,SSD,2009,0.68
South Sudan,SSD,2010,0.73
South Sudan,SSD,2011,0.75
South Sudan,SSD,2012,0.96
South Sudan,SSD,2013,1.47
South Sudan,SSD,2014,1.9
South Sudan,SSD,2015,1.62
South Sudan,SSD,2016,1.65
South Sudan,SSD,2017,1.46
South Sudan,SSD,2018,1.38
South Sudan,SSD,2019,1.41
Spain,ESP,2004,97.43
Spain,ESP,2005,99.19
Spain,ESP,2006,101.83
Spain,ESP,2007,104.34
Spain,ESP,2008,103.97
Spain,ESP,2009,99.3
Spain,ESP,2010,95.93
Spain,ESP,2011,88.42
Spain,ESP,2012,83.89
Spain,ESP,2013,73.61
Spain,ESP,2014,69.68
Spain,ESP,2015,67.51
Spain,ESP,2016,61.81
Spain,ESP,2017,58.57
Spain,ESP,2018,55.11
Spain,ESP,2019,49.66
Sri Lanka,LKA,2004,8.7
Sri Lanka,LKA,2005,9.01
Sri Lanka,LKA,2006,12
Sri Lanka,LKA,2007,13.25
Sri Lanka,LKA,2008,14.08
Sri Lanka,LKA,2009,14.89
Sri Lanka,LKA,2010,15.86
Sri Lanka,LKA,2011,17.28
Sri Lanka,LKA,2012,18.01
Sri Lanka,LKA,2013,18.32
Sri Lanka,LKA,2014,18.47
Sri Lanka,LKA,2015,18.63
Sub-Saharan Africa,,2004,1.49
Sub-Saharan Africa,,2005,1.55
Sub-Saharan Africa,,2006,1.64
Sub-Saharan Africa,,2007,2.045
Sub-Saharan Africa,,2008,2.45
Sub-Saharan Africa,,2009,2.84
Sub-Saharan Africa,,2010,3.38
Sub-Saharan Africa,,2011,3.62
Sub-Saharan Africa,,2012,3.765
Sub-Saharan Africa,,2013,3.88
Sub-Saharan Africa,,2014,4.12
Sub-Saharan Africa,,2015,4.29
Sub-Saharan Africa,,2016,4.55
Sub-Saharan Africa,,2017,4.535
Sub-Saharan Africa,,2018,4.65
Sub-Saharan Africa,,2019,4.65
Sub-Saharan Africa (IDA & IBRD),,2004,1.49
Sub-Saharan Africa (IDA & IBRD),,2005,1.55
Sub-Saharan Africa (IDA & IBRD),,2006,1.64
Sub-Saharan Africa (IDA & IBRD),,2007,2.045
Sub-Saharan Africa (IDA & IBRD),,2008,2.45
Sub-Saharan Africa (IDA & IBRD),,2009,2.84
Sub-Saharan Africa (IDA & IBRD),,2010,3.38
Sub-Saharan Africa (IDA & IBRD),,2011,3.62
Sub-Saharan Africa (IDA & IBRD),,2012,3.765
Sub-Saharan Africa (IDA & IBRD),,2013,3.88
Sub-Saharan Africa (IDA & IBRD),,2014,4.12
Sub-Saharan Africa (IDA & IBRD),,2015,4.29
Sub-Saharan Africa (IDA & IBRD),,2016,4.55
Sub-Saharan Africa (IDA & IBRD),,2017,4.535
Sub-Saharan Africa (IDA & IBRD),,2018,4.65
Sub-Saharan Africa (IDA & IBRD),,2019,4.65
Sub-Saharan Africa (excluding high income),,2004,1.49
Sub-Saharan Africa (excluding high income),,2005,1.55
Sub-Saharan Africa (excluding high income),,2006,1.64
Sub-Saharan Africa (excluding high income),,2007,2.045
Sub-Saharan Africa (excluding high income),,2008,2.45
Sub-Saharan Africa (excluding high income),,2009,2.84
Sub-Saharan Africa (excluding high income),,2010,3.38
Sub-Saharan Africa (excluding high income),,2011,3.62
Sub-Saharan Africa (excluding high income),,2012,3.765
Sub-Saharan Africa (excluding high income),,2013,3.88
Sub-Saharan Africa (excluding high income),,2014,4.12
Sub-Saharan Africa (excluding high income),,2015,4.29
Sub-Saharan Africa (excluding high income),,2016,4.55
Sub-Saharan Africa (excluding high income),,2017,4.535
Sub-Saharan Africa (excluding high income),,2018,4.65
Sub-Saharan Africa (excluding high income),,2019,4.65
Sudan,SDN,2004,2.56
Sudan,SDN,2005,2.43
Sudan,SDN,2006,2.37
Sudan,SDN,2007,2.37
Sudan,SDN,2008,2.37
Sudan,SDN,2009,2.5
Sudan,SDN,2010,2.92
Sudan,SDN,2011,3.02
Sudan,SDN,2012,3.06
Sudan,SDN,2013,3.16
Sudan,SDN,2014,3.2
Sudan,SDN,2015,3.32
Sudan,SDN,2016,3.26
Sudan,SDN,2017,3.32
Sudan,SDN,2018,3.37
Suriname,SUR,2004,10.66
Suriname,SUR,2005,10.79
Suriname,SUR,2006,10.61
Suriname,SUR,2007,10.71
Suriname,SUR,2008,10.52
Suriname,SUR,2009,10.62
Suriname,SUR,2010,11.24
Suriname,SUR,2011,11.06
Suriname,SUR,2012,10.89
Suriname,SUR,2013,12.26
Suriname,SUR,2014,12.33
Suriname,SUR,2015,10.92
Suriname,SUR,2016,11.26
Suriname,SUR,2017,11.59
Suriname,SUR,2018,11.68
Suriname,SUR,2019,11.53
Sweden,SWE,2004,23.57
Sweden,SWE,2005,23.52
Sweden,SWE,2006,23.78
Sweden,SWE,2007,23.59
Sweden,SWE,2008,23.95
Sweden,SWE,2009,22.96
Sweden,SWE,2010,22.5
Sweden,SWE,2011,21.7
Sweden,SWE,2012,21.81
Sweden,SWE,2013,21.54
Sweden,SWE,2014,21.11
Sweden,SWE,2015,19.32
Sweden,SWE,2016,17.54
Sweden,SWE,2017,16.17
Sweden,SWE,2018,14.91
Sweden,SWE,2019,16.42
Switzerland,CHE,2004,57.36
Switzerland,CHE,2005,56.8
Switzerland,CHE,2006,55.62
Switzerland,CHE,2007,55.28
Switzerland,CHE,2008,53.95
Switzerland,CHE,2009,52.68
Switzerland,CHE,2010,51.77
Switzerland,CHE,2011,50.25
Switzerland,CHE,2012,48.88
Switzerland,CHE,2013,47.45
Switzerland,CHE,2014,46.03
Switzerland,CHE,2015,44.35
Switzerland,CHE,2016,42.46
Switzerland,CHE,2017,40.83
Switzerland,CHE,2018,39.52
Switzerland,CHE,2019,38.36
Syria,SYR,2004,2.53
Syria,SYR,2005,2.68
Syria,SYR,2006,2.73
Syria,SYR,2007,2.89
Syria,SYR,2008,3.1
Syria,SYR,2009,3.47
Syria,SYR,2010,3.86
Syria,SYR,2011,4.1
Syria,SYR,2012,4.25
Syria,SYR,2013,4.39
Tajikistan,TJK,2004,4.94
Tajikistan,TJK,2005,5.06
Tajikistan,TJK,2006,5.1
Tajikistan,TJK,2007,5.13
Tajikistan,TJK,2008,5.38
Tajikistan,TJK,2009,5.83
Tajikistan,TJK,2010,6.98
Tajikistan,TJK,2011,17.76
Tajikistan,TJK,2012,19.05
Tajikistan,TJK,2013,22.31
Tajikistan,TJK,2014,23.62
Tajikistan,TJK,2015,25.52
Tajikistan,TJK,2016,27.61
Tajikistan,TJK,2017,24.08
Tajikistan,TJK,2018,22.89
Tanzania,TZA,2005,1.2
Tanzania,TZA,2006,1.18
Tanzania,TZA,2007,1.34
Tanzania,TZA,2008,1.81
Tanzania,TZA,2009,1.92
Tanzania,TZA,2010,2.05
Tanzania,TZA,2011,2.12
Tanzania,TZA,2012,2.27
Tanzania,TZA,2013,2.53
Tanzania,TZA,2014,2.52
Tanzania,TZA,2015,2.55
Thailand,THA,2004,7.75
Thailand,THA,2005,8.27
Thailand,THA,2006,9.08
Thailand,THA,2007,9.69
Thailand,THA,2008,10.31
Thailand,THA,2009,10.8
Thailand,THA,2010,11
Thailand,THA,2011,11.34
Thailand,THA,2012,11.68
Thailand,THA,2013,12.09
Thailand,THA,2014,12.52
Thailand,THA,2015,12.53
Thailand,THA,2016,12.35
Thailand,THA,2017,11.86
Thailand,THA,2018,11.7
Thailand,THA,2019,11.24
Timor,TLS,2005,2
Timor,TLS,2006,1.95
Timor,TLS,2007,1.9
Timor,TLS,2008,1.85
Timor,TLS,2009,1.8
Timor,TLS,2010,1.75
Timor,TLS,2011,3.86
Timor,TLS,2012,4.2
Timor,TLS,2013,4.82
Timor,TLS,2014,4.97
Timor,TLS,2015,4.97
Timor,TLS,2016,4.83
Timor,TLS,2017,5.08
Timor,TLS,2018,6.34
Timor,TLS,2019,6.17
Togo,TGO,2004,1.18
Togo,TGO,2005,1.21
Togo,TGO,2006,1.61
Togo,TGO,2007,2.92
Togo,TGO,2008,3.85
Togo,TGO,2009,4.03
Togo,TGO,2010,4.22
Togo,TGO,2011,4.45
Togo,TGO,2012,4.48
Togo,TGO,2013,4.58
Togo,TGO,2014,4.91
Togo,TGO,2015,5.29
Togo,TGO,2016,5.66
Togo,TGO,2017,5.59
Togo,TGO,2018,5.19
Togo,TGO,2019,5.45
Tonga,TON,2004,24.22
Tonga,TON,2005,20.85
Tonga,TON,2006,20.67
Tonga,TON,2007,22.03
Tonga,TON,2008,23.34
Tonga,TON,2009,21.6
Tonga,TON,2010,21.51
Tonga,TON,2011,21.52
Tonga,TON,2012,20.09
Tonga,TON,2013,21.78
Tonga,TON,2014,18.75
Tonga,TON,2015,31.21
Tonga,TON,2016,30.96
Tonga,TON,2017,33.59
Tonga,TON,2018,33.01
Trinidad and Tobago,TTO,2004,12.59
Trinidad and Tobago,TTO,2005,12.44
Trinidad and Tobago,TTO,2006,12.61
Trinidad and Tobago,TTO,2007,12.8
Trinidad and Tobago,TTO,2008,12.8
Trinidad and Tobago,TTO,2009,12.81
Trinidad and Tobago,TTO,2010,13.49
Trinidad and Tobago,TTO,2011,12.55
Trinidad and Tobago,TTO,2012,12.65
Trinidad and Tobago,TTO,2013,12.48
Trinidad and Tobago,TTO,2014,13.24
Trinidad and Tobago,TTO,2015,12.88
Trinidad and Tobago,TTO,2016,12.8
Trinidad and Tobago,TTO,2017,12.09
Trinidad and Tobago,TTO,2018,11.75
Trinidad and Tobago,TTO,2019,11.51
Tunisia,TUN,2004,11.8
Tunisia,TUN,2005,12.1
Tunisia,TUN,2006,12.89
Tunisia,TUN,2007,13.6
Tunisia,TUN,2008,14.32
Tunisia,TUN,2009,14.88
Tunisia,TUN,2010,16.39
Tunisia,TUN,2011,16.86
Tunisia,TUN,2012,17.45
Tunisia,TUN,2013,18.11
Tunisia,TUN,2014,19.24
Tunisia,TUN,2015,19.99
Tunisia,TUN,2016,20.66
Tunisia,TUN,2017,21.7
Tunisia,TUN,2018,22.08
Turkey,TUR,2005,12.94
Turkey,TUR,2006,14.05
Turkey,TUR,2007,15.32
Turkey,TUR,2008,17.16
Turkey,TUR,2009,17.34
Turkey,TUR,2010,17.88
Turkey,TUR,2011,18.23
Turkey,TUR,2012,18.6
Turkey,TUR,2013,19.63
Turkey,TUR,2014,19.59
Turkey,TUR,2015,19.14
Turkey,TUR,2016,18.07
Turkey,TUR,2017,17.32
Turkey,TUR,2018,16.82
Turkey,TUR,2019,16.1
Uganda,UGA,2004,1.15
Uganda,UGA,2005,1.21
Uganda,UGA,2006,1.22
Uganda,UGA,2007,1.41
Uganda,UGA,2008,2.08
Uganda,UGA,2009,2.42
Uganda,UGA,2010,2.52
Uganda,UGA,2011,2.45
Uganda,UGA,2012,2.77
Uganda,UGA,2013,2.97
Uganda,UGA,2014,3.05
Uganda,UGA,2015,3.03
Uganda,UGA,2016,2.88
Uganda,UGA,2017,2.67
Uganda,UGA,2018,2.58
Uganda,UGA,2019,2.58
Ukraine,UKR,2004,3.71
Ukraine,UKR,2005,3.86
Ukraine,UKR,2006,3.87
Ukraine,UKR,2007,3.86
Ukraine,UKR,2008,3.74
Ukraine,UKR,2009,3.22
Ukraine,UKR,2010,2.33
Ukraine,UKR,2011,1.6
Ukraine,UKR,2012,1.07
Ukraine,UKR,2013,0.92
Ukraine,UKR,2014,0.77
Ukraine,UKR,2015,0.56
Ukraine,UKR,2016,0.5
Ukraine,UKR,2017,0.45
Ukraine,UKR,2018,0.43
Ukraine,UKR,2019,0.42
United Arab Emirates,ARE,2004,15.07
United Arab Emirates,ARE,2005,13.32
United Arab Emirates,ARE,2006,12.61
United Arab Emirates,ARE,2007,12.16
United Arab Emirates,ARE,2008,12.31
United Arab Emirates,ARE,2009,11.82
United Arab Emirates,ARE,2010,11.69
United Arab Emirates,ARE,2011,11.67
United Arab Emirates,ARE,2012,11.96
United Arab Emirates,ARE,2013,12.39
United Arab Emirates,ARE,2014,12.75
United Arab Emirates,ARE,2015,12.79
United Arab Emirates,ARE,2016,12.37
United Arab Emirates,ARE,2017,11.27
United Arab Emirates,ARE,2018,10.74
United Arab Emirates,ARE,2019,9.53
United Kingdom,GBR,2004,29.03
United Kingdom,GBR,2005,28.32
United Kingdom,GBR,2006,26.43
United Kingdom,GBR,2007,26.38
United Kingdom,GBR,2008,26.03
United Kingdom,GBR,2009,25.41
United Kingdom,GBR,2010,24.7
United Kingdom,GBR,2011,24.06
United Kingdom,GBR,2012,22.08
United Kingdom,GBR,2013,25.14
United States,USA,2004,32.69
United States,USA,2005,33.28
United States,USA,2006,33.94
United States,USA,2007,34.77
United States,USA,2008,35.16
United States,USA,2009,35.91
United States,USA,2010,35.42
United States,USA,2011,35.15
United States,USA,2012,34.9
United States,USA,2013,33.65
United States,USA,2014,32.43
United States,USA,2015,32.71
United States,USA,2016,32.11
United States,USA,2017,31.22
United States,USA,2018,30.9
United States,USA,2019,30.46
Upper middle income,,2004,11.05
Upper middle income,,2005,12
Upper middle income,,2006,13.24
Upper middle income,,2007,14.255
Upper middle income,,2008,15.385
Upper middle income,,2009,15.18
Upper middle income,,2010,15.405
Upper middle income,,2011,15.665
Upper middle income,,2012,14.97
Upper middle income,,2013,15.245
Upper middle income,,2014,15.35
Upper middle income,,2015,15.07
Upper middle income,,2016,15.95
Upper middle income,,2017,14.9
Upper middle income,,2018,14.86
Upper middle income,,2019,15.29
Uruguay,URY,2004,12.82
Uruguay,URY,2005,12.78
Uruguay,URY,2006,13.35
Uruguay,URY,2007,13.47
Uruguay,URY,2008,13.57
Uruguay,URY,2009,13.4
Uruguay,URY,2010,13.58
Uruguay,URY,2011,13.53
Uruguay,URY,2012,12.73
Uruguay,URY,2013,12.59
Uruguay,URY,2014,12.22
Uruguay,URY,2015,12
Uruguay,URY,2016,11.45
Uruguay,URY,2017,10.98
Uruguay,URY,2018,10.04
Uruguay,URY,2019,9.84
Uzbekistan,UZB,2004,39.15
Uzbekistan,UZB,2005,40.01
Uzbekistan,UZB,2006,42.33
Uzbekistan,UZB,2007,41.44
Uzbekistan,UZB,2008,40.66
Uzbekistan,UZB,2009,40.28
Uzbekistan,UZB,2010,39.18
Uzbekistan,UZB,2011,45.84
Uzbekistan,UZB,2012,45.32
Uzbekistan,UZB,2013,46.79
Uzbekistan,UZB,2014,43.08
Uzbekistan,UZB,2015,31.06
Uzbekistan,UZB,2016,28.12
Uzbekistan,UZB,2017,38.52
Uzbekistan,UZB,2018,36.44
Uzbekistan,UZB,2019,34.19
Vanuatu,VUT,2004,19.59
Vanuatu,VUT,2005,19.01
Vanuatu,VUT,2006,19.14
Vanuatu,VUT,2007,20.81
Vanuatu,VUT,2008,20.26
Vanuatu,VUT,2009,19.73
Vanuatu,VUT,2010,20.56
Vanuatu,VUT,2011,20.75
Vanuatu,VUT,2012,22.14
Vanuatu,VUT,2013,22.17
Vanuatu,VUT,2014,22.88
Vanuatu,VUT,2015,21.79
Vanuatu,VUT,2016,21.17
Vanuatu,VUT,2017,20.62
Vanuatu,VUT,2018,20.67
Vanuatu,VUT,2019,21.22
Venezuela,VEN,2005,15.96
Venezuela,VEN,2006,16.71
Venezuela,VEN,2007,17.61
Venezuela,VEN,2008,17.69
Venezuela,VEN,2009,18.77
Venezuela,VEN,2010,17.58
Venezuela,VEN,2011,17.08
Venezuela,VEN,2012,17.16
Venezuela,VEN,2013,17.06
Venezuela,VEN,2014,16.97
Venezuela,VEN,2015,16.53
Vietnam,VNM,2008,3.26
Vietnam,VNM,2009,3.28
Vietnam,VNM,2010,3.21
Vietnam,VNM,2011,3.54
Vietnam,VNM,2012,3.1
Vietnam,VNM,2013,3.64
Vietnam,VNM,2014,3.83
Vietnam,VNM,2015,3.75
Vietnam,VNM,2016,3.83
Vietnam,VNM,2017,3.45
Vietnam,VNM,2018,3.92
Vietnam,VNM,2019,3.98
World,OWID_WRL,2004,9.79
World,OWID_WRL,2005,10.59
World,OWID_WRL,2006,10.945
World,OWID_WRL,2007,11.66
World,OWID_WRL,2008,11.7
World,OWID_WRL,2009,11.075
World,OWID_WRL,2010,10.98
World,OWID_WRL,2011,11.575
World,OWID_WRL,2012,11.82
World,OWID_WRL,2013,12.025
World,OWID_WRL,2014,12.39
World,OWID_WRL,2015,11.67
World,OWID_WRL,2016,12.36
World,OWID_WRL,2017,11.89
World,OWID_WRL,2018,11.575
World,OWID_WRL,2019,11.51
Yemen,YEM,2004,1.79
Yemen,YEM,2005,1.89
Yemen,YEM,2006,1.96
Yemen,YEM,2007,2.01
Yemen,YEM,2008,1.99
Yemen,YEM,2009,1.98
Yemen,YEM,2010,1.88
Yemen,YEM,2011,1.79
Yemen,YEM,2012,1.73
Yemen,YEM,2013,1.7
Yemen,YEM,2014,1.68
Yemen,YEM,2015,1.62
Zambia,ZMB,2004,3.03
Zambia,ZMB,2005,2.91
Zambia,ZMB,2006,2.97
Zambia,ZMB,2007,3.26
Zambia,ZMB,2008,3.63
Zambia,ZMB,2009,3.82
Zambia,ZMB,2010,3.96
Zambia,ZMB,2011,4.11
Zambia,ZMB,2012,4.34
Zambia,ZMB,2013,4.58
Zambia,ZMB,2014,4.83
Zambia,ZMB,2015,4.8
Zambia,ZMB,2016,4.81
Zambia,ZMB,2017,4.63
Zambia,ZMB,2018,3.91
Zambia,ZMB,2019,3.29
Zimbabwe,ZWE,2004,2.88
Zimbabwe,ZWE,2005,3.91
Zimbabwe,ZWE,2006,3.67
Zimbabwe,ZWE,2007,4.09
Zimbabwe,ZWE,2008,3.41
Zimbabwe,ZWE,2009,4.54
Zimbabwe,ZWE,2010,4.8
Zimbabwe,ZWE,2011,6.22
Zimbabwe,ZWE,2012,12.98
Zimbabwe,ZWE,2013,13.71
Zimbabwe,ZWE,2014,14.77
Zimbabwe,ZWE,2015,6.01
Zimbabwe,ZWE,2016,5.82
Zimbabwe,ZWE,2017,5.64
Zimbabwe,ZWE,2018,5.48
Zimbabwe,ZWE,2019,3.75