Entity,Code,Year,Average hourly earnings of employees (constant 2011 PPP $)
Argentina,ARG,1992,4.71
Argentina,ARG,1993,5.31
Argentina,ARG,1994,6.11
Argentina,ARG,1995,6.04
Argentina,ARG,1996,6.16
Argentina,ARG,1997,6.15
Argentina,ARG,1998,6.32
Argentina,ARG,1999,6.24
Argentina,ARG,2000,6.16
Argentina,ARG,2001,6.37
Argentina,ARG,2002,4.83
Argentina,ARG,2003,5.14
Argentina,ARG,2004,4.76
Argentina,ARG,2005,5.39
Argentina,ARG,2006,6.14
Argentina,ARG,2007,6.61
Argentina,ARG,2008,6.91
Argentina,ARG,2009,7.12
Argentina,ARG,2010,7.55
Argentina,ARG,2011,8.07
Argentina,ARG,2012,8.28
Argentina,ARG,2013,8.79
Argentina,ARG,2014,8.33
Austria,AUT,2002,13.35
Austria,AUT,2006,15.41
Austria,AUT,2010,17.57
Austria,AUT,2014,20.02
Belgium,BEL,2002,15.74
Belgium,BEL,2006,19.3
Belgium,BEL,2010,22.66
Belgium,BEL,2014,24.93
Belize,BLZ,1993,4.84
Belize,BLZ,1994,5.06
Belize,BLZ,1997,4.7
Belize,BLZ,1998,4.56
Belize,BLZ,1999,4.4
Belize,BLZ,2016,5.73
Bolivia,BOL,1992,2.87
Bolivia,BOL,1993,3
Bolivia,BOL,1999,3.47
Bolivia,BOL,2000,3.37
Bolivia,BOL,2001,3.44
Bolivia,BOL,2002,3.4
Bolivia,BOL,2005,3.71
Bolivia,BOL,2006,3.95
Bolivia,BOL,2007,3.52
Bolivia,BOL,2008,4.01
Bolivia,BOL,2009,4.38
Bolivia,BOL,2011,4.48
Bolivia,BOL,2012,4.55
Bolivia,BOL,2013,5.11
Bolivia,BOL,2014,5.37
Brazil,BRA,1995,4.91
Brazil,BRA,1996,4.95
Brazil,BRA,1997,4.82
Brazil,BRA,1998,4.79
Brazil,BRA,1999,4.5
Brazil,BRA,2001,4.61
Brazil,BRA,2002,4.61
Brazil,BRA,2003,4.63
Brazil,BRA,2004,4.61
Brazil,BRA,2005,4.9
Brazil,BRA,2006,5.19
Brazil,BRA,2007,5.62
Brazil,BRA,2008,5.43
Brazil,BRA,2009,5.56
Brazil,BRA,2011,7
Brazil,BRA,2012,7.31
Brazil,BRA,2013,8.31
Brazil,BRA,2014,7.67
Brunei,BRN,2014,14.86
Bulgaria,BGR,2014,6.54
Chile,CHL,1990,2.94
Chile,CHL,1992,3.27
Chile,CHL,1996,5.17
Chile,CHL,1998,5.66
Chile,CHL,2000,5.63
Chile,CHL,2003,6.12
Chile,CHL,2006,6.23
Chile,CHL,2009,7.95
Chile,CHL,2011,8.66
Chile,CHL,2013,10.16
Colombia,COL,2008,3.97
Colombia,COL,2009,4.04
Colombia,COL,2010,4.11
Colombia,COL,2011,4.25
Colombia,COL,2012,4.25
Colombia,COL,2013,4.6
Colombia,COL,2014,5.58
Colombia,COL,2015,5.58
Costa Rica,CRI,1990,2.92
Costa Rica,CRI,1991,3.05
Costa Rica,CRI,1992,3.1
Costa Rica,CRI,1993,3.73
Costa Rica,CRI,1994,3.86
Costa Rica,CRI,1995,3.87
Costa Rica,CRI,1996,3.95
Costa Rica,CRI,1997,4.07
Costa Rica,CRI,1998,4.31
Costa Rica,CRI,1999,4.36
Costa Rica,CRI,2000,4.6
Costa Rica,CRI,2001,4.99
Costa Rica,CRI,2002,4.99
Costa Rica,CRI,2003,5.02
Costa Rica,CRI,2004,4.81
Costa Rica,CRI,2005,4.92
Costa Rica,CRI,2006,5.09
Costa Rica,CRI,2007,5.61
Costa Rica,CRI,2008,5.88
Costa Rica,CRI,2009,6.31
Cyprus,CYP,2010,17.29
Cyprus,CYP,2014,16.4
Czechia,CZE,2012,11.27
Czechia,CZE,2013,11.79
Czechia,CZE,2014,12.17
Czechia,CZE,2015,12.49
Czechia,CZE,2016,12.98
Denmark,DNK,2014,28.09
Dominican Republic,DOM,1996,3.52
Dominican Republic,DOM,1997,4.12
Dominican Republic,DOM,2000,4.29
Dominican Republic,DOM,2001,4.54
Dominican Republic,DOM,2002,4.33
Dominican Republic,DOM,2003,3.88
Dominican Republic,DOM,2004,3.06
Dominican Republic,DOM,2005,3.87
Dominican Republic,DOM,2006,3.98
Dominican Republic,DOM,2007,3.76
Dominican Republic,DOM,2008,4.01
Dominican Republic,DOM,2009,4.03
Dominican Republic,DOM,2010,4.14
Dominican Republic,DOM,2011,4.1
Dominican Republic,DOM,2012,3.91
Dominican Republic,DOM,2013,4.11
Dominican Republic,DOM,2014,4.25
Dominican Republic,DOM,2015,4.82
Ecuador,ECU,1994,6982.54
Ecuador,ECU,1995,8769.48
Ecuador,ECU,1998,14857.01
Ecuador,ECU,1999,31252.72
El Salvador,SLV,2000,29.52
El Salvador,SLV,2001,28.31
El Salvador,SLV,2002,30.86
El Salvador,SLV,2004,3.32
El Salvador,SLV,2005,3.71
El Salvador,SLV,2006,3.67
El Salvador,SLV,2007,3.61
El Salvador,SLV,2008,3.7
El Salvador,SLV,2009,3.54
El Salvador,SLV,2010,3.5
El Salvador,SLV,2011,3.58
El Salvador,SLV,2012,3.61
El Salvador,SLV,2013,4.06
El Salvador,SLV,2014,3.87
Estonia,EST,2014,10.98
Finland,FIN,2002,13.83
Finland,FIN,2006,16.28
Finland,FIN,2010,20.16
Finland,FIN,2013,21.35
Finland,FIN,2014,21.45
Finland,FIN,2016,21.61
France,FRA,2002,16
France,FRA,2006,17.35
France,FRA,2010,19.07
France,FRA,2014,21.62
Germany,DEU,2002,16.86
Germany,DEU,2006,19.12
Germany,DEU,2010,21.09
Germany,DEU,2014,23.17
Greece,GRC,2002,10.85
Greece,GRC,2006,13.74
Greece,GRC,2010,15.22
Guatemala,GTM,2000,3
Guatemala,GTM,2006,4.42
Guatemala,GTM,2011,3.78
Guatemala,GTM,2014,3.83
Honduras,HND,1991,1.93
Honduras,HND,1992,2.12
Honduras,HND,1993,2.3
Honduras,HND,1994,2.4
Honduras,HND,1995,2.4
Honduras,HND,1996,2.38
Honduras,HND,1997,2.5
Honduras,HND,1998,2.95
Honduras,HND,1999,2.62
Honduras,HND,2001,3.1
Honduras,HND,2002,2.86
Honduras,HND,2003,3.17
Honduras,HND,2004,2.99
Honduras,HND,2005,3.34
Honduras,HND,2006,3.19
Honduras,HND,2007,3.63
Honduras,HND,2008,4.3
Honduras,HND,2009,4.24
Honduras,HND,2010,4.24
Honduras,HND,2012,4.05
Honduras,HND,2013,4.17
Honduras,HND,2014,3.93
Hungary,HUN,2014,11.13
Iceland,ISL,2014,17.98
Ireland,IRL,2002,18.86
Ireland,IRL,2006,21.28
Ireland,IRL,2010,26.22
Ireland,IRL,2014,29.68
Israel,ISR,2014,14.03
Israel,ISR,2015,14.66
Italy,ITA,2002,12.6
Italy,ITA,2006,16.4
Italy,ITA,2010,18.76
Italy,ITA,2014,20.98
Jamaica,JAM,1990,2.81
Jamaica,JAM,1996,5.36
Jamaica,JAM,1999,4.81
Jamaica,JAM,2001,5.79
Jamaica,JAM,2002,5.3
Latvia,LVA,2014,8.9
Luxembourg,LUX,2002,16.59
Luxembourg,LUX,2006,20.92
Luxembourg,LUX,2010,23.76
Luxembourg,LUX,2014,26.01
Malaysia,MYS,2011,6.37
Malaysia,MYS,2012,6.79
Malaysia,MYS,2013,7.32
Malaysia,MYS,2014,7.85
Malaysia,MYS,2015,8.53
Malta,MLT,2010,14.81
Malta,MLT,2014,17.01
Mexico,MEX,1994,3.6
Mexico,MEX,1996,2.82
Mexico,MEX,1998,3.24
Mexico,MEX,2000,3.68
Mexico,MEX,2002,3.62
Mexico,MEX,2008,4.47
Mexico,MEX,2010,4.11
Mexico,MEX,2012,4.57
Mexico,MEX,2014,4.57
Netherlands,NLD,2002,16.57
Netherlands,NLD,2006,17.39
Netherlands,NLD,2010,20.24
Netherlands,NLD,2014,22.3
Nicaragua,NIC,1993,4.61
Nicaragua,NIC,1998,2.21
Nicaragua,NIC,2001,2.7
Nicaragua,NIC,2005,2.49
Nicaragua,NIC,2009,3.09
Nicaragua,NIC,2014,4.08
North Macedonia,MKD,2014,8.84
Norway,NOR,2014,27.64
Pakistan,PAK,2016,2.57
Panama,PAN,1991,4.39
Panama,PAN,1995,4.42
Panama,PAN,1997,4.75
Panama,PAN,1998,5.54
Panama,PAN,1999,5.18
Panama,PAN,2000,5.98
Panama,PAN,2001,4.81
Panama,PAN,2002,5.01
Panama,PAN,2003,4.84
Panama,PAN,2004,4.88
Panama,PAN,2005,4.95
Panama,PAN,2006,5.22
Panama,PAN,2007,5.41
Panama,PAN,2008,5.53
Panama,PAN,2009,5.8
Panama,PAN,2010,6.09
Panama,PAN,2011,6.58
Panama,PAN,2012,7.17
Panama,PAN,2013,6.92
Panama,PAN,2014,7.48
Paraguay,PRY,1997,5.15
Paraguay,PRY,1999,4.68
Paraguay,PRY,2001,4.3
Paraguay,PRY,2002,3.91
Paraguay,PRY,2003,4.12
Paraguay,PRY,2004,3.85
Paraguay,PRY,2005,4
Paraguay,PRY,2006,3.76
Paraguay,PRY,2007,4.22
Paraguay,PRY,2008,4.3
Paraguay,PRY,2009,4.35
Paraguay,PRY,2010,5.07
Paraguay,PRY,2011,5.61
Paraguay,PRY,2012,5.08
Paraguay,PRY,2013,5.79
Paraguay,PRY,2014,5.29
Paraguay,PRY,2015,5.5
Peru,PER,1997,2.95
Peru,PER,1998,2.91
Peru,PER,1999,2.95
Peru,PER,2000,2.61
Peru,PER,2001,2.89
Peru,PER,2002,3.08
Peru,PER,2003,3.09
Peru,PER,2004,2.69
Peru,PER,2005,2.68
Peru,PER,2006,2.85
Peru,PER,2007,3.32
Peru,PER,2008,3.56
Peru,PER,2009,3.88
Peru,PER,2010,3.92
Peru,PER,2011,4.08
Peru,PER,2012,4.43
Peru,PER,2013,4.52
Peru,PER,2014,4.69
Poland,POL,2014,13.45
Portugal,PRT,2007,6.73
Portugal,PRT,2008,7.06
Portugal,PRT,2009,7.37
Portugal,PRT,2010,7.48
Portugal,PRT,2011,7.64
Portugal,PRT,2012,7.88
Portugal,PRT,2013,8.16
Portugal,PRT,2016,8.41
Romania,ROU,2014,7.7
Romania,ROU,2016,10.04
Russia,RUS,2015,7.88
Serbia,SRB,2014,9.18
Slovakia,SVK,2010,9.46
Slovakia,SVK,2014,11.04
Slovakia,SVK,2015,12.43
Slovenia,SVN,2010,14.29
Slovenia,SVN,2014,15.13
South Korea,KOR,2009,17.54
South Korea,KOR,2010,17.95
South Korea,KOR,2011,18.67
South Korea,KOR,2012,19.97
South Korea,KOR,2013,21.24
South Korea,KOR,2014,21.94
South Korea,KOR,2015,20.37
South Korea,KOR,2016,21.02
Spain,ESP,2002,11.59
Spain,ESP,2006,13.65
Spain,ESP,2010,15.85
Spain,ESP,2012,21.58
Spain,ESP,2013,22.23
Spain,ESP,2014,22.63
Spain,ESP,2015,22.47
Sweden,SWE,2014,21.46
Switzerland,CHE,2014,31.89
Thailand,THA,2016,15.57
Turkey,TUR,2014,9.71
United Kingdom,GBR,2014,21.82
United Kingdom,GBR,2015,21.66
Uruguay,URY,1995,3.93
Uruguay,URY,1996,4.36
Uruguay,URY,1997,4.24
Uruguay,URY,1998,4.74
Uruguay,URY,2000,5.12
Uruguay,URY,2001,4.77
Uruguay,URY,2002,4.1
Uruguay,URY,2003,3.71
Uruguay,URY,2004,3.82
Uruguay,URY,2005,4.25
Uruguay,URY,2006,4.9
Uruguay,URY,2007,5.04
Uruguay,URY,2008,5.34
Uruguay,URY,2009,5.85
Uruguay,URY,2010,6.01
Uruguay,URY,2011,6.35
Uruguay,URY,2012,6.46
Uruguay,URY,2013,6.78
Uruguay,URY,2014,7.13
Vietnam,VNM,2015,3.3
Vietnam,VNM,2016,3.57