Entity,Code,Year,"Automated teller machines (ATMs) (per 100,000 adults)"
Afghanistan,AFG,2004,0.02
Afghanistan,AFG,2005,0.06
Afghanistan,AFG,2006,0.12
Afghanistan,AFG,2007,0.21
Afghanistan,AFG,2008,0.3
Afghanistan,AFG,2009,0.45
Afghanistan,AFG,2010,0.53
Afghanistan,AFG,2011,0.62
Afghanistan,AFG,2012,0.64
Afghanistan,AFG,2013,0.71
Afghanistan,AFG,2014,0.75
Afghanistan,AFG,2015,0.92
Afghanistan,AFG,2016,1.06
Afghanistan,AFG,2017,1.21
Afghanistan,AFG,2018,1.61
Afghanistan,AFG,2019,1.64
Africa Eastern and Southern,,2004,1.005
Africa Eastern and Southern,,2005,1.535
Africa Eastern and Southern,,2006,2.98
Africa Eastern and Southern,,2007,4.025
Africa Eastern and Southern,,2008,4.35
Africa Eastern and Southern,,2009,5.455
Africa Eastern and Southern,,2010,5.57
Africa Eastern and Southern,,2011,4.76
Africa Eastern and Southern,,2012,5.25
Africa Eastern and Southern,,2013,6.735
Africa Eastern and Southern,,2014,7.625
Africa Eastern and Southern,,2015,8.425
Africa Eastern and Southern,,2016,10.085
Africa Eastern and Southern,,2017,11.07
Africa Eastern and Southern,,2018,10.82
Africa Eastern and Southern,,2019,10.14
Africa Western and Central,,2008,1.17
Africa Western and Central,,2009,1.54
Africa Western and Central,,2010,1.92
Africa Western and Central,,2011,2.63
Africa Western and Central,,2012,3.39
Africa Western and Central,,2013,4.265
Africa Western and Central,,2014,4.52
Africa Western and Central,,2015,4.6
Africa Western and Central,,2016,4.98
Africa Western and Central,,2017,4.88
Africa Western and Central,,2018,4.81
Africa Western and Central,,2019,5.405
Albania,ALB,2004,4.23
Albania,ALB,2005,9.26
Albania,ALB,2006,13.87
Albania,ALB,2007,19.37
Albania,ALB,2008,28.63
Albania,ALB,2009,32.94
Albania,ALB,2010,34.13
Albania,ALB,2011,35.29
Albania,ALB,2012,35.74
Albania,ALB,2013,35.43
Albania,ALB,2014,34.75
Albania,ALB,2015,35.26
Albania,ALB,2016,34.08
Albania,ALB,2017,31.71
Albania,ALB,2018,30.64
Albania,ALB,2019,29.99
Algeria,DZA,2004,1.27
Algeria,DZA,2005,1.5
Algeria,DZA,2006,2.39
Algeria,DZA,2007,3.72
Algeria,DZA,2008,4.2
Algeria,DZA,2009,5.33
Algeria,DZA,2010,5.92
Algeria,DZA,2011,6.1
Algeria,DZA,2012,6.21
Algeria,DZA,2013,6.51
Algeria,DZA,2014,7.61
Algeria,DZA,2015,8.35
Algeria,DZA,2016,8.57
Algeria,DZA,2017,9.13
Algeria,DZA,2018,9.54
Algeria,DZA,2019,9.64
Angola,AGO,2004,0.85
Angola,AGO,2005,1.45
Angola,AGO,2006,3.04
Angola,AGO,2007,4.4
Angola,AGO,2008,6.24
Angola,AGO,2009,8.34
Angola,AGO,2010,10.42
Angola,AGO,2011,12.72
Angola,AGO,2012,15.19
Angola,AGO,2013,16.99
Angola,AGO,2014,18.19
Angola,AGO,2015,18.82
Angola,AGO,2016,19.06
Angola,AGO,2017,19.13
Angola,AGO,2018,18.92
Angola,AGO,2019,18.4
Antigua and Barbuda,ATG,2004,52.84
Antigua and Barbuda,ATG,2005,65.14
Antigua and Barbuda,ATG,2006,63.86
Antigua and Barbuda,ATG,2007,60.92
Antigua and Barbuda,ATG,2008,67.42
Antigua and Barbuda,ATG,2009,69.02
Antigua and Barbuda,ATG,2010,72.07
Antigua and Barbuda,ATG,2011,73.75
Antigua and Barbuda,ATG,2012,75.34
Antigua and Barbuda,ATG,2013,79.74
Antigua and Barbuda,ATG,2014,77.06
Antigua and Barbuda,ATG,2015,74.54
Antigua and Barbuda,ATG,2016,68.17
Antigua and Barbuda,ATG,2017,66.03
Antigua and Barbuda,ATG,2018,66.64
Antigua and Barbuda,ATG,2019,65.97
Arab World,,2004,5.9
Arab World,,2005,6.545
Arab World,,2006,9.52
Arab World,,2007,14.11
Arab World,,2008,13.78
Arab World,,2009,15.995
Arab World,,2010,19.66
Arab World,,2011,18.92
Arab World,,2012,20.435
Arab World,,2013,23.14
Arab World,,2014,24.5
Arab World,,2015,24.12
Arab World,,2016,26.78
Arab World,,2017,27.36
Arab World,,2018,28.615
Arab World,,2019,27.355
Argentina,ARG,2004,1.87
Argentina,ARG,2005,2.1
Argentina,ARG,2006,2.88
Argentina,ARG,2007,4.96
Argentina,ARG,2008,9.99
Argentina,ARG,2009,13.86
Argentina,ARG,2010,19.29
Argentina,ARG,2011,27.05
Argentina,ARG,2012,34.53
Argentina,ARG,2013,43.34
Argentina,ARG,2014,45.67
Argentina,ARG,2015,47.51
Argentina,ARG,2016,50.35
Argentina,ARG,2017,53.12
Argentina,ARG,2018,58.21
Argentina,ARG,2019,60.89
Armenia,ARM,2004,3.04
Armenia,ARM,2005,4.95
Armenia,ARM,2006,7.69
Armenia,ARM,2007,14.48
Armenia,ARM,2008,23.11
Armenia,ARM,2009,30.24
Armenia,ARM,2010,34.05
Armenia,ARM,2011,43.54
Armenia,ARM,2012,50.4
Armenia,ARM,2013,53.91
Armenia,ARM,2014,59.43
Armenia,ARM,2015,60.56
Armenia,ARM,2016,61.16
Armenia,ARM,2017,63.74
Armenia,ARM,2018,64.11
Armenia,ARM,2019,65.54
Aruba,ABW,2011,110.98
Aruba,ABW,2012,119.58
Aruba,ABW,2013,124.18
Aruba,ABW,2014,117.94
Aruba,ABW,2015,119.07
Aruba,ABW,2016,125.98
Aruba,ABW,2017,124.97
Aruba,ABW,2018,126.43
Aruba,ABW,2019,126.74
Australia,AUS,2004,139.58
Australia,AUS,2005,146.46
Australia,AUS,2006,154.73
Australia,AUS,2007,155.28
Australia,AUS,2008,157.84
Australia,AUS,2009,154.32
Australia,AUS,2010,168.69
Australia,AUS,2011,170.51
Australia,AUS,2012,164.7
Australia,AUS,2013,161.17
Australia,AUS,2014,165.23
Australia,AUS,2015,163.9
Australia,AUS,2016,167.7
Australia,AUS,2017,160.32
Australia,AUS,2018,146.17
Austria,AUT,2004,116.16
Austria,AUT,2005,106.79
Austria,AUT,2006,108.34
Austria,AUT,2007,108.62
Austria,AUT,2008,110.16
Austria,AUT,2009,112.34
Austria,AUT,2010,112.92
Austria,AUT,2011,113.8
Austria,AUT,2012,115.63
Austria,AUT,2013,117.27
Austria,AUT,2014,186.37
Austria,AUT,2015,183.27
Austria,AUT,2016,162.92
Austria,AUT,2017,165.04
Austria,AUT,2018,169.41
Austria,AUT,2019,171.96
Azerbaijan,AZE,2006,17.07
Azerbaijan,AZE,2007,20.36
Azerbaijan,AZE,2008,22.71
Azerbaijan,AZE,2009,24.67
Azerbaijan,AZE,2010,27.08
Azerbaijan,AZE,2011,30.03
Azerbaijan,AZE,2012,31.39
Azerbaijan,AZE,2013,33.24
Azerbaijan,AZE,2014,35.41
Azerbaijan,AZE,2015,36.2
Azerbaijan,AZE,2016,32.72
Azerbaijan,AZE,2017,32.16
Azerbaijan,AZE,2018,32.85
Azerbaijan,AZE,2019,34.49
Bahamas,BHS,2004,66.02
Bahamas,BHS,2005,67.65
Bahamas,BHS,2006,66.98
Bahamas,BHS,2007,69.25
Bahamas,BHS,2008,70.22
Bahamas,BHS,2009,71.54
Bahamas,BHS,2010,70.9
Bahamas,BHS,2011,82.02
Bahamas,BHS,2012,80.48
Bahamas,BHS,2013,112.87
Bahamas,BHS,2014,119.45
Bahamas,BHS,2015,121.29
Bahamas,BHS,2016,138.78
Bahamas,BHS,2017,122.95
Bahamas,BHS,2018,127.79
Bahamas,BHS,2019,126.85
Bangladesh,BGD,2004,0.13
Bangladesh,BGD,2005,0.2
Bangladesh,BGD,2006,0.35
Bangladesh,BGD,2007,0.51
Bangladesh,BGD,2008,0.84
Bangladesh,BGD,2009,1.29
Bangladesh,BGD,2010,2.11
Bangladesh,BGD,2011,3.71
Bangladesh,BGD,2012,4.04
Bangladesh,BGD,2013,4.96
Bangladesh,BGD,2014,5.77
Bangladesh,BGD,2015,7.09
Bangladesh,BGD,2016,8.03
Bangladesh,BGD,2017,8.36
Bangladesh,BGD,2018,8.89
Bangladesh,BGD,2019,9.39
Barbados,BRB,2006,30.33
Barbados,BRB,2007,31.93
Barbados,BRB,2008,36.63
Barbados,BRB,2009,36.85
Barbados,BRB,2010,36.66
Barbados,BRB,2011,32.47
Barbados,BRB,2012,36.21
Barbados,BRB,2013,36.87
Barbados,BRB,2014,42.7
Barbados,BRB,2015,36.46
Barbados,BRB,2016,23.46
Barbados,BRB,2017,26.3
Barbados,BRB,2018,26.17
Barbados,BRB,2019,28.98
Belarus,BLR,2004,10.86
Belarus,BLR,2005,15.4
Belarus,BLR,2006,18.95
Belarus,BLR,2007,25.67
Belarus,BLR,2008,30.25
Belarus,BLR,2009,33.37
Belarus,BLR,2010,37.92
Belarus,BLR,2011,41.23
Belarus,BLR,2012,46.17
Belarus,BLR,2013,51.18
Belarus,BLR,2014,54.77
Belarus,BLR,2015,55.55
Belarus,BLR,2016,55.29
Belarus,BLR,2017,55.67
Belarus,BLR,2018,53.89
Belarus,BLR,2019,54.67
Belgium,BEL,2004,83.89
Belgium,BEL,2005,83.58
Belgium,BEL,2006,83.12
Belgium,BEL,2007,86.71
Belgium,BEL,2008,87.6
Belgium,BEL,2009,87.37
Belgium,BEL,2010,91.76
Belgium,BEL,2011,93.32
Belgium,BEL,2012,94.23
Belgium,BEL,2013,93.95
Belgium,BEL,2014,90.93
Belgium,BEL,2015,90.02
Belgium,BEL,2016,88.34
Belgium,BEL,2017,85.64
Belgium,BEL,2018,80.97
Belize,BLZ,2004,28.02
Belize,BLZ,2005,29.41
Belize,BLZ,2006,31.13
Belize,BLZ,2007,32.69
Belize,BLZ,2008,34.11
Belize,BLZ,2009,35.41
Belize,BLZ,2010,37.09
Belize,BLZ,2011,38.59
Belize,BLZ,2012,37.76
Belize,BLZ,2013,40.02
Belize,BLZ,2014,40.44
Belize,BLZ,2015,39.99
Belize,BLZ,2016,39.64
Belize,BLZ,2017,38.51
Belize,BLZ,2018,44.56
Belize,BLZ,2019,39.72
Benin,BEN,2010,2.52
Benin,BEN,2011,2.87
Benin,BEN,2012,3.59
Benin,BEN,2013,4.49
Benin,BEN,2014,4.52
Benin,BEN,2015,4.6
Benin,BEN,2016,4.85
Benin,BEN,2017,4.89
Benin,BEN,2018,4.74
Benin,BEN,2019,4.94
Bhutan,BTN,2004,0.49
Bhutan,BTN,2005,0.47
Bhutan,BTN,2006,0.46
Bhutan,BTN,2007,2.26
Bhutan,BTN,2008,3.32
Bhutan,BTN,2009,4.33
Bhutan,BTN,2010,8.9
Bhutan,BTN,2011,14.91
Bhutan,BTN,2012,8.29
Bhutan,BTN,2013,21.15
Bhutan,BTN,2014,23.77
Bhutan,BTN,2015,28.76
Bhutan,BTN,2016,34.83
Bhutan,BTN,2017,39.45
Bhutan,BTN,2018,43.93
Bhutan,BTN,2019,48.09
Bolivia,BOL,2007,13.11
Bolivia,BOL,2008,14.26
Bolivia,BOL,2009,16.69
Bolivia,BOL,2010,19.79
Bolivia,BOL,2011,24.19
Bolivia,BOL,2012,27.54
Bolivia,BOL,2013,31.1
Bolivia,BOL,2014,34.3
Bolivia,BOL,2015,37.77
Bolivia,BOL,2016,39.7
Bolivia,BOL,2017,39.66
Bolivia,BOL,2018,40.38
Bolivia,BOL,2019,42.04
Bosnia and Herzegovina,BIH,2006,15.76
Bosnia and Herzegovina,BIH,2007,20.9
Bosnia and Herzegovina,BIH,2008,28.71
Bosnia and Herzegovina,BIH,2009,43.24
Bosnia and Herzegovina,BIH,2010,35.17
Bosnia and Herzegovina,BIH,2011,38.96
Bosnia and Herzegovina,BIH,2012,42.19
Bosnia and Herzegovina,BIH,2013,45.63
Bosnia and Herzegovina,BIH,2014,48.31
Bosnia and Herzegovina,BIH,2015,51.92
Bosnia and Herzegovina,BIH,2016,52.48
Bosnia and Herzegovina,BIH,2017,53.89
Bosnia and Herzegovina,BIH,2018,55.84
Bosnia and Herzegovina,BIH,2019,58.24
Botswana,BWA,2004,15.62
Botswana,BWA,2005,16.72
Botswana,BWA,2006,19.81
Botswana,BWA,2007,33.17
Botswana,BWA,2008,29.95
Botswana,BWA,2009,28.6
Botswana,BWA,2010,30.26
Botswana,BWA,2011,27.97
Botswana,BWA,2012,27.56
Botswana,BWA,2013,29.05
Botswana,BWA,2014,30.32
Botswana,BWA,2015,33.98
Botswana,BWA,2016,33.76
Botswana,BWA,2017,35.42
Botswana,BWA,2018,44.51
Botswana,BWA,2019,45.02
Brazil,BRA,2004,105.07
Brazil,BRA,2005,108.58
Brazil,BRA,2006,107.16
Brazil,BRA,2007,109.34
Brazil,BRA,2008,111.84
Brazil,BRA,2009,114.39
Brazil,BRA,2010,118.06
Brazil,BRA,2011,116.31
Brazil,BRA,2012,115.36
Brazil,BRA,2013,118.44
Brazil,BRA,2014,117.93
Brazil,BRA,2015,114.97
Brazil,BRA,2016,112.1
Brazil,BRA,2017,107.87
Brazil,BRA,2018,104.75
Brazil,BRA,2019,101.67
Brunei,BRN,2004,34.96
Brunei,BRN,2005,43.26
Brunei,BRN,2006,46.57
Brunei,BRN,2007,58.89
Brunei,BRN,2008,71.52
Brunei,BRN,2009,82.33
Brunei,BRN,2010,82.01
Brunei,BRN,2011,80.77
Brunei,BRN,2012,92.69
Brunei,BRN,2013,82.86
Brunei,BRN,2014,81.75
Brunei,BRN,2015,79.69
Brunei,BRN,2016,76.36
Brunei,BRN,2017,69.59
Brunei,BRN,2018,74.5
Brunei,BRN,2019,73.97
Bulgaria,BGR,2004,26.39
Bulgaria,BGR,2005,34.45
Bulgaria,BGR,2006,54.85
Bulgaria,BGR,2007,67.6
Bulgaria,BGR,2008,80.01
Bulgaria,BGR,2009,87.82
Bulgaria,BGR,2010,90.55
Bulgaria,BGR,2011,93.86
Bulgaria,BGR,2012,93.12
Bulgaria,BGR,2013,93.74
Bulgaria,BGR,2014,90.48
Bulgaria,BGR,2015,91.27
Bulgaria,BGR,2016,94.16
Bulgaria,BGR,2017,94.67
Bulgaria,BGR,2018,93.4
Bulgaria,BGR,2019,94.33
Burkina Faso,BFA,2010,1.35
Burkina Faso,BFA,2011,2.22
Burkina Faso,BFA,2012,2.31
Burkina Faso,BFA,2013,2.65
Burkina Faso,BFA,2014,3.21
Burkina Faso,BFA,2015,3.46
Burkina Faso,BFA,2016,3.69
Burkina Faso,BFA,2017,3.97
Burkina Faso,BFA,2018,3.96
Burkina Faso,BFA,2019,4.36
Burundi,BDI,2004,0.05
Burundi,BDI,2005,0.05
Burundi,BDI,2006,0.05
Burundi,BDI,2007,0.05
Burundi,BDI,2008,0.07
Burundi,BDI,2009,0.28
Burundi,BDI,2010,0.53
Burundi,BDI,2011,0.71
Burundi,BDI,2012,0.99
Burundi,BDI,2013,1.55
Burundi,BDI,2014,1.51
Burundi,BDI,2015,1.43
Burundi,BDI,2016,1.42
Cambodia,KHM,2005,0.01
Cambodia,KHM,2006,0.74
Cambodia,KHM,2007,1.34
Cambodia,KHM,2008,3.72
Cambodia,KHM,2009,4.36
Cambodia,KHM,2010,5.25
Cambodia,KHM,2011,6.03
Cambodia,KHM,2012,7.18
Cambodia,KHM,2013,8.48
Cambodia,KHM,2014,10.92
Cambodia,KHM,2015,13.34
Cambodia,KHM,2016,14.49
Cambodia,KHM,2017,16.72
Cambodia,KHM,2018,19.45
Cambodia,KHM,2019,23.28
Cameroon,CMR,2004,0.32
Cameroon,CMR,2005,0.6
Cameroon,CMR,2006,0.69
Cameroon,CMR,2007,0.89
Cameroon,CMR,2008,1.21
Cameroon,CMR,2009,1.54
Cameroon,CMR,2010,1.8
Cameroon,CMR,2011,2.34
Cameroon,CMR,2012,2.58
Cameroon,CMR,2013,3.16
Cameroon,CMR,2014,3.58
Cameroon,CMR,2015,3.94
Cameroon,CMR,2016,4.29
Cameroon,CMR,2017,4.37
Cameroon,CMR,2018,4.81
Canada,CAN,2004,185.08
Canada,CAN,2005,198.36
Canada,CAN,2006,206.5
Canada,CAN,2007,212.01
Canada,CAN,2008,217.78
Canada,CAN,2009,216.26
Canada,CAN,2010,218.22
Canada,CAN,2011,207.65
Canada,CAN,2012,203.39
Canada,CAN,2013,221.01
Canada,CAN,2014,221.85
Canada,CAN,2015,221.49
Canada,CAN,2016,223.89
Canada,CAN,2017,228.43
Canada,CAN,2018,220.01
Canada,CAN,2019,214.14
Cape Verde,CPV,2004,13.24
Cape Verde,CPV,2005,15.24
Cape Verde,CPV,2006,20.16
Cape Verde,CPV,2007,27.7
Cape Verde,CPV,2008,34.48
Cape Verde,CPV,2009,37.53
Cape Verde,CPV,2010,42.28
Cape Verde,CPV,2011,44.24
Cape Verde,CPV,2012,46.49
Cape Verde,CPV,2013,45.92
Cape Verde,CPV,2014,47.33
Cape Verde,CPV,2015,45.97
Cape Verde,CPV,2016,45.72
Cape Verde,CPV,2017,47.03
Cape Verde,CPV,2018,49.32
Cape Verde,CPV,2019,52.07
Caribbean Small States,,2004,17.6
Caribbean Small States,,2005,19.27
Caribbean Small States,,2006,21.43
Caribbean Small States,,2007,21.5
Caribbean Small States,,2008,27.215
Caribbean Small States,,2009,29.105
Caribbean Small States,,2010,29.84
Caribbean Small States,,2011,31.115
Caribbean Small States,,2012,32.12
Caribbean Small States,,2013,33.77
Caribbean Small States,,2014,35.11
Caribbean Small States,,2015,35.675
Caribbean Small States,,2016,36.83
Caribbean Small States,,2017,38.06
Caribbean Small States,,2018,38.68
Caribbean Small States,,2019,40.125
Central African Republic,CAF,2004,0
Central African Republic,CAF,2005,0
Central African Republic,CAF,2006,0
Central African Republic,CAF,2007,0
Central African Republic,CAF,2008,0.13
Central African Republic,CAF,2009,0.33
Central African Republic,CAF,2010,0.69
Central African Republic,CAF,2011,0.98
Central African Republic,CAF,2012,0.98
Central African Republic,CAF,2013,1.23
Central African Republic,CAF,2014,0.69
Central African Republic,CAF,2015,0.85
Central African Republic,CAF,2016,1.16
Central African Republic,CAF,2017,1.38
Central Europe and the Baltics,,2004,37.275
Central Europe and the Baltics,,2005,41.43
Central Europe and the Baltics,,2006,44.75
Central Europe and the Baltics,,2007,50.34
Central Europe and the Baltics,,2008,54.38
Central Europe and the Baltics,,2009,57.43
Central Europe and the Baltics,,2010,59.51
Central Europe and the Baltics,,2011,64.9
Central Europe and the Baltics,,2012,65.03
Central Europe and the Baltics,,2013,63.9
Central Europe and the Baltics,,2014,63.41
Central Europe and the Baltics,,2015,68.45
Central Europe and the Baltics,,2016,66.78
Central Europe and the Baltics,,2017,66.84
Central Europe and the Baltics,,2018,64.71
Central Europe and the Baltics,,2019,64.44
Chad,TCD,2004,0
Chad,TCD,2005,0.08
Chad,TCD,2006,0.08
Chad,TCD,2007,0.09
Chad,TCD,2008,0.28
Chad,TCD,2009,0.34
Chad,TCD,2010,0.42
Chad,TCD,2011,0.47
Chad,TCD,2012,0.4
Chad,TCD,2013,0.45
Chad,TCD,2014,0.47
Chad,TCD,2015,0.86
Chad,TCD,2016,1.13
Chad,TCD,2017,1.13
Chad,TCD,2018,1.15
Chad,TCD,2019,1.04
Chile,CHL,2004,33.41
Chile,CHL,2005,39.47
Chile,CHL,2006,43.45
Chile,CHL,2007,48.95
Chile,CHL,2008,54.87
Chile,CHL,2009,57.81
Chile,CHL,2010,61.68
Chile,CHL,2011,64.64
Chile,CHL,2012,67.54
Chile,CHL,2013,63.87
Chile,CHL,2014,56.63
Chile,CHL,2015,55.88
Chile,CHL,2016,53.23
Chile,CHL,2017,51.6
Chile,CHL,2018,49.69
Chile,CHL,2019,49.62
China,CHN,2006,9.62
China,CHN,2007,12
China,CHN,2008,15.62
China,CHN,2009,19.89
China,CHN,2010,24.91
China,CHN,2011,30.47
China,CHN,2012,37.69
China,CHN,2013,46.86
China,CHN,2014,55.05
China,CHN,2015,77.13
China,CHN,2016,81.74
China,CHN,2017,84.43
China,CHN,2018,97.12
China,CHN,2019,95.55
Colombia,COL,2007,25.31
Colombia,COL,2008,27.23
Colombia,COL,2009,28.67
Colombia,COL,2010,34.95
Colombia,COL,2011,32.51
Colombia,COL,2012,36.05
Colombia,COL,2013,39.52
Colombia,COL,2014,40.97
Colombia,COL,2015,41.31
Colombia,COL,2016,41.62
Colombia,COL,2017,42.02
Colombia,COL,2018,42.35
Colombia,COL,2019,41.28
Comoros,COM,2004,0.58
Comoros,COM,2005,0.57
Comoros,COM,2006,0.55
Comoros,COM,2007,1.07
Comoros,COM,2008,1.04
Comoros,COM,2009,1.52
Comoros,COM,2010,1.97
Comoros,COM,2011,6.94
Comoros,COM,2012,5.59
Comoros,COM,2013,5.9
Comoros,COM,2014,5.08
Comoros,COM,2015,4.94
Comoros,COM,2016,5.03
Comoros,COM,2017,5.1
Comoros,COM,2018,4.97
Comoros,COM,2019,5.23
Congo,COG,2004,0.49
Congo,COG,2005,0.52
Congo,COG,2006,0.6
Congo,COG,2007,0.66
Congo,COG,2008,1.11
Congo,COG,2009,1.37
Congo,COG,2010,1.92
Congo,COG,2011,2.39
Congo,COG,2012,2.79
Congo,COG,2013,3.66
Congo,COG,2014,6.46
Congo,COG,2015,7.73
Congo,COG,2016,9.01
Congo,COG,2017,9.5
Costa Rica,CRI,2004,25.47
Costa Rica,CRI,2005,28.04
Costa Rica,CRI,2006,31
Costa Rica,CRI,2007,35.56
Costa Rica,CRI,2008,37.91
Costa Rica,CRI,2009,41.49
Costa Rica,CRI,2010,43.26
Costa Rica,CRI,2011,51.78
Costa Rica,CRI,2012,53.7
Costa Rica,CRI,2013,71.38
Costa Rica,CRI,2014,78.8
Costa Rica,CRI,2015,60.6
Costa Rica,CRI,2016,63.26
Costa Rica,CRI,2017,64.25
Costa Rica,CRI,2018,74.34
Costa Rica,CRI,2019,70.51
Cote d'Ivoire,CIV,2010,3.69
Cote d'Ivoire,CIV,2011,4.46
Cote d'Ivoire,CIV,2012,4.32
Cote d'Ivoire,CIV,2013,5.57
Cote d'Ivoire,CIV,2014,6.61
Cote d'Ivoire,CIV,2015,6.75
Cote d'Ivoire,CIV,2016,6.8
Cote d'Ivoire,CIV,2017,7.1
Cote d'Ivoire,CIV,2018,6.9
Cote d'Ivoire,CIV,2019,6
Croatia,HRV,2005,63.52
Croatia,HRV,2006,72.45
Croatia,HRV,2007,82.13
Croatia,HRV,2008,91.74
Croatia,HRV,2009,99.01
Croatia,HRV,2010,104.46
Croatia,HRV,2011,109.79
Croatia,HRV,2012,112.87
Croatia,HRV,2013,113.9
Croatia,HRV,2014,116.77
Croatia,HRV,2015,122.98
Croatia,HRV,2016,127.41
Croatia,HRV,2017,140.01
Croatia,HRV,2018,147.31
Croatia,HRV,2019,156.71
Cyprus,CYP,2004,55.42
Cyprus,CYP,2005,57.17
Cyprus,CYP,2006,64.46
Cyprus,CYP,2007,63.48
Cyprus,CYP,2008,66.19
Cyprus,CYP,2009,69.86
Cyprus,CYP,2010,71.76
Cyprus,CYP,2011,69.93
Cyprus,CYP,2012,63.89
Cyprus,CYP,2013,52.9
Cyprus,CYP,2014,53.35
Cyprus,CYP,2015,51.2
Cyprus,CYP,2016,50.06
Cyprus,CYP,2017,48.52
Cyprus,CYP,2018,42.14
Cyprus,CYP,2019,40.77
Czechia,CZE,2004,31.73
Czechia,CZE,2005,34.51
Czechia,CZE,2006,37.53
Czechia,CZE,2007,38.1
Czechia,CZE,2008,38.27
Czechia,CZE,2009,39.89
Czechia,CZE,2010,41.66
Czechia,CZE,2011,43.79
Czechia,CZE,2012,45.7
Czechia,CZE,2013,49.05
Czechia,CZE,2014,49.59
Czechia,CZE,2015,50.86
Czechia,CZE,2016,52.64
Czechia,CZE,2017,55.64
Czechia,CZE,2018,57.1
Czechia,CZE,2019,58
Democratic Republic of Congo,COD,2009,0.1
Democratic Republic of Congo,COD,2010,0.41
Democratic Republic of Congo,COD,2011,0.49
Democratic Republic of Congo,COD,2012,0.65
Democratic Republic of Congo,COD,2013,0.72
Democratic Republic of Congo,COD,2014,1.11
Democratic Republic of Congo,COD,2015,1.31
Denmark,DNK,2004,67.02
Denmark,DNK,2005,68.14
Denmark,DNK,2006,69.89
Denmark,DNK,2007,70.39
Denmark,DNK,2008,68.73
Denmark,DNK,2009,65.18
Denmark,DNK,2010,63.14
Denmark,DNK,2011,61.05
Denmark,DNK,2012,58.71
Denmark,DNK,2013,56.13
Denmark,DNK,2014,53.99
Denmark,DNK,2015,51.82
Denmark,DNK,2016,49.65
Denmark,DNK,2017,49.17
Denmark,DNK,2018,46.82
Denmark,DNK,2019,44.78
Djibouti,DJI,2004,0.84
Djibouti,DJI,2005,0.82
Djibouti,DJI,2006,0.99
Djibouti,DJI,2007,0.96
Djibouti,DJI,2008,1.12
Djibouti,DJI,2009,2.18
Djibouti,DJI,2010,2.82
Djibouti,DJI,2011,3.1
Djibouti,DJI,2012,4.04
Djibouti,DJI,2013,5.11
Djibouti,DJI,2014,6.93
Djibouti,DJI,2015,8.35
Djibouti,DJI,2016,9.58
Djibouti,DJI,2017,12.1
Djibouti,DJI,2018,13.18
Djibouti,DJI,2019,12.33
Dominica,DMA,2004,19.97
Dominica,DMA,2005,21.7
Dominica,DMA,2006,21.65
Dominica,DMA,2007,18.01
Dominica,DMA,2008,21.57
Dominica,DMA,2009,35.87
Dominica,DMA,2010,30.4
Dominica,DMA,2011,46.31
Dominica,DMA,2012,46.1
Dominica,DMA,2013,49.4
Dominica,DMA,2014,47.39
Dominica,DMA,2015,41.91
Dominica,DMA,2016,39.95
Dominica,DMA,2017,36.28
Dominica,DMA,2018,36.19
Dominica,DMA,2019,34.28
Dominican Republic,DOM,2004,19.27
Dominican Republic,DOM,2005,24.3
Dominican Republic,DOM,2006,24.74
Dominican Republic,DOM,2007,26.47
Dominican Republic,DOM,2008,26.99
Dominican Republic,DOM,2009,27.84
Dominican Republic,DOM,2010,28.73
Dominican Republic,DOM,2011,30.26
Dominican Republic,DOM,2012,31.48
Dominican Republic,DOM,2013,33.32
Dominican Republic,DOM,2014,34.22
Dominican Republic,DOM,2015,36.58
Dominican Republic,DOM,2016,38.33
Dominican Republic,DOM,2017,39.37
Dominican Republic,DOM,2018,36.88
Dominican Republic,DOM,2019,40.73
Early-demographic dividend,,2004,4.045
Early-demographic dividend,,2005,4.535
Early-demographic dividend,,2006,7.22
Early-demographic dividend,,2007,10.215
Early-demographic dividend,,2008,10.915
Early-demographic dividend,,2009,13.86
Early-demographic dividend,,2010,15.11
Early-demographic dividend,,2011,16.72
Early-demographic dividend,,2012,18.73
Early-demographic dividend,,2013,22.405
Early-demographic dividend,,2014,23.18
Early-demographic dividend,,2015,24.12
Early-demographic dividend,,2016,24.94
Early-demographic dividend,,2017,27.01
Early-demographic dividend,,2018,28.9
Early-demographic dividend,,2019,32.795
East Asia & Pacific,,2004,33.46
East Asia & Pacific,,2005,30.65
East Asia & Pacific,,2006,35.21
East Asia & Pacific,,2007,40.18
East Asia & Pacific,,2008,15.62
East Asia & Pacific,,2009,19.89
East Asia & Pacific,,2010,24.91
East Asia & Pacific,,2011,31.46
East Asia & Pacific,,2012,41.2
East Asia & Pacific,,2013,48.275
East Asia & Pacific,,2014,51.075
East Asia & Pacific,,2015,52.12
East Asia & Pacific,,2016,52.495
East Asia & Pacific,,2017,52.785
East Asia & Pacific,,2018,53.09
East Asia & Pacific,,2019,53.295
East Asia & Pacific (IDA & IBRD),,2004,9.435
East Asia & Pacific (IDA & IBRD),,2005,9.32
East Asia & Pacific (IDA & IBRD),,2006,10.055
East Asia & Pacific (IDA & IBRD),,2007,11.73
East Asia & Pacific (IDA & IBRD),,2008,11.83
East Asia & Pacific (IDA & IBRD),,2009,14.12
East Asia & Pacific (IDA & IBRD),,2010,15.11
East Asia & Pacific (IDA & IBRD),,2011,16.8
East Asia & Pacific (IDA & IBRD),,2012,19.76
East Asia & Pacific (IDA & IBRD),,2013,21.895
East Asia & Pacific (IDA & IBRD),,2014,22.935
East Asia & Pacific (IDA & IBRD),,2015,24.39
East Asia & Pacific (IDA & IBRD),,2016,25.64
East Asia & Pacific (IDA & IBRD),,2017,26.94
East Asia & Pacific (IDA & IBRD),,2018,27.32
East Asia & Pacific (IDA & IBRD),,2019,36.845
East Asia & Pacific (excluding high income),,2004,9.435
East Asia & Pacific (excluding high income),,2005,9.32
East Asia & Pacific (excluding high income),,2006,10.055
East Asia & Pacific (excluding high income),,2007,11.73
East Asia & Pacific (excluding high income),,2008,11.83
East Asia & Pacific (excluding high income),,2009,14.12
East Asia & Pacific (excluding high income),,2010,15.11
East Asia & Pacific (excluding high income),,2011,16.8
East Asia & Pacific (excluding high income),,2012,19.76
East Asia & Pacific (excluding high income),,2013,21.895
East Asia & Pacific (excluding high income),,2014,22.935
East Asia & Pacific (excluding high income),,2015,24.39
East Asia & Pacific (excluding high income),,2016,25.64
East Asia & Pacific (excluding high income),,2017,26.94
East Asia & Pacific (excluding high income),,2018,27.32
East Asia & Pacific (excluding high income),,2019,36.845
Ecuador,ECU,2004,8.19
Ecuador,ECU,2005,8.06
Ecuador,ECU,2006,13.61
Ecuador,ECU,2007,34.83
Ecuador,ECU,2008,34.13
Ecuador,ECU,2009,43.21
Ecuador,ECU,2010,44.67
Ecuador,ECU,2011,26.21
Ecuador,ECU,2012,27.53
Ecuador,ECU,2013,29.08
Ecuador,ECU,2014,32.21
Ecuador,ECU,2015,33.61
Ecuador,ECU,2016,34.01
Ecuador,ECU,2017,33.19
Ecuador,ECU,2018,34.53
Egypt,EGY,2004,2.65
Egypt,EGY,2005,3.34
Egypt,EGY,2006,4.44
Egypt,EGY,2007,5.42
Egypt,EGY,2008,6.48
Egypt,EGY,2009,7.69
Egypt,EGY,2010,8.64
Egypt,EGY,2011,9.22
Egypt,EGY,2012,10.32
Egypt,EGY,2013,10.94
Egypt,EGY,2014,12.06
Egypt,EGY,2015,13.7
Egypt,EGY,2016,15.69
Egypt,EGY,2017,17.71
Egypt,EGY,2018,18.72
Egypt,EGY,2019,20.07
El Salvador,SLV,2004,20.45
El Salvador,SLV,2005,22.72
El Salvador,SLV,2006,23.92
El Salvador,SLV,2007,25.35
El Salvador,SLV,2008,27.86
El Salvador,SLV,2009,29.17
El Salvador,SLV,2010,29.26
El Salvador,SLV,2011,29.28
El Salvador,SLV,2012,30.57
El Salvador,SLV,2013,33.34
El Salvador,SLV,2014,33.38
El Salvador,SLV,2015,35.76
El Salvador,SLV,2016,36.61
El Salvador,SLV,2017,37.24
El Salvador,SLV,2018,35.25
El Salvador,SLV,2019,35.68
Equatorial Guinea,GNQ,2004,0
Equatorial Guinea,GNQ,2005,0
Equatorial Guinea,GNQ,2006,0
Equatorial Guinea,GNQ,2007,0.8
Equatorial Guinea,GNQ,2008,2.47
Equatorial Guinea,GNQ,2009,2.35
Equatorial Guinea,GNQ,2010,2.93
Equatorial Guinea,GNQ,2011,5.42
Equatorial Guinea,GNQ,2012,6.11
Equatorial Guinea,GNQ,2013,5.24
Equatorial Guinea,GNQ,2014,5.44
Equatorial Guinea,GNQ,2015,7.4
Equatorial Guinea,GNQ,2016,9.21
Equatorial Guinea,GNQ,2017,10.23
Equatorial Guinea,GNQ,2018,10.45
Equatorial Guinea,GNQ,2019,10.88
Estonia,EST,2004,67.66
Estonia,EST,2005,73.17
Estonia,EST,2006,80.2
Estonia,EST,2007,87.67
Estonia,EST,2008,89.49
Estonia,EST,2009,88.69
Estonia,EST,2010,88.67
Estonia,EST,2011,87.83
Estonia,EST,2012,83.59
Estonia,EST,2013,79.57
Estonia,EST,2014,76.71
Estonia,EST,2015,72.61
Estonia,EST,2016,69.96
Estonia,EST,2017,67.77
Estonia,EST,2018,67.92
Estonia,EST,2019,66.87
Eswatini,SWZ,2004,7.34
Eswatini,SWZ,2005,12.4
Eswatini,SWZ,2006,15.23
Eswatini,SWZ,2007,16.36
Eswatini,SWZ,2008,20.35
Eswatini,SWZ,2009,20.77
Eswatini,SWZ,2010,24.18
Eswatini,SWZ,2011,25.19
Eswatini,SWZ,2012,29.53
Eswatini,SWZ,2013,31.17
Eswatini,SWZ,2014,38.19
Eswatini,SWZ,2015,38.22
Eswatini,SWZ,2016,38.33
Eswatini,SWZ,2017,37.2
Eswatini,SWZ,2018,40.82
Ethiopia,ETH,2004,0.02
Ethiopia,ETH,2005,0.02
Ethiopia,ETH,2006,0.03
Ethiopia,ETH,2007,0.04
Ethiopia,ETH,2008,0.07
Ethiopia,ETH,2009,0.1
Ethiopia,ETH,2010,0.3
Ethiopia,ETH,2011,0.32
Ethiopia,ETH,2012,0.46
Euro area,,2004,77.665
Euro area,,2005,75.44
Euro area,,2006,80.11
Euro area,,2007,87.41
Euro area,,2008,89.49
Euro area,,2009,88.69
Euro area,,2010,90.39
Euro area,,2011,88.31
Euro area,,2012,84.59
Euro area,,2013,84.67
Euro area,,2014,90.93
Euro area,,2015,90.02
Euro area,,2016,88.34
Euro area,,2017,85.64
Euro area,,2018,73.355
Euro area,,2019,66.87
Europe & Central Asia,,2004,37.375
Europe & Central Asia,,2005,38.19
Europe & Central Asia,,2006,40.07
Europe & Central Asia,,2007,49.05
Europe & Central Asia,,2008,54.38
Europe & Central Asia,,2009,57.43
Europe & Central Asia,,2010,59.24
Europe & Central Asia,,2011,60.25
Europe & Central Asia,,2012,63.42
Europe & Central Asia,,2013,58.3
Europe & Central Asia,,2014,61.14
Europe & Central Asia,,2015,61.835
Europe & Central Asia,,2016,61.22
Europe & Central Asia,,2017,62.85
Europe & Central Asia,,2018,62.28
Europe & Central Asia,,2019,63.92
Europe & Central Asia (IDA & IBRD),,2004,10.415
Europe & Central Asia (IDA & IBRD),,2005,13.84
Europe & Central Asia (IDA & IBRD),,2006,17.94
Europe & Central Asia (IDA & IBRD),,2007,26.55
Europe & Central Asia (IDA & IBRD),,2008,41.29
Europe & Central Asia (IDA & IBRD),,2009,43.65
Europe & Central Asia (IDA & IBRD),,2010,47.4
Europe & Central Asia (IDA & IBRD),,2011,47.17
Europe & Central Asia (IDA & IBRD),,2012,49.65
Europe & Central Asia (IDA & IBRD),,2013,53.91
Europe & Central Asia (IDA & IBRD),,2014,57.515
Europe & Central Asia (IDA & IBRD),,2015,60.61
Europe & Central Asia (IDA & IBRD),,2016,60.58
Europe & Central Asia (IDA & IBRD),,2017,61.58
Europe & Central Asia (IDA & IBRD),,2018,61.96
Europe & Central Asia (IDA & IBRD),,2019,64.44
Europe & Central Asia (excluding high income),,2004,9.97
Europe & Central Asia (excluding high income),,2005,13.17
Europe & Central Asia (excluding high income),,2006,17.07
Europe & Central Asia (excluding high income),,2007,25.67
Europe & Central Asia (excluding high income),,2008,30.25
Europe & Central Asia (excluding high income),,2009,43.24
Europe & Central Asia (excluding high income),,2010,37.92
Europe & Central Asia (excluding high income),,2011,43.54
Europe & Central Asia (excluding high income),,2012,46.5
Europe & Central Asia (excluding high income),,2013,51.18
Europe & Central Asia (excluding high income),,2014,55.185
Europe & Central Asia (excluding high income),,2015,58.055
Europe & Central Asia (excluding high income),,2016,57.645
Europe & Central Asia (excluding high income),,2017,57.545
Europe & Central Asia (excluding high income),,2018,57.825
Europe & Central Asia (excluding high income),,2019,61.54
European Union,,2004,59.38
European Union,,2005,63.52
European Union,,2006,67.175
European Union,,2007,70.39
European Union,,2008,80.01
European Union,,2009,80.24
European Union,,2010,78.61
European Union,,2011,74.79
European Union,,2012,73.01
European Union,,2013,68.44
European Union,,2014,65.12
European Union,,2015,68.65
European Union,,2016,69.96
European Union,,2017,67.77
European Union,,2018,66.315
European Union,,2019,65.655
Fiji,FJI,2004,19.06
Fiji,FJI,2005,19.45
Fiji,FJI,2006,21.16
Fiji,FJI,2007,22.58
Fiji,FJI,2008,25.92
Fiji,FJI,2009,27.19
Fiji,FJI,2010,33.09
Fiji,FJI,2011,36.56
Fiji,FJI,2012,37.03
Fiji,FJI,2013,42.32
Fiji,FJI,2014,46.04
Fiji,FJI,2015,47.92
Fiji,FJI,2016,53.19
Fiji,FJI,2017,52.65
Fiji,FJI,2018,54.28
Fiji,FJI,2019,53.87
Finland,FIN,2006,38.27
Finland,FIN,2007,37.78
Finland,FIN,2008,37.38
Finland,FIN,2009,37.15
Finland,FIN,2010,36.83
Finland,FIN,2011,36.47
Finland,FIN,2012,35.73
Finland,FIN,2013,36.35
Finland,FIN,2014,35.86
Finland,FIN,2015,33.75
Finland,FIN,2016,31.69
Finland,FIN,2017,32.47
Finland,FIN,2018,34.72
Finland,FIN,2019,37.77
Fragile and conflict affected situations,,2005,0.64
Fragile and conflict affected situations,,2006,1.78
Fragile and conflict affected situations,,2007,3.39
Fragile and conflict affected situations,,2008,2.45
Fragile and conflict affected situations,,2009,3.195
Fragile and conflict affected situations,,2010,3.04
Fragile and conflict affected situations,,2011,3.24
Fragile and conflict affected situations,,2012,3.42
Fragile and conflict affected situations,,2013,3.915
Fragile and conflict affected situations,,2014,4.34
Fragile and conflict affected situations,,2015,4.46
Fragile and conflict affected situations,,2016,4.84
Fragile and conflict affected situations,,2017,4.88
Fragile and conflict affected situations,,2018,5.63
France,FRA,2004,85.61
France,FRA,2005,92.88
France,FRA,2006,92.19
France,FRA,2007,99.97
France,FRA,2008,101.63
France,FRA,2009,104.14
France,FRA,2010,106.1
France,FRA,2011,109.21
France,FRA,2012,109.37
France,FRA,2013,108.95
France,FRA,2014,108.22
France,FRA,2015,107.23
France,FRA,2016,104.74
France,FRA,2017,102.27
France,FRA,2018,98.29
Gabon,GAB,2005,5.45
Gabon,GAB,2006,5.83
Gabon,GAB,2007,6.29
Gabon,GAB,2008,6.48
Gabon,GAB,2009,7.47
Gabon,GAB,2010,8.96
Gabon,GAB,2011,10.19
Gabon,GAB,2012,11.76
Gabon,GAB,2013,12.85
Gambia,GMB,2005,0.6
Gambia,GMB,2006,0.58
Gambia,GMB,2007,0.9
Gambia,GMB,2008,1.42
Gambia,GMB,2009,3.05
Gambia,GMB,2010,3.25
Gambia,GMB,2011,3.94
Gambia,GMB,2012,5.05
Gambia,GMB,2013,5.35
Gambia,GMB,2014,5.62
Gambia,GMB,2015,5.7
Gambia,GMB,2016,7.62
Gambia,GMB,2017,8.85
Gambia,GMB,2018,7.55
Gambia,GMB,2019,8.16
Georgia,GEO,2004,2.15
Georgia,GEO,2005,5.85
Georgia,GEO,2006,13.84
Georgia,GEO,2007,26.55
Georgia,GEO,2008,42.31
Georgia,GEO,2009,43.65
Georgia,GEO,2010,48.28
Georgia,GEO,2011,50.96
Georgia,GEO,2012,63.42
Georgia,GEO,2013,68.11
Georgia,GEO,2014,71.02
Georgia,GEO,2015,70.13
Georgia,GEO,2016,74.42
Georgia,GEO,2017,76.03
Georgia,GEO,2018,77.62
Georgia,GEO,2019,85.07
Germany,DEU,2007,107.06
Germany,DEU,2008,109.88
Germany,DEU,2009,112.32
Germany,DEU,2010,116.69
Germany,DEU,2011,121.13
Germany,DEU,2012,118.65
Germany,DEU,2013,118.41
Germany,DEU,2014,123.51
Germany,DEU,2015,122.3
Germany,DEU,2016,131.14
Germany,DEU,2017,129.53
Germany,DEU,2019,129.89
Ghana,GHA,2008,3.79
Ghana,GHA,2009,3.83
Ghana,GHA,2010,3.87
Ghana,GHA,2011,4
Ghana,GHA,2012,5.36
Ghana,GHA,2013,7.94
Ghana,GHA,2014,7.98
Ghana,GHA,2015,9.99
Ghana,GHA,2016,10.92
Ghana,GHA,2017,11.29
Ghana,GHA,2018,11.51
Greece,GRC,2005,66.55
Greece,GRC,2006,70.99
Greece,GRC,2007,76.69
Greece,GRC,2008,80.43
Greece,GRC,2009,80.24
Greece,GRC,2010,78.61
Greece,GRC,2011,74.79
Greece,GRC,2012,73.01
Greece,GRC,2013,62.2
Greece,GRC,2014,59.46
Greece,GRC,2015,58.68
Greece,GRC,2016,59.28
Greece,GRC,2017,61.56
Greece,GRC,2018,62.28
Greece,GRC,2019,63.4
Grenada,GRD,2004,33.71
Grenada,GRD,2005,35.89
Grenada,GRD,2006,36.69
Grenada,GRD,2007,40.09
Grenada,GRD,2008,43.39
Grenada,GRD,2009,45.27
Grenada,GRD,2010,48.28
Grenada,GRD,2011,46.71
Grenada,GRD,2012,36.53
Grenada,GRD,2013,44.61
Grenada,GRD,2014,31.09
Grenada,GRD,2015,39.23
Grenada,GRD,2016,42.53
Grenada,GRD,2017,41.19
Grenada,GRD,2018,43.43
Grenada,GRD,2019,44.48
Guatemala,GTM,2011,27.02
Guatemala,GTM,2012,30.82
Guatemala,GTM,2013,33.17
Guatemala,GTM,2014,35.26
Guatemala,GTM,2015,36.07
Guatemala,GTM,2016,37.55
Guatemala,GTM,2017,37.91
Guatemala,GTM,2018,36.84
Guatemala,GTM,2019,36.93
Guinea,GIN,2004,0.08
Guinea,GIN,2005,0.25
Guinea,GIN,2006,0.26
Guinea,GIN,2007,0.33
Guinea,GIN,2008,0.46
Guinea,GIN,2009,0.56
Guinea,GIN,2010,0.77
Guinea,GIN,2011,1.01
Guinea,GIN,2012,1.23
Guinea,GIN,2013,1.5
Guinea,GIN,2014,1.87
Guinea,GIN,2015,2.29
Guinea,GIN,2016,2.46
Guinea,GIN,2017,2.45
Guinea,GIN,2018,2.5
Guinea,GIN,2019,2.53
Guinea-Bissau,GNB,2010,1.5
Guinea-Bissau,GNB,2011,1.46
Guinea-Bissau,GNB,2012,2.08
Guinea-Bissau,GNB,2013,4.04
Guinea-Bissau,GNB,2014,4.34
Guinea-Bissau,GNB,2015,4.22
Guinea-Bissau,GNB,2016,4.98
Guinea-Bissau,GNB,2017,4.85
Guinea-Bissau,GNB,2018,4.72
Guinea-Bissau,GNB,2019,5.58
Guyana,GUY,2004,10.33
Guyana,GUY,2005,11.15
Guyana,GUY,2006,12.06
Guyana,GUY,2007,13.14
Guyana,GUY,2008,13.77
Guyana,GUY,2009,13.97
Guyana,GUY,2010,14.57
Guyana,GUY,2011,15.15
Guyana,GUY,2012,16.09
Guyana,GUY,2013,15.88
Guyana,GUY,2014,16.24
Guyana,GUY,2015,16.78
Guyana,GUY,2016,18.98
Guyana,GUY,2017,20.23
Guyana,GUY,2018,20.74
Guyana,GUY,2019,20.92
Haiti,HTI,2014,1.09
Haiti,HTI,2015,1.3
Haiti,HTI,2016,2.03
Haiti,HTI,2017,2.26
Haiti,HTI,2018,2.11
Heavily indebted poor countries (HIPC),,2005,0.55
Heavily indebted poor countries (HIPC),,2006,0.59
Heavily indebted poor countries (HIPC),,2007,0.9
Heavily indebted poor countries (HIPC),,2008,1.23
Heavily indebted poor countries (HIPC),,2009,1.545
Heavily indebted poor countries (HIPC),,2010,2.22
Heavily indebted poor countries (HIPC),,2011,2.87
Heavily indebted poor countries (HIPC),,2012,3.59
Heavily indebted poor countries (HIPC),,2013,4.49
Heavily indebted poor countries (HIPC),,2014,4.49
Heavily indebted poor countries (HIPC),,2015,4.68
Heavily indebted poor countries (HIPC),,2016,4.965
Heavily indebted poor countries (HIPC),,2017,4.89
Heavily indebted poor countries (HIPC),,2018,4.85
Heavily indebted poor countries (HIPC),,2019,5.405
High income,,2004,59.38
High income,,2005,63.52
High income,,2006,69.89
High income,,2007,73.54
High income,,2008,71.79
High income,,2009,72.125
High income,,2010,71.99
High income,,2011,69.11
High income,,2012,70.21
High income,,2013,63.61
High income,,2014,63.115
High income,,2015,66.415
High income,,2016,67.995
High income,,2017,66.875
High income,,2018,67.92
High income,,2019,65.205
Honduras,HND,2004,4.38
Honduras,HND,2005,5.87
Honduras,HND,2006,7.58
Honduras,HND,2007,10.47
Honduras,HND,2008,13.27
Honduras,HND,2009,15.64
Honduras,HND,2010,16.28
Honduras,HND,2011,21.37
Honduras,HND,2012,21.82
Honduras,HND,2013,22.88
Honduras,HND,2014,22.63
Honduras,HND,2015,23.25
Honduras,HND,2016,23.81
Honduras,HND,2017,23.72
Honduras,HND,2018,24.3
Honduras,HND,2019,25.4
Hong Kong,HKG,2004,39.8
Hong Kong,HKG,2005,41.13
Hong Kong,HKG,2006,42.27
Hong Kong,HKG,2007,41.65
Hong Kong,HKG,2008,42.82
Hong Kong,HKG,2009,44.16
Hong Kong,HKG,2010,46.88
Hong Kong,HKG,2011,49.62
Hong Kong,HKG,2012,48.91
Hong Kong,HKG,2013,50.15
Hong Kong,HKG,2014,49.76
Hong Kong,HKG,2015,49.41
Hong Kong,HKG,2016,50.65
Hong Kong,HKG,2017,50.43
Hong Kong,HKG,2018,51.8
Hong Kong,HKG,2019,53.18
Hungary,HUN,2004,38.72
Hungary,HUN,2005,41.43
Hungary,HUN,2006,44.75
Hungary,HUN,2007,50.34
Hungary,HUN,2008,54.28
Hungary,HUN,2009,55.73
Hungary,HUN,2010,56.69
Hungary,HUN,2011,57.7
Hungary,HUN,2012,56.48
Hungary,HUN,2013,57.12
Hungary,HUN,2014,57.83
Hungary,HUN,2015,57.25
Hungary,HUN,2016,59.44
Hungary,HUN,2017,60.93
Hungary,HUN,2018,60.56
Hungary,HUN,2019,60.95
IBRD only,,2004,15.62
IBRD only,,2005,14.86
IBRD only,,2006,17.94
IBRD only,,2007,25.33
IBRD only,,2008,27.86
IBRD only,,2009,29.17
IBRD only,,2010,34.05
IBRD only,,2011,34.845
IBRD only,,2012,37.69
IBRD only,,2013,42.02
IBRD only,,2014,45.105
IBRD only,,2015,46.55
IBRD only,,2016,49.63
IBRD only,,2017,47.465
IBRD only,,2018,49.035
IBRD only,,2019,50.86
IDA & IBRD total,,2004,3.71
IDA & IBRD total,,2005,5.2
IDA & IBRD total,,2006,8.54
IDA & IBRD total,,2007,11.96
IDA & IBRD total,,2008,13.11
IDA & IBRD total,,2009,14.425
IDA & IBRD total,,2010,13.2
IDA & IBRD total,,2011,13.885
IDA & IBRD total,,2012,15.405
IDA & IBRD total,,2013,20.65
IDA & IBRD total,,2014,22.66
IDA & IBRD total,,2015,23.495
IDA & IBRD total,,2016,24.94
IDA & IBRD total,,2017,27.11
IDA & IBRD total,,2018,29.05
IDA & IBRD total,,2019,34.49
IDA blend,,2004,0.81
IDA blend,,2005,0.97
IDA blend,,2006,1.825
IDA blend,,2007,3.32
IDA blend,,2008,3.39
IDA blend,,2009,3.9
IDA blend,,2010,4.28
IDA blend,,2011,4.41
IDA blend,,2012,5.29
IDA blend,,2013,6.29
IDA blend,,2014,7.27
IDA blend,,2015,7.73
IDA blend,,2016,9.01
IDA blend,,2017,9.5
IDA blend,,2018,9.8
IDA blend,,2019,8.88
IDA only,,2005,0.59
IDA only,,2006,0.74
IDA only,,2007,1.215
IDA only,,2008,2.32
IDA only,,2009,2.955
IDA only,,2010,3.15
IDA only,,2011,3.71
IDA only,,2012,4.26
IDA only,,2013,4.86
IDA only,,2014,5.11
IDA only,,2015,5.52
IDA only,,2016,5.39
IDA only,,2017,5.39
IDA only,,2018,5.885
IDA only,,2019,6
IDA total,,2005,0.64
IDA total,,2006,1.07
IDA total,,2007,1.435
IDA total,,2008,2.385
IDA total,,2009,3.05
IDA total,,2010,3.36
IDA total,,2011,3.905
IDA total,,2012,4.32
IDA total,,2013,4.905
IDA total,,2014,5.62
IDA total,,2015,5.96
IDA total,,2016,6.17
IDA total,,2017,6.995
IDA total,,2018,6.765
IDA total,,2019,6.25
Iceland,ISL,2004,105.9
Iceland,ISL,2005,111.29
Iceland,ISL,2006,106.25
Iceland,ISL,2007,106.48
Iceland,ISL,2008,101.71
Iceland,ISL,2009,79.14
Iceland,ISL,2010,81.38
Iceland,ISL,2011,75.94
Iceland,ISL,2012,73.87
Iceland,ISL,2013,76.18
Iceland,ISL,2014,78.69
Iceland,ISL,2015,73.59
Iceland,ISL,2016,88.85
Iceland,ISL,2017,88.81
Iceland,ISL,2018,86.29
Iceland,ISL,2019,77.84
India,IND,2005,2.29
India,IND,2006,2.73
India,IND,2007,3.37
India,IND,2008,4.27
India,IND,2009,5.29
India,IND,2010,7.24
India,IND,2011,8.82
India,IND,2012,10.95
India,IND,2013,12.82
India,IND,2014,17.73
India,IND,2015,19.64
India,IND,2016,21.17
India,IND,2017,22
India,IND,2018,21.65
India,IND,2019,20.95
Indonesia,IDN,2004,8.56
Indonesia,IDN,2005,9.32
Indonesia,IDN,2006,10.49
Indonesia,IDN,2007,11.46
Indonesia,IDN,2008,13.11
Indonesia,IDN,2009,14.12
Indonesia,IDN,2010,13.04
Indonesia,IDN,2011,16.45
Indonesia,IDN,2012,35.73
Indonesia,IDN,2013,42.02
Indonesia,IDN,2014,49.21
Indonesia,IDN,2015,52.97
Indonesia,IDN,2016,54.34
Indonesia,IDN,2017,55.14
Indonesia,IDN,2018,54.38
Indonesia,IDN,2019,53.41
Iran,IRN,2005,4.49
Iran,IRN,2006,8.54
Iran,IRN,2007,14.02
Iran,IRN,2008,18.27
Iran,IRN,2009,23.48
Iran,IRN,2010,30.58
Iran,IRN,2011,36.27
Iran,IRN,2012,46.19
Iran,IRN,2013,51.69
Iran,IRN,2014,57.18
Iran,IRN,2015,67.57
Iran,IRN,2016,72.67
Iran,IRN,2017,77.52
Iran,IRN,2018,88.65
Iraq,IRQ,2008,0.7
Iraq,IRQ,2009,1.2
Iraq,IRQ,2010,2.22
Iraq,IRQ,2011,2.17
Iraq,IRQ,2012,2.17
Iraq,IRQ,2013,1.08
Iraq,IRQ,2014,1.61
Iraq,IRQ,2015,1.86
Iraq,IRQ,2016,2.38
Iraq,IRQ,2017,2.66
Iraq,IRQ,2018,3.83
Iraq,IRQ,2019,4.12
Ireland,IRL,2004,90.36
Ireland,IRL,2005,88.68
Ireland,IRL,2006,89.62
Ireland,IRL,2007,92.5
Ireland,IRL,2008,95.4
Ireland,IRL,2009,94.39
Ireland,IRL,2010,90.39
Ireland,IRL,2011,88.31
Ireland,IRL,2012,84.59
Ireland,IRL,2013,84.67
Ireland,IRL,2014,98.75
Ireland,IRL,2015,92.06
Ireland,IRL,2016,90.65
Ireland,IRL,2017,89.58
Ireland,IRL,2018,78.79
Ireland,IRL,2019,73.3
Israel,ISR,2004,68.76
Israel,ISR,2005,58.14
Israel,ISR,2006,76.89
Israel,ISR,2007,81.52
Israel,ISR,2008,87.46
Israel,ISR,2009,101.24
Israel,ISR,2010,120.92
Israel,ISR,2011,122.48
Israel,ISR,2012,122.8
Israel,ISR,2013,123.05
Israel,ISR,2014,123.07
Israel,ISR,2015,101.52
Israel,ISR,2016,111.05
Israel,ISR,2017,121.38
Israel,ISR,2018,128.38
Israel,ISR,2019,133.17
Italy,ITA,2004,74.27
Italy,ITA,2005,75.44
Italy,ITA,2006,80.02
Italy,ITA,2007,87.41
Italy,ITA,2008,99.26
Italy,ITA,2009,106.98
Italy,ITA,2010,100.01
Italy,ITA,2011,101.61
Italy,ITA,2012,99.33
Italy,ITA,2013,92.45
Italy,ITA,2014,92.45
Italy,ITA,2015,96.25
Italy,ITA,2016,94.09
Italy,ITA,2017,92.38
Italy,ITA,2018,91.04
Italy,ITA,2019,90.17
Jamaica,JAM,2004,17.6
Jamaica,JAM,2005,19.27
Jamaica,JAM,2006,21.43
Jamaica,JAM,2007,21.5
Jamaica,JAM,2008,22.77
Jamaica,JAM,2009,24.28
Jamaica,JAM,2010,25.01
Jamaica,JAM,2011,26.28
Jamaica,JAM,2012,26.84
Jamaica,JAM,2013,27.49
Jamaica,JAM,2014,30.05
Jamaica,JAM,2015,30.69
Jamaica,JAM,2016,32.05
Jamaica,JAM,2017,33.57
Jamaica,JAM,2018,34.32
Jamaica,JAM,2019,36.02
Japan,JPN,2004,124.37
Japan,JPN,2005,123.9
Japan,JPN,2006,124.12
Japan,JPN,2007,125.13
Japan,JPN,2008,125.45
Japan,JPN,2009,132.81
Japan,JPN,2010,130.93
Japan,JPN,2011,128.58
Japan,JPN,2012,127.91
Japan,JPN,2013,128.32
Japan,JPN,2014,127.52
Japan,JPN,2015,127.65
Japan,JPN,2016,127.77
Japan,JPN,2017,127.66
Japan,JPN,2018,127.38
Japan,JPN,2019,124.12
Jordan,JOR,2007,20.71
Jordan,JOR,2008,22.67
Jordan,JOR,2009,23.42
Jordan,JOR,2010,24.65
Jordan,JOR,2011,24.92
Jordan,JOR,2012,24.84
Jordan,JOR,2013,24.9
Jordan,JOR,2014,25.13
Jordan,JOR,2015,24.12
Jordan,JOR,2016,26.72
Jordan,JOR,2017,27.51
Jordan,JOR,2018,29.44
Jordan,JOR,2019,26.13
Kazakhstan,KAZ,2004,9.97
Kazakhstan,KAZ,2005,14.79
Kazakhstan,KAZ,2006,19.55
Kazakhstan,KAZ,2007,37.12
Kazakhstan,KAZ,2008,52.31
Kazakhstan,KAZ,2009,56.87
Kazakhstan,KAZ,2010,61.35
Kazakhstan,KAZ,2011,64.8
Kazakhstan,KAZ,2012,68.57
Kazakhstan,KAZ,2013,70.55
Kazakhstan,KAZ,2014,72
Kazakhstan,KAZ,2015,71.12
Kazakhstan,KAZ,2016,73.92
Kazakhstan,KAZ,2017,74.59
Kazakhstan,KAZ,2018,84.26
Kazakhstan,KAZ,2019,85.94
Kenya,KEN,2004,1.61
Kenya,KEN,2005,1.58
Kenya,KEN,2006,2.92
Kenya,KEN,2007,4.65
Kenya,KEN,2008,5.92
Kenya,KEN,2009,7.18
Kenya,KEN,2010,8.8
Kenya,KEN,2011,8.99
Kenya,KEN,2012,9.39
Kenya,KEN,2013,9.49
Kenya,KEN,2014,9.64
Kenya,KEN,2015,9.69
Kenya,KEN,2016,9.16
Kenya,KEN,2017,9.43
Kenya,KEN,2018,9.15
Kenya,KEN,2019,7.69
Kiribati,KIR,2011,10.48
Kiribati,KIR,2012,10.27
Kiribati,KIR,2013,14.35
Kosovo,OWID_KOS,2005,7.97
Kosovo,OWID_KOS,2006,9
Kosovo,OWID_KOS,2007,11.92
Kosovo,OWID_KOS,2008,18.32
Kosovo,OWID_KOS,2009,25.66
Kosovo,OWID_KOS,2010,31.17
Kosovo,OWID_KOS,2011,34.25
Kosovo,OWID_KOS,2012,35.68
Kosovo,OWID_KOS,2013,36.26
Kosovo,OWID_KOS,2014,36.45
Kosovo,OWID_KOS,2015,39.97
Kosovo,OWID_KOS,2016,38.33
Kosovo,OWID_KOS,2017,36.01
Kosovo,OWID_KOS,2018,35.32
Kuwait,KWT,2004,30.27
Kuwait,KWT,2005,35.17
Kuwait,KWT,2006,40.25
Kuwait,KWT,2007,46.78
Kuwait,KWT,2008,50.89
Kuwait,KWT,2009,51.83
Kuwait,KWT,2010,50.15
Kuwait,KWT,2011,50.71
Kuwait,KWT,2012,55.05
Kuwait,KWT,2013,53.66
Kuwait,KWT,2014,56.4
Kuwait,KWT,2015,56.51
Kuwait,KWT,2016,63.93
Kuwait,KWT,2017,65.98
Kuwait,KWT,2018,73.26
Kuwait,KWT,2019,81.07
Kyrgyzstan,KGZ,2004,0.6
Kyrgyzstan,KGZ,2005,0.95
Kyrgyzstan,KGZ,2006,1.19
Kyrgyzstan,KGZ,2007,2.36
Kyrgyzstan,KGZ,2008,4.67
Kyrgyzstan,KGZ,2009,8.34
Kyrgyzstan,KGZ,2010,7.33
Kyrgyzstan,KGZ,2011,11.93
Kyrgyzstan,KGZ,2012,15.62
Kyrgyzstan,KGZ,2013,20.65
Kyrgyzstan,KGZ,2014,24.83
Kyrgyzstan,KGZ,2015,30.29
Kyrgyzstan,KGZ,2016,31.41
Kyrgyzstan,KGZ,2017,33.61
Kyrgyzstan,KGZ,2018,37.01
Kyrgyzstan,KGZ,2019,39.28
Laos,LAO,2008,2.64
Laos,LAO,2009,4.84
Laos,LAO,2010,8.71
Laos,LAO,2011,10.85
Laos,LAO,2012,12.9
Laos,LAO,2013,17.85
Laos,LAO,2014,19.75
Laos,LAO,2015,22.97
Laos,LAO,2016,23.95
Laos,LAO,2017,25.74
Laos,LAO,2018,25.74
Late-demographic dividend,,2004,23.15
Late-demographic dividend,,2005,27.38
Late-demographic dividend,,2006,30.49
Late-demographic dividend,,2007,35.775
Late-demographic dividend,,2008,40.825
Late-demographic dividend,,2009,43.65
Late-demographic dividend,,2010,45.33
Late-demographic dividend,,2011,47.83
Late-demographic dividend,,2012,50.025
Late-demographic dividend,,2013,53.28
Late-demographic dividend,,2014,55.325
Late-demographic dividend,,2015,56.195
Late-demographic dividend,,2016,60
Late-demographic dividend,,2017,59.42
Late-demographic dividend,,2018,59.81
Late-demographic dividend,,2019,60.91
Latin America & Caribbean,,2004,19.27
Latin America & Caribbean,,2005,22.25
Latin America & Caribbean,,2006,23.92
Latin America & Caribbean,,2007,25.67
Latin America & Caribbean,,2008,27.23
Latin America & Caribbean,,2009,28.67
Latin America & Caribbean,,2010,33.9
Latin America & Caribbean,,2011,31
Latin America & Caribbean,,2012,35.29
Latin America & Caribbean,,2013,39.785
Latin America & Caribbean,,2014,40.17
Latin America & Caribbean,,2015,40.66
Latin America & Caribbean,,2016,40.655
Latin America & Caribbean,,2017,40.84
Latin America & Caribbean,,2018,41.365
Latin America & Caribbean,,2019,43.135
Latin America & Caribbean (IDA & IBRD),,2004,19.27
Latin America & Caribbean (IDA & IBRD),,2005,22.25
Latin America & Caribbean (IDA & IBRD),,2006,23.92
Latin America & Caribbean (IDA & IBRD),,2007,25.67
Latin America & Caribbean (IDA & IBRD),,2008,27.23
Latin America & Caribbean (IDA & IBRD),,2009,28.67
Latin America & Caribbean (IDA & IBRD),,2010,33.9
Latin America & Caribbean (IDA & IBRD),,2011,31
Latin America & Caribbean (IDA & IBRD),,2012,35.29
Latin America & Caribbean (IDA & IBRD),,2013,39.785
Latin America & Caribbean (IDA & IBRD),,2014,40.17
Latin America & Caribbean (IDA & IBRD),,2015,40.66
Latin America & Caribbean (IDA & IBRD),,2016,40.655
Latin America & Caribbean (IDA & IBRD),,2017,40.84
Latin America & Caribbean (IDA & IBRD),,2018,41.365
Latin America & Caribbean (IDA & IBRD),,2019,43.135
Latin America & Caribbean (excluding high income),,2004,17.6
Latin America & Caribbean (excluding high income),,2005,19.27
Latin America & Caribbean (excluding high income),,2006,21.43
Latin America & Caribbean (excluding high income),,2007,25.33
Latin America & Caribbean (excluding high income),,2008,27.11
Latin America & Caribbean (excluding high income),,2009,27.84
Latin America & Caribbean (excluding high income),,2010,28.73
Latin America & Caribbean (excluding high income),,2011,28.165
Latin America & Caribbean (excluding high income),,2012,31.15
Latin America & Caribbean (excluding high income),,2013,33.33
Latin America & Caribbean (excluding high income),,2014,34.3
Latin America & Caribbean (excluding high income),,2015,36.58
Latin America & Caribbean (excluding high income),,2016,38.33
Latin America & Caribbean (excluding high income),,2017,39.37
Latin America & Caribbean (excluding high income),,2018,36.88
Latin America & Caribbean (excluding high income),,2019,41.28
Latvia,LVA,2004,45.61
Latvia,LVA,2005,45.91
Latvia,LVA,2006,50.17
Latvia,LVA,2007,60.78
Latvia,LVA,2008,68.09
Latvia,LVA,2009,71.68
Latvia,LVA,2010,75.53
Latvia,LVA,2011,68.29
Latvia,LVA,2012,72.88
Latvia,LVA,2013,68.44
Latvia,LVA,2014,62.82
Latvia,LVA,2015,63.01
Latvia,LVA,2016,61.28
Latvia,LVA,2017,61.96
Latvia,LVA,2018,61.34
Latvia,LVA,2019,58.28
Least developed countries: UN classification,,2005,0.25
Least developed countries: UN classification,,2008,1.49
Least developed countries: UN classification,,2009,1.96
Least developed countries: UN classification,,2010,2.455
Least developed countries: UN classification,,2011,3.18
Least developed countries: UN classification,,2012,3.815
Least developed countries: UN classification,,2013,4.635
Least developed countries: UN classification,,2014,4.52
Least developed countries: UN classification,,2015,4.72
Least developed countries: UN classification,,2016,4.965
Least developed countries: UN classification,,2017,4.89
Least developed countries: UN classification,,2018,5.36
Least developed countries: UN classification,,2019,5.58
Lebanon,LBN,2004,27.9
Lebanon,LBN,2005,28.75
Lebanon,LBN,2006,29.98
Lebanon,LBN,2007,31.44
Lebanon,LBN,2008,32.98
Lebanon,LBN,2009,34.11
Lebanon,LBN,2010,34.97
Lebanon,LBN,2011,34.4
Lebanon,LBN,2012,35.05
Lebanon,LBN,2013,34.94
Lebanon,LBN,2014,35.11
Lebanon,LBN,2015,35.96
Lebanon,LBN,2016,36.6
Lebanon,LBN,2017,38.03
Lebanon,LBN,2018,39.47
Lebanon,LBN,2019,39.25
Lesotho,LSO,2004,2.64
Lesotho,LSO,2005,3.51
Lesotho,LSO,2006,3.66
Lesotho,LSO,2007,4.66
Lesotho,LSO,2008,5.49
Lesotho,LSO,2009,6.37
Lesotho,LSO,2010,7.08
Lesotho,LSO,2011,7.87
Lesotho,LSO,2012,9
Lesotho,LSO,2013,10.7
Lesotho,LSO,2014,11.16
Lesotho,LSO,2015,12.98
Lesotho,LSO,2016,14.72
Lesotho,LSO,2017,14.48
Lesotho,LSO,2018,14.38
Liberia,LBR,2008,1.17
Liberia,LBR,2009,1.55
Liberia,LBR,2010,1.49
Liberia,LBR,2011,1.44
Liberia,LBR,2012,1.35
Liberia,LBR,2013,1.64
Liberia,LBR,2014,1.79
Liberia,LBR,2015,2.01
Liberia,LBR,2016,1.95
Liberia,LBR,2017,2.73
Liberia,LBR,2018,3.38
Liberia,LBR,2019,3.66
Libya,LBY,2004,3.49
Libya,LBY,2005,3.41
Libya,LBY,2006,3.41
Libya,LBY,2007,3.39
Libya,LBY,2008,3.45
Libya,LBY,2009,3.53
Libya,LBY,2010,3.46
Libya,LBY,2011,3.48
Libya,LBY,2012,3.84
Libya,LBY,2013,3.82
Libya,LBY,2014,3.8
Libya,LBY,2015,3.77
Libya,LBY,2016,3.72
Libya,LBY,2017,3.66
Libya,LBY,2018,3.59
Lithuania,LTU,2004,36.27
Lithuania,LTU,2005,38.19
Lithuania,LTU,2006,41.87
Lithuania,LTU,2007,49.05
Lithuania,LTU,2008,54.38
Lithuania,LTU,2009,57.43
Lithuania,LTU,2010,59.51
Lithuania,LTU,2011,50.49
Lithuania,LTU,2012,51.83
Lithuania,LTU,2013,49.89
Lithuania,LTU,2014,51.2
Lithuania,LTU,2015,49.01
Lithuania,LTU,2016,48.24
Lithuania,LTU,2017,46.69
Lithuania,LTU,2018,46.93
Lithuania,LTU,2019,38.6
Low & middle income,,2004,3.4
Low & middle income,,2005,4.535
Low & middle income,,2006,7.635
Low & middle income,,2007,10.52
Low & middle income,,2008,11.11
Low & middle income,,2009,13.86
Low & middle income,,2010,10.42
Low & middle income,,2011,11.93
Low & middle income,,2012,11.76
Low & middle income,,2013,16.74
Low & middle income,,2014,18.19
Low & middle income,,2015,19.64
Low & middle income,,2016,23.81
Low & middle income,,2017,24.46
Low & middle income,,2018,26.765
Low & middle income,,2019,28.98
Low income,,2004,0.045
Low income,,2005,0.24
Low income,,2006,0.26
Low income,,2007,0.33
Low income,,2008,1.17
Low income,,2009,1.075
Low income,,2010,1.43
Low income,,2011,1.51
Low income,,2012,1.895
Low income,,2013,2.65
Low income,,2014,3.21
Low income,,2015,3.46
Low income,,2016,3.69
Low income,,2017,3.975
Low income,,2018,4.15
Low income,,2019,4.36
Lower middle income,,2004,2.64
Lower middle income,,2005,2.6
Lower middle income,,2006,3.495
Lower middle income,,2007,5.04
Lower middle income,,2008,6.24
Lower middle income,,2009,7.94
Lower middle income,,2010,7.85
Lower middle income,,2011,8.905
Lower middle income,,2012,9.39
Lower middle income,,2013,10.7
Lower middle income,,2014,11.16
Lower middle income,,2015,13.34
Lower middle income,,2016,15.69
Lower middle income,,2017,16.72
Lower middle income,,2018,18.82
Lower middle income,,2019,20.51
Luxembourg,LUX,2004,106.64
Luxembourg,LUX,2005,106.99
Luxembourg,LUX,2006,105.55
Luxembourg,LUX,2007,105.95
Luxembourg,LUX,2008,107.31
Luxembourg,LUX,2009,107.06
Luxembourg,LUX,2010,105.63
Luxembourg,LUX,2011,106.04
Luxembourg,LUX,2012,100.71
Luxembourg,LUX,2013,97.89
Luxembourg,LUX,2014,105.23
Luxembourg,LUX,2015,108.33
Luxembourg,LUX,2016,110.56
Luxembourg,LUX,2017,115.48
Luxembourg,LUX,2018,116.54
Luxembourg,LUX,2019,113.87
Macao,MAC,2004,54.43
Macao,MAC,2005,54.66
Macao,MAC,2006,65.23
Macao,MAC,2007,87.11
Macao,MAC,2008,113.68
Macao,MAC,2009,131.08
Macao,MAC,2010,139.4
Macao,MAC,2011,153.36
Macao,MAC,2012,175.64
Macao,MAC,2013,213.94
Macao,MAC,2014,219.58
Macao,MAC,2015,246.9
Macao,MAC,2016,282.42
Macao,MAC,2017,313.2
Macao,MAC,2018,324.17
Macao,MAC,2019,322.7
Madagascar,MDG,2004,0.28
Madagascar,MDG,2005,0.58
Madagascar,MDG,2006,0.74
Madagascar,MDG,2007,1
Madagascar,MDG,2008,1.23
Madagascar,MDG,2009,1.33
Madagascar,MDG,2010,1.4
Madagascar,MDG,2011,1.56
Madagascar,MDG,2012,1.71
Madagascar,MDG,2013,1.8
Madagascar,MDG,2014,2.05
Madagascar,MDG,2015,2.28
Madagascar,MDG,2016,2.55
Madagascar,MDG,2017,2.8
Madagascar,MDG,2018,2.94
Malawi,MWI,2004,0.76
Malawi,MWI,2005,1.49
Malawi,MWI,2006,1.44
Malawi,MWI,2007,1.53
Malawi,MWI,2008,1.78
Malawi,MWI,2009,2.68
Malawi,MWI,2010,3.05
Malawi,MWI,2011,3.93
Malawi,MWI,2012,4.44
Malawi,MWI,2013,4.78
Malawi,MWI,2014,5.05
Malawi,MWI,2015,5.21
Malawi,MWI,2016,4.95
Malawi,MWI,2017,4.97
Malawi,MWI,2018,4.85
Malawi,MWI,2019,4.71
Malaysia,MYS,2004,27.12
Malaysia,MYS,2005,27.38
Malaysia,MYS,2006,28.22
Malaysia,MYS,2007,38.71
Malaysia,MYS,2008,41.42
Malaysia,MYS,2009,51.85
Malaysia,MYS,2010,53.54
Malaysia,MYS,2011,53.6
Malaysia,MYS,2012,53.29
Malaysia,MYS,2013,54.68
Malaysia,MYS,2014,52.39
Malaysia,MYS,2015,51.27
Malaysia,MYS,2016,48.96
Malaysia,MYS,2017,47.55
Malaysia,MYS,2018,46.6
Malaysia,MYS,2019,44.71
Maldives,MDV,2004,7.2
Maldives,MDV,2005,7.3
Maldives,MDV,2006,6.97
Maldives,MDV,2007,17.11
Maldives,MDV,2008,16.42
Maldives,MDV,2009,16.87
Maldives,MDV,2010,16.47
Maldives,MDV,2011,16.31
Maldives,MDV,2012,19.04
Maldives,MDV,2013,19.86
Maldives,MDV,2014,22.92
Maldives,MDV,2015,23.16
Maldives,MDV,2016,25.47
Maldives,MDV,2017,29.61
Maldives,MDV,2018,31.81
Maldives,MDV,2019,35.04
Mali,MLI,2010,2.72
Mali,MLI,2011,3.24
Mali,MLI,2012,3.39
Mali,MLI,2013,4.01
Mali,MLI,2014,4.3
Mali,MLI,2015,4.46
Mali,MLI,2016,4.7
Mali,MLI,2017,4.88
Mali,MLI,2018,4.72
Mali,MLI,2019,5.23
Malta,MLT,2004,45.26
Malta,MLT,2005,44.99
Malta,MLT,2006,41.25
Malta,MLT,2007,46.72
Malta,MLT,2008,47.31
Malta,MLT,2009,48.71
Malta,MLT,2010,52.22
Malta,MLT,2011,55.26
Malta,MLT,2012,60.21
Malta,MLT,2013,58.7
Malta,MLT,2014,55.31
Malta,MLT,2015,55.27
Malta,MLT,2016,55.04
Malta,MLT,2017,54.81
Malta,MLT,2018,52.47
Malta,MLT,2019,49
Marshall Islands,MHL,2007,2.95
Marshall Islands,MHL,2008,2.94
Marshall Islands,MHL,2009,2.94
Marshall Islands,MHL,2010,2.93
Marshall Islands,MHL,2011,5.85
Marshall Islands,MHL,2012,5.83
Marshall Islands,MHL,2013,5.82
Marshall Islands,MHL,2014,5.81
Marshall Islands,MHL,2015,5.8
Marshall Islands,MHL,2016,5.79
Marshall Islands,MHL,2017,6.18
Marshall Islands,MHL,2018,6.03
Marshall Islands,MHL,2019,5.74
Mauritania,MRT,2011,4.25
Mauritania,MRT,2012,4.71
Mauritania,MRT,2013,6.51
Mauritania,MRT,2014,7.93
Mauritania,MRT,2015,9.43
Mauritania,MRT,2016,10.08
Mauritania,MRT,2017,10.24
Mauritania,MRT,2018,10.46
Mauritania,MRT,2019,10.4
Mauritius,MUS,2004,30.93
Mauritius,MUS,2005,33.85
Mauritius,MUS,2006,34.93
Mauritius,MUS,2007,38.96
Mauritius,MUS,2008,38.06
Mauritius,MUS,2009,39.51
Mauritius,MUS,2010,40.88
Mauritius,MUS,2011,43.43
Mauritius,MUS,2012,44.33
Mauritius,MUS,2013,44.88
Mauritius,MUS,2014,45.04
Mauritius,MUS,2015,45.59
Mauritius,MUS,2016,44.5
Mauritius,MUS,2017,43.49
Mauritius,MUS,2018,43.17
Mauritius,MUS,2019,42.78
Mexico,MEX,2004,28.85
Mexico,MEX,2005,31.69
Mexico,MEX,2006,34.82
Mexico,MEX,2007,38.91
Mexico,MEX,2008,41.43
Mexico,MEX,2009,42.91
Mexico,MEX,2010,45.17
Mexico,MEX,2011,44.86
Mexico,MEX,2012,48.76
Mexico,MEX,2013,48.71
Mexico,MEX,2014,50.45
Mexico,MEX,2015,52.9
Mexico,MEX,2016,54.59
Mexico,MEX,2017,55.62
Mexico,MEX,2018,58.82
Mexico,MEX,2019,61.54
Micronesia (country),FSM,2004,3.09
Micronesia (country),FSM,2005,3.08
Micronesia (country),FSM,2006,3.07
Micronesia (country),FSM,2007,3.06
Micronesia (country),FSM,2008,3.06
Micronesia (country),FSM,2009,3.05
Micronesia (country),FSM,2010,9.07
Micronesia (country),FSM,2011,8.94
Micronesia (country),FSM,2012,14.6
Micronesia (country),FSM,2013,14.26
Micronesia (country),FSM,2014,13.94
Micronesia (country),FSM,2015,13.67
Micronesia (country),FSM,2016,13.41
Micronesia (country),FSM,2017,13.19
Micronesia (country),FSM,2018,13
Micronesia (country),FSM,2019,12.82
Middle East & North Africa,,2004,8.325
Middle East & North Africa,,2005,9.68
Middle East & North Africa,,2006,11.05
Middle East & North Africa,,2007,14.19
Middle East & North Africa,,2008,16.27
Middle East & North Africa,,2009,18.24
Middle East & North Africa,,2010,22.505
Middle East & North Africa,,2011,23.135
Middle East & North Africa,,2012,23.87
Middle East & North Africa,,2013,24.9
Middle East & North Africa,,2014,25.28
Middle East & North Africa,,2015,26.4
Middle East & North Africa,,2016,30.76
Middle East & North Africa,,2017,33.785
Middle East & North Africa,,2018,32.925
Middle East & North Africa,,2019,33.915
Middle East & North Africa (IDA & IBRD),,2004,3.07
Middle East & North Africa (IDA & IBRD),,2005,3.41
Middle East & North Africa (IDA & IBRD),,2006,4.44
Middle East & North Africa (IDA & IBRD),,2007,9.72
Middle East & North Africa (IDA & IBRD),,2008,6.48
Middle East & North Africa (IDA & IBRD),,2009,7.69
Middle East & North Africa (IDA & IBRD),,2010,8.64
Middle East & North Africa (IDA & IBRD),,2011,9.22
Middle East & North Africa (IDA & IBRD),,2012,10.32
Middle East & North Africa (IDA & IBRD),,2013,17.04
Middle East & North Africa (IDA & IBRD),,2014,18.28
Middle East & North Africa (IDA & IBRD),,2015,18.91
Middle East & North Africa (IDA & IBRD),,2016,26.72
Middle East & North Africa (IDA & IBRD),,2017,27.21
Middle East & North Africa (IDA & IBRD),,2018,27.79
Middle East & North Africa (IDA & IBRD),,2019,23.1
Middle East & North Africa (excluding high income),,2004,3.07
Middle East & North Africa (excluding high income),,2005,3.41
Middle East & North Africa (excluding high income),,2006,6.215
Middle East & North Africa (excluding high income),,2007,10.52
Middle East & North Africa (excluding high income),,2008,9.16
Middle East & North Africa (excluding high income),,2009,11.085
Middle East & North Africa (excluding high income),,2010,11.985
Middle East & North Africa (excluding high income),,2011,12.97
Middle East & North Africa (excluding high income),,2012,14.465
Middle East & North Africa (excluding high income),,2013,20.21
Middle East & North Africa (excluding high income),,2014,22.04
Middle East & North Africa (excluding high income),,2015,23.07
Middle East & North Africa (excluding high income),,2016,25.15
Middle East & North Africa (excluding high income),,2017,25.545
Middle East & North Africa (excluding high income),,2018,26.265
Middle East & North Africa (excluding high income),,2019,24.87
Middle income,,2004,8.325
Middle income,,2005,9.26
Middle income,,2006,11.05
Middle income,,2007,14.19
Middle income,,2008,15.995
Middle income,,2009,18.24
Middle income,,2010,19.725
Middle income,,2011,24.19
Middle income,,2012,24.84
Middle income,,2013,24.9
Middle income,,2014,27.665
Middle income,,2015,30.49
Middle income,,2016,32.385
Middle income,,2017,32.675
Middle income,,2018,34.32
Middle income,,2019,38.87
Moldova,MDA,2004,9.64
Moldova,MDA,2005,13.17
Moldova,MDA,2006,15.82
Moldova,MDA,2007,19.22
Moldova,MDA,2008,24.42
Moldova,MDA,2009,29.02
Moldova,MDA,2010,32.07
Moldova,MDA,2011,35.54
Moldova,MDA,2012,38.5
Moldova,MDA,2013,41.81
Moldova,MDA,2014,45
Moldova,MDA,2015,40.76
Moldova,MDA,2016,44.33
Moldova,MDA,2017,47.38
Moldova,MDA,2018,49.98
Moldova,MDA,2019,50.86
Mongolia,MNG,2008,9.87
Mongolia,MNG,2009,14.97
Mongolia,MNG,2010,18.49
Mongolia,MNG,2011,31.46
Mongolia,MNG,2012,44.71
Mongolia,MNG,2013,49.69
Mongolia,MNG,2014,58.36
Mongolia,MNG,2015,72.43
Mongolia,MNG,2016,87.96
Mongolia,MNG,2017,93.11
Mongolia,MNG,2018,106.88
Mongolia,MNG,2019,148.8
Montenegro,MNE,2005,14.28
Montenegro,MNE,2006,26.02
Montenegro,MNE,2007,40.12
Montenegro,MNE,2008,53.07
Montenegro,MNE,2009,60.05
Montenegro,MNE,2010,64.17
Montenegro,MNE,2011,66.2
Montenegro,MNE,2012,69.6
Montenegro,MNE,2013,71.56
Montenegro,MNE,2014,70.95
Montenegro,MNE,2015,76.12
Montenegro,MNE,2016,77.92
Montenegro,MNE,2017,80.98
Montenegro,MNE,2018,87.05
Montenegro,MNE,2019,81.1
Morocco,MAR,2004,8.34
Morocco,MAR,2005,14.86
Morocco,MAR,2006,12.85
Morocco,MAR,2007,14.27
Morocco,MAR,2008,16.27
Morocco,MAR,2009,18.24
Morocco,MAR,2010,19.66
Morocco,MAR,2011,21.35
Morocco,MAR,2012,22.9
Morocco,MAR,2013,24.26
Morocco,MAR,2014,25.28
Morocco,MAR,2015,26.06
Morocco,MAR,2016,26.84
Morocco,MAR,2017,27.21
Morocco,MAR,2018,27.79
Morocco,MAR,2019,28.58
Mozambique,MOZ,2004,1.91
Mozambique,MOZ,2005,2.22
Mozambique,MOZ,2006,3.28
Mozambique,MOZ,2007,3.65
Mozambique,MOZ,2008,4.25
Mozambique,MOZ,2009,4.72
Mozambique,MOZ,2010,5.74
Mozambique,MOZ,2011,6.5
Mozambique,MOZ,2012,7.04
Mozambique,MOZ,2013,7.76
Mozambique,MOZ,2014,9.22
Mozambique,MOZ,2015,10.68
Mozambique,MOZ,2016,11.01
Mozambique,MOZ,2017,11.07
Mozambique,MOZ,2018,10.82
Mozambique,MOZ,2019,10.39
Myanmar,MMR,2012,0.09
Myanmar,MMR,2013,0.61
Myanmar,MMR,2014,1.68
Myanmar,MMR,2015,1.95
Myanmar,MMR,2016,2.66
Myanmar,MMR,2017,4.38
Myanmar,MMR,2018,5.63
Myanmar,MMR,2019,6.86
Namibia,NAM,2006,9.63
Namibia,NAM,2007,9.96
Namibia,NAM,2008,29.96
Namibia,NAM,2009,42
Namibia,NAM,2010,49.62
Namibia,NAM,2011,51.27
Namibia,NAM,2012,49.61
Namibia,NAM,2013,53.61
Namibia,NAM,2014,56.7
Namibia,NAM,2015,58.33
Namibia,NAM,2016,67.72
Namibia,NAM,2017,70.43
Namibia,NAM,2018,72.45
Namibia,NAM,2019,72.37
Nepal,NPL,2011,7.35
Nepal,NPL,2012,7.6
Nepal,NPL,2013,8.52
Nepal,NPL,2014,9.3
Nepal,NPL,2015,9.56
Nepal,NPL,2016,10.34
Nepal,NPL,2017,10.97
Nepal,NPL,2018,14.28
Nepal,NPL,2019,16.46
Netherlands,NLD,2004,59.38
Netherlands,NLD,2005,55.86
Netherlands,NLD,2006,60.72
Netherlands,NLD,2007,63.69
Netherlands,NLD,2008,64.09
Netherlands,NLD,2009,62.52
Netherlands,NLD,2010,57.79
Netherlands,NLD,2011,56.52
Netherlands,NLD,2012,54.56
Netherlands,NLD,2013,52.99
Netherlands,NLD,2014,53.65
Netherlands,NLD,2015,49.67
Netherlands,NLD,2016,47.51
Netherlands,NLD,2017,44.59
Netherlands,NLD,2018,41.08
Netherlands,NLD,2019,41.08
New Zealand,NZL,2004,59.04
New Zealand,NZL,2005,62.25
New Zealand,NZL,2006,69.46
New Zealand,NZL,2007,69.64
New Zealand,NZL,2008,71.79
New Zealand,NZL,2009,72.57
New Zealand,NZL,2010,72.22
New Zealand,NZL,2011,76.38
New Zealand,NZL,2012,74.82
New Zealand,NZL,2013,72.38
New Zealand,NZL,2014,70.72
New Zealand,NZL,2015,69.28
New Zealand,NZL,2016,66.03
New Zealand,NZL,2017,65.84
New Zealand,NZL,2018,65.17
New Zealand,NZL,2019,63.54
Nicaragua,NIC,2004,3.31
Nicaragua,NIC,2005,4.58
Nicaragua,NIC,2006,5.77
Nicaragua,NIC,2007,6.82
Nicaragua,NIC,2008,7.79
Nicaragua,NIC,2009,8.23
Nicaragua,NIC,2010,8.37
Nicaragua,NIC,2011,9.53
Nicaragua,NIC,2012,11.42
Nicaragua,NIC,2013,14.36
Nicaragua,NIC,2014,15.95
Nicaragua,NIC,2015,18.21
Nicaragua,NIC,2016,17.88
Nicaragua,NIC,2017,17.57
Nicaragua,NIC,2018,22.16
Nicaragua,NIC,2019,22.08
Niger,NER,2010,0.58
Niger,NER,2011,0.91
Niger,NER,2012,0.93
Niger,NER,2013,1.25
Niger,NER,2014,1.26
Niger,NER,2015,1.45
Niger,NER,2016,1.52
Niger,NER,2017,1.73
Niger,NER,2018,1.66
Niger,NER,2019,1.62
Nigeria,NGA,2005,0.68
Nigeria,NGA,2006,1.78
Nigeria,NGA,2007,4.48
Nigeria,NGA,2008,8.64
Nigeria,NGA,2009,11.46
Nigeria,NGA,2010,11.23
Nigeria,NGA,2011,11.94
Nigeria,NGA,2012,11.49
Nigeria,NGA,2013,13.31
Nigeria,NGA,2014,16.19
Nigeria,NGA,2015,16.21
Nigeria,NGA,2016,16.74
Nigeria,NGA,2017,16.33
Nigeria,NGA,2018,16.93
North America,,2004,175.43
North America,,2005,183.865
North America,,2006,186.845
North America,,2007,192.925
North America,,2008,192.915
North America,,2009,195.11
North America,,2010,218.22
North America,,2011,207.65
North America,,2012,203.39
North America,,2013,221.01
North America,,2014,221.85
North America,,2015,221.49
North America,,2016,223.89
North America,,2017,228.43
North America,,2018,220.01
North America,,2019,214.14
North Macedonia,MKD,2005,9.55
North Macedonia,MKD,2006,17.94
North Macedonia,MKD,2007,31.73
North Macedonia,MKD,2008,45.31
North Macedonia,MKD,2009,49.21
North Macedonia,MKD,2010,51.12
North Macedonia,MKD,2011,51.25
North Macedonia,MKD,2012,49.65
North Macedonia,MKD,2013,54.05
North Macedonia,MKD,2014,55.6
North Macedonia,MKD,2015,60.66
North Macedonia,MKD,2016,60
North Macedonia,MKD,2017,59.42
North Macedonia,MKD,2018,59.81
North Macedonia,MKD,2019,61.54
Northern Mariana Islands,MNP,2005,9.55004099826518
Northern Mariana Islands,MNP,2006,17.9431907705543
Northern Mariana Islands,MNP,2007,31.7258692978148
Northern Mariana Islands,MNP,2008,45.3051429374283
Northern Mariana Islands,MNP,2009,49.207068311476
Northern Mariana Islands,MNP,2010,51.1187295730968
Northern Mariana Islands,MNP,2011,51.2475802191361
Northern Mariana Islands,MNP,2012,49.6487294120938
Northern Mariana Islands,MNP,2013,54.0457296609357
Northern Mariana Islands,MNP,2014,55.5980705904179
Northern Mariana Islands,MNP,2015,60.6646275486806
Northern Mariana Islands,MNP,2016,60.0011318789074
Northern Mariana Islands,MNP,2017,59.4198638703022
Northern Mariana Islands,MNP,2018,59.8073742492449
Northern Mariana Islands,MNP,2019,61.5418177225509
Norway,NOR,2004,59.14
Norway,NOR,2005,58.76
Norway,NOR,2006,59.93
Norway,NOR,2007,59.78
Norway,NOR,2008,59.22
Norway,NOR,2009,57.6
Norway,NOR,2010,55.25
Norway,NOR,2011,54.47
Norway,NOR,2012,52.73
Norway,NOR,2013,50.5
Norway,NOR,2014,48.32
Norway,NOR,2015,45.81
Norway,NOR,2016,39.02
Norway,NOR,2017,36.37
Norway,NOR,2018,34.48
Norway,NOR,2019,31.58
OECD members,,2004,67.66
OECD members,,2005,68.14
OECD members,,2006,73.94
OECD members,,2007,79.105
OECD members,,2008,83.945
OECD members,,2009,83.805
OECD members,,2010,78.61
OECD members,,2011,76.38
OECD members,,2012,74.82
OECD members,,2013,74.89
OECD members,,2014,78.8
OECD members,,2015,72.61
OECD members,,2016,72.45
OECD members,,2017,71.87
OECD members,,2018,72.64
OECD members,,2019,68.69
Oman,OMN,2010,40.44
Oman,OMN,2011,39.52
Oman,OMN,2012,38.21
Oman,OMN,2013,37.76
Oman,OMN,2014,34.95
Oman,OMN,2015,34.12
Oman,OMN,2016,33.76
Oman,OMN,2017,37.58
Oman,OMN,2018,35.13
Other small states,,2004,23.275
Other small states,,2005,14.56
Other small states,,2006,17.52
Other small states,,2007,24.765
Other small states,,2008,29.95
Other small states,,2009,28.6
Other small states,,2010,27.22
Other small states,,2011,26.58
Other small states,,2012,27.56
Other small states,,2013,29.05
Other small states,,2014,34.255
Other small states,,2015,36.1
Other small states,,2016,36.045
Other small states,,2017,36.31
Other small states,,2018,41.48
Other small states,,2019,41.775
Pakistan,PAK,2004,0.74
Pakistan,PAK,2005,1.16
Pakistan,PAK,2006,1.87
Pakistan,PAK,2007,2.72
Pakistan,PAK,2008,3.39
Pakistan,PAK,2009,3.9
Pakistan,PAK,2010,4.28
Pakistan,PAK,2011,4.72
Pakistan,PAK,2012,5.29
Pakistan,PAK,2013,6.29
Pakistan,PAK,2014,7.27
Pakistan,PAK,2015,8.45
Pakistan,PAK,2016,9.45
Pakistan,PAK,2017,10
Pakistan,PAK,2018,10.45
Pakistan,PAK,2019,10.84
Palau,PLW,2007,30.95
Palau,PLW,2008,30.78
Palau,PLW,2009,30.61
Palau,PLW,2010,36.5
Palau,PLW,2011,36.27
Palau,PLW,2012,41.99
Palau,PLW,2013,41.66
Palau,PLW,2014,47.22
Palau,PLW,2015,46.79
Palau,PLW,2016,46.33
Palau,PLW,2017,45.85
Palestine,PSE,2006,7.99
Palestine,PSE,2007,10.52
Palestine,PSE,2008,11.84
Palestine,PSE,2009,14.48
Palestine,PSE,2010,15.33
Palestine,PSE,2011,16.72
Palestine,PSE,2012,18.61
Palestine,PSE,2013,20.21
Palestine,PSE,2014,22.04
Palestine,PSE,2015,23.07
Palestine,PSE,2016,23.58
Palestine,PSE,2017,23.88
Palestine,PSE,2018,24.74
Palestine,PSE,2019,24.87
Panama,PAN,2007,32.75
Panama,PAN,2008,34.68
Panama,PAN,2009,38.39
Panama,PAN,2010,39.74
Panama,PAN,2011,44.97
Panama,PAN,2012,50.7
Panama,PAN,2013,55.95
Panama,PAN,2014,61.36
Panama,PAN,2015,67.68
Panama,PAN,2016,69.25
Panama,PAN,2017,70.48
Panama,PAN,2018,69.95
Panama,PAN,2019,73.65
Papua New Guinea,PNG,2004,3.71
Papua New Guinea,PNG,2005,3.62
Papua New Guinea,PNG,2006,3.53
Papua New Guinea,PNG,2007,3.92
Papua New Guinea,PNG,2008,4.52
Papua New Guinea,PNG,2009,4.85
Papua New Guinea,PNG,2010,5.34
Papua New Guinea,PNG,2011,6.68
Papua New Guinea,PNG,2012,6.64
Papua New Guinea,PNG,2013,7.21
Papua New Guinea,PNG,2014,7.43
Papua New Guinea,PNG,2015,7.36
Papua New Guinea,PNG,2016,8.98
Papua New Guinea,PNG,2017,8.59
Papua New Guinea,PNG,2018,8.18
Paraguay,PRY,2009,12.82
Paraguay,PRY,2010,18.76
Paraguay,PRY,2011,18.89
Paraguay,PRY,2012,20.34
Paraguay,PRY,2013,23.45
Paraguay,PRY,2014,24.02
Paraguay,PRY,2015,25.3
Paraguay,PRY,2016,24.94
Paraguay,PRY,2017,27.01
Paraguay,PRY,2018,29.2
Paraguay,PRY,2019,29.91
Peru,PER,2004,10.61
Peru,PER,2005,11.37
Peru,PER,2006,13.62
Peru,PER,2007,16.44
Peru,PER,2008,20.21
Peru,PER,2009,23.87
Peru,PER,2010,27.14
Peru,PER,2011,31.74
Peru,PER,2012,39.09
Peru,PER,2013,41.96
Peru,PER,2014,56.73
Peru,PER,2015,123.1
Peru,PER,2016,110.69
Peru,PER,2017,107.5
Peru,PER,2018,112.65
Peru,PER,2019,126.71
Philippines,PHL,2004,10.31
Philippines,PHL,2005,11.43
Philippines,PHL,2006,12.31
Philippines,PHL,2007,12.5
Philippines,PHL,2008,13.17
Philippines,PHL,2009,14.01
Philippines,PHL,2010,15.11
Philippines,PHL,2011,16.8
Philippines,PHL,2012,18.85
Philippines,PHL,2013,21.93
Philippines,PHL,2014,23.18
Philippines,PHL,2015,25.04
Philippines,PHL,2016,27.04
Philippines,PHL,2017,28.14
Philippines,PHL,2018,28.9
Philippines,PHL,2019,28.98
Poland,POL,2004,25.44
Poland,POL,2005,27.58
Poland,POL,2006,31.09
Poland,POL,2007,35.99
Poland,POL,2008,43.14
Poland,POL,2009,48.69
Poland,POL,2010,50.89
Poland,POL,2011,53.86
Poland,POL,2012,56.24
Poland,POL,2013,58.3
Poland,POL,2014,63.41
Poland,POL,2015,68.45
Poland,POL,2016,72.45
Poland,POL,2017,71.87
Poland,POL,2018,70.94
Poland,POL,2019,70.55
Portugal,PRT,2004,142.6
Portugal,PRT,2005,154.4
Portugal,PRT,2006,163.16
Portugal,PRT,2007,176.94
Portugal,PRT,2008,187.18
Portugal,PRT,2009,192
Portugal,PRT,2010,194.63
Portugal,PRT,2011,191.19
Portugal,PRT,2012,184.92
Portugal,PRT,2013,180.42
Portugal,PRT,2014,176.87
Portugal,PRT,2015,173.42
Portugal,PRT,2016,168.78
Portugal,PRT,2017,167.99
Portugal,PRT,2018,165.77
Portugal,PRT,2019,169.91
Post-demographic dividend,,2004,70.645
Post-demographic dividend,,2005,68.14
Post-demographic dividend,,2006,70.99
Post-demographic dividend,,2007,79.41
Post-demographic dividend,,2008,84.015
Post-demographic dividend,,2009,87.595
Post-demographic dividend,,2010,90.55
Post-demographic dividend,,2011,93.32
Post-demographic dividend,,2012,93.12
Post-demographic dividend,,2013,93.74
Post-demographic dividend,,2014,90.93
Post-demographic dividend,,2015,90.02
Post-demographic dividend,,2016,88.77
Post-demographic dividend,,2017,92.38
Post-demographic dividend,,2018,85.31
Post-demographic dividend,,2019,75.35
Pre-demographic dividend,,2005,0.6
Pre-demographic dividend,,2008,1.325
Pre-demographic dividend,,2009,1.55
Pre-demographic dividend,,2010,2.39
Pre-demographic dividend,,2011,2.78
Pre-demographic dividend,,2012,3.42
Pre-demographic dividend,,2013,4.04
Pre-demographic dividend,,2014,4.46
Pre-demographic dividend,,2015,4.64
Pre-demographic dividend,,2016,4.95
Pre-demographic dividend,,2017,4.885
Pre-demographic dividend,,2018,4.83
Pre-demographic dividend,,2019,5.405
Qatar,QAT,2004,50.99
Qatar,QAT,2005,53.87
Qatar,QAT,2006,51.73
Qatar,QAT,2007,49.62
Qatar,QAT,2008,44.01
Qatar,QAT,2009,45.96
Qatar,QAT,2010,49.04
Qatar,QAT,2011,48.49
Qatar,QAT,2012,55.6
Qatar,QAT,2013,57.07
Qatar,QAT,2014,56.38
Qatar,QAT,2015,57.86
Qatar,QAT,2016,58.53
Qatar,QAT,2017,56.95
Qatar,QAT,2018,55.55
Qatar,QAT,2019,54.84
Romania,ROU,2004,18.29
Romania,ROU,2005,24.24
Romania,ROU,2006,33.68
Romania,ROU,2007,42.19
Romania,ROU,2008,53.32
Romania,ROU,2009,56.51
Romania,ROU,2010,59.24
Romania,ROU,2011,64.9
Romania,ROU,2012,65.03
Romania,ROU,2013,63.9
Romania,ROU,2014,65.12
Romania,ROU,2015,68.65
Romania,ROU,2016,66.78
Romania,ROU,2017,66.84
Romania,ROU,2018,64.71
Romania,ROU,2019,64.44
Russia,RUS,2004,16.23
Russia,RUS,2005,22.82
Russia,RUS,2006,32.44
Russia,RUS,2007,45.03
Russia,RUS,2008,61.63
Russia,RUS,2009,72.43
Russia,RUS,2010,95.59
Russia,RUS,2011,117
Russia,RUS,2012,142.14
Russia,RUS,2013,156.61
Russia,RUS,2014,185.41
Russia,RUS,2015,172.74
Russia,RUS,2016,168.75
Russia,RUS,2017,164.04
Russia,RUS,2018,161.11
Russia,RUS,2019,165.5
Rwanda,RWA,2004,0.04
Rwanda,RWA,2005,0.24
Rwanda,RWA,2006,0.23
Rwanda,RWA,2007,0.3
Rwanda,RWA,2008,0.4
Rwanda,RWA,2009,0.82
Rwanda,RWA,2010,1.43
Rwanda,RWA,2011,2.77
Rwanda,RWA,2012,4.71
Rwanda,RWA,2013,5.24
Rwanda,RWA,2014,5.62
Rwanda,RWA,2015,5.63
Rwanda,RWA,2016,5.74
Rwanda,RWA,2017,5.66
Rwanda,RWA,2018,5.19
Rwanda,RWA,2019,5.04
Saint Kitts and Nevis,KNA,2004,78.49
Saint Kitts and Nevis,KNA,2005,82.62
Saint Kitts and Nevis,KNA,2006,81.61
Saint Kitts and Nevis,KNA,2007,57.98
Saint Kitts and Nevis,KNA,2008,62.34
Saint Kitts and Nevis,KNA,2009,69.06
Saint Kitts and Nevis,KNA,2010,68.31
Saint Kitts and Nevis,KNA,2011,74.81
Saint Kitts and Nevis,KNA,2012,76.36
Saint Kitts and Nevis,KNA,2013,96.78
Saint Kitts and Nevis,KNA,2014,91.08
Saint Kitts and Nevis,KNA,2015,92.47
Saint Kitts and Nevis,KNA,2016,89.28
Saint Kitts and Nevis,KNA,2017,88.44
Saint Kitts and Nevis,KNA,2018,94.28
Saint Kitts and Nevis,KNA,2019,99.7
Saint Lucia,LCA,2004,30.35
Saint Lucia,LCA,2005,29.65
Saint Lucia,LCA,2006,30.54
Saint Lucia,LCA,2007,32.96
Saint Lucia,LCA,2008,32.12
Saint Lucia,LCA,2009,29.82
Saint Lucia,LCA,2010,44.14
Saint Lucia,LCA,2011,45.52
Saint Lucia,LCA,2012,46.26
Saint Lucia,LCA,2013,45.63
Saint Lucia,LCA,2014,44.36
Saint Lucia,LCA,2015,43.83
Saint Lucia,LCA,2016,37.18
Saint Lucia,LCA,2017,42.93
Saint Lucia,LCA,2018,42.51
Saint Lucia,LCA,2019,41.47
Saint Vincent and the Grenadines,VCT,2004,20.79
Saint Vincent and the Grenadines,VCT,2005,20.62
Saint Vincent and the Grenadines,VCT,2006,21.74
Saint Vincent and the Grenadines,VCT,2007,25.42
Saint Vincent and the Grenadines,VCT,2008,25.29
Saint Vincent and the Grenadines,VCT,2009,23.87
Saint Vincent and the Grenadines,VCT,2010,26.16
Saint Vincent and the Grenadines,VCT,2011,26.03
Saint Vincent and the Grenadines,VCT,2012,19.7
Saint Vincent and the Grenadines,VCT,2013,31.75
Saint Vincent and the Grenadines,VCT,2014,31.48
Saint Vincent and the Grenadines,VCT,2015,33.63
Saint Vincent and the Grenadines,VCT,2016,34.57
Saint Vincent and the Grenadines,VCT,2017,35.45
Saint Vincent and the Grenadines,VCT,2018,35.14
Saint Vincent and the Grenadines,VCT,2019,34.87
Samoa,WSM,2004,12.09
Samoa,WSM,2005,11.98
Samoa,WSM,2006,11.84
Samoa,WSM,2007,17.11
Samoa,WSM,2008,18.69
Samoa,WSM,2009,21.12
Samoa,WSM,2010,25.28
Samoa,WSM,2011,27.6
Samoa,WSM,2012,28.19
Samoa,WSM,2013,35.64
Samoa,WSM,2014,42.28
Samoa,WSM,2015,42.24
Samoa,WSM,2016,48.6
Samoa,WSM,2017,51.64
Samoa,WSM,2018,53.73
Samoa,WSM,2019,45.73
San Marino,SMR,2010,223.7
San Marino,SMR,2014,205.88
San Marino,SMR,2015,207.56
San Marino,SMR,2016,220.25
San Marino,SMR,2017,182.89
San Marino,SMR,2018,191.64
San Marino,SMR,2019,171.29
Sao Tome and Principe,STP,2011,18.19
Sao Tome and Principe,STP,2012,20.65
Sao Tome and Principe,STP,2013,20.27
Sao Tome and Principe,STP,2014,23.49
Sao Tome and Principe,STP,2015,25.66
Sao Tome and Principe,STP,2016,23.36
Sao Tome and Principe,STP,2017,27.04
Sao Tome and Principe,STP,2018,26.38
Saudi Arabia,SAU,2004,27.17
Saudi Arabia,SAU,2005,29.13
Saudi Arabia,SAU,2006,37.03
Saudi Arabia,SAU,2007,44.1
Saudi Arabia,SAU,2008,49.93
Saudi Arabia,SAU,2009,53.69
Saudi Arabia,SAU,2010,56.47
Saudi Arabia,SAU,2011,58.39
Saudi Arabia,SAU,2012,60.42
Saudi Arabia,SAU,2013,63.35
Saudi Arabia,SAU,2014,68.2
Saudi Arabia,SAU,2015,73.2
Saudi Arabia,SAU,2016,74.03
Saudi Arabia,SAU,2017,74.11
Saudi Arabia,SAU,2018,73.97
Saudi Arabia,SAU,2019,73.34
Senegal,SEN,2010,3.99
Senegal,SEN,2011,4.67
Senegal,SEN,2012,4.98
Senegal,SEN,2013,4.95
Senegal,SEN,2014,5.11
Senegal,SEN,2015,5.52
Senegal,SEN,2016,5.7
Senegal,SEN,2017,5.7
Senegal,SEN,2018,5.53
Senegal,SEN,2019,6.1
Serbia,SRB,2005,13.84
Serbia,SRB,2006,22.29
Serbia,SRB,2007,34.31
Serbia,SRB,2008,41.29
Serbia,SRB,2009,45.12
Serbia,SRB,2010,47.4
Serbia,SRB,2011,47.17
Serbia,SRB,2012,46.5
Serbia,SRB,2013,44.72
Serbia,SRB,2014,44.13
Serbia,SRB,2015,45.47
Serbia,SRB,2016,50.3
Serbia,SRB,2017,45.43
Serbia,SRB,2018,48.38
Serbia,SRB,2019,50.34
Seychelles,SYC,2004,34.21
Seychelles,SYC,2005,33.78
Seychelles,SYC,2006,36.14
Seychelles,SYC,2007,37.34
Seychelles,SYC,2008,42.32
Seychelles,SYC,2009,44.83
Seychelles,SYC,2010,44.74
Seychelles,SYC,2011,45.93
Seychelles,SYC,2012,51.36
Seychelles,SYC,2013,64.89
Seychelles,SYC,2014,66.84
Seychelles,SYC,2015,66.91
Seychelles,SYC,2016,73
Seychelles,SYC,2017,80.45
Seychelles,SYC,2018,83.91
Seychelles,SYC,2019,89.99
Sierra Leone,SLE,2008,0.29
Sierra Leone,SLE,2009,0.39
Sierra Leone,SLE,2010,0.38
Sierra Leone,SLE,2011,0.37
Sierra Leone,SLE,2012,0.36
Singapore,SGP,2004,46.84
Singapore,SGP,2005,47.52
Singapore,SGP,2006,48.06
Singapore,SGP,2007,50.49
Singapore,SGP,2008,50.71
Singapore,SGP,2009,52.85
Singapore,SGP,2010,59.11
Singapore,SGP,2011,59.7
Singapore,SGP,2012,59.22
Singapore,SGP,2013,58.21
Singapore,SGP,2014,57.5
Singapore,SGP,2015,58.05
Singapore,SGP,2016,55.81
Singapore,SGP,2017,63.1
Singapore,SGP,2018,64.59
Singapore,SGP,2019,58.78
Slovakia,SVK,2004,38.28
Slovakia,SVK,2005,41.49
Slovakia,SVK,2006,44.43
Slovakia,SVK,2007,48.02
Slovakia,SVK,2008,49.66
Slovakia,SVK,2009,50.08
Slovakia,SVK,2010,51.24
Slovakia,SVK,2011,52.58
Slovakia,SVK,2012,54.7
Slovakia,SVK,2013,56.21
Slovakia,SVK,2014,58.91
Slovakia,SVK,2015,59.51
Slovakia,SVK,2016,60.08
Slovakia,SVK,2017,60.67
Slovakia,SVK,2018,61.86
Slovakia,SVK,2019,61.84
Slovenia,SVN,2004,81.06
Slovenia,SVN,2005,86.58
Slovenia,SVN,2006,87.98
Slovenia,SVN,2007,94.4
Slovenia,SVN,2008,99.37
Slovenia,SVN,2009,101.71
Slovenia,SVN,2010,102.95
Slovenia,SVN,2011,104.74
Slovenia,SVN,2012,101.5
Slovenia,SVN,2013,100.69
Slovenia,SVN,2014,96.01
Slovenia,SVN,2015,95.98
Slovenia,SVN,2016,95.24
Slovenia,SVN,2017,93.61
Slovenia,SVN,2018,89.65
Slovenia,SVN,2019,87.16
Small states,,2004,17.6
Small states,,2005,16.72
Small states,,2006,19.81
Small states,,2007,21.5
Small states,,2008,29.95
Small states,,2009,28.6
Small states,,2010,27.635
Small states,,2011,27.125
Small states,,2012,27.56
Small states,,2013,29.05
Small states,,2014,34.255
Small states,,2015,36.1
Small states,,2016,36.045
Small states,,2017,36.31
Small states,,2018,41.48
Small states,,2019,41.775
Solomon Islands,SLB,2004,1.49
Solomon Islands,SLB,2005,1.45
Solomon Islands,SLB,2006,4.24
Solomon Islands,SLB,2007,5.51
Solomon Islands,SLB,2008,6.72
Solomon Islands,SLB,2009,7.21
Solomon Islands,SLB,2010,11.19
Solomon Islands,SLB,2011,11.2
Solomon Islands,SLB,2012,11.5
Solomon Islands,SLB,2013,11.19
Solomon Islands,SLB,2014,11.16
Solomon Islands,SLB,2015,11.41
Solomon Islands,SLB,2016,11.38
Solomon Islands,SLB,2017,11.86
South Africa,ZAF,2004,29.25
South Africa,ZAF,2005,24.61
South Africa,ZAF,2006,26.07
South Africa,ZAF,2007,29.93
South Africa,ZAF,2008,42.78
South Africa,ZAF,2009,50.93
South Africa,ZAF,2010,55.32
South Africa,ZAF,2011,57.27
South Africa,ZAF,2012,57.09
South Africa,ZAF,2013,58.04
South Africa,ZAF,2014,65.5
South Africa,ZAF,2015,68.79
South Africa,ZAF,2016,68.96
South Africa,ZAF,2017,67.75
South Africa,ZAF,2018,66.95
South Africa,ZAF,2019,65.31
South Asia,,2004,0.13
South Asia,,2005,0.68
South Asia,,2006,1.11
South Asia,,2007,2.72
South Asia,,2008,3.39
South Asia,,2009,3.9
South Asia,,2010,4.28
South Asia,,2011,6.035
South Asia,,2012,6.445
South Asia,,2013,7.405
South Asia,,2014,8.285
South Asia,,2015,9.005
South Asia,,2016,9.45
South Asia,,2017,10
South Asia,,2018,10.45
South Asia,,2019,10.84
South Asia (IDA & IBRD),,2004,0.13
South Asia (IDA & IBRD),,2005,0.68
South Asia (IDA & IBRD),,2006,1.11
South Asia (IDA & IBRD),,2007,2.72
South Asia (IDA & IBRD),,2008,3.39
South Asia (IDA & IBRD),,2009,3.9
South Asia (IDA & IBRD),,2010,4.28
South Asia (IDA & IBRD),,2011,6.035
South Asia (IDA & IBRD),,2012,6.445
South Asia (IDA & IBRD),,2013,7.405
South Asia (IDA & IBRD),,2014,8.285
South Asia (IDA & IBRD),,2015,9.005
South Asia (IDA & IBRD),,2016,9.45
South Asia (IDA & IBRD),,2017,10
South Asia (IDA & IBRD),,2018,10.45
South Asia (IDA & IBRD),,2019,10.84
South Korea,KOR,2004,208.16
South Korea,KOR,2005,212.14
South Korea,KOR,2006,218.24
South Korea,KOR,2007,234.22
South Korea,KOR,2008,241.8
South Korea,KOR,2009,247.09
South Korea,KOR,2010,265.38
South Korea,KOR,2011,281.23
South Korea,KOR,2012,288.45
South Korea,KOR,2013,288.59
South Korea,KOR,2014,280.81
South Korea,KOR,2015,275.88
South Korea,KOR,2016,271.54
South Korea,KOR,2017,272.59
South Korea,KOR,2018,266.97
South Sudan,SSD,2011,0.63
South Sudan,SSD,2012,0.66
South Sudan,SSD,2013,0.75
South Sudan,SSD,2014,1.11
South Sudan,SSD,2015,1.05
South Sudan,SSD,2016,0.86
South Sudan,SSD,2017,0.51
South Sudan,SSD,2018,0.49
South Sudan,SSD,2019,0.67
Spain,ESP,2004,145.72
Spain,ESP,2005,148.55
Spain,ESP,2006,152.09
Spain,ESP,2007,157.56
Spain,ESP,2008,156.71
Spain,ESP,2009,152.1
Spain,ESP,2010,149.44
Spain,ESP,2011,147.23
Spain,ESP,2012,136.14
Spain,ESP,2013,130.73
Spain,ESP,2014,118.66
Spain,ESP,2015,116.78
Spain,ESP,2016,113.04
Spain,ESP,2017,111.8
Spain,ESP,2018,108.5
Spain,ESP,2019,106.31
Sri Lanka,LKA,2007,9.27
Sri Lanka,LKA,2008,11.11
Sri Lanka,LKA,2009,12.51
Sri Lanka,LKA,2010,13.36
Sri Lanka,LKA,2011,15.05
Sri Lanka,LKA,2012,15.8
Sri Lanka,LKA,2013,16.49
Sri Lanka,LKA,2014,16.89
Sri Lanka,LKA,2015,17.2
Sub-Saharan Africa,,2005,1.01
Sub-Saharan Africa,,2006,1.815
Sub-Saharan Africa,,2007,2.49
Sub-Saharan Africa,,2008,2.54
Sub-Saharan Africa,,2009,3.35
Sub-Saharan Africa,,2010,3.25
Sub-Saharan Africa,,2011,3.88
Sub-Saharan Africa,,2012,4.38
Sub-Saharan Africa,,2013,4.905
Sub-Saharan Africa,,2014,5.52
Sub-Saharan Africa,,2015,5.64
Sub-Saharan Africa,,2016,6.1
Sub-Saharan Africa,,2017,6.295
Sub-Saharan Africa,,2018,6.525
Sub-Saharan Africa,,2019,6.08
Sub-Saharan Africa (IDA & IBRD),,2005,1.01
Sub-Saharan Africa (IDA & IBRD),,2006,1.815
Sub-Saharan Africa (IDA & IBRD),,2007,2.49
Sub-Saharan Africa (IDA & IBRD),,2008,2.54
Sub-Saharan Africa (IDA & IBRD),,2009,3.35
Sub-Saharan Africa (IDA & IBRD),,2010,3.25
Sub-Saharan Africa (IDA & IBRD),,2011,3.88
Sub-Saharan Africa (IDA & IBRD),,2012,4.38
Sub-Saharan Africa (IDA & IBRD),,2013,4.905
Sub-Saharan Africa (IDA & IBRD),,2014,5.52
Sub-Saharan Africa (IDA & IBRD),,2015,5.64
Sub-Saharan Africa (IDA & IBRD),,2016,6.1
Sub-Saharan Africa (IDA & IBRD),,2017,6.295
Sub-Saharan Africa (IDA & IBRD),,2018,6.525
Sub-Saharan Africa (IDA & IBRD),,2019,6.08
Sub-Saharan Africa (excluding high income),,2005,1.01
Sub-Saharan Africa (excluding high income),,2006,1.815
Sub-Saharan Africa (excluding high income),,2007,2.49
Sub-Saharan Africa (excluding high income),,2008,2.54
Sub-Saharan Africa (excluding high income),,2009,3.35
Sub-Saharan Africa (excluding high income),,2010,3.25
Sub-Saharan Africa (excluding high income),,2011,3.88
Sub-Saharan Africa (excluding high income),,2012,4.38
Sub-Saharan Africa (excluding high income),,2013,4.905
Sub-Saharan Africa (excluding high income),,2014,5.52
Sub-Saharan Africa (excluding high income),,2015,5.64
Sub-Saharan Africa (excluding high income),,2016,6.1
Sub-Saharan Africa (excluding high income),,2017,6.295
Sub-Saharan Africa (excluding high income),,2018,6.525
Sub-Saharan Africa (excluding high income),,2019,6.08
Sudan,SDN,2004,0
Sudan,SDN,2005,0
Sudan,SDN,2006,0.49
Sudan,SDN,2007,1.09
Sudan,SDN,2008,1.56
Sudan,SDN,2009,2.03
Sudan,SDN,2010,3.46
Sudan,SDN,2011,3.68
Sudan,SDN,2012,4.08
Sudan,SDN,2013,4.22
Sudan,SDN,2014,4.39
Sudan,SDN,2015,4.72
Sudan,SDN,2016,5.08
Sudan,SDN,2017,5.39
Sudan,SDN,2018,6.42
Suriname,SUR,2004,17.48
Suriname,SUR,2005,19.82
Suriname,SUR,2006,24.94
Suriname,SUR,2007,28.74
Suriname,SUR,2008,28.53
Suriname,SUR,2009,34.57
Suriname,SUR,2010,35.6
Suriname,SUR,2011,36.87
Suriname,SUR,2012,41.75
Suriname,SUR,2013,42.66
Suriname,SUR,2014,47.07
Suriname,SUR,2015,47.13
Suriname,SUR,2016,49.69
Suriname,SUR,2017,50.97
Suriname,SUR,2018,48.15
Suriname,SUR,2019,48.72
Sweden,SWE,2004,36.47
Sweden,SWE,2005,37.73
Sweden,SWE,2006,37.52
Sweden,SWE,2007,40.69
Sweden,SWE,2008,42.2
Sweden,SWE,2009,42.8
Sweden,SWE,2010,42.8
Sweden,SWE,2011,45.2
Sweden,SWE,2012,43.04
Sweden,SWE,2013,40.55
Sweden,SWE,2014,40.19
Sweden,SWE,2015,40.53
Sweden,SWE,2016,34.77
Sweden,SWE,2017,32
Sweden,SWE,2018,31.86
Switzerland,CHE,2004,87.37
Switzerland,CHE,2005,89.18
Switzerland,CHE,2006,91.26
Switzerland,CHE,2007,93.21
Switzerland,CHE,2008,94.15
Switzerland,CHE,2009,94.91
Switzerland,CHE,2010,95.99
Switzerland,CHE,2011,98.96
Switzerland,CHE,2012,99.28
Switzerland,CHE,2013,98.96
Switzerland,CHE,2014,97.64
Switzerland,CHE,2015,98.71
Switzerland,CHE,2016,98.42
Switzerland,CHE,2017,97.93
Switzerland,CHE,2018,99.2
Switzerland,CHE,2019,97.15
Syria,SYR,2004,0
Syria,SYR,2005,0
Syria,SYR,2006,0
Syria,SYR,2007,0
Syria,SYR,2008,2.32
Syria,SYR,2009,7.13
Syria,SYR,2010,7.53
Syria,SYR,2011,7.87
Syria,SYR,2012,8.22
Tajikistan,TJK,2005,0.64
Tajikistan,TJK,2006,1.29
Tajikistan,TJK,2007,1.97
Tajikistan,TJK,2008,2.7
Tajikistan,TJK,2009,3.61
Tajikistan,TJK,2010,4.54
Tajikistan,TJK,2011,6.72
Tajikistan,TJK,2012,8.45
Tajikistan,TJK,2013,10.55
Tanzania,TZA,2008,2.45
Tanzania,TZA,2009,3.35
Tanzania,TZA,2010,4.07
Tanzania,TZA,2011,4.76
Tanzania,TZA,2012,5.25
Tanzania,TZA,2013,5.71
Tanzania,TZA,2014,5.84
Tanzania,TZA,2015,6.22
Thailand,THA,2004,20.86
Thailand,THA,2005,30.65
Thailand,THA,2006,42.2
Thailand,THA,2007,49.24
Thailand,THA,2008,65.35
Thailand,THA,2009,73.36
Thailand,THA,2010,81.89
Thailand,THA,2011,87.31
Thailand,THA,2012,94.79
Thailand,THA,2013,102.35
Thailand,THA,2014,114.21
Thailand,THA,2015,117.37
Thailand,THA,2016,117.62
Thailand,THA,2017,117.79
Thailand,THA,2018,117.5
Thailand,THA,2019,115.09
Timor,TLS,2008,2.02
Timor,TLS,2009,1.96
Timor,TLS,2010,2.39
Timor,TLS,2011,2.78
Timor,TLS,2012,3.45
Timor,TLS,2013,3.07
Timor,TLS,2014,5.26
Timor,TLS,2015,6.63
Timor,TLS,2016,6.17
Timor,TLS,2017,11.99
Timor,TLS,2018,11.66
Timor,TLS,2019,8.88
Togo,TGO,2010,2.83
Togo,TGO,2011,3.18
Togo,TGO,2012,4.3
Togo,TGO,2013,4.78
Togo,TGO,2014,5.52
Togo,TGO,2015,5.64
Togo,TGO,2016,6.1
Togo,TGO,2017,3.98
Togo,TGO,2018,6.14
Togo,TGO,2019,6.08
Tonga,TON,2004,22.6
Tonga,TON,2005,22.45
Tonga,TON,2006,19.08
Tonga,TON,2007,18.88
Tonga,TON,2008,29.56
Tonga,TON,2009,29.31
Tonga,TON,2010,27.66
Tonga,TON,2011,27.67
Tonga,TON,2012,27.82
Tonga,TON,2013,28.01
Tonga,TON,2014,26.56
Tonga,TON,2015,26.53
Tonga,TON,2016,34.06
Tonga,TON,2017,42.75
Tonga,TON,2018,40.51
Trinidad and Tobago,TTO,2008,31.66
Trinidad and Tobago,TTO,2009,33.93
Trinidad and Tobago,TTO,2010,34.67
Trinidad and Tobago,TTO,2011,35.95
Trinidad and Tobago,TTO,2012,37.4
Trinidad and Tobago,TTO,2013,40.05
Trinidad and Tobago,TTO,2014,40.17
Trinidad and Tobago,TTO,2015,40.66
Trinidad and Tobago,TTO,2016,41.61
Trinidad and Tobago,TTO,2017,42.55
Trinidad and Tobago,TTO,2018,43.04
Trinidad and Tobago,TTO,2019,44.23
Tunisia,TUN,2004,8.31
Tunisia,TUN,2005,9.68
Tunisia,TUN,2006,11.05
Tunisia,TUN,2007,14.11
Tunisia,TUN,2008,15.72
Tunisia,TUN,2009,17.51
Tunisia,TUN,2010,20.36
Tunisia,TUN,2011,21.12
Tunisia,TUN,2012,22.26
Tunisia,TUN,2013,23.14
Tunisia,TUN,2014,24.5
Tunisia,TUN,2015,26.4
Tunisia,TUN,2016,27.76
Tunisia,TUN,2017,29.99
Tunisia,TUN,2018,30.72
Turkey,TUR,2004,28.46
Turkey,TUR,2005,30.57
Turkey,TUR,2006,33.45
Turkey,TUR,2007,37.46
Turkey,TUR,2008,43.06
Turkey,TUR,2009,45.85
Turkey,TUR,2010,52.3
Turkey,TUR,2011,60.25
Turkey,TUR,2012,66.11
Turkey,TUR,2013,74.89
Turkey,TUR,2014,79.6
Turkey,TUR,2015,82.63
Turkey,TUR,2016,81.23
Turkey,TUR,2017,81.95
Turkey,TUR,2018,83.74
Turkey,TUR,2019,83.95
Uganda,UGA,2004,1.13
Uganda,UGA,2005,1.58
Uganda,UGA,2006,1.85
Uganda,UGA,2007,2.16
Uganda,UGA,2008,2.63
Uganda,UGA,2009,3.36
Uganda,UGA,2010,3.63
Uganda,UGA,2011,3.88
Uganda,UGA,2012,4.22
Uganda,UGA,2013,4.86
Uganda,UGA,2014,4.46
Uganda,UGA,2015,4.64
Uganda,UGA,2016,4.54
Uganda,UGA,2017,4.2
Uganda,UGA,2018,4.15
Uganda,UGA,2019,4.04
Ukraine,UKR,2004,20.09
Ukraine,UKR,2005,28.16
Ukraine,UKR,2006,36.72
Ukraine,UKR,2007,52.42
Ukraine,UKR,2008,70.37
Ukraine,UKR,2009,73.14
Ukraine,UKR,2010,76.57
Ukraine,UKR,2011,84.3
Ukraine,UKR,2012,92.8
Ukraine,UKR,2013,104.06
Ukraine,UKR,2014,95.09
Ukraine,UKR,2015,87.12
Ukraine,UKR,2016,88.77
Ukraine,UKR,2017,97.83
Ukraine,UKR,2018,97.39
Ukraine,UKR,2019,96.3
United Arab Emirates,ARE,2004,18.29
United Arab Emirates,ARE,2005,42.06
United Arab Emirates,ARE,2006,38.21
United Arab Emirates,ARE,2007,39.32
United Arab Emirates,ARE,2008,40.36
United Arab Emirates,ARE,2009,52.65
United Arab Emirates,ARE,2010,50.61
United Arab Emirates,ARE,2011,53.86
United Arab Emirates,ARE,2012,56.86
United Arab Emirates,ARE,2013,58.78
United Arab Emirates,ARE,2014,61.12
United Arab Emirates,ARE,2015,64.38
United Arab Emirates,ARE,2016,65.42
United Arab Emirates,ARE,2017,65.37
United Arab Emirates,ARE,2018,64.48
United Arab Emirates,ARE,2019,60.91
United Kingdom,GBR,2005,117.65
United Kingdom,GBR,2006,120.94
United Kingdom,GBR,2007,125.8
United Kingdom,GBR,2008,125.56
United Kingdom,GBR,2009,121.15
United Kingdom,GBR,2010,121.92
United Kingdom,GBR,2011,123.42
United Kingdom,GBR,2012,125.92
United Kingdom,GBR,2013,128.51
United Kingdom,GBR,2014,129.51
United Kingdom,GBR,2015,131.29
United Kingdom,GBR,2016,129.5
United Kingdom,GBR,2017,127.94
United Kingdom,GBR,2018,115.44
United Kingdom,GBR,2019,110.28
United States,USA,2004,165.78
United States,USA,2005,169.37
United States,USA,2006,167.19
United States,USA,2007,173.84
United States,USA,2008,168.05
United States,USA,2009,173.96
Upper middle income,,2004,17.6
Upper middle income,,2005,16.72
Upper middle income,,2006,19.55
Upper middle income,,2007,28.24
Upper middle income,,2008,30.25
Upper middle income,,2009,36.25
Upper middle income,,2010,36.545
Upper middle income,,2011,38.96
Upper middle income,,2012,40.64
Upper middle income,,2013,44.8
Upper middle income,,2014,48.31
Upper middle income,,2015,51.27
Upper middle income,,2016,50.35
Upper middle income,,2017,53.12
Upper middle income,,2018,53.89
Upper middle income,,2019,59.565
Uruguay,URY,2004,27.82
Uruguay,URY,2009,30.23
Uruguay,URY,2010,33.9
Uruguay,URY,2011,39.53
Uruguay,URY,2012,42.7
Uruguay,URY,2013,44.98
Uruguay,URY,2014,52.01
Uruguay,URY,2015,54.78
Uruguay,URY,2016,82.16
Uruguay,URY,2017,84.92
Uruguay,URY,2018,120.07
Uruguay,URY,2019,259.3
Uzbekistan,UZB,2004,0.88
Uzbekistan,UZB,2005,0.97
Uzbekistan,UZB,2006,0.95
Uzbekistan,UZB,2007,0.92
Uzbekistan,UZB,2008,1.67
Uzbekistan,UZB,2009,1.86
Uzbekistan,UZB,2010,3.99
Uzbekistan,UZB,2011,4.34
Uzbekistan,UZB,2012,6.67
Uzbekistan,UZB,2013,8.01
Uzbekistan,UZB,2014,8.48
Uzbekistan,UZB,2015,10.46
Uzbekistan,UZB,2016,21.72
Uzbekistan,UZB,2017,24.33
Uzbekistan,UZB,2018,28.04
Uzbekistan,UZB,2019,38.49
Vanuatu,VUT,2004,4.9
Vanuatu,VUT,2005,6.34
Vanuatu,VUT,2006,6.12
Vanuatu,VUT,2007,10.4
Vanuatu,VUT,2008,19.54
Vanuatu,VUT,2009,23.96
Vanuatu,VUT,2010,28.09
Vanuatu,VUT,2011,28.78
Vanuatu,VUT,2012,34.51
Vanuatu,VUT,2013,36.11
Vanuatu,VUT,2014,35.24
Vanuatu,VUT,2015,40.56
Vanuatu,VUT,2016,41.16
Vanuatu,VUT,2017,49.27
Vanuatu,VUT,2018,48.05
Vanuatu,VUT,2019,47.88
Venezuela,VEN,2005,22.25
Venezuela,VEN,2006,24.34
Venezuela,VEN,2007,25.99
Venezuela,VEN,2008,27.23
Venezuela,VEN,2009,27.51
Venezuela,VEN,2010,38.53
Venezuela,VEN,2011,41.93
Venezuela,VEN,2012,42.5
Venezuela,VEN,2013,44.47
Venezuela,VEN,2014,45.17
Venezuela,VEN,2015,48.41
Vietnam,VNM,2004,1.41
Vietnam,VNM,2005,2.91
Vietnam,VNM,2006,3.46
Vietnam,VNM,2007,7.57
Vietnam,VNM,2008,11.83
Vietnam,VNM,2009,14.73
Vietnam,VNM,2010,17.02
Vietnam,VNM,2011,19.59
Vietnam,VNM,2012,20.67
Vietnam,VNM,2013,21.86
Vietnam,VNM,2014,22.69
Vietnam,VNM,2015,23.74
Vietnam,VNM,2016,24.24
Vietnam,VNM,2017,24.59
Vietnam,VNM,2018,25.32
Vietnam,VNM,2019,25.9
World,OWID_WRL,2004,18.29
World,OWID_WRL,2005,16.06
World,OWID_WRL,2006,19.25
World,OWID_WRL,2007,25.83
World,OWID_WRL,2008,27.23
World,OWID_WRL,2009,28.845
World,OWID_WRL,2010,29.76
World,OWID_WRL,2011,30.145
World,OWID_WRL,2012,33.005
World,OWID_WRL,2013,35.43
World,OWID_WRL,2014,35.635
World,OWID_WRL,2015,37.175
World,OWID_WRL,2016,38.33
World,OWID_WRL,2017,37.97
World,OWID_WRL,2018,40.38
World,OWID_WRL,2019,42.78
Yemen,YEM,2004,0.54
Yemen,YEM,2005,1.08
Yemen,YEM,2006,1.44
Yemen,YEM,2007,2.02
Yemen,YEM,2008,2.45
Yemen,YEM,2009,2.86
Yemen,YEM,2010,3.36
Yemen,YEM,2011,3.65
Yemen,YEM,2012,4.16
Yemen,YEM,2013,4.85
Yemen,YEM,2014,6.44
Yemen,YEM,2015,6.39
Zambia,ZMB,2004,0.88
Zambia,ZMB,2005,1.34
Zambia,ZMB,2006,2.07
Zambia,ZMB,2007,2.82
Zambia,ZMB,2008,4.35
Zambia,ZMB,2009,6.19
Zambia,ZMB,2010,6.82
Zambia,ZMB,2011,7.03
Zambia,ZMB,2012,8.38
Zambia,ZMB,2013,9.36
Zambia,ZMB,2014,10.48
Zambia,ZMB,2015,11.26
Zambia,ZMB,2016,11.46
Zambia,ZMB,2017,11.59
Zambia,ZMB,2018,11.55
Zambia,ZMB,2019,10.14
Zimbabwe,ZWE,2006,7.22
Zimbabwe,ZWE,2007,7.7
Zimbabwe,ZWE,2008,7.47
Zimbabwe,ZWE,2009,7.94
Zimbabwe,ZWE,2010,5.4
Zimbabwe,ZWE,2011,4.41
Zimbabwe,ZWE,2012,4.92
Zimbabwe,ZWE,2013,4.85
Zimbabwe,ZWE,2014,6.03
Zimbabwe,ZWE,2015,7.16
Zimbabwe,ZWE,2016,7.07
Zimbabwe,ZWE,2017,6.89
Zimbabwe,ZWE,2018,6.63
Zimbabwe,ZWE,2019,6.4