Entity,Code,Year,"8.8.1 - Non-fatal occupational injuries among employees, by sex and migrant status (per 100,000 employees) - SL_EMP_INJUR - Both sexes - No breakdown"
Algeria,DZA,2000,1541.5
Algeria,DZA,2001,1320.2
Algeria,DZA,2002,1220.4
Algeria,DZA,2003,1325
Algeria,DZA,2004,1002.7
Argentina,ARG,2000,7747
Argentina,ARG,2002,6240
Argentina,ARG,2003,7270
Argentina,ARG,2004,8020
Argentina,ARG,2005,8150
Argentina,ARG,2006,8070
Argentina,ARG,2007,8250
Argentina,ARG,2009,7288.2
Argentina,ARG,2010,7131.5
Argentina,ARG,2011,5608
Argentina,ARG,2012,5094
Argentina,ARG,2014,4676.6
Argentina,ARG,2015,4544.1
Argentina,ARG,2016,4193.1
Argentina,ARG,2017,3918.5
Argentina,ARG,2018,3771.2
Armenia,ARM,2013,45.8
Armenia,ARM,2018,50
Armenia,ARM,2019,35.1
Australia,AUS,2000,1620
Australia,AUS,2001,1450
Australia,AUS,2002,1390
Australia,AUS,2003,1270
Australia,AUS,2004,1230
Australia,AUS,2005,1180
Australia,AUS,2006,1050
Australia,AUS,2007,1030
Australia,AUS,2008,1020
Australia,AUS,2009,986.1
Australia,AUS,2010,912.5
Australia,AUS,2011,907.5
Australia,AUS,2012,1016.4
Australia,AUS,2013,1011.5
Australia,AUS,2014,912.8
Australia,AUS,2015,1054.5
Australia,AUS,2016,933.1
Australia,AUS,2017,898.7
Austria,AUT,2004,3890
Austria,AUT,2005,3847
Austria,AUT,2006,3925
Austria,AUT,2007,3584
Austria,AUT,2008,4098
Austria,AUT,2010,1914.2
Austria,AUT,2011,1810.1
Austria,AUT,2012,1602.1
Austria,AUT,2013,1548.4
Austria,AUT,2014,1590.6
Austria,AUT,2015,1476
Austria,AUT,2016,1952
Azerbaijan,AZE,2000,14
Azerbaijan,AZE,2001,9
Azerbaijan,AZE,2002,12
Azerbaijan,AZE,2003,16
Azerbaijan,AZE,2004,19
Azerbaijan,AZE,2005,15
Azerbaijan,AZE,2006,20
Azerbaijan,AZE,2007,20
Azerbaijan,AZE,2008,21
Azerbaijan,AZE,2016,12
Azerbaijan,AZE,2017,8
Azerbaijan,AZE,2018,9
Azerbaijan,AZE,2019,15
Azerbaijan,AZE,2020,12
Bahrain,BHR,2000,1050.8
Bahrain,BHR,2001,995.3
Bahrain,BHR,2002,876.8
Bahrain,BHR,2003,775
Bahrain,BHR,2004,633
Bahrain,BHR,2005,659
Bahrain,BHR,2006,490
Bahrain,BHR,2007,296
Bahrain,BHR,2008,221
Bahrain,BHR,2020,109
Barbados,BRB,2016,388.3
Belarus,BLR,2000,198.7
Belarus,BLR,2001,173.9
Belarus,BLR,2002,149.7
Belarus,BLR,2003,143.1
Belarus,BLR,2004,136.1
Belarus,BLR,2005,111.1
Belarus,BLR,2006,94.7
Belarus,BLR,2007,83.9
Belarus,BLR,2008,78.2
Belarus,BLR,2009,70
Belarus,BLR,2010,60
Belarus,BLR,2011,56.6
Belarus,BLR,2012,51.6
Belarus,BLR,2013,50.5
Belarus,BLR,2014,47.7
Belarus,BLR,2015,40.9
Belarus,BLR,2016,40.6
Belarus,BLR,2017,38.8
Belarus,BLR,2018,46.7
Belarus,BLR,2019,51.3
Belgium,BEL,2000,5071.8
Belgium,BEL,2001,4319.3
Belgium,BEL,2009,2035.2
Belgium,BEL,2010,2048.9
Belgium,BEL,2011,2401.5
Belgium,BEL,2012,2127.4
Belgium,BEL,2013,2098.9
Belgium,BEL,2014,1925.5
Belgium,BEL,2015,1403
Belize,BLZ,2011,1996.9
Belize,BLZ,2012,1954.4
Belize,BLZ,2015,1882.3
Belize,BLZ,2016,1770
Belize,BLZ,2017,1701.3
Brazil,BRA,2000,1490.9
Brazil,BRA,2011,1609.3
Brazil,BRA,2016,1426
Brazil,BRA,2017,1374
Bulgaria,BGR,2000,358
Bulgaria,BGR,2001,304
Bulgaria,BGR,2002,282
Bulgaria,BGR,2003,218
Bulgaria,BGR,2004,196
Bulgaria,BGR,2005,187
Bulgaria,BGR,2006,167
Bulgaria,BGR,2007,144
Bulgaria,BGR,2008,130
Bulgaria,BGR,2009,92.2
Bulgaria,BGR,2010,91.2
Bulgaria,BGR,2011,87.3
Bulgaria,BGR,2012,88.9
Bulgaria,BGR,2013,83.3
Bulgaria,BGR,2014,85.4
Bulgaria,BGR,2015,86.2
Bulgaria,BGR,2016,83
Bulgaria,BGR,2019,86
Burkina Faso,BFA,2000,1894.7
Canada,CAN,2000,2267
Canada,CAN,2001,2143
Canada,CAN,2002,2009
Canada,CAN,2003,1896
Canada,CAN,2004,1830
Canada,CAN,2005,1786
Canada,CAN,2006,1716
Canada,CAN,2007,1607
Canada,CAN,2008,1522
Canada,CAN,2009,1339
Canada,CAN,2010,1256.1
Canada,CAN,2011,1246
Canada,CAN,2013,1205
Canada,CAN,2014,1189
Canada,CAN,2015,1148.5
Canada,CAN,2016,1131.7
Canada,CAN,2017,1206.5
Canada,CAN,2018,1271.4
Canada,CAN,2019,1431.6
Chile,CHL,2000,7613.8
Chile,CHL,2001,7578.3
Chile,CHL,2002,7700.8
Chile,CHL,2003,7491.2
Chile,CHL,2004,7318
Chile,CHL,2011,5488.3
Chile,CHL,2012,4876.2
Chile,CHL,2013,4287.6
Chile,CHL,2017,3367.7
Chile,CHL,2018,3141.8
"China, Hong Kong Special Administrative Region",,2000,2323
"China, Hong Kong Special Administrative Region",,2001,2150
"China, Hong Kong Special Administrative Region",,2002,1913
"China, Hong Kong Special Administrative Region",,2003,1759
"China, Hong Kong Special Administrative Region",,2004,1804
"China, Hong Kong Special Administrative Region",,2005,1774
"China, Hong Kong Special Administrative Region",,2006,1833
"China, Hong Kong Special Administrative Region",,2007,1682
"China, Hong Kong Special Administrative Region",,2008,1576
"China, Hong Kong Special Administrative Region",,2009,1495
"China, Hong Kong Special Administrative Region",,2010,1544
"China, Hong Kong Special Administrative Region",,2011,1452
"China, Hong Kong Special Administrative Region",,2012,1403
"China, Hong Kong Special Administrative Region",,2013,1313
"China, Hong Kong Special Administrative Region",,2014,1270
"China, Hong Kong Special Administrative Region",,2015,1200
"China, Hong Kong Special Administrative Region",,2016,1188.1
Colombia,COL,2011,3237.3
Colombia,COL,2012,3417.2
Colombia,COL,2013,6310
Colombia,COL,2014,3369
Colombia,COL,2015,7495.6
Colombia,COL,2017,3.7
Costa Rica,CRI,2000,15994
Costa Rica,CRI,2001,14213
Costa Rica,CRI,2002,13838
Costa Rica,CRI,2003,13330
Costa Rica,CRI,2004,13017.3
Costa Rica,CRI,2005,11802
Costa Rica,CRI,2006,12839
Costa Rica,CRI,2007,13927
Costa Rica,CRI,2008,12961.1
Costa Rica,CRI,2009,12281.6
Costa Rica,CRI,2010,12004.5
Costa Rica,CRI,2011,11733.4
Costa Rica,CRI,2012,11853.5
Costa Rica,CRI,2013,10299.3
Costa Rica,CRI,2014,8866.9
Costa Rica,CRI,2015,8916.3
Costa Rica,CRI,2016,9421.4
Croatia,HRV,2000,1697.5
Croatia,HRV,2001,1662.5
Croatia,HRV,2002,1595
Croatia,HRV,2003,1659
Croatia,HRV,2004,1551
Croatia,HRV,2005,1564
Croatia,HRV,2006,1645
Croatia,HRV,2007,1540
Croatia,HRV,2008,1656.3
Croatia,HRV,2009,1218.9
Croatia,HRV,2012,798.6
Croatia,HRV,2013,843.5
Croatia,HRV,2014,871.8
Croatia,HRV,2015,950.7
Croatia,HRV,2016,1125.7
Cuba,CUB,2009,1123
Cuba,CUB,2010,1017
Cyprus,CYP,2000,1025
Cyprus,CYP,2001,1029
Cyprus,CYP,2002,681.1
Cyprus,CYP,2003,831.7
Cyprus,CYP,2004,840
Cyprus,CYP,2005,809
Cyprus,CYP,2006,745
Cyprus,CYP,2007,694
Cyprus,CYP,2008,768.4
Cyprus,CYP,2009,579.9
Cyprus,CYP,2010,563
Cyprus,CYP,2011,600.8
Cyprus,CYP,2012,528.5
Cyprus,CYP,2013,419.6
Cyprus,CYP,2014,560.8
Cyprus,CYP,2015,515.2
Cyprus,CYP,2016,602.3
Cyprus,CYP,2020,419.9
Czechia,CZE,2000,2052
Czechia,CZE,2001,2075
Czechia,CZE,2002,2034
Czechia,CZE,2003,1872
Czechia,CZE,2004,1861
Czechia,CZE,2005,1847
Czechia,CZE,2006,1830
Czechia,CZE,2007,1680
Czechia,CZE,2008,1559
Czechia,CZE,2009,1345.9
Czechia,CZE,2010,1332.8
Czechia,CZE,2011,906.8
Czechia,CZE,2012,875.6
Czechia,CZE,2013,826.2
Czechia,CZE,2014,850.5
Czechia,CZE,2015,890.2
Czechia,CZE,2016,990.6
Denmark,DNK,2000,1734
Denmark,DNK,2001,1574
Denmark,DNK,2009,2157.8
Denmark,DNK,2010,2323.5
Denmark,DNK,2011,2150.1
Denmark,DNK,2012,2142.5
Denmark,DNK,2013,2074
Denmark,DNK,2014,1988.1
Denmark,DNK,2015,1793.9
Dominican Republic,DOM,2008,336.4
Egypt,EGY,2000,2127
Egypt,EGY,2001,1873
Egypt,EGY,2002,1972
Egypt,EGY,2003,1580
Egypt,EGY,2011,987
Egypt,EGY,2012,988.4
Egypt,EGY,2014,889.5
Egypt,EGY,2015,862.6
Egypt,EGY,2016,669.5
El Salvador,SLV,2000,4250.3
El Salvador,SLV,2001,5286.5
El Salvador,SLV,2002,4848
El Salvador,SLV,2003,3607
El Salvador,SLV,2009,30.1
El Salvador,SLV,2010,28.7
Estonia,EST,2000,482
Estonia,EST,2001,563.8
Estonia,EST,2002,526.1
Estonia,EST,2003,538.3
Estonia,EST,2004,552.8
Estonia,EST,2005,559.9
Estonia,EST,2006,561
Estonia,EST,2007,562
Estonia,EST,2008,615
Estonia,EST,2009,914.3
Estonia,EST,2010,1060.4
Estonia,EST,2011,973.1
Estonia,EST,2012,936.4
Estonia,EST,2013,993.5
Estonia,EST,2014,1006.7
Estonia,EST,2015,1083.7
Estonia,EST,2016,784.2
Estonia,EST,2020,919
Finland,FIN,2000,2879
Finland,FIN,2001,2829
Finland,FIN,2002,2793
Finland,FIN,2003,2730
Finland,FIN,2004,2715
Finland,FIN,2005,2887
Finland,FIN,2006,2892
Finland,FIN,2007,2845
Finland,FIN,2009,1884.4
Finland,FIN,2010,1972
Finland,FIN,2011,2138.7
Finland,FIN,2012,1889.6
Finland,FIN,2013,1930.7
Finland,FIN,2014,1824.9
Finland,FIN,2015,1726.4
France,FRA,2000,4407.1
France,FRA,2001,4279.3
France,FRA,2002,4300
France,FRA,2003,4090.2
France,FRA,2004,3948.9
France,FRA,2005,3910
France,FRA,2006,3939.8
France,FRA,2007,3943.1
France,FRA,2008,3803.5
France,FRA,2009,2303.4
France,FRA,2010,2602.2
France,FRA,2011,3378.4
France,FRA,2012,2573.7
France,FRA,2013,2482.6
France,FRA,2014,3327
France,FRA,2015,3160.3
French Guiana,GUF,2014,1057.3
Georgia,GEO,2019,9.7
Georgia,GEO,2020,20
Germany,DEU,2009,1855.3
Germany,DEU,2010,1975.5
Germany,DEU,2011,2057.8
Germany,DEU,2012,1955.6
Germany,DEU,2013,1898.7
Germany,DEU,2014,1855.7
Germany,DEU,2015,1810.6
Greece,GRC,2000,863
Greece,GRC,2001,840
Greece,GRC,2002,836
Greece,GRC,2003,772
Greece,GRC,2009,441
Greece,GRC,2010,352.3
Greece,GRC,2011,329.8
Greece,GRC,2012,294.5
Greece,GRC,2013,275.4
Greece,GRC,2014,96.5
Greece,GRC,2015,159.7
Greece,GRC,2016,108.5
Guadeloupe,GLP,2014,1349
Hungary,HUN,2000,714
Hungary,HUN,2001,658
Hungary,HUN,2002,649
Hungary,HUN,2003,656
Hungary,HUN,2004,608
Hungary,HUN,2005,611
Hungary,HUN,2006,574
Hungary,HUN,2007,530
Hungary,HUN,2008,569.7
Hungary,HUN,2009,490.9
Hungary,HUN,2010,542.5
Hungary,HUN,2011,515.6
Hungary,HUN,2012,528
Hungary,HUN,2013,479.8
Hungary,HUN,2014,534.1
Hungary,HUN,2015,554.6
Hungary,HUN,2016,530
Hungary,HUN,2020,441.4
Iceland,ISL,2011,534.4
Iceland,ISL,2012,957.3
Iceland,ISL,2013,1039
Iceland,ISL,2015,1054.7
India,IND,2000,232.5
India,IND,2001,341.7
India,IND,2002,306.5
India,IND,2003,300
India,IND,2004,291.9
India,IND,2005,325
India,IND,2006,276.6
India,IND,2007,325
Ireland,IRL,2000,542.9
Ireland,IRL,2001,534.6
Ireland,IRL,2002,448
Ireland,IRL,2003,1220
Ireland,IRL,2004,1130
Ireland,IRL,2005,1200
Ireland,IRL,2006,1160
Ireland,IRL,2007,1350
Ireland,IRL,2009,1640.2
Ireland,IRL,2010,2183
Ireland,IRL,2011,2250
Ireland,IRL,2012,827.1
Ireland,IRL,2013,955.2
Ireland,IRL,2014,945
Ireland,IRL,2015,845.8
Isle of Man,IMN,2000,500
Isle of Man,IMN,2001,364
Isle of Man,IMN,2002,423
Isle of Man,IMN,2003,548
Isle of Man,IMN,2004,407
Isle of Man,IMN,2005,374
Isle of Man,IMN,2006,427
Isle of Man,IMN,2007,441
Isle of Man,IMN,2008,390
Israel,ISR,2000,2913
Israel,ISR,2001,2913
Israel,ISR,2002,2955
Israel,ISR,2003,2551
Israel,ISR,2004,2503
Israel,ISR,2005,2337
Israel,ISR,2006,2293
Israel,ISR,2007,2313
Israel,ISR,2008,2293.1
Israel,ISR,2009,2498.6
Israel,ISR,2010,2438.8
Israel,ISR,2011,2419.5
Israel,ISR,2012,2259.6
Israel,ISR,2014,2262.9
Israel,ISR,2016,1772
Israel,ISR,2017,1655
Israel,ISR,2018,1563
Israel,ISR,2019,1604.2
Israel,ISR,2020,1659.7
Italy,ITA,2000,3891
Italy,ITA,2001,3515
Italy,ITA,2002,3311
Italy,ITA,2003,3193
Italy,ITA,2004,3097
Italy,ITA,2005,2848
Italy,ITA,2006,2744
Italy,ITA,2007,2647
Italy,ITA,2008,2445
Italy,ITA,2009,1913.5
Italy,ITA,2010,1883.8
Italy,ITA,2011,1768.7
Italy,ITA,2012,1569.4
Italy,ITA,2013,1469.2
Italy,ITA,2014,1406.3
Italy,ITA,2015,1313.9
Japan,JPN,2016,220
Japan,JPN,2017,220
Japan,JPN,2018,230
Japan,JPN,2019,208
Jordan,JOR,2001,3570.9
Jordan,JOR,2002,2713.4
Jordan,JOR,2003,2688.8
Jordan,JOR,2004,2465.9
Jordan,JOR,2005,2311.4
Jordan,JOR,2006,2312.6
Kazakhstan,KAZ,2000,141.9
Kazakhstan,KAZ,2001,111.7
Kazakhstan,KAZ,2002,115.8
Kazakhstan,KAZ,2003,107.3
Kazakhstan,KAZ,2004,101.2
Kazakhstan,KAZ,2005,96.1
Kazakhstan,KAZ,2006,87.2
Kazakhstan,KAZ,2007,72.5
Kazakhstan,KAZ,2008,65.1
Kazakhstan,KAZ,2013,58.3
Kazakhstan,KAZ,2015,49.9
Kazakhstan,KAZ,2017,41.5
Kyrgyzstan,KGZ,2000,47
Kyrgyzstan,KGZ,2001,46
Kyrgyzstan,KGZ,2002,45
Kyrgyzstan,KGZ,2003,38
Kyrgyzstan,KGZ,2004,38
Kyrgyzstan,KGZ,2005,39
Kyrgyzstan,KGZ,2006,32
Kyrgyzstan,KGZ,2007,28
Kyrgyzstan,KGZ,2008,32
Kyrgyzstan,KGZ,2013,38
Kyrgyzstan,KGZ,2015,22.1
Latvia,LVA,2002,165.3
Latvia,LVA,2003,157
Latvia,LVA,2004,151.1
Latvia,LVA,2005,163
Latvia,LVA,2006,178.4
Latvia,LVA,2007,179.1
Latvia,LVA,2009,120.6
Latvia,LVA,2010,130.8
Latvia,LVA,2011,167.4
Latvia,LVA,2012,177.2
Latvia,LVA,2013,197.8
Latvia,LVA,2014,189
Latvia,LVA,2015,218.2
Lithuania,LTU,2000,268
Lithuania,LTU,2001,248
Lithuania,LTU,2002,245
Lithuania,LTU,2003,250
Lithuania,LTU,2004,249
Lithuania,LTU,2005,300
Lithuania,LTU,2006,310
Lithuania,LTU,2007,307
Lithuania,LTU,2008,278
Lithuania,LTU,2009,175.9
Lithuania,LTU,2010,182.3
Lithuania,LTU,2011,208.9
Lithuania,LTU,2012,241.4
Lithuania,LTU,2013,235.4
Lithuania,LTU,2014,268.9
Lithuania,LTU,2015,279.9
Lithuania,LTU,2016,363.3
Luxembourg,LUX,2000,6136.4
Luxembourg,LUX,2002,6433.4
Luxembourg,LUX,2003,5962
Luxembourg,LUX,2004,6563.4
Luxembourg,LUX,2008,3097.8
Luxembourg,LUX,2009,1712.8
Luxembourg,LUX,2010,1780.6
Luxembourg,LUX,2011,1771.2
Luxembourg,LUX,2012,1730.5
Luxembourg,LUX,2013,1886.4
Luxembourg,LUX,2014,2886.7
Luxembourg,LUX,2015,1866
Macao,MAC,2006,1039.8
Macao,MAC,2007,1677.1
Macao,MAC,2008,1414.4
Macao,MAC,2009,1893.9
Macao,MAC,2010,1863.1
Macao,MAC,2011,1957.3
Macao,MAC,2012,2070.2
Macao,MAC,2013,1966.2
Macao,MAC,2014,1882
Macao,MAC,2015,1866.6
Macao,MAC,2016,1891.2
Malaysia,MYS,2000,1059
Malaysia,MYS,2001,968
Malaysia,MYS,2002,1023
Malaysia,MYS,2011,747
Malaysia,MYS,2012,703
Malaysia,MYS,2013,681
Malaysia,MYS,2015,615
Malaysia,MYS,2017,578
Malta,MLT,2000,3789
Malta,MLT,2001,3649.1
Malta,MLT,2002,3475.4
Malta,MLT,2003,3227.6
Malta,MLT,2004,2776
Malta,MLT,2005,2651
Malta,MLT,2006,2862
Malta,MLT,2007,2777
Malta,MLT,2008,2503.8
Malta,MLT,2009,1707.5
Malta,MLT,2010,1645.4
Malta,MLT,2011,1457.5
Malta,MLT,2012,1656.3
Malta,MLT,2013,1479.5
Malta,MLT,2014,1449.1
Malta,MLT,2015,1230.8
Malta,MLT,2016,0
Malta,MLT,2020,619.9
Mauritius,MUS,2001,1300
Mauritius,MUS,2002,1250
Mauritius,MUS,2007,845
Mauritius,MUS,2008,525
Mauritius,MUS,2018,269
Mauritius,MUS,2020,216
Mexico,MEX,2000,3624
Mexico,MEX,2001,3384
Mexico,MEX,2002,3202
Mexico,MEX,2003,2968
Mexico,MEX,2004,2922
Mexico,MEX,2005,2931
Mexico,MEX,2006,2856
Mexico,MEX,2007,3120
Mexico,MEX,2008,3554
Mexico,MEX,2009,3545
Mexico,MEX,2010,3532
Mexico,MEX,2011,3582.4
Mexico,MEX,2012,3559.2
Mexico,MEX,2013,3343
Mexico,MEX,2014,3141.2
Mexico,MEX,2015,3134.2
Mexico,MEX,2016,2907.6
Mexico,MEX,2017,3003.4
Moldova,MDA,2000,77
Moldova,MDA,2001,77.9
Moldova,MDA,2002,73
Moldova,MDA,2003,81
Moldova,MDA,2004,88
Moldova,MDA,2005,82
Moldova,MDA,2006,82
Moldova,MDA,2007,71
Moldova,MDA,2008,66.1
Moldova,MDA,2009,102.1
Moldova,MDA,2010,89.5
Moldova,MDA,2013,96.4
Moldova,MDA,2014,85
Moldova,MDA,2015,70.3
Moldova,MDA,2016,57.6
Moldova,MDA,2017,68
Moldova,MDA,2018,75.9
Moldova,MDA,2019,73.1
Moldova,MDA,2020,64.5
Mongolia,MNG,2016,26.2
Mongolia,MNG,2017,24.6
Mongolia,MNG,2018,20.2
Mongolia,MNG,2019,24.8
Mongolia,MNG,2020,26.9
Myanmar,MMR,2000,117.2
Myanmar,MMR,2001,109.1
Myanmar,MMR,2002,119.8
Myanmar,MMR,2003,77
Myanmar,MMR,2004,84
Myanmar,MMR,2005,52
Myanmar,MMR,2007,33
Myanmar,MMR,2008,40.6
Myanmar,MMR,2009,29.7
Myanmar,MMR,2010,11.9
Myanmar,MMR,2011,17.1
Myanmar,MMR,2012,9.5
Myanmar,MMR,2013,7.8
Myanmar,MMR,2014,9.3
Myanmar,MMR,2015,18.7
Myanmar,MMR,2016,29
Myanmar,MMR,2017,18.8
Myanmar,MMR,2018,20.1
Myanmar,MMR,2019,11.8
Namibia,NAM,2000,442.2
Namibia,NAM,2001,304.6
Netherlands,NLD,2009,2148.5
Netherlands,NLD,2010,2030.5
Netherlands,NLD,2011,2392
Netherlands,NLD,2012,2316.7
Netherlands,NLD,2013,2158.8
Netherlands,NLD,2014,1246.8
Netherlands,NLD,2015,1032.3
Netherlands,NLD,2016,5200
New Caledonia,NCL,2012,6
New Caledonia,NCL,2013,5.6
New Caledonia,NCL,2014,5.7
New Caledonia,NCL,2015,5.6
New Zealand,NZL,2015,1200
Nicaragua,NIC,2000,4150
Nicaragua,NIC,2001,3789
Nicaragua,NIC,2002,3663
Nicaragua,NIC,2003,3483
Nicaragua,NIC,2009,4687.3
Nicaragua,NIC,2010,4890.5
Norway,NOR,2000,1399.8
Norway,NOR,2001,1259.6
Norway,NOR,2002,1179
Norway,NOR,2003,1047
Norway,NOR,2004,993
Norway,NOR,2005,899
Norway,NOR,2006,780
Norway,NOR,2007,781
Norway,NOR,2008,661.5
Norway,NOR,2009,2067.6
Norway,NOR,2010,1430.2
Norway,NOR,2011,682.7
Norway,NOR,2012,1764.5
Norway,NOR,2013,876.8
Norway,NOR,2014,283.4
Norway,NOR,2015,397.8
Pakistan,PAK,2001,45.1
Pakistan,PAK,2002,49.9
Pakistan,PAK,2018,1136
Palestine,PSE,2015,1175.1
Palestine,PSE,2020,74
Panama,PAN,2011,1.4
Panama,PAN,2012,1.9
Panama,PAN,2013,2.5
Panama,PAN,2014,1.9
Panama,PAN,2015,1.5
Panama,PAN,2016,1.5
Panama,PAN,2018,2.6
Panama,PAN,2019,1.1
Panama,PAN,2020,33.3
Philippines,PHL,2000,1399.3
Philippines,PHL,2002,841.9
Philippines,PHL,2003,968.1
Philippines,PHL,2007,694.7
Philippines,PHL,2009,614.7
Philippines,PHL,2011,565
Philippines,PHL,2013,484.4
Philippines,PHL,2015,426
Philippines,PHL,2017,417
Poland,POL,2009,909.8
Poland,POL,2010,701.9
Poland,POL,2011,544
Poland,POL,2012,570.2
Poland,POL,2013,512.2
Poland,POL,2014,507
Poland,POL,2015,509.1
Portugal,PRT,2000,4260.2
Portugal,PRT,2001,4276
Portugal,PRT,2002,4016
Portugal,PRT,2003,3931
Portugal,PRT,2004,3947
Portugal,PRT,2005,3867
Portugal,PRT,2006,3996
Portugal,PRT,2007,3965
Portugal,PRT,2009,2673.1
Portugal,PRT,2010,2616.8
Portugal,PRT,2011,3322.1
Portugal,PRT,2012,3215.6
Portugal,PRT,2013,2780.1
Portugal,PRT,2014,2892.6
Portugal,PRT,2015,2954.2
Qatar,QAT,2009,11.1
Qatar,QAT,2011,8.9
Qatar,QAT,2012,5.4
Qatar,QAT,2013,3.6
Qatar,QAT,2014,4.9
Qatar,QAT,2015,2
Qatar,QAT,2016,26.8
Qatar,QAT,2018,21.3
Reunion,REU,2014,1988.6
Romania,ROU,2000,94
Romania,ROU,2001,98.8
Romania,ROU,2002,94
Romania,ROU,2003,91
Romania,ROU,2004,89
Romania,ROU,2005,76.2
Romania,ROU,2006,77.9
Romania,ROU,2007,76.4
Romania,ROU,2008,80
Romania,ROU,2009,38.5
Romania,ROU,2010,48
Romania,ROU,2011,69.1
Romania,ROU,2012,68.7
Romania,ROU,2013,71.9
Romania,ROU,2014,68.7
Romania,ROU,2015,77.4
Romania,ROU,2016,82.4
Romania,ROU,2020,72.9
Russia,RUS,2000,499
Russia,RUS,2001,482
Russia,RUS,2002,436
Russia,RUS,2003,381
Russia,RUS,2004,331
Russia,RUS,2005,300
Russia,RUS,2006,277
Russia,RUS,2007,262
Russia,RUS,2008,238
Russia,RUS,2009,220
Russia,RUS,2010,200
Russia,RUS,2011,200
Russia,RUS,2012,180
Russia,RUS,2013,160
Russia,RUS,2014,140
Russia,RUS,2015,130
Russia,RUS,2016,122
Russia,RUS,2017,121
Russia,RUS,2018,113
Russia,RUS,2019,112
Russia,RUS,2020,97
Saint Vincent and the Grenadines,VCT,2000,266.9
Saint Vincent and the Grenadines,VCT,2001,288.1
Saint Vincent and the Grenadines,VCT,2002,251.3
Saint Vincent and the Grenadines,VCT,2003,186
Saint Vincent and the Grenadines,VCT,2004,275.1
Saint Vincent and the Grenadines,VCT,2005,249
Saint Vincent and the Grenadines,VCT,2006,207.9
Saint Vincent and the Grenadines,VCT,2007,274.8
Saint Vincent and the Grenadines,VCT,2008,543
San Marino,SMR,2000,6986.2
San Marino,SMR,2001,5117.2
San Marino,SMR,2002,4479
San Marino,SMR,2003,5018
San Marino,SMR,2004,3726
San Marino,SMR,2005,3800
San Marino,SMR,2006,4652
San Marino,SMR,2007,2945.7
Seychelles,SYC,2018,165.2
Singapore,SGP,2000,503.8
Singapore,SGP,2001,569.7
Singapore,SGP,2002,527.4
Singapore,SGP,2003,671
Singapore,SGP,2004,519.9
Singapore,SGP,2005,522.3
Singapore,SGP,2006,419.9
Singapore,SGP,2007,460
Singapore,SGP,2008,469
Singapore,SGP,2014,403
Singapore,SGP,2015,362
Singapore,SGP,2016,352.5
Singapore,SGP,2017,368
Singapore,SGP,2018,372
Singapore,SGP,2019,395
Singapore,SGP,2020,343
Slovakia,SVK,2000,1071
Slovakia,SVK,2001,1021
Slovakia,SVK,2002,956
Slovakia,SVK,2003,801
Slovakia,SVK,2004,659
Slovakia,SVK,2005,635
Slovakia,SVK,2006,678
Slovakia,SVK,2007,648
Slovakia,SVK,2008,657
Slovakia,SVK,2009,390.5
Slovakia,SVK,2010,387.1
Slovakia,SVK,2011,360.3
Slovakia,SVK,2012,347
Slovakia,SVK,2013,375.3
Slovakia,SVK,2014,362.1
Slovakia,SVK,2015,449.8
Slovakia,SVK,2016,441
Slovakia,SVK,2020,351.8
Slovenia,SVN,2000,5091.8
Slovenia,SVN,2001,5079.7
Slovenia,SVN,2002,5152.9
Slovenia,SVN,2003,5213.8
Slovenia,SVN,2004,5238
Slovenia,SVN,2005,4565
Slovenia,SVN,2006,4437
Slovenia,SVN,2007,4250
Slovenia,SVN,2009,1745.6
Slovenia,SVN,2010,1888.1
Slovenia,SVN,2011,1856.7
Slovenia,SVN,2012,1697.3
Slovenia,SVN,2013,1490.8
Slovenia,SVN,2014,1520.5
Slovenia,SVN,2015,1512.1
Slovenia,SVN,2019,1518.5
Spain,ESP,2000,7549.2
Spain,ESP,2001,7341.9
Spain,ESP,2002,7034.7
Spain,ESP,2003,6371.3
Spain,ESP,2004,6121.3
Spain,ESP,2005,5999
Spain,ESP,2006,5868
Spain,ESP,2007,5748
Spain,ESP,2008,5055
Spain,ESP,2009,4121
Spain,ESP,2010,3861.1
Spain,ESP,2011,3205.8
Spain,ESP,2012,2570.3
Spain,ESP,2013,2580.6
Spain,ESP,2014,2788.5
Spain,ESP,2015,2767.6
Spain,ESP,2016,2807.2
Spain,ESP,2017,2842.4
Spain,ESP,2018,2823.9
Spain,ESP,2019,2513.2
Sri Lanka,LKA,2000,85.4
Sri Lanka,LKA,2001,101.1
Sri Lanka,LKA,2002,82.2
Sri Lanka,LKA,2003,69.8
Sri Lanka,LKA,2004,47.1
Sri Lanka,LKA,2005,46.3
Sri Lanka,LKA,2006,58
Sri Lanka,LKA,2007,142.4
Sri Lanka,LKA,2008,50.9
Sri Lanka,LKA,2014,18.3
Sri Lanka,LKA,2015,16.8
Sri Lanka,LKA,2016,17.6
Sri Lanka,LKA,2017,19
Sri Lanka,LKA,2018,18.5
Sri Lanka,LKA,2019,17.9
Sri Lanka,LKA,2020,13.6
Sweden,SWE,2000,970
Sweden,SWE,2001,912
Sweden,SWE,2002,907
Sweden,SWE,2003,828
Sweden,SWE,2004,782
Sweden,SWE,2005,757
Sweden,SWE,2006,751
Sweden,SWE,2007,674
Sweden,SWE,2008,641
Sweden,SWE,2009,736.1
Sweden,SWE,2010,781.4
Sweden,SWE,2011,747.8
Sweden,SWE,2012,787.7
Sweden,SWE,2013,792.8
Sweden,SWE,2014,767.1
Sweden,SWE,2015,777.2
Sweden,SWE,2016,1094
Switzerland,CHE,2000,2580
Switzerland,CHE,2001,2546
Switzerland,CHE,2002,2534
Switzerland,CHE,2003,2447
Switzerland,CHE,2004,2342
Switzerland,CHE,2005,2377
Switzerland,CHE,2006,2349
Switzerland,CHE,2007,2270
Switzerland,CHE,2008,2295
Switzerland,CHE,2009,1632.2
Switzerland,CHE,2010,1850
Switzerland,CHE,2011,1810.6
Switzerland,CHE,2012,2110.7
Switzerland,CHE,2013,1928.8
Switzerland,CHE,2014,1904.2
Thailand,THA,2000,925.1
Thailand,THA,2001,903
Thailand,THA,2002,802
Thailand,THA,2003,799
Thailand,THA,2004,767
Thailand,THA,2005,739
Thailand,THA,2006,692
Thailand,THA,2007,658
Thailand,THA,2008,562
Thailand,THA,2009,501.3
Thailand,THA,2010,488.7
Thailand,THA,2011,434.3
Thailand,THA,2012,421.7
Thailand,THA,2013,353
Thailand,THA,2014,321.1
Thailand,THA,2019,805
Thailand,THA,2020,761.6
Togo,TGO,2000,1680.1
Togo,TGO,2001,1429.1
Togo,TGO,2002,1253
Togo,TGO,2003,1057
Togo,TGO,2004,484
Trinidad and Tobago,TTO,2000,88.1
Trinidad and Tobago,TTO,2001,94.9
Trinidad and Tobago,TTO,2002,102
Trinidad and Tobago,TTO,2003,65
Trinidad and Tobago,TTO,2004,41
Trinidad and Tobago,TTO,2005,42.7
Trinidad and Tobago,TTO,2006,64.3
Tunisia,TUN,2000,3937.3
Tunisia,TUN,2001,4180.3
Tunisia,TUN,2002,4005.1
Tunisia,TUN,2003,3627.4
Tunisia,TUN,2004,3639.1
Turkey,TUR,2000,35.1
Turkey,TUR,2001,44.6
Turkey,TUR,2002,40
Turkey,TUR,2003,28.4
Turkey,TUR,2004,27.4
Turkey,TUR,2005,24
Turkey,TUR,2006,29
Turkey,TUR,2007,23
Turkey,TUR,2008,762.7
Turkey,TUR,2009,654.3
Turkey,TUR,2010,578.9
Turkey,TUR,2011,584.6
Turkey,TUR,2012,578.4
Turkey,TUR,2013,1168.8
Turkey,TUR,2014,1275.9
Turkey,TUR,2015,1323.7
Turkey,TUR,2016,1530.3
Turkey,TUR,2017,1812
Turkey,TUR,2018,2203.1
Turkey,TUR,2019,2170.4
Turkey,TUR,2020,1846.8
Ukraine,UKR,2000,253
Ukraine,UKR,2001,258
Ukraine,UKR,2002,216
Ukraine,UKR,2003,205
Ukraine,UKR,2004,186
Ukraine,UKR,2005,172
Ukraine,UKR,2006,160
Ukraine,UKR,2007,155
Ukraine,UKR,2008,135
Ukraine,UKR,2009,112.6
Ukraine,UKR,2010,112.2
Ukraine,UKR,2011,100.5
Ukraine,UKR,2012,91.8
Ukraine,UKR,2013,85.4
Ukraine,UKR,2014,51.2
Ukraine,UKR,2015,51.1
Ukraine,UKR,2016,51.8
Ukraine,UKR,2017,53.5
Ukraine,UKR,2018,49.1
Ukraine,UKR,2019,53.5
Ukraine,UKR,2020,85.1
United Kingdom,GBR,2000,645.2
United Kingdom,GBR,2001,623.3
United Kingdom,GBR,2002,614.5
United Kingdom,GBR,2003,630
United Kingdom,GBR,2004,585
United Kingdom,GBR,2005,562
United Kingdom,GBR,2006,514.6
United Kingdom,GBR,2009,912.8
United Kingdom,GBR,2010,906
United Kingdom,GBR,2011,864.7
United Kingdom,GBR,2012,776.3
United Kingdom,GBR,2013,831.5
United Kingdom,GBR,2014,827.1
United Kingdom,GBR,2015,759.6
United Kingdom,GBR,2016,348
United Kingdom,GBR,2017,341
United Kingdom,GBR,2018,335
United States,USA,2003,1500
United States,USA,2004,1400
United States,USA,2005,1400
United States,USA,2006,1300
United States,USA,2007,1200
United States,USA,2008,1046.8
United States,USA,2009,1100
United States,USA,2010,1100
United States,USA,2011,1000
United States,USA,2012,1000
United States,USA,2013,1000
United States,USA,2014,1000
United States,USA,2015,900
United States,USA,2016,900
United States,USA,2017,900
United States,USA,2018,900
Uruguay,URY,2018,2654.3
Uzbekistan,UZB,2009,50
Uzbekistan,UZB,2010,76.8
Uzbekistan,UZB,2011,40.1
Uzbekistan,UZB,2012,55.1
Uzbekistan,UZB,2013,41.9
Uzbekistan,UZB,2014,45.1
Uzbekistan,UZB,2015,38
Uzbekistan,UZB,2016,38
Uzbekistan,UZB,2017,33
Uzbekistan,UZB,2018,34
Uzbekistan,UZB,2019,36
Zimbabwe,ZWE,2000,1225.4
Zimbabwe,ZWE,2001,1392
Zimbabwe,ZWE,2002,703.3
Zimbabwe,ZWE,2003,1251
Zimbabwe,ZWE,2004,746.8
Zimbabwe,ZWE,2005,634.9
Zimbabwe,ZWE,2006,779.5
Zimbabwe,ZWE,2007,555.8
Zimbabwe,ZWE,2011,391.1
Zimbabwe,ZWE,2012,480.1