Entity,Code,Year,Research and development expenditure (% of GDP)
Africa Eastern and Southern,,2003,0.665955773378498
Africa Eastern and Southern,,2004,0.697591902917369
Africa Eastern and Southern,,2005,0.699819215880687
Africa Eastern and Southern,,2007,0.716764660719628
Africa Eastern and Southern,,2010,0.646038366413681
Africa Western and Central,,2007,0.225627284013102
Albania,ALB,2007,0.0873700007796288
Albania,ALB,2008,0.154119998216629
Algeria,DZA,2001,0.230279996991158
Algeria,DZA,2002,0.366400003433228
Algeria,DZA,2003,0.196229994297028
Algeria,DZA,2004,0.163570001721382
Algeria,DZA,2005,0.066040001809597
Argentina,ARG,1996,0.417490005493164
Argentina,ARG,1997,0.419589996337891
Argentina,ARG,1998,0.411309987306595
Argentina,ARG,1999,0.453370004892349
Argentina,ARG,2000,0.438840001821518
Argentina,ARG,2001,0.424600005149841
Argentina,ARG,2002,0.388859987258911
Argentina,ARG,2003,0.410120010375977
Argentina,ARG,2004,0.365550011396408
Argentina,ARG,2005,0.378670006990433
Argentina,ARG,2006,0.400330007076263
Argentina,ARG,2007,0.401690006256104
Argentina,ARG,2008,0.421350002288818
Argentina,ARG,2009,0.519010007381439
Argentina,ARG,2010,0.517610013484955
Argentina,ARG,2011,0.536589980125427
Argentina,ARG,2012,0.609390020370483
Argentina,ARG,2013,0.61175000667572
Argentina,ARG,2014,0.613030016422272
Armenia,ARM,1997,0.186920002102852
Armenia,ARM,1998,0.226009994745255
Armenia,ARM,1999,0.214000001549721
Armenia,ARM,2000,0.184630006551743
Armenia,ARM,2001,0.279870003461838
Armenia,ARM,2002,0.252550005912781
Armenia,ARM,2003,0.239710003137589
Armenia,ARM,2004,0.212009996175766
Armenia,ARM,2005,0.257609993219376
Armenia,ARM,2006,0.240569993853569
Armenia,ARM,2007,0.211070001125336
Armenia,ARM,2008,0.224380001425743
Armenia,ARM,2009,0.29093000292778
Armenia,ARM,2010,0.241390004754066
Armenia,ARM,2011,0.270139992237091
Armenia,ARM,2012,0.238529995083809
Armenia,ARM,2013,0.222159996628761
Armenia,ARM,2014,0.240789994597435
Australia,AUS,1996,1.66220998764038
Australia,AUS,1998,1.51495003700256
Australia,AUS,2000,1.5766099691391
Australia,AUS,2002,1.75362002849579
Australia,AUS,2004,1.8539400100708
Australia,AUS,2006,2.18309998512268
Australia,AUS,2008,2.40242004394531
Australia,AUS,2010,2.38394999504089
Australia,AUS,2011,2.24605989456177
Australia,AUS,2013,2.19574999809265
Austria,AUT,1996,1.58431005477905
Austria,AUT,1997,1.65855002403259
Austria,AUT,1998,1.73612999916077
Austria,AUT,1999,1.84930002689362
Austria,AUT,2000,1.88966000080109
Austria,AUT,2001,1.99599003791809
Austria,AUT,2002,2.06993007659912
Austria,AUT,2003,2.1826798915863
Austria,AUT,2004,2.17368006706238
Austria,AUT,2005,2.38323998451233
Austria,AUT,2006,2.37115001678467
Austria,AUT,2007,2.43239998817444
Austria,AUT,2008,2.5855700969696
Austria,AUT,2009,2.61357998847961
Austria,AUT,2010,2.73783993721008
Austria,AUT,2011,2.68163990974426
Austria,AUT,2012,2.88561010360718
Austria,AUT,2013,2.964359998703
Austria,AUT,2014,2.98608994483948
Azerbaijan,AZE,1996,0.235330000519753
Azerbaijan,AZE,1997,0.369500011205673
Azerbaijan,AZE,1998,0.421240001916885
Azerbaijan,AZE,1999,0.392890006303787
Azerbaijan,AZE,2000,0.335999995470047
Azerbaijan,AZE,2001,0.340009987354279
Azerbaijan,AZE,2002,0.301550000905991
Azerbaijan,AZE,2003,0.324959993362427
Azerbaijan,AZE,2004,0.29831001162529
Azerbaijan,AZE,2005,0.219940006732941
Azerbaijan,AZE,2006,0.171650007367134
Azerbaijan,AZE,2007,0.170059993863106
Azerbaijan,AZE,2008,0.165539994835854
Azerbaijan,AZE,2009,0.249760001897812
Azerbaijan,AZE,2010,0.218480005860329
Azerbaijan,AZE,2011,0.210840001702309
Azerbaijan,AZE,2012,0.217240005731583
Azerbaijan,AZE,2013,0.211410000920296
Azerbaijan,AZE,2014,0.209910005331039
Bahrain,BHR,2014,0.0997700020670891
Belarus,BLR,1996,0.998520016670227
Belarus,BLR,1997,0.730000019073486
Belarus,BLR,1998,0.705780029296875
Belarus,BLR,1999,0.845229983329773
Belarus,BLR,2000,0.722100019454956
Belarus,BLR,2001,0.708760023117065
Belarus,BLR,2002,0.620899975299835
Belarus,BLR,2003,0.611469984054565
Belarus,BLR,2004,0.627590000629425
Belarus,BLR,2005,0.678520023822784
Belarus,BLR,2006,0.660650014877319
Belarus,BLR,2007,0.962029993534088
Belarus,BLR,2008,0.741469979286194
Belarus,BLR,2009,0.642690002918243
Belarus,BLR,2010,0.693499982357025
Belarus,BLR,2011,0.700600028038025
Belarus,BLR,2012,0.667050004005432
Belarus,BLR,2013,0.6735799908638
Belgium,BEL,1996,1.72962999343872
Belgium,BEL,1997,1.79475998878479
Belgium,BEL,1998,1.82361996173859
Belgium,BEL,1999,1.89067995548248
Belgium,BEL,2000,1.92235994338989
Belgium,BEL,2001,2.02168011665344
Belgium,BEL,2002,1.89073002338409
Belgium,BEL,2003,1.83184003829956
Belgium,BEL,2004,1.80897998809814
Belgium,BEL,2005,1.78231000900269
Belgium,BEL,2006,1.81426000595093
Belgium,BEL,2007,1.84412002563477
Belgium,BEL,2008,1.92412996292114
Belgium,BEL,2009,1.98537003993988
Belgium,BEL,2010,2.05080008506775
Belgium,BEL,2011,2.15532994270325
Belgium,BEL,2012,2.36268997192383
Belgium,BEL,2013,2.42964005470276
Belgium,BEL,2014,2.46467995643616
Bermuda,BMU,1997,0.0588500015437603
Bermuda,BMU,2007,0.205259993672371
Bermuda,BMU,2008,0.209499999880791
Bermuda,BMU,2009,0.222169995307922
Bermuda,BMU,2010,0.22282999753952
Bermuda,BMU,2011,0.261220008134842
Bermuda,BMU,2012,0.23115000128746
Bermuda,BMU,2013,0.226060003042221
Bermuda,BMU,2014,0.22316999733448
Bolivia,BOL,1996,0.325439989566803
Bolivia,BOL,1997,0.315770000219345
Bolivia,BOL,1998,0.294950008392334
Bolivia,BOL,1999,0.298359990119934
Bolivia,BOL,2000,0.287440001964569
Bolivia,BOL,2001,0.293579995632172
Bolivia,BOL,2002,0.276630014181137
Bolivia,BOL,2009,0.157000005245209
Bosnia and Herzegovina,BIH,2003,0.0185400005429983
Bosnia and Herzegovina,BIH,2004,0.0161099992692471
Bosnia and Herzegovina,BIH,2005,0.0277600008994341
Bosnia and Herzegovina,BIH,2006,0.0201799999922514
Bosnia and Herzegovina,BIH,2007,0.0257600005716085
Bosnia and Herzegovina,BIH,2008,0.0188100002706051
Bosnia and Herzegovina,BIH,2009,0.0214799996465445
Bosnia and Herzegovina,BIH,2012,0.270370006561279
Bosnia and Herzegovina,BIH,2013,0.327389985322952
Bosnia and Herzegovina,BIH,2014,0.261079996824265
Botswana,BWA,2005,0.532859981060028
Botswana,BWA,2012,0.252290010452271
Brazil,BRA,2000,0.998860001564026
Brazil,BRA,2001,1.03165996074677
Brazil,BRA,2002,0.975899994373322
Brazil,BRA,2003,0.998160004615784
Brazil,BRA,2004,0.962960004806519
Brazil,BRA,2005,1.00192999839783
Brazil,BRA,2006,0.987919986248016
Brazil,BRA,2007,1.08227002620697
Brazil,BRA,2008,1.1298600435257
Brazil,BRA,2009,1.12029004096985
Brazil,BRA,2010,1.15962994098663
Brazil,BRA,2011,1.14007997512817
Brazil,BRA,2012,1.15113997459412
Brazil,BRA,2013,1.23601996898651
Brunei,BRN,2002,0.0159200001507998
Brunei,BRN,2003,0.0184199996292591
Brunei,BRN,2004,0.0370099991559982
Bulgaria,BGR,1996,0.508660018444061
Bulgaria,BGR,1997,0.470479995012283
Bulgaria,BGR,1998,0.495400011539459
Bulgaria,BGR,1999,0.542140007019043
Bulgaria,BGR,2000,0.498849987983704
Bulgaria,BGR,2001,0.448610007762909
Bulgaria,BGR,2002,0.465939998626709
Bulgaria,BGR,2003,0.473789989948273
Bulgaria,BGR,2004,0.472000002861023
Bulgaria,BGR,2005,0.443399995565414
Bulgaria,BGR,2006,0.443129986524582
Bulgaria,BGR,2007,0.426829993724823
Bulgaria,BGR,2008,0.445800006389618
Bulgaria,BGR,2009,0.495660006999969
Bulgaria,BGR,2010,0.571439981460571
Bulgaria,BGR,2011,0.536289989948273
Bulgaria,BGR,2012,0.608479976654053
Bulgaria,BGR,2013,0.636420011520386
Bulgaria,BGR,2014,0.795130014419556
Burkina Faso,BFA,1996,0.158340007066727
Burkina Faso,BFA,1997,0.18104000389576
Burkina Faso,BFA,2001,0.190569996833801
Burkina Faso,BFA,2002,0.338660001754761
Burkina Faso,BFA,2003,0.271189987659454
Burkina Faso,BFA,2004,0.241970002651215
Burkina Faso,BFA,2005,0.170570001006126
Burkina Faso,BFA,2007,0.110619999468327
Burkina Faso,BFA,2008,0.186340004205704
Burkina Faso,BFA,2009,0.200049996376038
Burundi,BDI,2007,0.200699999928474
Burundi,BDI,2008,0.154190003871918
Burundi,BDI,2009,0.144339993596077
Burundi,BDI,2010,0.137549996376038
Burundi,BDI,2011,0.12126000225544
Cambodia,KHM,2002,0.0498000010848045
Canada,CAN,1996,1.61619997024536
Canada,CAN,1997,1.62373995780945
Canada,CAN,1998,1.71746003627777
Canada,CAN,1999,1.76043999195099
Canada,CAN,2000,1.87184000015259
Canada,CAN,2001,2.03846001625061
Canada,CAN,2002,1.99296998977661
Canada,CAN,2003,1.9850800037384
Canada,CAN,2004,2.01360011100769
Canada,CAN,2005,1.98644995689392
Canada,CAN,2006,1.95564997196198
Canada,CAN,2007,1.91787004470825
Canada,CAN,2008,1.86826002597809
Canada,CAN,2009,1.92270994186401
Canada,CAN,2010,1.8376100063324
Canada,CAN,2011,1.79851996898651
Canada,CAN,2012,1.78606998920441
Canada,CAN,2013,1.68827998638153
Canada,CAN,2014,1.61152994632721
Cape Verde,CPV,2011,0.0726400017738342
Central Europe and the Baltics,,1996,0.737003824238492
Central Europe and the Baltics,,1997,0.755344068728844
Central Europe and the Baltics,,1998,0.736004807137015
Central Europe and the Baltics,,1999,0.741357544057366
Central Europe and the Baltics,,2000,0.746541030590779
Central Europe and the Baltics,,2001,0.751232343255921
Central Europe and the Baltics,,2002,0.74062505190323
Central Europe and the Baltics,,2003,0.732041971350698
Central Europe and the Baltics,,2004,0.736993971505769
Central Europe and the Baltics,,2005,0.738412238418416
Central Europe and the Baltics,,2006,0.754478280257266
Central Europe and the Baltics,,2007,0.759741425879613
Central Europe and the Baltics,,2008,0.787526741635376
Central Europe and the Baltics,,2009,0.833017199319949
Central Europe and the Baltics,,2010,0.877702429679295
Central Europe and the Baltics,,2011,0.962149909160889
Central Europe and the Baltics,,2012,1.06220216899495
Central Europe and the Baltics,,2013,1.06721321253221
Central Europe and the Baltics,,2014,1.09697867736036
Chile,CHL,2007,0.310499995946884
Chile,CHL,2008,0.374989986419678
Chile,CHL,2009,0.35291001200676
Chile,CHL,2010,0.330989986658096
Chile,CHL,2011,0.35343000292778
Chile,CHL,2012,0.364789992570877
Chile,CHL,2013,0.391099989414215
Chile,CHL,2014,0.379280000925064
China,CHN,1996,0.565129995346069
China,CHN,1997,0.641019999980927
China,CHN,1998,0.649259984493256
China,CHN,1999,0.752759993076324
China,CHN,2000,0.897669970989227
China,CHN,2001,0.945389986038208
China,CHN,2002,1.06411004066467
China,CHN,2003,1.12740004062653
China,CHN,2004,1.22350001335144
China,CHN,2005,1.31792998313904
China,CHN,2006,1.37973999977112
China,CHN,2007,1.38432002067566
China,CHN,2008,1.45729994773865
China,CHN,2009,1.67870998382568
China,CHN,2010,1.72720003128052
China,CHN,2011,1.7943799495697
China,CHN,2012,1.92809998989105
China,CHN,2013,2.0146598815918
China,CHN,2014,2.04604005813599
Colombia,COL,1996,0.299230009317398
Colombia,COL,1997,0.273660004138947
Colombia,COL,2000,0.106030002236366
Colombia,COL,2001,0.109449997544289
Colombia,COL,2002,0.115970000624657
Colombia,COL,2003,0.180380001664162
Colombia,COL,2004,0.154320001602173
Colombia,COL,2005,0.154330000281334
Colombia,COL,2006,0.153899997472763
Colombia,COL,2007,0.181630000472069
Colombia,COL,2008,0.194509997963905
Colombia,COL,2009,0.192959994077682
Colombia,COL,2010,0.195659995079041
Colombia,COL,2011,0.207469999790192
Colombia,COL,2012,0.206929996609688
Colombia,COL,2013,0.255380004644394
Colombia,COL,2014,0.195339992642403
Costa Rica,CRI,1996,0.298000007867813
Costa Rica,CRI,1997,0.290749996900558
Costa Rica,CRI,1998,0.257400006055832
Costa Rica,CRI,1999,0.331719994544983
Costa Rica,CRI,2000,0.387279987335205
Costa Rica,CRI,2003,0.356819987297058
Costa Rica,CRI,2004,0.373180001974106
Costa Rica,CRI,2006,0.430469989776611
Costa Rica,CRI,2007,0.364170014858246
Costa Rica,CRI,2008,0.398400008678436
Costa Rica,CRI,2009,0.541170001029968
Costa Rica,CRI,2010,0.482609987258911
Costa Rica,CRI,2011,0.474029988050461
Costa Rica,CRI,2012,0.570450007915497
Costa Rica,CRI,2013,0.561410009860992
Croatia,HRV,1999,0.840399980545044
Croatia,HRV,2000,1.04410004615784
Croatia,HRV,2001,0.916440010070801
Croatia,HRV,2002,0.948109984397888
Croatia,HRV,2003,0.950590014457703
Croatia,HRV,2004,1.03079998493195
Croatia,HRV,2005,0.855579972267151
Croatia,HRV,2006,0.740090012550354
Croatia,HRV,2007,0.792249977588654
Croatia,HRV,2008,0.884130001068115
Croatia,HRV,2009,0.844250023365021
Croatia,HRV,2010,0.744690001010895
Croatia,HRV,2011,0.752369999885559
Croatia,HRV,2012,0.751129984855652
Croatia,HRV,2013,0.815609991550446
Croatia,HRV,2014,0.790000021457672
Cuba,CUB,1996,0.347359985113144
Cuba,CUB,1997,0.401719987392426
Cuba,CUB,1998,0.501230001449585
Cuba,CUB,1999,0.458310008049011
Cuba,CUB,2000,0.478650003671646
Cuba,CUB,2001,0.565280020236969
Cuba,CUB,2002,0.564450025558472
Cuba,CUB,2003,0.582430005073547
Cuba,CUB,2004,0.602310001850128
Cuba,CUB,2005,0.549199998378754
Cuba,CUB,2006,0.441390007734299
Cuba,CUB,2007,0.436150014400482
Cuba,CUB,2008,0.500609993934631
Cuba,CUB,2009,0.614870011806488
Cuba,CUB,2010,0.6076700091362
Cuba,CUB,2011,0.271919995546341
Cuba,CUB,2012,0.407169997692108
Cuba,CUB,2013,0.474660009145737
Cuba,CUB,2014,0.40531998872757
Cyprus,CYP,1998,0.204070001840591
Cyprus,CYP,1999,0.219200000166893
Cyprus,CYP,2000,0.228180006146431
Cyprus,CYP,2001,0.238519996404648
Cyprus,CYP,2002,0.28150999546051
Cyprus,CYP,2003,0.320589989423752
Cyprus,CYP,2004,0.338690012693405
Cyprus,CYP,2005,0.370550006628037
Cyprus,CYP,2006,0.387410014867783
Cyprus,CYP,2007,0.404309988021851
Cyprus,CYP,2008,0.390890002250671
Cyprus,CYP,2009,0.450459986925125
Cyprus,CYP,2010,0.452179998159409
Cyprus,CYP,2011,0.456120014190674
Cyprus,CYP,2012,0.429250001907349
Cyprus,CYP,2013,0.462660014629364
Cyprus,CYP,2014,0.472400009632111
Czechia,CZE,1996,0.897279977798462
Czechia,CZE,1997,0.997150003910065
Czechia,CZE,1998,1.06717002391815
Czechia,CZE,1999,1.05692994594574
Czechia,CZE,2000,1.11635994911194
Czechia,CZE,2001,1.10575997829437
Czechia,CZE,2002,1.10491001605988
Czechia,CZE,2003,1.15119004249573
Czechia,CZE,2004,1.1473799943924
Czechia,CZE,2005,1.17084002494812
Czechia,CZE,2006,1.23371994495392
Czechia,CZE,2007,1.30508995056152
Czechia,CZE,2008,1.2420300245285
Czechia,CZE,2009,1.29721999168396
Czechia,CZE,2010,1.33985996246338
Czechia,CZE,2011,1.56006002426147
Czechia,CZE,2012,1.79038000106812
Czechia,CZE,2013,1.90952003002167
Czechia,CZE,2014,1.99733996391296
Democratic Republic of Congo,COD,2004,0.267769992351532
Democratic Republic of Congo,COD,2005,0.0579899996519089
Democratic Republic of Congo,COD,2006,0.061099998652935
Democratic Republic of Congo,COD,2007,0.139200001955032
Democratic Republic of Congo,COD,2008,0.0850299969315529
Democratic Republic of Congo,COD,2009,0.0798700004816055
Denmark,DNK,1996,1.80667996406555
Denmark,DNK,1997,1.88914000988007
Denmark,DNK,1998,2.00618004798889
Denmark,DNK,1999,2.12764000892639
Denmark,DNK,2001,2.32466006278992
Denmark,DNK,2002,2.44145011901855
Denmark,DNK,2003,2.51084995269775
Denmark,DNK,2004,2.42041993141174
Denmark,DNK,2005,2.39252996444702
Denmark,DNK,2006,2.40235996246338
Denmark,DNK,2007,2.51481008529663
Denmark,DNK,2008,2.77951002120972
Denmark,DNK,2009,3.06927990913391
Denmark,DNK,2010,2.93696999549866
Denmark,DNK,2011,2.96625995635986
Denmark,DNK,2012,3.02631998062134
Denmark,DNK,2013,3.08493995666504
Denmark,DNK,2014,3.08492994308472
Early-demographic dividend,,2000,0.611467379652528
Early-demographic dividend,,2001,0.62987507465789
Early-demographic dividend,,2002,0.65100334597231
Early-demographic dividend,,2003,0.619433446654311
Early-demographic dividend,,2004,0.630435193165375
Early-demographic dividend,,2005,0.63721847041102
Early-demographic dividend,,2006,0.658322124400328
Early-demographic dividend,,2007,0.67419671957589
Early-demographic dividend,,2008,0.712277479599065
Early-demographic dividend,,2009,0.6389350611974
East Asia & Pacific,,1996,2.2653060832065
East Asia & Pacific,,1997,2.33550420951073
East Asia & Pacific,,1998,2.31432536319235
East Asia & Pacific,,1999,2.38697162839041
East Asia & Pacific,,2000,2.32425779127895
East Asia & Pacific,,2001,2.37614303340478
East Asia & Pacific,,2002,2.33258176438193
East Asia & Pacific,,2003,2.42314142871963
East Asia & Pacific,,2004,2.40419033462496
East Asia & Pacific,,2005,2.50258626857108
East Asia & Pacific,,2006,2.49072293296446
East Asia & Pacific,,2007,2.43648912461403
East Asia & Pacific,,2008,2.48444231466955
East Asia & Pacific,,2009,2.32591073060714
East Asia & Pacific,,2010,2.47234454393013
East Asia & Pacific,,2011,2.40891648362214
East Asia & Pacific,,2012,2.5656028116308
East Asia & Pacific,,2013,2.41034418810221
East Asia & Pacific,,2014,2.59272806924805
East Asia & Pacific (IDA & IBRD),,1996,0.463363719968228
East Asia & Pacific (IDA & IBRD),,1997,0.567802903659124
East Asia & Pacific (IDA & IBRD),,1998,0.63231082127399
East Asia & Pacific (IDA & IBRD),,1999,0.69586546769201
East Asia & Pacific (IDA & IBRD),,2000,0.732810141910606
East Asia & Pacific (IDA & IBRD),,2001,0.802665180079784
East Asia & Pacific (IDA & IBRD),,2002,0.913678707307587
East Asia & Pacific (IDA & IBRD),,2003,1.01035015058181
East Asia & Pacific (IDA & IBRD),,2004,1.11261840966449
East Asia & Pacific (IDA & IBRD),,2005,1.18626010390707
East Asia & Pacific (IDA & IBRD),,2006,1.25761290222879
East Asia & Pacific (IDA & IBRD),,2007,1.25474212687018
East Asia & Pacific (IDA & IBRD),,2008,1.42403865427606
East Asia & Pacific (IDA & IBRD),,2009,1.41153536969933
East Asia & Pacific (IDA & IBRD),,2010,1.69776281232234
East Asia & Pacific (IDA & IBRD),,2011,1.63340068805408
East Asia & Pacific (IDA & IBRD),,2012,1.89610403520219
East Asia & Pacific (IDA & IBRD),,2013,1.79978738825632
East Asia & Pacific (IDA & IBRD),,2014,1.96379927431322
East Asia & Pacific (excluding high income),,1996,0.463363719968228
East Asia & Pacific (excluding high income),,1997,0.567802903659124
East Asia & Pacific (excluding high income),,1998,0.63231082127399
East Asia & Pacific (excluding high income),,1999,0.69586546769201
East Asia & Pacific (excluding high income),,2000,0.732810141910606
East Asia & Pacific (excluding high income),,2001,0.802665180079784
East Asia & Pacific (excluding high income),,2002,0.913678707307587
East Asia & Pacific (excluding high income),,2003,1.01035015058181
East Asia & Pacific (excluding high income),,2004,1.11261840966449
East Asia & Pacific (excluding high income),,2005,1.18626010390707
East Asia & Pacific (excluding high income),,2006,1.25761290222879
East Asia & Pacific (excluding high income),,2007,1.25474212687018
East Asia & Pacific (excluding high income),,2008,1.42403865427606
East Asia & Pacific (excluding high income),,2009,1.41153536969933
East Asia & Pacific (excluding high income),,2010,1.69776281232234
East Asia & Pacific (excluding high income),,2011,1.63340068805408
East Asia & Pacific (excluding high income),,2012,1.89610403520219
East Asia & Pacific (excluding high income),,2013,1.79978738825632
East Asia & Pacific (excluding high income),,2014,1.96379927431322
Ecuador,ECU,1996,0.0740600004792213
Ecuador,ECU,1997,0.0626299977302551
Ecuador,ECU,1998,0.0651699975132942
Ecuador,ECU,2001,0.0515000000596046
Ecuador,ECU,2002,0.0553399994969368
Ecuador,ECU,2003,0.0573499985039234
Ecuador,ECU,2006,0.128629997372627
Ecuador,ECU,2007,0.131940007209778
Ecuador,ECU,2008,0.227789998054504
Ecuador,ECU,2009,0.394630014896393
Ecuador,ECU,2010,0.402969986200333
Ecuador,ECU,2011,0.339910000562668
Egypt,EGY,1996,0.212599992752075
Egypt,EGY,1997,0.197559997439384
Egypt,EGY,1998,0.199100002646446
Egypt,EGY,1999,0.186509996652603
Egypt,EGY,2000,0.192469999194145
Egypt,EGY,2004,0.269939988851547
Egypt,EGY,2005,0.241410002112389
Egypt,EGY,2006,0.259030014276505
Egypt,EGY,2007,0.255100011825562
Egypt,EGY,2008,0.270240008831024
Egypt,EGY,2009,0.433120012283325
Egypt,EGY,2010,0.433450013399124
Egypt,EGY,2011,0.531539976596832
Egypt,EGY,2012,0.541029989719391
Egypt,EGY,2013,0.677980005741119
Egypt,EGY,2014,0.678680002689362
El Salvador,SLV,1998,0.0803100019693375
El Salvador,SLV,2007,0.0893500000238419
El Salvador,SLV,2008,0.112450003623962
El Salvador,SLV,2009,0.0774400010704994
El Salvador,SLV,2010,0.0672300010919571
El Salvador,SLV,2011,0.0311200004070997
El Salvador,SLV,2012,0.0305100008845329
El Salvador,SLV,2013,0.0576799996197224
El Salvador,SLV,2014,0.0842000022530556
Estonia,EST,1998,0.570739984512329
Estonia,EST,1999,0.680630028247833
Estonia,EST,2000,0.600090026855469
Estonia,EST,2001,0.699460029602051
Estonia,EST,2002,0.716489970684052
Estonia,EST,2003,0.767769992351532
Estonia,EST,2004,0.851930022239685
Estonia,EST,2005,0.923640012741089
Estonia,EST,2006,1.11665999889374
Estonia,EST,2007,1.06884002685547
Estonia,EST,2008,1.25952005386353
Estonia,EST,2009,1.39540994167328
Estonia,EST,2010,1.58141005039215
Estonia,EST,2011,2.30655002593994
Estonia,EST,2012,2.11425995826721
Estonia,EST,2013,1.71467995643616
Estonia,EST,2014,1.43636000156403
Ethiopia,ETH,2005,0.179169997572899
Ethiopia,ETH,2007,0.170890003442764
Ethiopia,ETH,2010,0.241370007395744
Ethiopia,ETH,2013,0.604740023612976
Euro area,,1996,1.73633776919059
Euro area,,1997,1.70971644422341
Euro area,,1998,1.73933677518329
Euro area,,1999,1.76191289035834
Euro area,,2000,1.80276306623619
Euro area,,2001,1.79236832678962
Euro area,,2002,1.83349010469142
Euro area,,2003,1.80137528236487
Euro area,,2004,1.77982771532891
Euro area,,2005,1.77581209565124
Euro area,,2006,1.7985816611295
Euro area,,2007,1.80515750835349
Euro area,,2008,1.88830820534053
Euro area,,2009,1.98528219910358
Euro area,,2010,1.99313937524752
Euro area,,2011,2.04105812630991
Euro area,,2012,2.10047571382432
Euro area,,2013,2.1071435124266
Euro area,,2014,2.12131860250306
Europe & Central Asia,,1996,1.67124808889281
Europe & Central Asia,,1997,1.65356653900557
Europe & Central Asia,,1998,1.62365221043864
Europe & Central Asia,,1999,1.71613805616165
Europe & Central Asia,,2000,1.69359438040517
Europe & Central Asia,,2001,1.7375478431097
Europe & Central Asia,,2002,1.71014255884165
Europe & Central Asia,,2003,1.7331043282549
Europe & Central Asia,,2004,1.7094710377643
Europe & Central Asia,,2005,1.66303518579205
Europe & Central Asia,,2006,1.6696927962711
Europe & Central Asia,,2007,1.67020755995979
Europe & Central Asia,,2008,1.73445172839791
Europe & Central Asia,,2009,1.82442045065678
Europe & Central Asia,,2010,1.78785489446341
Europe & Central Asia,,2011,1.80260491973426
Europe & Central Asia,,2012,1.85753920370836
Europe & Central Asia,,2013,1.83157887457819
Europe & Central Asia,,2014,1.87964231532581
Europe & Central Asia (IDA & IBRD),,1996,0.763744305555584
Europe & Central Asia (IDA & IBRD),,1997,0.804311189973141
Europe & Central Asia (IDA & IBRD),,1998,0.657212096072175
Europe & Central Asia (IDA & IBRD),,1999,0.685392719524369
Europe & Central Asia (IDA & IBRD),,2000,0.70777391764874
Europe & Central Asia (IDA & IBRD),,2001,0.787578197828673
Europe & Central Asia (IDA & IBRD),,2002,0.799351374778246
Europe & Central Asia (IDA & IBRD),,2003,0.796701890478661
Europe & Central Asia (IDA & IBRD),,2004,0.77061556764434
Europe & Central Asia (IDA & IBRD),,2005,0.770689434730085
Europe & Central Asia (IDA & IBRD),,2006,0.768993617978133
Europe & Central Asia (IDA & IBRD),,2007,0.821708080612232
Europe & Central Asia (IDA & IBRD),,2008,0.80251843445898
Europe & Central Asia (IDA & IBRD),,2009,0.910136115119898
Europe & Central Asia (IDA & IBRD),,2010,0.878062391547906
Europe & Central Asia (IDA & IBRD),,2011,0.87778846476546
Europe & Central Asia (IDA & IBRD),,2012,0.929682545780762
Europe & Central Asia (IDA & IBRD),,2013,0.923786884967468
Europe & Central Asia (IDA & IBRD),,2014,0.995616593202181
Europe & Central Asia (excluding high income),,1996,0.7914806969119
Europe & Central Asia (excluding high income),,1997,0.836117006554524
Europe & Central Asia (excluding high income),,1998,0.655355608505305
Europe & Central Asia (excluding high income),,1999,0.678593384804874
Europe & Central Asia (excluding high income),,2000,0.713824305600203
Europe & Central Asia (excluding high income),,2001,0.8303559352373
Europe & Central Asia (excluding high income),,2002,0.856927320028896
Europe & Central Asia (excluding high income),,2003,0.848588499006566
Europe & Central Asia (excluding high income),,2004,0.804396386740626
Europe & Central Asia (excluding high income),,2005,0.806432299561727
Europe & Central Asia (excluding high income),,2006,0.806522005471276
Europe & Central Asia (excluding high income),,2007,0.864724568823886
Europe & Central Asia (excluding high income),,2008,0.833509448278204
Europe & Central Asia (excluding high income),,2009,0.954346751600622
Europe & Central Asia (excluding high income),,2010,0.905964422403037
Europe & Central Asia (excluding high income),,2011,0.898698905424943
Europe & Central Asia (excluding high income),,2012,0.938402740161114
Europe & Central Asia (excluding high income),,2013,0.93185300388986
Europe & Central Asia (excluding high income),,2014,1.00703370291707
European Union,,1996,1.69577049317512
European Union,,1997,1.72897319702102
European Union,,1998,1.69819769343048
European Union,,1999,1.78097908462413
European Union,,2000,1.7464320889993
European Union,,2001,1.81803536597653
European Union,,2002,1.78406548409525
European Union,,2003,1.82218086087649
European Union,,2004,1.79108627061973
European Union,,2005,1.77827311792953
European Union,,2006,1.79976408888096
European Union,,2007,1.79476024365989
European Union,,2008,1.87188732717372
European Union,,2009,1.96759297609429
European Union,,2010,1.96898812166216
European Union,,2011,2.01861499552443
European Union,,2012,2.08289608830961
European Union,,2013,2.09224585178077
European Union,,2014,2.10041487693786
Faeroe Islands,FRO,2003,0.861169993877411
Finland,FIN,1996,2.45310997962952
Finland,FIN,1997,2.62320995330811
Finland,FIN,1998,2.78655004501343
Finland,FIN,1999,3.05603003501892
Finland,FIN,2000,3.24569010734558
Finland,FIN,2001,3.19794988632202
Finland,FIN,2002,3.25740003585815
Finland,FIN,2003,3.3021399974823
Finland,FIN,2004,3.31493997573853
Finland,FIN,2005,3.32976007461548
Finland,FIN,2006,3.33762001991272
Finland,FIN,2007,3.34576988220215
Finland,FIN,2008,3.54708003997803
Finland,FIN,2009,3.74883008003235
Finland,FIN,2010,3.72598004341125
Finland,FIN,2011,3.6388099193573
Finland,FIN,2012,3.41948008537292
Finland,FIN,2013,3.29682993888855
Finland,FIN,2014,3.17388010025024
France,FRA,1996,2.21099996566772
France,FRA,1997,2.13548994064331
France,FRA,1998,2.08414006233215
France,FRA,1999,2.0969500541687
France,FRA,2000,2.08400011062622
France,FRA,2001,2.12913990020752
France,FRA,2002,2.16571998596191
France,FRA,2003,2.11117005348206
France,FRA,2004,2.08635997772217
France,FRA,2005,2.0444700717926
France,FRA,2006,2.04526996612549
France,FRA,2007,2.02003002166748
France,FRA,2008,2.05759000778198
France,FRA,2009,2.20910000801086
France,FRA,2010,2.17509007453918
France,FRA,2011,2.19063997268677
France,FRA,2012,2.22906994819641
France,FRA,2013,2.24326992034912
France,FRA,2014,2.25599002838135
Gabon,GAB,2007,0.416330009698868
Gabon,GAB,2008,0.510900020599365
Gabon,GAB,2009,0.57507997751236
Gambia,GMB,2008,0.0203900001943111
Gambia,GMB,2009,0.0174800008535385
Gambia,GMB,2011,0.132210001349449
Georgia,GEO,1996,0.330879986286163
Georgia,GEO,1997,0.342400014400482
Georgia,GEO,1998,0.353839993476868
Georgia,GEO,1999,0.287690013647079
Georgia,GEO,2000,0.215299993753433
Georgia,GEO,2001,0.238480001688004
Georgia,GEO,2002,0.185739994049072
Georgia,GEO,2003,0.217600002884865
Georgia,GEO,2004,0.244200006127357
Georgia,GEO,2005,0.176579996943474
Georgia,GEO,2013,0.0836699977517128
Georgia,GEO,2014,0.0984300002455711
Germany,DEU,1996,2.13716006278992
Germany,DEU,1997,2.17880010604858
Germany,DEU,1998,2.21230006217957
Germany,DEU,1999,2.33383011817932
Germany,DEU,2000,2.39165997505188
Germany,DEU,2001,2.38558006286621
Germany,DEU,2002,2.41543006896973
Germany,DEU,2003,2.45659995079041
Germany,DEU,2004,2.42078995704651
Germany,DEU,2005,2.42252993583679
Germany,DEU,2006,2.4560399055481
Germany,DEU,2007,2.44633007049561
Germany,DEU,2008,2.5971200466156
Germany,DEU,2009,2.72643995285034
Germany,DEU,2010,2.71367001533508
Germany,DEU,2011,2.79561996459961
Germany,DEU,2012,2.87167000770569
Germany,DEU,2013,2.82646989822388
Germany,DEU,2014,2.86854004859924
Ghana,GHA,2007,0.23157000541687
Ghana,GHA,2010,0.376549988985062
Greece,GRC,1997,0.429100006818771
Greece,GRC,1999,0.568229973316193
Greece,GRC,2001,0.559480011463165
Greece,GRC,2003,0.546540021896362
Greece,GRC,2004,0.527300000190735
Greece,GRC,2005,0.578960001468658
Greece,GRC,2006,0.561179995536804
Greece,GRC,2007,0.576550006866455
Greece,GRC,2008,0.661830008029938
Greece,GRC,2009,0.625569999217987
Greece,GRC,2010,0.598380029201508
Greece,GRC,2011,0.67195999622345
Greece,GRC,2012,0.699570000171661
Greece,GRC,2013,0.812510013580322
Greece,GRC,2014,0.838450014591217
Greenland,GRL,2001,0.527409970760345
Greenland,GRL,2002,0.556280016899109
Greenland,GRL,2003,0.555169999599457
Greenland,GRL,2004,0.715810000896454
Guatemala,GTM,2005,0.0350000001490116
Guatemala,GTM,2006,0.0493000000715256
Guatemala,GTM,2007,0.0667399987578392
Guatemala,GTM,2008,0.0618899986147881
Guatemala,GTM,2009,0.0553000010550022
Guatemala,GTM,2010,0.0434999987483025
Guatemala,GTM,2011,0.048140000551939
Guatemala,GTM,2012,0.044709999114275
High income,,1996,2.17973393946826
High income,,1997,2.20328077845647
High income,,1998,2.20967986737765
High income,,1999,2.27869148213521
High income,,2000,2.34543249595145
High income,,2001,2.37598166607032
High income,,2002,2.31502406976871
High income,,2003,2.28535612425939
High income,,2004,2.2354550251044
High income,,2005,2.2530421890429
High income,,2006,2.27815581485588
High income,,2007,2.2807990260261
High income,,2008,2.36264425747104
High income,,2009,2.43277778912538
High income,,2010,2.43013652677061
High income,,2011,2.44398391462262
High income,,2012,2.47563822210667
High income,,2013,2.46698315356807
Honduras,HND,2000,0.0445300005376339
Honduras,HND,2001,0.0383399985730648
Honduras,HND,2002,0.0418099984526634
Honduras,HND,2003,0.0421499982476234
Honduras,HND,2004,0.0415499992668629
Hong Kong,HKG,1998,0.428299993276596
Hong Kong,HKG,1999,0.457670003175735
Hong Kong,HKG,2000,0.46492999792099
Hong Kong,HKG,2001,0.536450028419495
Hong Kong,HKG,2002,0.581470012664795
Hong Kong,HKG,2003,0.68027001619339
Hong Kong,HKG,2004,0.721759974956512
Hong Kong,HKG,2005,0.773429989814758
Hong Kong,HKG,2006,0.794690012931824
Hong Kong,HKG,2007,0.751609981060028
Hong Kong,HKG,2008,0.71995997428894
Hong Kong,HKG,2009,0.773419976234436
Hong Kong,HKG,2010,0.749459981918335
Hong Kong,HKG,2011,0.720860004425049
Hong Kong,HKG,2012,0.727330029010773
Hong Kong,HKG,2013,0.730050027370453
Hungary,HUN,1996,0.632619976997375
Hungary,HUN,1997,0.7014200091362
Hungary,HUN,1998,0.658339977264404
Hungary,HUN,1999,0.672410011291504
Hungary,HUN,2000,0.791769981384277
Hungary,HUN,2001,0.914690017700195
Hungary,HUN,2002,0.984889984130859
Hungary,HUN,2003,0.921930015087128
Hungary,HUN,2004,0.863879978656769
Hungary,HUN,2005,0.925069987773895
Hungary,HUN,2006,0.985769987106323
Hungary,HUN,2007,0.96204000711441
Hungary,HUN,2008,0.985230028629303
Hungary,HUN,2009,1.13926994800568
Hungary,HUN,2010,1.14672994613647
Hungary,HUN,2011,1.19620001316071
Hungary,HUN,2012,1.2703800201416
Hungary,HUN,2013,1.39731001853943
Hungary,HUN,2014,1.37072002887726
IBRD only,,2000,0.650073366543343
IBRD only,,2001,0.683650229636411
IBRD only,,2002,0.733319142032931
IBRD only,,2003,0.775829386175345
IBRD only,,2004,0.803701254115466
IBRD only,,2005,0.84855326391355
IBRD only,,2006,0.874616392984834
IBRD only,,2007,0.901569332190382
IBRD only,,2008,0.963233983295179
IBRD only,,2009,1.03678476335072
IBRD only,,2010,1.10716166604501
IBRD only,,2011,1.1418177875773
IBRD only,,2012,1.29088439070155
IBRD only,,2013,1.34211058771135
IBRD only,,2014,1.49397811041715
IDA & IBRD total,,2000,0.639140160633323
IDA & IBRD total,,2001,0.672694585705126
IDA & IBRD total,,2002,0.718924658803456
IDA & IBRD total,,2003,0.770916322496969
IDA & IBRD total,,2004,0.797762176798069
IDA & IBRD total,,2005,0.836109117815933
IDA & IBRD total,,2006,0.871611583585495
IDA & IBRD total,,2007,0.875477113094256
IDA & IBRD total,,2008,0.956679994013274
IDA & IBRD total,,2009,1.02559053428779
IDA & IBRD total,,2010,1.09800627211936
IDA & IBRD total,,2011,1.13200265280334
IDA & IBRD total,,2012,1.28984722668825
IDA & IBRD total,,2013,1.32654696812676
IDA blend,,2007,0.365430317633538
Iceland,ISL,1997,1.79182004928589
Iceland,ISL,1998,1.95913994312286
Iceland,ISL,1999,2.2485499382019
Iceland,ISL,2000,2.60109996795654
Iceland,ISL,2001,2.87788009643555
Iceland,ISL,2002,2.86943006515503
Iceland,ISL,2003,2.73719000816345
Iceland,ISL,2005,2.69628000259399
Iceland,ISL,2006,2.92362999916077
Iceland,ISL,2007,2.57558989524841
Iceland,ISL,2008,2.54061007499695
Iceland,ISL,2009,2.65756011009216
Iceland,ISL,2011,2.49482989311218
Iceland,ISL,2013,1.87304997444153
Iceland,ISL,2014,1.89079999923706
India,IND,1996,0.628040015697479
India,IND,1997,0.674849987030029
India,IND,1998,0.691659986972809
India,IND,1999,0.711650013923645
India,IND,2000,0.743950009346008
India,IND,2001,0.723230004310608
India,IND,2002,0.71315997838974
India,IND,2003,0.706889986991882
India,IND,2004,0.743849992752075
India,IND,2005,0.810440003871918
India,IND,2006,0.79721999168396
India,IND,2007,0.790799975395203
India,IND,2008,0.841080009937286
India,IND,2009,0.818809986114502
India,IND,2010,0.797179996967316
India,IND,2011,0.822239995002747
Indonesia,IDN,2000,0.0676899999380112
Indonesia,IDN,2001,0.0475599989295006
Indonesia,IDN,2009,0.0833199992775917
Indonesia,IDN,2013,0.0848900005221367
Iran,IRN,2001,0.502179980278015
Iran,IRN,2002,0.495579987764359
Iran,IRN,2003,0.594839990139008
Iran,IRN,2004,0.521960020065308
Iran,IRN,2005,0.641550004482269
Iran,IRN,2006,0.57574999332428
Iran,IRN,2008,0.67111998796463
Iran,IRN,2009,0.284480005502701
Iran,IRN,2010,0.277599990367889
Iran,IRN,2012,0.32506000995636
Iraq,IRQ,2007,0.0455400012433529
Iraq,IRQ,2008,0.0343500003218651
Iraq,IRQ,2009,0.0456200018525124
Iraq,IRQ,2010,0.0368399992585182
Iraq,IRQ,2011,0.0347599983215332
Iraq,IRQ,2014,0.0391900017857552
Ireland,IRL,1996,1.27056002616882
Ireland,IRL,1997,1.24330997467041
Ireland,IRL,1998,1.20967996120453
Ireland,IRL,1999,1.15340995788574
Ireland,IRL,2000,1.08518004417419
Ireland,IRL,2001,1.0536299943924
Ireland,IRL,2002,1.05614995956421
Ireland,IRL,2003,1.12278997898102
Ireland,IRL,2004,1.17841005325317
Ireland,IRL,2005,1.19427001476288
Ireland,IRL,2006,1.19881999492645
Ireland,IRL,2007,1.23417997360229
Ireland,IRL,2008,1.38931000232697
Ireland,IRL,2009,1.61454999446869
Ireland,IRL,2010,1.60661995410919
Ireland,IRL,2011,1.53264999389648
Ireland,IRL,2012,1.56360995769501
Ireland,IRL,2013,1.53598999977112
Ireland,IRL,2014,1.51889002323151
Israel,ISR,1996,2.59576988220215
Israel,ISR,1997,2.81100010871887
Israel,ISR,1998,2.92136001586914
Israel,ISR,1999,3.32721996307373
Israel,ISR,2000,3.93168997764587
Israel,ISR,2001,4.18515014648438
Israel,ISR,2002,4.13173007965088
Israel,ISR,2003,3.89968991279602
Israel,ISR,2004,3.87511992454529
Israel,ISR,2005,4.0394401550293
Israel,ISR,2006,4.12819004058838
Israel,ISR,2007,4.40744018554688
Israel,ISR,2008,4.32914018630981
Israel,ISR,2009,4.12099981307983
Israel,ISR,2010,3.9299099445343
Israel,ISR,2011,4.01098012924194
Israel,ISR,2012,4.12858009338379
Israel,ISR,2013,4.08816003799438
Israel,ISR,2014,4.10858011245728
Italy,ITA,1996,0.948080003261566
Italy,ITA,1997,0.989579975605011
Italy,ITA,1998,1.0074599981308
Italy,ITA,1999,0.982969999313354
Italy,ITA,2000,1.00505995750427
Italy,ITA,2001,1.04448997974396
Italy,ITA,2002,1.0843700170517
Italy,ITA,2003,1.0615199804306
Italy,ITA,2004,1.05263996124268
Italy,ITA,2005,1.04660999774933
Italy,ITA,2006,1.0864599943161
Italy,ITA,2007,1.13216996192932
Italy,ITA,2008,1.16311001777649
Italy,ITA,2009,1.22065997123718
Italy,ITA,2010,1.22221004962921
Italy,ITA,2011,1.20879995822906
Italy,ITA,2012,1.26976001262665
Italy,ITA,2013,1.30581998825073
Italy,ITA,2014,1.28699994087219
Jamaica,JAM,2001,0.0495899990200996
Jamaica,JAM,2002,0.0609599985182285
Japan,JPN,1996,2.7650101184845
Japan,JPN,1997,2.82762002944946
Japan,JPN,1998,2.96020007133484
Japan,JPN,1999,2.97733998298645
Japan,JPN,2000,3.00168991088867
Japan,JPN,2001,3.0744800567627
Japan,JPN,2002,3.11561989784241
Japan,JPN,2003,3.14387989044189
Japan,JPN,2004,3.13320994377136
Japan,JPN,2005,3.30870008468628
Japan,JPN,2006,3.40910005569458
Japan,JPN,2007,3.4614200592041
Japan,JPN,2008,3.46706008911133
Japan,JPN,2009,3.35734009742737
Japan,JPN,2010,3.25394010543823
Japan,JPN,2011,3.38313007354736
Japan,JPN,2012,3.34313988685608
Japan,JPN,2013,3.47409009933472
Japan,JPN,2014,3.58418011665344
Jordan,JOR,2002,0.336959987878799
Jordan,JOR,2008,0.434700012207031
Kazakhstan,KAZ,1997,0.293370008468628
Kazakhstan,KAZ,1998,0.220390006899834
Kazakhstan,KAZ,1999,0.183829993009567
Kazakhstan,KAZ,2000,0.18104000389576
Kazakhstan,KAZ,2001,0.220090001821518
Kazakhstan,KAZ,2002,0.255089998245239
Kazakhstan,KAZ,2003,0.25246000289917
Kazakhstan,KAZ,2004,0.248370006680489
Kazakhstan,KAZ,2005,0.283609986305237
Kazakhstan,KAZ,2006,0.242809996008873
Kazakhstan,KAZ,2007,0.208839997649193
Kazakhstan,KAZ,2008,0.216539993882179
Kazakhstan,KAZ,2009,0.229240000247955
Kazakhstan,KAZ,2010,0.153410002589226
Kazakhstan,KAZ,2011,0.157230004668236
Kazakhstan,KAZ,2012,0.168889999389648
Kazakhstan,KAZ,2013,0.174830004572868
Kenya,KEN,2007,0.35521000623703
Kenya,KEN,2010,0.785780012607574
Kuwait,KWT,1997,0.205390006303787
Kuwait,KWT,1998,0.257950007915497
Kuwait,KWT,1999,0.197640001773834
Kuwait,KWT,2000,0.125430002808571
Kuwait,KWT,2001,0.178819999098778
Kuwait,KWT,2002,0.180010005831718
Kuwait,KWT,2003,0.143470004200935
Kuwait,KWT,2004,0.1300999969244
Kuwait,KWT,2005,0.100830003619194
Kuwait,KWT,2006,0.0847800001502037
Kuwait,KWT,2007,0.0858500003814697
Kuwait,KWT,2008,0.0855000019073486
Kuwait,KWT,2009,0.112199999392033
Kuwait,KWT,2010,0.101400002837181
Kuwait,KWT,2011,0.0989800021052361
Kuwait,KWT,2012,0.0972099974751472
Kuwait,KWT,2013,0.301530003547668
Kyrgyzstan,KGZ,1997,0.193900004029274
Kyrgyzstan,KGZ,1998,0.210639998316765
Kyrgyzstan,KGZ,1999,0.179920002818108
Kyrgyzstan,KGZ,2000,0.156369999051094
Kyrgyzstan,KGZ,2001,0.171890005469322
Kyrgyzstan,KGZ,2002,0.198100000619888
Kyrgyzstan,KGZ,2003,0.222719997167587
Kyrgyzstan,KGZ,2004,0.199259996414185
Kyrgyzstan,KGZ,2005,0.198609992861748
Kyrgyzstan,KGZ,2006,0.230140000581741
Kyrgyzstan,KGZ,2007,0.234249994158745
Kyrgyzstan,KGZ,2008,0.190170004963875
Kyrgyzstan,KGZ,2009,0.159970000386238
Kyrgyzstan,KGZ,2010,0.155469998717308
Kyrgyzstan,KGZ,2011,0.15633000433445
Kyrgyzstan,KGZ,2012,0.16609999537468
Kyrgyzstan,KGZ,2013,0.149140000343323
Kyrgyzstan,KGZ,2014,0.12644000351429
Laos,LAO,2002,0.0370999984443188
Late-demographic dividend,,2000,0.815882328522864
Late-demographic dividend,,2001,0.87170934917458
Late-demographic dividend,,2002,0.896773147271694
Late-demographic dividend,,2003,0.959878210403848
Late-demographic dividend,,2004,0.969065665047483
Late-demographic dividend,,2005,1.02885105151635
Late-demographic dividend,,2006,1.03434081890388
Late-demographic dividend,,2007,1.06481691507754
Late-demographic dividend,,2008,1.12662512793083
Late-demographic dividend,,2009,1.28225572798499
Late-demographic dividend,,2010,1.32590537624506
Late-demographic dividend,,2011,1.31244162026709
Late-demographic dividend,,2012,1.45717094799985
Late-demographic dividend,,2013,1.54362518691296
Late-demographic dividend,,2014,1.65665054931103
Latin America & Caribbean,,2000,0.553693516862165
Latin America & Caribbean,,2001,0.537616500162046
Latin America & Caribbean,,2002,0.527599070437797
Latin America & Caribbean,,2003,0.561861377535263
Latin America & Caribbean,,2004,0.566097032888511
Latin America & Caribbean,,2005,0.618098182279819
Latin America & Caribbean,,2006,0.606772312473719
Latin America & Caribbean,,2007,0.64306682110391
Latin America & Caribbean,,2008,0.693838024205251
Latin America & Caribbean,,2009,0.723402609098264
Latin America & Caribbean,,2010,0.774144047797583
Latin America & Caribbean,,2011,0.757061431324164
Latin America & Caribbean,,2012,0.760189013433307
Latin America & Caribbean,,2013,0.818580226388816
Latin America & Caribbean (IDA & IBRD),,2000,0.554918120767252
Latin America & Caribbean (IDA & IBRD),,2001,0.537133536429751
Latin America & Caribbean (IDA & IBRD),,2002,0.526841079535069
Latin America & Caribbean (IDA & IBRD),,2003,0.561416331748462
Latin America & Caribbean (IDA & IBRD),,2004,0.565355424105828
Latin America & Caribbean (IDA & IBRD),,2005,0.619443864727932
Latin America & Caribbean (IDA & IBRD),,2006,0.610085718461064
Latin America & Caribbean (IDA & IBRD),,2007,0.646728182110231
Latin America & Caribbean (IDA & IBRD),,2008,0.696892803139017
Latin America & Caribbean (IDA & IBRD),,2009,0.732693047427263
Latin America & Caribbean (IDA & IBRD),,2010,0.776548594424264
Latin America & Caribbean (IDA & IBRD),,2011,0.763442623649632
Latin America & Caribbean (IDA & IBRD),,2012,0.765232733119124
Latin America & Caribbean (IDA & IBRD),,2013,0.831316892913071
Latin America & Caribbean (excluding high income),,2000,0.559753303030543
Latin America & Caribbean (excluding high income),,2001,0.539633505864612
Latin America & Caribbean (excluding high income),,2002,0.53217665446975
Latin America & Caribbean (excluding high income),,2003,0.564878101366519
Latin America & Caribbean (excluding high income),,2004,0.569290441445396
Latin America & Caribbean (excluding high income),,2005,0.621888642469724
Latin America & Caribbean (excluding high income),,2006,0.612384364301954
Latin America & Caribbean (excluding high income),,2007,0.667106900595274
Latin America & Caribbean (excluding high income),,2008,0.717085048223853
Latin America & Caribbean (excluding high income),,2009,0.756683326519394
Latin America & Caribbean (excluding high income),,2010,0.80490394188306
Latin America & Caribbean (excluding high income),,2011,0.785044345099886
Latin America & Caribbean (excluding high income),,2012,0.790351975143627
Latin America & Caribbean (excluding high income),,2013,0.861177462402982
Latvia,LVA,1996,0.397450000047684
Latvia,LVA,1997,0.366560012102127
Latvia,LVA,1998,0.378899991512299
Latvia,LVA,1999,0.351999998092651
Latvia,LVA,2000,0.436150014400482
Latvia,LVA,2001,0.403349995613098
Latvia,LVA,2002,0.409249991178513
Latvia,LVA,2003,0.360430002212524
Latvia,LVA,2004,0.400510013103485
Latvia,LVA,2005,0.530200004577637
Latvia,LVA,2006,0.651719987392426
Latvia,LVA,2007,0.554769992828369
Latvia,LVA,2008,0.58227002620697
Latvia,LVA,2009,0.453150004148483
Latvia,LVA,2010,0.61133998632431
Latvia,LVA,2011,0.698629975318909
Latvia,LVA,2012,0.666530013084412
Latvia,LVA,2013,0.612839996814728
Latvia,LVA,2014,0.69038999080658
Lesotho,LSO,2002,0.049430001527071
Lesotho,LSO,2003,0.0513099990785122
Lesotho,LSO,2004,0.0677300021052361
Lesotho,LSO,2009,0.0296000000089407
Lesotho,LSO,2011,0.0128300003707409
Lithuania,LTU,1996,0.491549998521805
Lithuania,LTU,1997,0.53658002614975
Lithuania,LTU,1998,0.543770015239716
Lithuania,LTU,1999,0.501999974250793
Lithuania,LTU,2000,0.584800004959106
Lithuania,LTU,2001,0.666790008544922
Lithuania,LTU,2002,0.656700015068054
Lithuania,LTU,2003,0.663389980792999
Lithuania,LTU,2004,0.750660002231598
Lithuania,LTU,2005,0.747409999370575
Lithuania,LTU,2006,0.791190028190613
Lithuania,LTU,2007,0.800930023193359
Lithuania,LTU,2008,0.788439989089966
Lithuania,LTU,2009,0.829670011997223
Lithuania,LTU,2010,0.783479988574982
Lithuania,LTU,2011,0.904250025749207
Lithuania,LTU,2012,0.895060002803802
Lithuania,LTU,2013,0.950810015201569
Lithuania,LTU,2014,1.01477003097534
Low & middle income,,2000,0.63910548827667
Low & middle income,,2001,0.673790253247089
Low & middle income,,2002,0.725293172213956
Low & middle income,,2003,0.778860821624805
Low & middle income,,2004,0.8056438230359
Low & middle income,,2005,0.846115898181279
Low & middle income,,2006,0.884008940061027
Low & middle income,,2007,0.89529444992247
Low & middle income,,2008,0.978808065443043
Low & middle income,,2009,1.04562103284583
Low & middle income,,2010,1.12118770062691
Low & middle income,,2011,1.15325514513782
Low & middle income,,2012,1.31607875007922
Low & middle income,,2013,1.35347325179005
Lower middle income,,2009,0.51725263939686
Luxembourg,LUX,2000,1.56848001480103
Luxembourg,LUX,2003,1.64546000957489
Luxembourg,LUX,2004,1.61854994297028
Luxembourg,LUX,2005,1.5874400138855
Luxembourg,LUX,2006,1.68666005134583
Luxembourg,LUX,2007,1.60908997058868
Luxembourg,LUX,2008,1.643669962883
Luxembourg,LUX,2009,1.71026003360748
Luxembourg,LUX,2010,1.5273699760437
Luxembourg,LUX,2011,1.49526000022888
Luxembourg,LUX,2012,1.28839004039764
Luxembourg,LUX,2013,1.30142998695374
Luxembourg,LUX,2014,1.2561000585556
Macao,MAC,2001,0.0655400007963181
Macao,MAC,2002,0.0731799975037575
Macao,MAC,2003,0.0649600028991699
Macao,MAC,2004,0.0554499998688698
Macao,MAC,2005,0.090329997241497
Macao,MAC,2006,0.0846299976110458
Macao,MAC,2007,0.0580600015819073
Macao,MAC,2008,0.102509997785091
Macao,MAC,2009,0.0547700002789497
Macao,MAC,2010,0.0499100014567375
Macao,MAC,2011,0.0445300005376339
Macao,MAC,2012,0.0481100007891655
Macao,MAC,2013,0.0513899996876717
Macao,MAC,2014,0.0868100002408028
Madagascar,MDG,1997,0.220320001244545
Madagascar,MDG,1998,0.110440000891685
Madagascar,MDG,1999,0.096000000834465
Madagascar,MDG,2000,0.119759999215603
Madagascar,MDG,2001,0.218209996819496
Madagascar,MDG,2002,0.245519995689392
Madagascar,MDG,2003,0.33840999007225
Madagascar,MDG,2004,0.223529994487762
Madagascar,MDG,2005,0.175520002841949
Madagascar,MDG,2006,0.163709998130798
Madagascar,MDG,2007,0.14036999642849
Madagascar,MDG,2008,0.134039998054504
Madagascar,MDG,2009,0.146830007433891
Madagascar,MDG,2010,0.113240003585815
Madagascar,MDG,2011,0.105879999697208
Madagascar,MDG,2014,0.0156199997290969
Malaysia,MYS,1996,0.21645000576973
Malaysia,MYS,1998,0.397890001535416
Malaysia,MYS,2000,0.468989998102188
Malaysia,MYS,2002,0.652540028095245
Malaysia,MYS,2004,0.599900007247925
Malaysia,MYS,2006,0.6110600233078
Malaysia,MYS,2008,0.788469970226288
Malaysia,MYS,2009,1.01001000404358
Malaysia,MYS,2010,1.03608000278473
Malaysia,MYS,2011,1.03341996669769
Malaysia,MYS,2012,1.09268999099731
Malaysia,MYS,2014,1.26259005069733
Mali,MLI,2007,0.249149993062019
Mali,MLI,2010,0.672720015048981
Malta,MLT,2002,0.2603600025177
Malta,MLT,2003,0.252669990062714
Malta,MLT,2004,0.529120028018951
Malta,MLT,2005,0.565699994564056
Malta,MLT,2006,0.615920007228851
Malta,MLT,2007,0.578909993171692
Malta,MLT,2008,0.559689998626709
Malta,MLT,2009,0.54475998878479
Malta,MLT,2010,0.684750020503998
Malta,MLT,2011,0.713620007038116
Malta,MLT,2012,0.893199980258942
Malta,MLT,2013,0.884570002555847
Malta,MLT,2014,0.848089993000031
Mauritius,MUS,1997,0.278990000486374
Mauritius,MUS,1998,0.261779993772507
Mauritius,MUS,1999,0.313870012760162
Mauritius,MUS,2000,0.289029985666275
Mauritius,MUS,2001,0.368730008602142
Mauritius,MUS,2002,0.373769998550415
Mauritius,MUS,2003,0.338059991598129
Mauritius,MUS,2004,0.379319995641708
Mauritius,MUS,2005,0.37228998541832
Mauritius,MUS,2012,0.181189998984337
Mexico,MEX,1996,0.259229987859726
Mexico,MEX,1997,0.287609994411469
Mexico,MEX,1998,0.316689997911453
Mexico,MEX,1999,0.356440007686615
Mexico,MEX,2000,0.31700000166893
Mexico,MEX,2001,0.338499993085861
Mexico,MEX,2002,0.381779998540878
Mexico,MEX,2003,0.388940006494522
Mexico,MEX,2004,0.394199997186661
Mexico,MEX,2005,0.403560012578964
Mexico,MEX,2006,0.373079985380173
Mexico,MEX,2007,0.368499994277954
Mexico,MEX,2008,0.403829991817474
Mexico,MEX,2009,0.431410014629364
Mexico,MEX,2010,0.454609990119934
Mexico,MEX,2011,0.425630003213882
Mexico,MEX,2012,0.431950002908707
Mexico,MEX,2013,0.501230001449585
Mexico,MEX,2014,0.538119971752167
Middle East & North Africa (IDA & IBRD),,2009,0.310484547434728
Middle East & North Africa (IDA & IBRD),,2010,0.338407841338524
Middle East & North Africa (excluding high income),,2010,0.338407841338524
Middle income,,2000,0.640028179096298
Middle income,,2001,0.675180984774343
Middle income,,2002,0.727794458157787
Middle income,,2003,0.781760710378624
Middle income,,2004,0.80958636352849
Middle income,,2005,0.851801304876895
Middle income,,2006,0.886766005579229
Middle income,,2007,0.899577386885204
Middle income,,2008,0.982837871979974
Middle income,,2009,1.04932979041064
Middle income,,2010,1.12541448205916
Middle income,,2011,1.15403887759857
Middle income,,2012,1.3163021531955
Middle income,,2013,1.35520979441866
Moldova,MDA,1996,0.87295001745224
Moldova,MDA,1997,0.806789994239807
Moldova,MDA,2003,0.324050009250641
Moldova,MDA,2004,0.349029988050461
Moldova,MDA,2005,0.398649990558624
Moldova,MDA,2006,0.406219989061356
Moldova,MDA,2007,0.54558002948761
Moldova,MDA,2008,0.534630000591278
Moldova,MDA,2009,0.525569975376129
Moldova,MDA,2010,0.439869999885559
Moldova,MDA,2011,0.404989987611771
Moldova,MDA,2012,0.417329996824265
Moldova,MDA,2013,0.354189991950989
Moldova,MDA,2014,0.371520012617111
Monaco,MCO,2004,0.0371900014579296
Monaco,MCO,2005,0.0375199988484383
Mongolia,MNG,1997,0.167860001325607
Mongolia,MNG,1998,0.166429996490479
Mongolia,MNG,1999,0.150159999728203
Mongolia,MNG,2000,0.187570005655289
Mongolia,MNG,2001,0.2674899995327
Mongolia,MNG,2002,0.251729995012283
Mongolia,MNG,2003,0.251800000667572
Mongolia,MNG,2004,0.267769992351532
Mongolia,MNG,2005,0.237749993801117
Mongolia,MNG,2006,0.191210001707077
Mongolia,MNG,2007,0.238269999623299
Mongolia,MNG,2008,0.336670011281967
Mongolia,MNG,2009,0.304780006408691
Mongolia,MNG,2010,0.244379997253418
Mongolia,MNG,2011,0.230540007352829
Mongolia,MNG,2012,0.23913000524044
Mongolia,MNG,2013,0.233140006661415
Mongolia,MNG,2014,0.227310001850128
Montenegro,MNE,2003,0.79773998260498
Montenegro,MNE,2004,1.01872003078461
Montenegro,MNE,2005,0.924430012702942
Montenegro,MNE,2006,1.24171996116638
Montenegro,MNE,2007,1.14891004562378
Montenegro,MNE,2011,0.404790014028549
Montenegro,MNE,2013,0.374309986829758
Montenegro,MNE,2014,0.363200008869171
Morocco,MAR,1998,0.285600006580353
Morocco,MAR,2001,0.634729981422424
Morocco,MAR,2002,0.549549996852875
Morocco,MAR,2003,0.659089982509613
Morocco,MAR,2006,0.635680019855499
Morocco,MAR,2010,0.714540004730225
Mozambique,MOZ,2002,0.421020001173019
Mozambique,MOZ,2006,0.455009996891022
Mozambique,MOZ,2008,0.152940005064011
Mozambique,MOZ,2010,0.422520011663437
Myanmar,MMR,1997,0.0598499998450279
Myanmar,MMR,1998,0.034170001745224
Myanmar,MMR,1999,0.0440599992871284
Myanmar,MMR,2000,0.113059997558594
Myanmar,MMR,2001,0.0714399963617325
Myanmar,MMR,2002,0.162159994244576
Namibia,NAM,2010,0.141650006175041
Nepal,NPL,2008,0.0543899983167648
Nepal,NPL,2009,0.259240001440048
Nepal,NPL,2010,0.302210003137589
Netherlands,NLD,1996,1.86070001125336
Netherlands,NLD,1997,1.86541998386383
Netherlands,NLD,1998,1.76435005664825
Netherlands,NLD,1999,1.84312999248505
Netherlands,NLD,2000,1.80555999279022
Netherlands,NLD,2001,1.81561994552612
Netherlands,NLD,2002,1.76884996891022
Netherlands,NLD,2003,1.8055100440979
Netherlands,NLD,2004,1.80727005004883
Netherlands,NLD,2005,1.79103004932404
Netherlands,NLD,2006,1.75670003890991
Netherlands,NLD,2007,1.68633997440338
Netherlands,NLD,2008,1.64309000968933
Netherlands,NLD,2009,1.68540000915527
Netherlands,NLD,2010,1.72475004196167
Netherlands,NLD,2011,1.90305995941162
Netherlands,NLD,2012,1.93945002555847
Netherlands,NLD,2013,1.95793998241425
Netherlands,NLD,2014,1.9728000164032
New Zealand,NZL,1997,1.05648994445801
New Zealand,NZL,1999,0.963869988918304
New Zealand,NZL,2001,1.10028994083405
New Zealand,NZL,2003,1.14748001098633
New Zealand,NZL,2005,1.11711001396179
New Zealand,NZL,2007,1.16113996505737
New Zealand,NZL,2009,1.26156997680664
New Zealand,NZL,2011,1.24821996688843
New Zealand,NZL,2013,1.17160999774933
Nicaragua,NIC,1997,0.0650999993085861
Nicaragua,NIC,2002,0.0349299982190132
Nigeria,NGA,2007,0.218960002064705
North America,,1996,2.38218301759839
North America,,1997,2.41006213433191
North America,,1998,2.44579836078552
North America,,1999,2.49032472228022
North America,,2000,2.56979752310357
North America,,2001,2.5991726035914
North America,,2002,2.51347766760754
North America,,2003,2.51170096759278
North America,,2004,2.45302200123345
North America,,2005,2.46310775163105
North America,,2006,2.49820698568698
North America,,2007,2.56051199471998
North America,,2008,2.6799783609903
North America,,2009,2.7397131511028
North America,,2010,2.65157457487923
North America,,2011,2.66227349559697
North America,,2012,2.6046333871437
North America,,2013,2.62166967714444
North Macedonia,MKD,1997,0.377730011940002
North Macedonia,MKD,1998,0.42960000038147
North Macedonia,MKD,1999,0.345099985599518
North Macedonia,MKD,2000,0.418879985809326
North Macedonia,MKD,2001,0.293099999427795
North Macedonia,MKD,2002,0.244609996676445
North Macedonia,MKD,2003,0.210639998316765
North Macedonia,MKD,2004,0.232370004057884
North Macedonia,MKD,2006,0.193729996681213
North Macedonia,MKD,2007,0.170929998159409
North Macedonia,MKD,2008,0.223580002784729
North Macedonia,MKD,2009,0.196789994835854
North Macedonia,MKD,2010,0.216340005397797
North Macedonia,MKD,2011,0.222760006785393
North Macedonia,MKD,2012,0.326759994029999
North Macedonia,MKD,2013,0.440990000963211
Norway,NOR,1997,1.59352004528046
Norway,NOR,1999,1.60532999038696
Norway,NOR,2001,1.56230998039246
Norway,NOR,2002,1.63057994842529
Norway,NOR,2003,1.68035995960236
Norway,NOR,2004,1.54506003856659
Norway,NOR,2005,1.48317003250122
Norway,NOR,2006,1.45597994327545
Norway,NOR,2007,1.56477999687195
Norway,NOR,2008,1.55550003051758
Norway,NOR,2009,1.72385001182556
Norway,NOR,2010,1.65086996555328
Norway,NOR,2011,1.62753999233246
Norway,NOR,2012,1.62023997306824
Norway,NOR,2013,1.65367996692657
Norway,NOR,2014,1.71022999286652
OECD members,,1996,2.13278757320338
OECD members,,1997,2.1498907201425
OECD members,,1998,2.16671254168783
OECD members,,1999,2.23567028216824
OECD members,,2000,2.28439106359253
OECD members,,2001,2.31486310149561
OECD members,,2002,2.25713443565783
OECD members,,2003,2.24766630300041
OECD members,,2004,2.19900747476454
OECD members,,2005,2.21418630047189
OECD members,,2006,2.2375711332841
OECD members,,2007,2.23864981654871
OECD members,,2008,2.32311240562024
OECD members,,2009,2.40368030820086
OECD members,,2010,2.3648236555198
OECD members,,2011,2.39396966720795
OECD members,,2012,2.41710046409196
OECD members,,2013,2.40445973550841
Oman,OMN,2011,0.136449992656708
Oman,OMN,2012,0.209319993853569
Oman,OMN,2013,0.170870006084442
Pakistan,PAK,1997,0.15565000474453
Pakistan,PAK,1998,0.109190002083778
Pakistan,PAK,1999,0.115900002419949
Pakistan,PAK,2000,0.128279998898506
Pakistan,PAK,2001,0.166700005531311
Pakistan,PAK,2002,0.21976999938488
Pakistan,PAK,2005,0.436890006065369
Pakistan,PAK,2007,0.632499992847443
Pakistan,PAK,2009,0.448060005903244
Pakistan,PAK,2011,0.329169988632202
Pakistan,PAK,2013,0.292939990758896
Panama,PAN,1996,0.328339993953705
Panama,PAN,1997,0.316709995269775
Panama,PAN,1998,0.285059988498688
Panama,PAN,1999,0.2880499958992
Panama,PAN,2000,0.383980005979538
Panama,PAN,2001,0.3819600045681
Panama,PAN,2002,0.362329989671707
Panama,PAN,2003,0.339980006217957
Panama,PAN,2004,0.239789992570877
Panama,PAN,2005,0.245460003614426
Panama,PAN,2006,0.249170005321503
Panama,PAN,2007,0.183219999074936
Panama,PAN,2008,0.192729994654655
Panama,PAN,2009,0.138170003890991
Panama,PAN,2010,0.14767000079155
Panama,PAN,2011,0.180399999022484
Panama,PAN,2012,0.0802500024437904
Panama,PAN,2013,0.0663599967956543
Paraguay,PRY,2001,0.0742700025439262
Paraguay,PRY,2002,0.0852499976754189
Paraguay,PRY,2003,0.0716300010681152
Paraguay,PRY,2004,0.0726599991321564
Paraguay,PRY,2005,0.0748699977993965
Paraguay,PRY,2008,0.0547199994325638
Paraguay,PRY,2011,0.0567100010812283
Paraguay,PRY,2012,0.0881600007414818
Peru,PER,1997,0.0855299979448318
Peru,PER,1998,0.102509997785091
Peru,PER,1999,0.100189998745918
Peru,PER,2000,0.114349998533726
Peru,PER,2001,0.111910000443459
Peru,PER,2002,0.106810003519058
Peru,PER,2003,0.107579998672009
Peru,PER,2004,0.155949994921684
Philippines,PHL,2002,0.137429997324944
Philippines,PHL,2003,0.129940003156662
Philippines,PHL,2005,0.111429996788502
Philippines,PHL,2007,0.10963000357151
Philippines,PHL,2009,0.11395999789238
Philippines,PHL,2011,0.117260001599789
Philippines,PHL,2013,0.137879997491837
Poland,POL,1996,0.652040004730225
Poland,POL,1997,0.650529980659485
Poland,POL,1998,0.66483998298645
Poland,POL,1999,0.687849998474121
Poland,POL,2000,0.642019987106323
Poland,POL,2001,0.622839987277985
Poland,POL,2002,0.557850003242493
Poland,POL,2003,0.538839995861053
Poland,POL,2004,0.555939972400665
Poland,POL,2005,0.565989971160889
Poland,POL,2006,0.553210020065308
Poland,POL,2007,0.562279999256134
Poland,POL,2008,0.603309988975525
Poland,POL,2009,0.666000008583069
Poland,POL,2010,0.720809996128082
Poland,POL,2011,0.746010005474091
Poland,POL,2012,0.881089985370636
Poland,POL,2013,0.870819985866547
Poland,POL,2014,0.940500020980835
Portugal,PRT,1996,0.549499988555908
Portugal,PRT,1997,0.56360000371933
Portugal,PRT,1998,0.624679982662201
Portugal,PRT,1999,0.680999994277954
Portugal,PRT,2000,0.721270024776459
Portugal,PRT,2001,0.764519989490509
Portugal,PRT,2002,0.721449971199036
Portugal,PRT,2003,0.697589993476868
Portugal,PRT,2004,0.728709995746613
Portugal,PRT,2005,0.757070004940033
Portugal,PRT,2006,0.95455002784729
Portugal,PRT,2007,1.12426996231079
Portugal,PRT,2008,1.44519996643066
Portugal,PRT,2009,1.57973003387451
Portugal,PRT,2010,1.5325700044632
Portugal,PRT,2011,1.45683002471924
Portugal,PRT,2012,1.377769947052
Portugal,PRT,2013,1.32641005516052
Portugal,PRT,2014,1.28519999980927
Post-demographic dividend,,1996,2.19144090018365
Post-demographic dividend,,1997,2.21561888891589
Post-demographic dividend,,1998,2.22403625348641
Post-demographic dividend,,1999,2.29247513673784
Post-demographic dividend,,2000,2.35749739144085
Post-demographic dividend,,2001,2.38718283312866
Post-demographic dividend,,2002,2.32931741621389
Post-demographic dividend,,2003,2.31667608536737
Post-demographic dividend,,2004,2.26778490251602
Post-demographic dividend,,2005,2.29140283265801
Post-demographic dividend,,2006,2.31928994741189
Post-demographic dividend,,2007,2.33275323564791
Post-demographic dividend,,2008,2.420965277255
Post-demographic dividend,,2009,2.49169863191747
Post-demographic dividend,,2010,2.46072935853807
Post-demographic dividend,,2011,2.49401632826874
Post-demographic dividend,,2012,2.51764113043418
Post-demographic dividend,,2013,2.50397936851811
Puerto Rico,PRI,2009,0.451310008764267
Puerto Rico,PRI,2013,0.435680001974106
Qatar,QAT,2012,0.469909995794296
Romania,ROU,1996,0.705429971218109
Romania,ROU,1997,0.579219996929169
Romania,ROU,1998,0.492080003023148
Romania,ROU,1999,0.395790010690689
Romania,ROU,2000,0.364450007677078
Romania,ROU,2001,0.388200014829636
Romania,ROU,2002,0.376329988241196
Romania,ROU,2003,0.383410006761551
Romania,ROU,2004,0.38306999206543
Romania,ROU,2005,0.407469987869263
Romania,ROU,2006,0.451229989528656
Romania,ROU,2007,0.520569980144501
Romania,ROU,2008,0.568409979343414
Romania,ROU,2009,0.461670011281967
Romania,ROU,2010,0.452060014009476
Romania,ROU,2011,0.493160009384155
Romania,ROU,2012,0.481449991464615
Romania,ROU,2013,0.386579990386963
Romania,ROU,2014,0.383370012044907
Russia,RUS,1996,0.965929985046387
Russia,RUS,1997,1.04374003410339
Russia,RUS,1998,0.953840017318726
Russia,RUS,1999,0.996240019798279
Russia,RUS,2000,1.04983997344971
Russia,RUS,2001,1.17693996429443
Russia,RUS,2002,1.24782001972198
Russia,RUS,2003,1.28603994846344
Russia,RUS,2004,1.15132999420166
Russia,RUS,2005,1.06797003746033
Russia,RUS,2006,1.07293999195099
Russia,RUS,2007,1.11610996723175
Russia,RUS,2008,1.04435002803802
Russia,RUS,2009,1.2519199848175
Russia,RUS,2010,1.13020002841949
Russia,RUS,2011,1.09069001674652
Russia,RUS,2012,1.12562000751495
Russia,RUS,2013,1.13278996944427
Russia,RUS,2014,1.18691003322601
Saint Lucia,LCA,1998,0.765879988670349
Saint Lucia,LCA,1999,0.364399999380112
Saint Vincent and the Grenadines,VCT,2001,0.0430600009858608
Saint Vincent and the Grenadines,VCT,2002,0.120279997587204
Saudi Arabia,SAU,2003,0.0626899972558022
Saudi Arabia,SAU,2004,0.0531499981880188
Saudi Arabia,SAU,2005,0.0423000007867813
Saudi Arabia,SAU,2006,0.0424499996006489
Saudi Arabia,SAU,2007,0.0452100001275539
Saudi Arabia,SAU,2008,0.0490199998021126
Saudi Arabia,SAU,2009,0.0733800008893013
Senegal,SEN,2008,0.368339985609055
Senegal,SEN,2010,0.540859997272491
Serbia,SRB,1997,0.754040002822876
Serbia,SRB,1998,0.801349997520447
Serbia,SRB,1999,0.997179985046387
Serbia,SRB,2000,0.898069977760315
Serbia,SRB,2001,0.321189999580383
Serbia,SRB,2002,0.679530024528503
Serbia,SRB,2003,0.521380007266998
Serbia,SRB,2004,0.30443999171257
Serbia,SRB,2005,0.416850000619888
Serbia,SRB,2006,0.466780006885529
Serbia,SRB,2007,0.350360006093979
Serbia,SRB,2008,0.373100012540817
Serbia,SRB,2009,0.866129994392395
Serbia,SRB,2010,0.744270026683807
Serbia,SRB,2011,0.724389970302582
Serbia,SRB,2012,0.906910002231598
Serbia,SRB,2013,0.726840019226074
Serbia,SRB,2014,0.775770008563995
Seychelles,SYC,2001,0.425249993801117
Seychelles,SYC,2002,0.407070010900497
Seychelles,SYC,2003,0.411830008029938
Seychelles,SYC,2004,0.346579998731613
Seychelles,SYC,2005,0.302089989185333
Singapore,SGP,1996,1.31843996047974
Singapore,SGP,1997,1.41507995128632
Singapore,SGP,1998,1.73749995231628
Singapore,SGP,1999,1.81628000736237
Singapore,SGP,2000,1.8215399980545
Singapore,SGP,2001,2.02076005935669
Singapore,SGP,2002,2.06806993484497
Singapore,SGP,2003,2.02636003494263
Singapore,SGP,2004,2.10458993911743
Singapore,SGP,2005,2.16067004203796
Singapore,SGP,2006,2.13328003883362
Singapore,SGP,2007,2.33699011802673
Singapore,SGP,2008,2.62082004547119
Singapore,SGP,2009,2.15925002098084
Singapore,SGP,2010,2.01296997070313
Singapore,SGP,2011,2.15054988861084
Singapore,SGP,2012,1.99946999549866
Singapore,SGP,2013,2.00047993659973
Singapore,SGP,2014,2.18578004837036
Slovakia,SVK,1996,0.892920017242432
Slovakia,SVK,1997,1.05282998085022
Slovakia,SVK,1998,0.766110002994537
Slovakia,SVK,1999,0.645560026168823
Slovakia,SVK,2000,0.639270007610321
Slovakia,SVK,2001,0.625649988651276
Slovakia,SVK,2002,0.563889980316162
Slovakia,SVK,2003,0.562470018863678
Slovakia,SVK,2004,0.501489996910095
Slovakia,SVK,2005,0.495620012283325
Slovakia,SVK,2006,0.477030009031296
Slovakia,SVK,2007,0.449440002441406
Slovakia,SVK,2008,0.463180005550385
Slovakia,SVK,2009,0.47477000951767
Slovakia,SVK,2010,0.617879986763
Slovakia,SVK,2011,0.66499000787735
Slovakia,SVK,2012,0.808099985122681
Slovakia,SVK,2013,0.82735002040863
Slovakia,SVK,2014,0.88621997833252
Slovenia,SVN,1996,1.2663300037384
Slovenia,SVN,1997,1.24726998806
Slovenia,SVN,1998,1.30637001991272
Slovenia,SVN,1999,1.33814001083374
Slovenia,SVN,2000,1.35629999637604
Slovenia,SVN,2001,1.4677300453186
Slovenia,SVN,2002,1.43873000144958
Slovenia,SVN,2003,1.24528002738953
Slovenia,SVN,2004,1.36805999279022
Slovenia,SVN,2005,1.41228997707367
Slovenia,SVN,2006,1.53290998935699
Slovenia,SVN,2007,1.42382001876831
Slovenia,SVN,2008,1.6256400346756
Slovenia,SVN,2009,1.81629002094269
Slovenia,SVN,2010,2.05763006210327
Slovenia,SVN,2011,2.42357993125916
Slovenia,SVN,2012,2.57946991920471
Slovenia,SVN,2013,2.60392999649048
Slovenia,SVN,2014,2.386470079422
South Africa,ZAF,1997,0.583549976348877
South Africa,ZAF,2001,0.715780019760132
South Africa,ZAF,2003,0.7605100274086
South Africa,ZAF,2004,0.81334000825882
South Africa,ZAF,2005,0.863150000572205
South Africa,ZAF,2006,0.898150026798248
South Africa,ZAF,2007,0.882870018482208
South Africa,ZAF,2008,0.888159990310669
South Africa,ZAF,2009,0.835619986057281
South Africa,ZAF,2010,0.737039983272552
South Africa,ZAF,2011,0.734200000762939
South Africa,ZAF,2012,0.731679975986481
South Asia,,1996,0.612854799226192
South Asia,,1997,0.607078092854199
South Asia,,1998,0.616744384635392
South Asia,,1999,0.639750652036852
South Asia,,2000,0.637561768445716
South Asia,,2001,0.644926826931382
South Asia,,2002,0.646883123120707
South Asia,,2003,0.706889986991882
South Asia,,2004,0.727945637801126
South Asia,,2005,0.762752961119304
South Asia,,2006,0.779028801341035
South Asia,,2007,0.773180894647946
South Asia,,2008,0.80957140164129
South Asia,,2009,0.773149627922701
South Asia,,2010,0.771225481751102
South Asia,,2011,0.77053047114129
South Asia (IDA & IBRD),,1996,0.612854799226192
South Asia (IDA & IBRD),,1997,0.607078092854199
South Asia (IDA & IBRD),,1998,0.616744384635392
South Asia (IDA & IBRD),,1999,0.639750652036852
South Asia (IDA & IBRD),,2000,0.637561768445716
South Asia (IDA & IBRD),,2001,0.644926826931382
South Asia (IDA & IBRD),,2002,0.646883123120707
South Asia (IDA & IBRD),,2003,0.706889986991882
South Asia (IDA & IBRD),,2004,0.727945637801126
South Asia (IDA & IBRD),,2005,0.762752961119304
South Asia (IDA & IBRD),,2006,0.779028801341035
South Asia (IDA & IBRD),,2007,0.773180894647946
South Asia (IDA & IBRD),,2008,0.80957140164129
South Asia (IDA & IBRD),,2009,0.773149627922701
South Asia (IDA & IBRD),,2010,0.771225481751102
South Asia (IDA & IBRD),,2011,0.77053047114129
South Korea,KOR,1996,2.24096989631653
South Korea,KOR,1997,2.28548002243042
South Korea,KOR,1998,2.14864993095398
South Korea,KOR,1999,2.06207990646362
South Korea,KOR,2000,2.18022990226746
South Korea,KOR,2001,2.34107995033264
South Korea,KOR,2002,2.27380990982056
South Korea,KOR,2003,2.35150003433228
South Korea,KOR,2004,2.53248000144959
South Korea,KOR,2005,2.62616991996765
South Korea,KOR,2006,2.83066010475159
South Korea,KOR,2007,3.0003399848938
South Korea,KOR,2008,3.12344002723694
South Korea,KOR,2009,3.2932300567627
South Korea,KOR,2010,3.46593999862671
South Korea,KOR,2011,3.74361991882324
South Korea,KOR,2012,4.0255298614502
South Korea,KOR,2013,4.14851999282837
South Korea,KOR,2014,4.29162979125977
Spain,ESP,1996,0.789489984512329
Spain,ESP,1997,0.779640018939972
Spain,ESP,1998,0.851019978523254
Spain,ESP,1999,0.840520024299622
Spain,ESP,2000,0.88494998216629
Spain,ESP,2001,0.890190005302429
Spain,ESP,2002,0.960049986839294
Spain,ESP,2003,1.02218997478485
Spain,ESP,2004,1.03849005699158
Spain,ESP,2005,1.09577000141144
Spain,ESP,2006,1.17218005657196
Spain,ESP,2007,1.23448002338409
Spain,ESP,2008,1.31708002090454
Spain,ESP,2009,1.35136997699738
Spain,ESP,2010,1.34965002536774
Spain,ESP,2011,1.32512998580933
Spain,ESP,2012,1.28410995006561
Spain,ESP,2013,1.26172995567322
Spain,ESP,2014,1.23138999938965
Sri Lanka,LKA,1996,0.183559998869896
Sri Lanka,LKA,2000,0.143920004367828
Sri Lanka,LKA,2004,0.182099997997284
Sri Lanka,LKA,2006,0.174199998378754
Sri Lanka,LKA,2008,0.114440001547337
Sri Lanka,LKA,2010,0.136869996786118
Sri Lanka,LKA,2013,0.100809998810291
Sub-Saharan Africa,,2007,0.498652846646922
Sub-Saharan Africa (IDA & IBRD),,2007,0.498652846646922
Sub-Saharan Africa (excluding high income),,2007,0.498652846646922
Sudan,SDN,1999,0.530070006847382
Sudan,SDN,2000,0.472770005464554
Sudan,SDN,2001,0.446859985589981
Sudan,SDN,2002,0.395090013742447
Sudan,SDN,2003,0.339819997549057
Sudan,SDN,2004,0.29585999250412
Sudan,SDN,2005,0.298440009355545
Sweden,SWE,1997,3.31936001777649
Sweden,SWE,1999,3.42158007621765
Sweden,SWE,2001,3.91382002830505
Sweden,SWE,2003,3.61437010765076
Sweden,SWE,2004,3.3913300037384
Sweden,SWE,2005,3.38700008392334
Sweden,SWE,2006,3.50031995773315
Sweden,SWE,2007,3.25660991668701
Sweden,SWE,2008,3.49524998664856
Sweden,SWE,2009,3.44965004920959
Sweden,SWE,2010,3.21612000465393
Sweden,SWE,2011,3.24918007850647
Sweden,SWE,2012,3.28133988380432
Sweden,SWE,2013,3.30605006217957
Sweden,SWE,2014,3.1609001159668
Switzerland,CHE,1996,2.4520800113678
Switzerland,CHE,2000,2.32682991027832
Switzerland,CHE,2004,2.67691993713379
Switzerland,CHE,2008,2.72857999801636
Switzerland,CHE,2012,2.96661996841431
Tajikistan,TJK,2001,0.0895299986004829
Tajikistan,TJK,2002,0.0706799998879433
Tajikistan,TJK,2003,0.0688999965786934
Tajikistan,TJK,2004,0.0669699981808662
Tajikistan,TJK,2005,0.0957000032067299
Tajikistan,TJK,2006,0.107320003211498
Tajikistan,TJK,2007,0.067780002951622
Tajikistan,TJK,2008,0.0698300004005432
Tajikistan,TJK,2009,0.0857700034976006
Tajikistan,TJK,2010,0.089139997959137
Tajikistan,TJK,2011,0.121480002999306
Tajikistan,TJK,2012,0.114200003445148
Tajikistan,TJK,2013,0.117700003087521
Tanzania,TZA,2007,0.339940011501312
Tanzania,TZA,2010,0.380250006914139
Tanzania,TZA,2013,0.529240012168884
Thailand,THA,1996,0.119180001318455
Thailand,THA,1997,0.102140001952648
Thailand,THA,1999,0.248359993100166
Thailand,THA,2000,0.244709998369217
Thailand,THA,2001,0.252310007810593
Thailand,THA,2002,0.23055000603199
Thailand,THA,2003,0.245340004563332
Thailand,THA,2004,0.238289996981621
Thailand,THA,2005,0.218889996409416
Thailand,THA,2006,0.232710003852844
Thailand,THA,2007,0.200800001621246
Thailand,THA,2009,0.234659999608994
Thailand,THA,2011,0.361669987440109
Thailand,THA,2014,0.482859998941422
Togo,TGO,2010,0.253490000963211
Togo,TGO,2012,0.220829993486404
Togo,TGO,2014,0.26952001452446
Trinidad and Tobago,TTO,1996,0.103249996900558
Trinidad and Tobago,TTO,1997,0.115529999136925
Trinidad and Tobago,TTO,1998,0.127149999141693
Trinidad and Tobago,TTO,1999,0.122919999063015
Trinidad and Tobago,TTO,2000,0.126139998435974
Trinidad and Tobago,TTO,2001,0.117619998753071
Trinidad and Tobago,TTO,2002,0.129329994320869
Trinidad and Tobago,TTO,2003,0.112549997866154
Trinidad and Tobago,TTO,2004,0.111529998481274
Trinidad and Tobago,TTO,2005,0.0939600020647049
Trinidad and Tobago,TTO,2006,0.0552599988877773
Trinidad and Tobago,TTO,2007,0.045889999717474
Trinidad and Tobago,TTO,2008,0.0307199992239475
Trinidad and Tobago,TTO,2009,0.0566500015556812
Trinidad and Tobago,TTO,2010,0.0502500012516975
Trinidad and Tobago,TTO,2011,0.0419300012290478
Trinidad and Tobago,TTO,2012,0.045889999717474
Trinidad and Tobago,TTO,2013,0.0520699992775917
Trinidad and Tobago,TTO,2014,0.0781600028276443
Tunisia,TUN,2002,0.543020009994507
Tunisia,TUN,2003,0.650430023670197
Tunisia,TUN,2004,0.730949997901917
Tunisia,TUN,2005,0.7119500041008
Tunisia,TUN,2006,0.677259981632233
Tunisia,TUN,2007,0.66550999879837
Tunisia,TUN,2008,0.639400005340576
Tunisia,TUN,2009,0.706439971923828
Tunisia,TUN,2010,0.690259993076324
Tunisia,TUN,2011,0.707599997520447
Tunisia,TUN,2012,0.680739998817444
Tunisia,TUN,2013,0.661140024662018
Tunisia,TUN,2014,0.641030013561249
Turkey,TUR,1996,0.451590001583099
Turkey,TUR,1997,0.491690009832382
Turkey,TUR,1998,0.370950013399124
Turkey,TUR,1999,0.467669993638992
Turkey,TUR,2000,0.479090005159378
Turkey,TUR,2001,0.53779000043869
Turkey,TUR,2002,0.525940001010895
Turkey,TUR,2003,0.483110010623932
Turkey,TUR,2004,0.518310010433197
Turkey,TUR,2005,0.591040015220642
Turkey,TUR,2006,0.580160021781921
Turkey,TUR,2007,0.722410023212433
Turkey,TUR,2008,0.725179970264435
Turkey,TUR,2009,0.849020004272461
Turkey,TUR,2010,0.843429982662201
Turkey,TUR,2011,0.859529972076416
Turkey,TUR,2012,0.92195999622345
Turkey,TUR,2013,0.944769978523254
Turkey,TUR,2014,1.00713002681732
Uganda,UGA,2002,0.367559999227524
Uganda,UGA,2003,0.25611999630928
Uganda,UGA,2004,0.260560005903244
Uganda,UGA,2005,0.215139999985695
Uganda,UGA,2006,0.300330013036728
Uganda,UGA,2007,0.388209998607636
Uganda,UGA,2008,0.326319992542267
Uganda,UGA,2009,0.359059989452362
Uganda,UGA,2010,0.475670009851456
Ukraine,UKR,1997,1.19229996204376
Ukraine,UKR,1998,1.06992995738983
Ukraine,UKR,1999,0.96968001127243
Ukraine,UKR,2000,0.962130010128021
Ukraine,UKR,2001,1.02329003810883
Ukraine,UKR,2002,0.998199999332428
Ukraine,UKR,2003,1.11178994178772
Ukraine,UKR,2004,1.08151996135712
Ukraine,UKR,2005,1.16895997524261
Ukraine,UKR,2006,0.949079990386963
Ukraine,UKR,2007,0.853190004825592
Ukraine,UKR,2008,0.846440017223358
Ukraine,UKR,2009,0.856440007686615
Ukraine,UKR,2010,0.830980002880096
Ukraine,UKR,2011,0.737800002098084
Ukraine,UKR,2012,0.751670002937317
Ukraine,UKR,2013,0.761749982833862
Ukraine,UKR,2014,0.658720016479492
United Arab Emirates,ARE,2011,0.489199995994568
United Arab Emirates,ARE,2014,0.699999988079071
United Kingdom,GBR,1996,1.71173000335693
United Kingdom,GBR,1997,1.65894997119904
United Kingdom,GBR,1998,1.66516995429993
United Kingdom,GBR,1999,1.74959003925323
United Kingdom,GBR,2000,1.72425997257233
United Kingdom,GBR,2001,1.71373999118805
United Kingdom,GBR,2002,1.71512997150421
United Kingdom,GBR,2003,1.67197000980377
United Kingdom,GBR,2004,1.61325001716614
United Kingdom,GBR,2005,1.62964999675751
United Kingdom,GBR,2006,1.64955997467041
United Kingdom,GBR,2007,1.68412005901337
United Kingdom,GBR,2008,1.6873699426651
United Kingdom,GBR,2009,1.74080002307892
United Kingdom,GBR,2010,1.69471001625061
United Kingdom,GBR,2011,1.69064998626709
United Kingdom,GBR,2012,1.62178003787994
United Kingdom,GBR,2013,1.66431999206543
United Kingdom,GBR,2014,1.70069003105164
United States,USA,1996,2.44181990623474
United States,USA,1997,2.47091007232666
United States,USA,1998,2.49675011634827
United States,USA,1999,2.54173994064331
United States,USA,2000,2.62050008773804
United States,USA,2001,2.63832998275757
United States,USA,2002,2.54967999458313
United States,USA,2003,2.55286002159119
United States,USA,2004,2.48995995521545
United States,USA,2005,2.50600004196167
United States,USA,2006,2.55001997947693
United States,USA,2007,2.62692999839783
United States,USA,2008,2.76682996749878
United States,USA,2009,2.81859993934631
United States,USA,2010,2.74045991897583
United States,USA,2011,2.76290988922119
United States,USA,2012,2.69796991348267
United States,USA,2013,2.72528004646301
Upper middle income,,1996,0.494886553738123
Upper middle income,,1997,0.538052537521263
Upper middle income,,1999,0.575647094904748
Upper middle income,,2000,0.675993761188331
Upper middle income,,2001,0.716084214676873
Upper middle income,,2002,0.775730065159469
Upper middle income,,2003,0.820469985863163
Upper middle income,,2004,0.847703551882897
Upper middle income,,2005,0.90333235699217
Upper middle income,,2006,0.921776679478858
Upper middle income,,2007,0.965929735417307
Upper middle income,,2008,1.02892608991645
Upper middle income,,2009,1.18767364017549
Upper middle income,,2010,1.2250782495641
Upper middle income,,2011,1.23718621009501
Upper middle income,,2012,1.37209096319602
Upper middle income,,2013,1.47890911432197
Upper middle income,,2014,1.55781752236865
Uruguay,URY,1996,0.265009999275208
Uruguay,URY,1997,0.349940001964569
Uruguay,URY,1998,0.191860005259514
Uruguay,URY,1999,0.224169999361038
Uruguay,URY,2000,0.209250003099442
Uruguay,URY,2002,0.238179996609688
Uruguay,URY,2006,0.365390002727509
Uruguay,URY,2007,0.424719989299774
Uruguay,URY,2008,0.379729986190796
Uruguay,URY,2009,0.412519991397858
Uruguay,URY,2010,0.341149985790253
Uruguay,URY,2011,0.348699986934662
Uruguay,URY,2012,0.32684001326561
Uruguay,URY,2013,0.321170002222061
Uruguay,URY,2014,0.334419995546341
Uzbekistan,UZB,2014,0.197769999504089
Vietnam,VNM,2002,0.178080007433891
Vietnam,VNM,2011,0.190439999103546
World,OWID_WRL,1996,1.9890392877864
World,OWID_WRL,1997,1.98357042712579
World,OWID_WRL,1998,2.00077118166413
World,OWID_WRL,1999,2.07590115365706
World,OWID_WRL,2000,2.07749078213531
World,OWID_WRL,2001,2.09671764632748
World,OWID_WRL,2002,2.05889982236694
World,OWID_WRL,2003,2.04759981674759
World,OWID_WRL,2004,1.99913971130855
World,OWID_WRL,2005,1.98964681692959
World,OWID_WRL,2006,1.99844189704015
World,OWID_WRL,2007,1.96524527497886
World,OWID_WRL,2008,2.03057468047049
World,OWID_WRL,2009,2.06294427637046
World,OWID_WRL,2010,2.06051714492497
World,OWID_WRL,2011,2.05388291474214
World,OWID_WRL,2012,2.13397428870669
World,OWID_WRL,2013,2.12747709957114
Zambia,ZMB,1996,0.0110400002449751
Zambia,ZMB,1997,0.0073699997738003
Zambia,ZMB,2002,0.0054399999789893
Zambia,ZMB,2003,0.0084699997678399
Zambia,ZMB,2004,0.0222299993038177
Zambia,ZMB,2005,0.0249300003051758
Zambia,ZMB,2008,0.278189986944199