Entity,Code,Year,9.2.2 - Manufacturing employment as a proportion of total employment (%) - SL_TLF_MANF
Afghanistan,AFG,2008,4.6
Afghanistan,AFG,2012,6.8
Afghanistan,AFG,2014,7.3
Afghanistan,AFG,2017,7.7
Afghanistan,AFG,2020,8.2
Africa,,2000,7.7
Africa,,2001,7.6
Africa,,2002,7.4
Africa,,2003,7.3
Africa,,2004,7.2
Africa,,2005,7.1
Africa,,2006,7
Africa,,2007,6.9
Africa,,2008,6.9
Africa,,2009,6.8
Africa,,2010,6.7
Africa,,2011,6.5
Africa,,2012,6.6
Africa,,2013,6.6
Africa,,2014,6.7
Africa,,2015,6.7
Africa,,2016,6.7
Africa,,2017,6.8
Africa,,2018,6.8
Africa,,2019,6.8
Africa,,2020,6.6
Albania,ALB,2000,3.2
Albania,ALB,2001,3
Albania,ALB,2002,5.1
Albania,ALB,2003,5
Albania,ALB,2004,6
Albania,ALB,2005,6
Albania,ALB,2006,6.2
Albania,ALB,2007,10.6
Albania,ALB,2008,7.1
Albania,ALB,2009,8.1
Albania,ALB,2010,8.2
Albania,ALB,2011,7.7
Albania,ALB,2012,7.2
Albania,ALB,2013,7.5
Albania,ALB,2014,8.7
Albania,ALB,2015,9.2
Albania,ALB,2016,10.2
Albania,ALB,2017,10.1
Albania,ALB,2018,10.6
Albania,ALB,2019,11
Algeria,DZA,2001,10.1
Algeria,DZA,2003,9.2
Algeria,DZA,2004,10.9
Algeria,DZA,2014,11.3
Algeria,DZA,2017,10.7
American Samoa,ASM,2000,35.3
American Samoa,ASM,2010,16.6
Americas,,2000,14.8
Americas,,2001,14.4
Americas,,2002,13.8
Americas,,2003,13.6
Americas,,2004,13.5
Americas,,2005,13.3
Americas,,2006,13.2
Americas,,2007,13.2
Americas,,2008,13
Americas,,2009,12.3
Americas,,2010,12.2
Americas,,2011,12
Americas,,2012,12.1
Americas,,2013,11.9
Americas,,2014,11.9
Americas,,2015,11.8
Americas,,2016,11.5
Americas,,2017,11.5
Americas,,2018,11.4
Americas,,2019,11.3
Americas,,2020,11.1
Angola,AGO,2004,3
Angola,AGO,2009,2.1
Angola,AGO,2010,2.4
Angola,AGO,2011,1.7
Angola,AGO,2014,1.3
Anguilla,AIA,2001,2.4
Antigua and Barbuda,ATG,2001,4.3
Antigua and Barbuda,ATG,2002,4.6
Antigua and Barbuda,ATG,2003,4.6
Antigua and Barbuda,ATG,2004,4.6
Antigua and Barbuda,ATG,2005,4.6
Antigua and Barbuda,ATG,2006,4.6
Antigua and Barbuda,ATG,2007,4.6
Antigua and Barbuda,ATG,2008,4.6
Argentina,ARG,2000,14
Argentina,ARG,2001,13.9
Argentina,ARG,2002,13.2
Argentina,ARG,2003,13.7
Argentina,ARG,2004,14.1
Argentina,ARG,2005,14.3
Argentina,ARG,2006,14.3
Argentina,ARG,2008,14.1
Argentina,ARG,2009,13.3
Argentina,ARG,2010,13.6
Argentina,ARG,2011,13.4
Argentina,ARG,2012,13.1
Argentina,ARG,2013,13.2
Argentina,ARG,2014,13.1
Argentina,ARG,2017,12.3
Argentina,ARG,2018,11.7
Argentina,ARG,2019,11.9
Argentina,ARG,2020,12.5
Armenia,ARM,2002,10.7
Armenia,ARM,2007,6.9
Armenia,ARM,2008,10.1
Armenia,ARM,2009,6.1
Armenia,ARM,2010,5.7
Armenia,ARM,2011,6.8
Armenia,ARM,2012,8
Armenia,ARM,2013,8.3
Armenia,ARM,2014,8.3
Armenia,ARM,2015,7.9
Armenia,ARM,2016,8.3
Armenia,ARM,2017,9.1
Armenia,ARM,2018,9.9
Armenia,ARM,2019,10.6
Armenia,ARM,2020,10.1
Aruba,ABW,2000,5.8
Aruba,ABW,2007,6.3
Aruba,ABW,2010,5
Aruba,ABW,2011,4
Asia,,2000,15.4
Asia,,2001,15.3
Asia,,2002,14.9
Asia,,2003,14.9
Asia,,2004,15.2
Asia,,2005,15.7
Asia,,2006,16.1
Asia,,2007,16.5
Asia,,2008,16.4
Asia,,2009,16.3
Asia,,2010,16.5
Asia,,2011,16.8
Asia,,2012,17.1
Asia,,2013,16.9
Asia,,2014,16.8
Asia,,2015,16.6
Asia,,2016,16.4
Asia,,2017,16.1
Asia,,2018,16.1
Asia,,2019,15.7
Asia,,2020,14.9
Australia,AUS,2000,12.1
Australia,AUS,2001,11.6
Australia,AUS,2002,11.5
Australia,AUS,2003,11
Australia,AUS,2004,10.9
Australia,AUS,2005,10.4
Australia,AUS,2006,10
Australia,AUS,2007,9.9
Australia,AUS,2008,10.5
Australia,AUS,2009,9.3
Australia,AUS,2010,8.9
Australia,AUS,2011,8.5
Australia,AUS,2012,8.4
Australia,AUS,2013,8.1
Australia,AUS,2014,8.7
Australia,AUS,2015,8.2
Australia,AUS,2016,8.2
Australia,AUS,2017,7.2
Australia,AUS,2018,7.4
Australia,AUS,2019,6.9
Australia,AUS,2020,6.8
Australia,AUS,2021,6.9
Australia and New Zealand,,2000,12.7
Australia and New Zealand,,2001,12.3
Australia and New Zealand,,2002,12.2
Australia and New Zealand,,2003,11.6
Australia and New Zealand,,2004,11.5
Australia and New Zealand,,2005,10.9
Australia and New Zealand,,2006,10.5
Australia and New Zealand,,2007,10.3
Australia and New Zealand,,2008,10.6
Australia and New Zealand,,2009,9.6
Australia and New Zealand,,2010,9.3
Australia and New Zealand,,2011,8.9
Australia and New Zealand,,2012,8.8
Australia and New Zealand,,2013,8.5
Australia and New Zealand,,2014,8.4
Australia and New Zealand,,2015,8.1
Australia and New Zealand,,2016,7.9
Australia and New Zealand,,2017,7.7
Australia and New Zealand,,2018,7.8
Australia and New Zealand,,2019,7.2
Australia and New Zealand,,2020,7.2
Austria,AUT,2000,20.6
Austria,AUT,2001,19.9
Austria,AUT,2002,19.5
Austria,AUT,2003,19.4
Austria,AUT,2004,18.4
Austria,AUT,2005,18.4
Austria,AUT,2006,18.9
Austria,AUT,2007,18.2
Austria,AUT,2008,15.7
Austria,AUT,2009,15
Austria,AUT,2010,15.2
Austria,AUT,2011,15.8
Austria,AUT,2012,15.8
Austria,AUT,2013,15.7
Austria,AUT,2014,15.6
Austria,AUT,2015,16
Austria,AUT,2016,16
Austria,AUT,2017,15.6
Austria,AUT,2018,16.2
Austria,AUT,2019,15.9
Austria,AUT,2020,15.6
Azerbaijan,AZE,2000,4.6
Azerbaijan,AZE,2001,4.4
Azerbaijan,AZE,2002,4.6
Azerbaijan,AZE,2003,4.9
Azerbaijan,AZE,2004,4.8
Azerbaijan,AZE,2005,4.9
Azerbaijan,AZE,2006,3.7
Azerbaijan,AZE,2007,4.8
Azerbaijan,AZE,2008,4.8
Azerbaijan,AZE,2009,5
Azerbaijan,AZE,2010,4.8
Azerbaijan,AZE,2011,4.8
Azerbaijan,AZE,2012,4.9
Azerbaijan,AZE,2013,5
Azerbaijan,AZE,2014,4.9
Azerbaijan,AZE,2015,4.9
Azerbaijan,AZE,2016,5.1
Azerbaijan,AZE,2017,5.2
Azerbaijan,AZE,2018,5.2
Azerbaijan,AZE,2019,5.3
Azerbaijan,AZE,2020,5.3
Bahamas,BHS,2001,4.1
Bahamas,BHS,2002,4
Bahamas,BHS,2003,4.4
Bahamas,BHS,2004,3.9
Bahamas,BHS,2005,4.7
Bahamas,BHS,2006,4.5
Bahamas,BHS,2007,3.7
Bahamas,BHS,2008,3.6
Bahamas,BHS,2009,3.4
Bahamas,BHS,2011,2.8
Bahrain,BHR,2001,17.2
Bahrain,BHR,2010,12
Bahrain,BHR,2015,11.9
Bangladesh,BGD,2000,7.3
Bangladesh,BGD,2003,9.8
Bangladesh,BGD,2005,11
Bangladesh,BGD,2006,11
Bangladesh,BGD,2010,12.4
Bangladesh,BGD,2013,16.4
Bangladesh,BGD,2016,14.4
Bangladesh,BGD,2017,14.4
Barbados,BRB,2000,8.1
Barbados,BRB,2001,7.1
Barbados,BRB,2002,7
Barbados,BRB,2003,6.1
Barbados,BRB,2004,5.8
Barbados,BRB,2005,5.1
Barbados,BRB,2006,4.2
Barbados,BRB,2007,4.7
Barbados,BRB,2008,5.1
Barbados,BRB,2009,5.8
Barbados,BRB,2010,6.9
Barbados,BRB,2011,6.7
Barbados,BRB,2012,6.7
Barbados,BRB,2013,7.2
Barbados,BRB,2014,7.7
Barbados,BRB,2015,7.7
Barbados,BRB,2016,7.1
Barbados,BRB,2017,6.8
Barbados,BRB,2018,6.2
Barbados,BRB,2019,6
Belarus,BLR,2015,20.5
Belarus,BLR,2016,18.1
Belarus,BLR,2017,18.4
Belarus,BLR,2018,17.6
Belarus,BLR,2019,17.4
Belarus,BLR,2020,17.8
Belgium,BEL,2000,18.8
Belgium,BEL,2001,18.3
Belgium,BEL,2002,18.3
Belgium,BEL,2003,17.8
Belgium,BEL,2004,17.5
Belgium,BEL,2005,17.2
Belgium,BEL,2006,16.8
Belgium,BEL,2007,16.5
Belgium,BEL,2008,16
Belgium,BEL,2009,14.8
Belgium,BEL,2010,14.6
Belgium,BEL,2011,14.2
Belgium,BEL,2012,13.2
Belgium,BEL,2013,13
Belgium,BEL,2014,12.8
Belgium,BEL,2015,13
Belgium,BEL,2016,12.4
Belgium,BEL,2017,12.4
Belgium,BEL,2018,12.8
Belgium,BEL,2019,12.3
Belgium,BEL,2020,12.3
Belize,BLZ,2005,9.7
Belize,BLZ,2014,6.9
Belize,BLZ,2015,7.1
Belize,BLZ,2016,7.4
Belize,BLZ,2017,7.8
Belize,BLZ,2019,8
Benin,BEN,2010,7.6
Benin,BEN,2011,15.3
Benin,BEN,2018,15.6
Bermuda,BMU,2000,3.2
Bermuda,BMU,2009,2.3
Bermuda,BMU,2010,2.4
Bermuda,BMU,2012,1.2
Bermuda,BMU,2013,1.7
Bhutan,BTN,2005,2
Bhutan,BTN,2006,3
Bhutan,BTN,2009,4.7
Bhutan,BTN,2010,3.9
Bhutan,BTN,2011,5.2
Bhutan,BTN,2012,5
Bhutan,BTN,2013,6.2
Bhutan,BTN,2014,7
Bhutan,BTN,2015,6.5
Bolivia,BOL,2000,10.1
Bolivia,BOL,2001,9.2
Bolivia,BOL,2002,11.2
Bolivia,BOL,2003,11.2
Bolivia,BOL,2004,11.2
Bolivia,BOL,2005,10.9
Bolivia,BOL,2006,10.5
Bolivia,BOL,2007,11
Bolivia,BOL,2008,11.3
Bolivia,BOL,2009,11.7
Bolivia,BOL,2011,10.6
Bolivia,BOL,2012,10.1
Bolivia,BOL,2013,10.4
Bolivia,BOL,2014,9.5
Bolivia,BOL,2015,10.5
Bolivia,BOL,2016,10
Bolivia,BOL,2017,9.9
Bolivia,BOL,2018,10
Bolivia,BOL,2019,9.7
Bolivia,BOL,2020,8.8
Bosnia and Herzegovina,BIH,2001,19.7
Bosnia and Herzegovina,BIH,2006,17
Bosnia and Herzegovina,BIH,2007,17.9
Bosnia and Herzegovina,BIH,2008,16.6
Bosnia and Herzegovina,BIH,2009,16.4
Bosnia and Herzegovina,BIH,2010,16.8
Bosnia and Herzegovina,BIH,2011,16
Bosnia and Herzegovina,BIH,2012,15.5
Bosnia and Herzegovina,BIH,2013,16
Bosnia and Herzegovina,BIH,2014,16.1
Bosnia and Herzegovina,BIH,2015,16.1
Bosnia and Herzegovina,BIH,2016,17.3
Bosnia and Herzegovina,BIH,2017,16.5
Bosnia and Herzegovina,BIH,2018,17.7
Bosnia and Herzegovina,BIH,2019,18.6
Bosnia and Herzegovina,BIH,2020,18.9
Botswana,BWA,2000,8.8
Botswana,BWA,2001,8.7
Botswana,BWA,2003,9.6
Botswana,BWA,2006,6.8
Botswana,BWA,2009,6.6
Botswana,BWA,2010,2.5
Botswana,BWA,2019,7.4
Botswana,BWA,2020,6.9
Brazil,BRA,2001,13.9
Brazil,BRA,2002,13.6
Brazil,BRA,2003,13.6
Brazil,BRA,2004,13.9
Brazil,BRA,2005,14.2
Brazil,BRA,2006,14
Brazil,BRA,2007,14.4
Brazil,BRA,2008,14.4
Brazil,BRA,2009,13.9
Brazil,BRA,2011,12.7
Brazil,BRA,2012,13.2
Brazil,BRA,2013,12.8
Brazil,BRA,2014,13
Brazil,BRA,2015,12.8
Brazil,BRA,2016,11.6
Brazil,BRA,2017,11.7
Brazil,BRA,2018,11.6
Brazil,BRA,2019,11.6
Brazil,BRA,2020,11.7
British Virgin Islands,VGB,2009,2.5
British Virgin Islands,VGB,2010,2.5
Brunei,BRN,2001,8.5
Brunei,BRN,2014,3.7
Brunei,BRN,2017,3.8
Brunei,BRN,2018,4
Brunei,BRN,2019,4.3
Brunei,BRN,2020,4.3
Bulgaria,BGR,2000,23.4
Bulgaria,BGR,2001,24.1
Bulgaria,BGR,2002,23.8
Bulgaria,BGR,2003,23.3
Bulgaria,BGR,2004,23.9
Bulgaria,BGR,2005,24.5
Bulgaria,BGR,2006,24
Bulgaria,BGR,2007,23.6
Bulgaria,BGR,2008,22.9
Bulgaria,BGR,2009,21.9
Bulgaria,BGR,2010,20.5
Bulgaria,BGR,2011,20
Bulgaria,BGR,2012,20.6
Bulgaria,BGR,2013,19.6
Bulgaria,BGR,2014,19.6
Bulgaria,BGR,2015,19.7
Bulgaria,BGR,2016,19.5
Bulgaria,BGR,2017,19.1
Bulgaria,BGR,2018,19
Bulgaria,BGR,2019,18.8
Bulgaria,BGR,2020,18.5
Burkina Faso,BFA,2006,3.7
Burkina Faso,BFA,2014,15.2
Burkina Faso,BFA,2018,15.4
Burundi,BDI,2014,1.8
Burundi,BDI,2017,1.8
Cambodia,KHM,2000,7.1
Cambodia,KHM,2001,9.1
Cambodia,KHM,2007,10.2
Cambodia,KHM,2008,11.3
Cambodia,KHM,2009,10.8
Cambodia,KHM,2010,10.7
Cambodia,KHM,2011,11.6
Cambodia,KHM,2012,17.4
Cambodia,KHM,2013,12.6
Cambodia,KHM,2014,16.3
Cambodia,KHM,2015,16.5
Cambodia,KHM,2016,16.9
Cambodia,KHM,2017,16.7
Cambodia,KHM,2019,16.7
Cameroon,CMR,2001,6.8
Cameroon,CMR,2007,8.6
Cameroon,CMR,2014,10.3
Canada,CAN,2000,15.2
Canada,CAN,2001,14.9
Canada,CAN,2002,15
Canada,CAN,2003,14.5
Canada,CAN,2004,14.4
Canada,CAN,2005,13.7
Canada,CAN,2006,12.8
Canada,CAN,2007,12.1
Canada,CAN,2008,11.3
Canada,CAN,2009,10.4
Canada,CAN,2010,10.1
Canada,CAN,2011,10
Canada,CAN,2012,10
Canada,CAN,2013,9.7
Canada,CAN,2014,9.6
Canada,CAN,2015,9.5
Canada,CAN,2016,9.4
Canada,CAN,2017,9.4
Canada,CAN,2018,9.3
Canada,CAN,2019,9.1
Canada,CAN,2020,9.2
Canada,CAN,2021,9.2
Cape Verde,CPV,2015,6.9
Cape Verde,CPV,2017,9.5
Cape Verde,CPV,2018,9.5
Cape Verde,CPV,2019,9.7
Caribbean,,2000,9.8
Caribbean,,2001,9.3
Caribbean,,2002,9
Caribbean,,2003,9.1
Caribbean,,2004,9.2
Caribbean,,2005,9.1
Caribbean,,2006,9
Caribbean,,2007,9
Caribbean,,2008,8.8
Caribbean,,2009,8
Caribbean,,2010,7.8
Caribbean,,2011,7.7
Caribbean,,2012,8.4
Caribbean,,2013,7.3
Caribbean,,2014,7.2
Caribbean,,2015,7.2
Caribbean,,2016,7.2
Caribbean,,2017,7
Caribbean,,2018,6.9
Caribbean,,2019,6.9
Caribbean,,2020,6.6
Caucasus and Central Asia,,2000,10
Caucasus and Central Asia,,2001,9.8
Caucasus and Central Asia,,2002,9.7
Caucasus and Central Asia,,2003,9.6
Caucasus and Central Asia,,2004,9.6
Caucasus and Central Asia,,2005,9.6
Caucasus and Central Asia,,2006,9.5
Caucasus and Central Asia,,2007,9.6
Caucasus and Central Asia,,2008,9.6
Caucasus and Central Asia,,2009,9.5
Caucasus and Central Asia,,2010,9.5
Caucasus and Central Asia,,2011,9.4
Caucasus and Central Asia,,2012,9.4
Caucasus and Central Asia,,2013,9.4
Caucasus and Central Asia,,2014,9.4
Caucasus and Central Asia,,2015,9.4
Caucasus and Central Asia,,2016,9.5
Caucasus and Central Asia,,2017,10
Caucasus and Central Asia,,2018,10.3
Caucasus and Central Asia,,2019,10.6
Caucasus and Central Asia,,2020,10.6
Cayman Islands,CYM,2005,1
Cayman Islands,CYM,2006,1.1
Cayman Islands,CYM,2007,1.9
Cayman Islands,CYM,2011,3.1
Cayman Islands,CYM,2012,2.7
Cayman Islands,CYM,2013,2.3
Cayman Islands,CYM,2014,1.8
Cayman Islands,CYM,2015,1.1
Central America,,2000,18.6
Central America,,2001,18.2
Central America,,2002,17.8
Central America,,2003,17.4
Central America,,2004,16.8
Central America,,2005,16.6
Central America,,2006,16.3
Central America,,2007,16.1
Central America,,2008,15.6
Central America,,2009,14.8
Central America,,2010,15
Central America,,2011,14.8
Central America,,2012,14.6
Central America,,2013,14.7
Central America,,2014,15.2
Central America,,2015,15.2
Central America,,2016,15.4
Central America,,2017,15.5
Central America,,2018,15.5
Central America,,2019,15.4
Central America,,2020,15.3
Central Asia,,2000,11.5
Central Asia,,2001,11.3
Central Asia,,2002,11.1
Central Asia,,2003,10.9
Central Asia,,2004,10.9
Central Asia,,2005,10.9
Central Asia,,2006,10.9
Central Asia,,2007,10.9
Central Asia,,2008,10.8
Central Asia,,2009,10.7
Central Asia,,2010,10.7
Central Asia,,2011,10.6
Central Asia,,2012,10.5
Central Asia,,2013,10.4
Central Asia,,2014,10.4
Central Asia,,2015,10.5
Central Asia,,2016,10.6
Central Asia,,2017,11.1
Central Asia,,2018,11.4
Central Asia,,2019,11.7
Central Asia,,2020,11.8
Central and Southern Asia,,2000,10.9
Central and Southern Asia,,2001,11.1
Central and Southern Asia,,2002,11.2
Central and Southern Asia,,2003,11.4
Central and Southern Asia,,2004,11.7
Central and Southern Asia,,2005,11.9
Central and Southern Asia,,2006,11.9
Central and Southern Asia,,2007,11.9
Central and Southern Asia,,2008,11.6
Central and Southern Asia,,2009,11.6
Central and Southern Asia,,2010,11.6
Central and Southern Asia,,2011,12.1
Central and Southern Asia,,2012,12.6
Central and Southern Asia,,2013,12.6
Central and Southern Asia,,2014,12.6
Central and Southern Asia,,2015,12.8
Central and Southern Asia,,2016,12.8
Central and Southern Asia,,2017,12.8
Central and Southern Asia,,2018,12.9
Central and Southern Asia,,2019,12.9
Central and Southern Asia,,2020,11.6
Chad,TCD,2018,7
Chile,CHL,2000,14
Chile,CHL,2001,14.3
Chile,CHL,2002,14.1
Chile,CHL,2003,14.1
Chile,CHL,2006,13.5
Chile,CHL,2009,10.3
Chile,CHL,2011,10.2
Chile,CHL,2013,11.4
Chile,CHL,2014,11.3
Chile,CHL,2015,11.2
Chile,CHL,2016,10.9
Chile,CHL,2017,10.8
Chile,CHL,2018,10.4
Chile,CHL,2019,9.9
Chile,CHL,2020,10.1
Chile,CHL,2021,10
"China, Hong Kong Special Administrative Region",,2000,10.4
"China, Hong Kong Special Administrative Region",,2001,10
"China, Hong Kong Special Administrative Region",,2002,8.9
"China, Hong Kong Special Administrative Region",,2003,8.4
"China, Hong Kong Special Administrative Region",,2004,7.1
"China, Hong Kong Special Administrative Region",,2005,6.7
"China, Hong Kong Special Administrative Region",,2006,6.4
"China, Hong Kong Special Administrative Region",,2007,5.8
"China, Hong Kong Special Administrative Region",,2008,5.4
"China, Hong Kong Special Administrative Region",,2009,4.3
"China, Hong Kong Special Administrative Region",,2010,3.8
"China, Hong Kong Special Administrative Region",,2011,3.7
"China, Hong Kong Special Administrative Region",,2012,3.7
"China, Hong Kong Special Administrative Region",,2013,3.4
"China, Hong Kong Special Administrative Region",,2014,3.5
"China, Hong Kong Special Administrative Region",,2015,3
"China, Hong Kong Special Administrative Region",,2016,3.1
"China, Hong Kong Special Administrative Region",,2017,2.9
"China, Hong Kong Special Administrative Region",,2018,2.7
"China, Hong Kong Special Administrative Region",,2019,2.7
"China, Hong Kong Special Administrative Region",,2020,2.8
Colombia,COL,2000,20.2
Colombia,COL,2001,13.3
Colombia,COL,2002,13.4
Colombia,COL,2003,13.4
Colombia,COL,2004,13.9
Colombia,COL,2005,13.7
Colombia,COL,2006,13.1
Colombia,COL,2007,15
Colombia,COL,2008,13.3
Colombia,COL,2009,13.2
Colombia,COL,2010,13
Colombia,COL,2011,13.2
Colombia,COL,2012,13.1
Colombia,COL,2013,12.3
Colombia,COL,2014,12.2
Colombia,COL,2015,12.1
Colombia,COL,2016,11.8
Colombia,COL,2017,12
Colombia,COL,2018,12.3
Colombia,COL,2019,11.8
Colombia,COL,2020,11.1
Comoros,COM,2004,7.3
Comoros,COM,2014,9.5
Congo,COG,2005,16.5
Congo,COG,2009,10.8
Cook Islands,COK,2011,3.9
Cook Islands,COK,2016,2.2
Cook Islands,COK,2019,3.8
Costa Rica,CRI,2000,14.4
Costa Rica,CRI,2001,15
Costa Rica,CRI,2002,14.3
Costa Rica,CRI,2003,14
Costa Rica,CRI,2004,13.9
Costa Rica,CRI,2005,13.7
Costa Rica,CRI,2006,13.3
Costa Rica,CRI,2007,13.1
Costa Rica,CRI,2008,12.2
Costa Rica,CRI,2009,11.9
Costa Rica,CRI,2010,12
Costa Rica,CRI,2011,11
Costa Rica,CRI,2012,9.9
Costa Rica,CRI,2013,9
Costa Rica,CRI,2014,9.3
Costa Rica,CRI,2015,10.9
Costa Rica,CRI,2016,10.2
Costa Rica,CRI,2017,10.1
Costa Rica,CRI,2018,11
Costa Rica,CRI,2019,10.5
Costa Rica,CRI,2020,10.6
Costa Rica,CRI,2021,10.5
Cote d'Ivoire,CIV,2012,5.4
Cote d'Ivoire,CIV,2013,8
Cote d'Ivoire,CIV,2016,5.6
Cote d'Ivoire,CIV,2017,9.1
Croatia,HRV,2001,18.5
Croatia,HRV,2002,20.5
Croatia,HRV,2003,19.7
Croatia,HRV,2004,19.2
Croatia,HRV,2005,18.1
Croatia,HRV,2006,19
Croatia,HRV,2007,19.2
Croatia,HRV,2008,18.6
Croatia,HRV,2009,17.4
Croatia,HRV,2010,16.6
Croatia,HRV,2011,17.3
Croatia,HRV,2012,17.5
Croatia,HRV,2013,17.2
Croatia,HRV,2014,17.2
Croatia,HRV,2015,16.6
Croatia,HRV,2016,17
Croatia,HRV,2017,17
Croatia,HRV,2018,17.3
Croatia,HRV,2019,17.8
Croatia,HRV,2020,17.7
Cuba,CUB,2000,9.8
Cuba,CUB,2001,13.2
Cuba,CUB,2002,13.2
Cuba,CUB,2003,13.2
Cuba,CUB,2004,12.4
Cuba,CUB,2005,12
Cuba,CUB,2006,11
Cuba,CUB,2007,10.8
Cuba,CUB,2008,11
Cuba,CUB,2009,10.5
Cuba,CUB,2010,9.8
Cuba,CUB,2011,10.1
Cuba,CUB,2012,12.4
Cuba,CUB,2013,9.5
Cuba,CUB,2014,9.3
Curacao,CUW,2018,6.7
Cyprus,CYP,2000,12.8
Cyprus,CYP,2001,12.8
Cyprus,CYP,2002,12.2
Cyprus,CYP,2003,11
Cyprus,CYP,2004,10.7
Cyprus,CYP,2005,11.5
Cyprus,CYP,2006,10.4
Cyprus,CYP,2007,9.8
Cyprus,CYP,2008,9.7
Cyprus,CYP,2009,9.1
Cyprus,CYP,2010,8.3
Cyprus,CYP,2011,7.8
Cyprus,CYP,2012,7.5
Cyprus,CYP,2013,7.5
Cyprus,CYP,2014,8.2
Cyprus,CYP,2015,7.8
Cyprus,CYP,2016,7.2
Cyprus,CYP,2017,7.2
Cyprus,CYP,2018,6.9
Cyprus,CYP,2019,7.3
Cyprus,CYP,2020,7.6
Czechia,CZE,2000,27.4
Czechia,CZE,2001,28.1
Czechia,CZE,2002,28
Czechia,CZE,2003,27.8
Czechia,CZE,2004,27.2
Czechia,CZE,2005,27.2
Czechia,CZE,2006,28.2
Czechia,CZE,2007,28.6
Czechia,CZE,2008,27.6
Czechia,CZE,2009,25.2
Czechia,CZE,2010,25.3
Czechia,CZE,2011,26.4
Czechia,CZE,2012,26.6
Czechia,CZE,2013,26
Czechia,CZE,2014,26.7
Czechia,CZE,2015,27.3
Czechia,CZE,2016,27.8
Czechia,CZE,2017,27.9
Czechia,CZE,2018,27.6
Czechia,CZE,2019,27.4
Czechia,CZE,2020,26.7
Democratic Republic of Congo,COD,2005,3.6
Democratic Republic of Congo,COD,2012,5.9
Denmark,DNK,2000,18
Denmark,DNK,2001,18.1
Denmark,DNK,2002,16.2
Denmark,DNK,2003,15.7
Denmark,DNK,2004,15.8
Denmark,DNK,2005,16.1
Denmark,DNK,2006,15.3
Denmark,DNK,2007,15.7
Denmark,DNK,2008,14.8
Denmark,DNK,2009,12.9
Denmark,DNK,2010,12.7
Denmark,DNK,2011,12.7
Denmark,DNK,2012,12.4
Denmark,DNK,2013,12.1
Denmark,DNK,2014,11.9
Denmark,DNK,2015,12
Denmark,DNK,2016,11.9
Denmark,DNK,2017,11.5
Denmark,DNK,2018,11.4
Denmark,DNK,2019,11
Denmark,DNK,2020,11.3
"Developed regions (Europe, Cyprus, Israel, Northern America, Japan, Australia & New Zealand)",,2000,18.4
"Developed regions (Europe, Cyprus, Israel, Northern America, Japan, Australia & New Zealand)",,2001,18.1
"Developed regions (Europe, Cyprus, Israel, Northern America, Japan, Australia & New Zealand)",,2002,17.6
"Developed regions (Europe, Cyprus, Israel, Northern America, Japan, Australia & New Zealand)",,2003,17.1
"Developed regions (Europe, Cyprus, Israel, Northern America, Japan, Australia & New Zealand)",,2004,16.7
"Developed regions (Europe, Cyprus, Israel, Northern America, Japan, Australia & New Zealand)",,2005,16.2
"Developed regions (Europe, Cyprus, Israel, Northern America, Japan, Australia & New Zealand)",,2006,16
"Developed regions (Europe, Cyprus, Israel, Northern America, Japan, Australia & New Zealand)",,2007,15.9
"Developed regions (Europe, Cyprus, Israel, Northern America, Japan, Australia & New Zealand)",,2008,15.3
"Developed regions (Europe, Cyprus, Israel, Northern America, Japan, Australia & New Zealand)",,2009,14.4
"Developed regions (Europe, Cyprus, Israel, Northern America, Japan, Australia & New Zealand)",,2010,14.1
"Developed regions (Europe, Cyprus, Israel, Northern America, Japan, Australia & New Zealand)",,2011,14.1
"Developed regions (Europe, Cyprus, Israel, Northern America, Japan, Australia & New Zealand)",,2012,14
"Developed regions (Europe, Cyprus, Israel, Northern America, Japan, Australia & New Zealand)",,2013,13.9
"Developed regions (Europe, Cyprus, Israel, Northern America, Japan, Australia & New Zealand)",,2014,13.8
"Developed regions (Europe, Cyprus, Israel, Northern America, Japan, Australia & New Zealand)",,2015,13.7
"Developed regions (Europe, Cyprus, Israel, Northern America, Japan, Australia & New Zealand)",,2016,13.7
"Developed regions (Europe, Cyprus, Israel, Northern America, Japan, Australia & New Zealand)",,2017,13.6
"Developed regions (Europe, Cyprus, Israel, Northern America, Japan, Australia & New Zealand)",,2018,13.6
"Developed regions (Europe, Cyprus, Israel, Northern America, Japan, Australia & New Zealand)",,2019,13.5
"Developed regions (Europe, Cyprus, Israel, Northern America, Japan, Australia & New Zealand)",,2020,13.4
Developing regions,,2000,14.1
Developing regions,,2001,14
Developing regions,,2002,13.6
Developing regions,,2003,13.6
Developing regions,,2004,13.9
Developing regions,,2005,14.2
Developing regions,,2006,14.5
Developing regions,,2007,14.8
Developing regions,,2008,14.6
Developing regions,,2009,14.5
Developing regions,,2010,14.6
Developing regions,,2011,14.8
Developing regions,,2012,15
Developing regions,,2013,14.9
Developing regions,,2014,14.8
Developing regions,,2015,14.6
Developing regions,,2016,14.3
Developing regions,,2017,14.1
Developing regions,,2018,14.1
Developing regions,,2019,13.8
Developing regions,,2020,13
Djibouti,DJI,2017,0.2
Dominica,DMA,2001,7.8
Dominican Republic,DOM,2000,17.2
Dominican Republic,DOM,2001,15.6
Dominican Republic,DOM,2002,14.4
Dominican Republic,DOM,2003,14.7
Dominican Republic,DOM,2004,15.4
Dominican Republic,DOM,2005,15
Dominican Republic,DOM,2006,14.3
Dominican Republic,DOM,2007,14.3
Dominican Republic,DOM,2008,13.4
Dominican Republic,DOM,2009,10.8
Dominican Republic,DOM,2010,10.8
Dominican Republic,DOM,2011,10.5
Dominican Republic,DOM,2012,10.6
Dominican Republic,DOM,2013,10.1
Dominican Republic,DOM,2014,10
Dominican Republic,DOM,2015,9.9
Dominican Republic,DOM,2016,10.2
Dominican Republic,DOM,2017,10
Dominican Republic,DOM,2018,9.9
Dominican Republic,DOM,2019,10.1
Dominican Republic,DOM,2020,10.5
Eastern Africa,,2000,4.8
Eastern Africa,,2001,4.6
Eastern Africa,,2002,4.4
Eastern Africa,,2003,4.3
Eastern Africa,,2004,4.1
Eastern Africa,,2005,4
Eastern Africa,,2006,4.1
Eastern Africa,,2007,4
Eastern Africa,,2008,4
Eastern Africa,,2009,4
Eastern Africa,,2010,4
Eastern Africa,,2011,4
Eastern Africa,,2012,4
Eastern Africa,,2013,4
Eastern Africa,,2014,4
Eastern Africa,,2015,4
Eastern Africa,,2016,4
Eastern Africa,,2017,4
Eastern Africa,,2018,4
Eastern Africa,,2019,4
Eastern Africa,,2020,3.8
Eastern Asia,,2000,19.3
Eastern Asia,,2001,19
Eastern Asia,,2002,18.2
Eastern Asia,,2003,18.2
Eastern Asia,,2004,18.7
Eastern Asia,,2005,19.4
Eastern Asia,,2006,20.2
Eastern Asia,,2007,21.1
Eastern Asia,,2008,21.2
Eastern Asia,,2009,21.3
Eastern Asia,,2010,21.7
Eastern Asia,,2011,22
Eastern Asia,,2012,22.2
Eastern Asia,,2013,22
Eastern Asia,,2014,21.6
Eastern Asia,,2015,20.9
Eastern Asia,,2016,20.5
Eastern Asia,,2017,19.8
Eastern Asia,,2018,19.7
Eastern Asia,,2019,18.9
Eastern Asia,,2020,17.8
Eastern Asia (excluding Japan and China),,2000,19.4
Eastern Asia (excluding Japan and China),,2001,19
Eastern Asia (excluding Japan and China),,2002,18.4
Eastern Asia (excluding Japan and China),,2003,18.2
Eastern Asia (excluding Japan and China),,2004,17.9
Eastern Asia (excluding Japan and China),,2005,17.7
Eastern Asia (excluding Japan and China),,2006,17.2
Eastern Asia (excluding Japan and China),,2007,16.8
Eastern Asia (excluding Japan and China),,2008,16.7
Eastern Asia (excluding Japan and China),,2009,16.1
Eastern Asia (excluding Japan and China),,2010,16.3
Eastern Asia (excluding Japan and China),,2011,16.2
Eastern Asia (excluding Japan and China),,2012,16
Eastern Asia (excluding Japan and China),,2013,17.1
Eastern Asia (excluding Japan and China),,2014,16.1
Eastern Asia (excluding Japan and China),,2015,16
Eastern Asia (excluding Japan and China),,2016,16
Eastern Asia (excluding Japan and China),,2017,15.6
Eastern Asia (excluding Japan and China),,2018,15.3
Eastern Asia (excluding Japan and China),,2019,15.1
Eastern Asia (excluding Japan and China),,2020,15.1
Eastern Asia (excluding Japan),,2000,19.2
Eastern Asia (excluding Japan),,2001,18.9
Eastern Asia (excluding Japan),,2002,18.1
Eastern Asia (excluding Japan),,2003,18.1
Eastern Asia (excluding Japan),,2004,18.7
Eastern Asia (excluding Japan),,2005,19.5
Eastern Asia (excluding Japan),,2006,20.4
Eastern Asia (excluding Japan),,2007,21.4
Eastern Asia (excluding Japan),,2008,21.5
Eastern Asia (excluding Japan),,2009,21.6
Eastern Asia (excluding Japan),,2010,22
Eastern Asia (excluding Japan),,2011,22.4
Eastern Asia (excluding Japan),,2012,22.7
Eastern Asia (excluding Japan),,2013,22.4
Eastern Asia (excluding Japan),,2014,21.9
Eastern Asia (excluding Japan),,2015,21.3
Eastern Asia (excluding Japan),,2016,20.8
Eastern Asia (excluding Japan),,2017,20.1
Eastern Asia (excluding Japan),,2018,20
Eastern Asia (excluding Japan),,2019,19.2
Eastern Asia (excluding Japan),,2020,18
Eastern Europe,,2000,19.6
Eastern Europe,,2001,19.9
Eastern Europe,,2002,20
Eastern Europe,,2003,19.3
Eastern Europe,,2004,19.1
Eastern Europe,,2005,18.6
Eastern Europe,,2006,18.5
Eastern Europe,,2007,18.5
Eastern Europe,,2008,17.6
Eastern Europe,,2009,16.6
Eastern Europe,,2010,16.3
Eastern Europe,,2011,16.2
Eastern Europe,,2012,16.2
Eastern Europe,,2013,16
Eastern Europe,,2014,16.1
Eastern Europe,,2015,16
Eastern Europe,,2016,16.1
Eastern Europe,,2017,16.3
Eastern Europe,,2018,16.3
Eastern Europe,,2019,16.4
Eastern Europe,,2020,16.2
Eastern and South-Eastern Asia,,2000,17.7
Eastern and South-Eastern Asia,,2001,17.5
Eastern and South-Eastern Asia,,2002,16.9
Eastern and South-Eastern Asia,,2003,16.8
Eastern and South-Eastern Asia,,2004,17.2
Eastern and South-Eastern Asia,,2005,17.9
Eastern and South-Eastern Asia,,2006,18.5
Eastern and South-Eastern Asia,,2007,19.2
Eastern and South-Eastern Asia,,2008,19.2
Eastern and South-Eastern Asia,,2009,19.1
Eastern and South-Eastern Asia,,2010,19.4
Eastern and South-Eastern Asia,,2011,19.6
Eastern and South-Eastern Asia,,2012,19.8
Eastern and South-Eastern Asia,,2013,19.6
Eastern and South-Eastern Asia,,2014,19.4
Eastern and South-Eastern Asia,,2015,19
Eastern and South-Eastern Asia,,2016,18.7
Eastern and South-Eastern Asia,,2017,18.3
Eastern and South-Eastern Asia,,2018,18.3
Eastern and South-Eastern Asia,,2019,17.7
Eastern and South-Eastern Asia,,2020,16.9
Ecuador,ECU,2000,15.6
Ecuador,ECU,2001,13.3
Ecuador,ECU,2002,14.5
Ecuador,ECU,2003,11.5
Ecuador,ECU,2004,11.5
Ecuador,ECU,2005,10.9
Ecuador,ECU,2006,11.2
Ecuador,ECU,2007,11
Ecuador,ECU,2008,11.2
Ecuador,ECU,2009,10.8
Ecuador,ECU,2010,11.2
Ecuador,ECU,2011,10.7
Ecuador,ECU,2012,10.4
Ecuador,ECU,2013,10.8
Ecuador,ECU,2014,10.8
Ecuador,ECU,2015,11
Ecuador,ECU,2016,10.8
Ecuador,ECU,2017,10.8
Ecuador,ECU,2018,10.9
Ecuador,ECU,2019,10.3
Ecuador,ECU,2020,9.5
Ecuador,ECU,2021,9.9
Egypt,EGY,2000,11.9
Egypt,EGY,2001,12.1
Egypt,EGY,2002,11.6
Egypt,EGY,2003,10.9
Egypt,EGY,2004,11.1
Egypt,EGY,2005,11.5
Egypt,EGY,2006,11.7
Egypt,EGY,2007,11.1
Egypt,EGY,2008,11.3
Egypt,EGY,2009,11.6
Egypt,EGY,2010,12.1
Egypt,EGY,2011,9.8
Egypt,EGY,2012,11.1
Egypt,EGY,2013,10.7
Egypt,EGY,2014,11.1
Egypt,EGY,2015,11.2
Egypt,EGY,2016,11.5
Egypt,EGY,2017,12
Egypt,EGY,2018,12.5
Egypt,EGY,2019,13
Egypt,EGY,2020,13
El Salvador,SLV,2000,18.7
El Salvador,SLV,2001,17.6
El Salvador,SLV,2002,18
El Salvador,SLV,2003,17.8
El Salvador,SLV,2004,16.8
El Salvador,SLV,2005,16.2
El Salvador,SLV,2006,15.8
El Salvador,SLV,2007,16.7
El Salvador,SLV,2008,17.1
El Salvador,SLV,2009,15.2
El Salvador,SLV,2010,15.5
El Salvador,SLV,2011,15.5
El Salvador,SLV,2012,15.4
El Salvador,SLV,2013,14.6
El Salvador,SLV,2014,14.9
El Salvador,SLV,2015,16
El Salvador,SLV,2016,15.2
El Salvador,SLV,2017,15.5
El Salvador,SLV,2018,15
El Salvador,SLV,2019,14.9
El Salvador,SLV,2020,16.1
Estonia,EST,2000,24
Estonia,EST,2001,24.1
Estonia,EST,2002,21.3
Estonia,EST,2003,21.5
Estonia,EST,2004,23.7
Estonia,EST,2005,22.9
Estonia,EST,2006,21
Estonia,EST,2007,20.4
Estonia,EST,2008,20.4
Estonia,EST,2009,18.9
Estonia,EST,2010,18.8
Estonia,EST,2011,19.7
Estonia,EST,2012,18.8
Estonia,EST,2013,18.7
Estonia,EST,2014,18.3
Estonia,EST,2015,18.8
Estonia,EST,2016,18.7
Estonia,EST,2017,19
Estonia,EST,2018,18.6
Estonia,EST,2019,18.1
Estonia,EST,2020,18.1
Eswatini,SWZ,2016,15.8
Ethiopia,ETH,2005,5.3
Ethiopia,ETH,2013,5.1
Europe,,2000,19.7
Europe,,2001,19.6
Europe,,2002,19.4
Europe,,2003,18.7
Europe,,2004,18.4
Europe,,2005,17.9
Europe,,2006,17.7
Europe,,2007,17.6
Europe,,2008,16.6
Europe,,2009,15.7
Europe,,2010,15.4
Europe,,2011,15.3
Europe,,2012,15.2
Europe,,2013,15
Europe,,2014,15
Europe,,2015,14.9
Europe,,2016,14.9
Europe,,2017,15
Europe,,2018,15
Europe,,2019,15
Europe,,2020,14.8
Europe and Northern America,,2000,18.2
Europe and Northern America,,2001,17.9
Europe and Northern America,,2002,17.5
Europe and Northern America,,2003,17
Europe and Northern America,,2004,16.6
Europe and Northern America,,2005,16.1
Europe and Northern America,,2006,15.9
Europe and Northern America,,2007,15.8
Europe and Northern America,,2008,15
Europe and Northern America,,2009,14.2
Europe and Northern America,,2010,13.9
Europe and Northern America,,2011,13.9
Europe and Northern America,,2012,13.8
Europe and Northern America,,2013,13.7
Europe and Northern America,,2014,13.6
Europe and Northern America,,2015,13.5
Europe and Northern America,,2016,13.5
Europe and Northern America,,2017,13.5
Europe and Northern America,,2018,13.4
Europe and Northern America,,2019,13.4
Europe and Northern America,,2020,13.3
Falkland Islands,FLK,2012,1.6
Falkland Islands,FLK,2016,0
Fiji,FJI,2005,13.7
Fiji,FJI,2006,20.2
Fiji,FJI,2007,16.8
Fiji,FJI,2011,9.3
Fiji,FJI,2014,6.9
Fiji,FJI,2016,5.6
Finland,FIN,2000,20.3
Finland,FIN,2001,19.9
Finland,FIN,2002,19.7
Finland,FIN,2003,18.9
Finland,FIN,2004,18.7
Finland,FIN,2005,18.2
Finland,FIN,2006,18.1
Finland,FIN,2007,17.9
Finland,FIN,2008,16.5
Finland,FIN,2009,15.4
Finland,FIN,2010,14.8
Finland,FIN,2011,14.5
Finland,FIN,2012,14.4
Finland,FIN,2013,14.3
Finland,FIN,2014,13.5
Finland,FIN,2015,13.5
Finland,FIN,2016,13.4
Finland,FIN,2017,13.2
Finland,FIN,2018,13.3
Finland,FIN,2019,12.8
Finland,FIN,2020,13
France,FRA,2000,18.8
France,FRA,2001,18.5
France,FRA,2002,17.8
France,FRA,2003,16.4
France,FRA,2004,16.4
France,FRA,2005,16.1
France,FRA,2006,15.9
France,FRA,2007,15.5
France,FRA,2008,14.4
France,FRA,2009,13.7
France,FRA,2010,13.1
France,FRA,2011,13.2
France,FRA,2012,12.8
France,FRA,2013,12.5
France,FRA,2014,12.1
France,FRA,2015,12.2
France,FRA,2016,12.1
France,FRA,2017,12.2
France,FRA,2018,11.7
France,FRA,2019,11.8
France,FRA,2020,11.5
French Polynesia,PYF,2002,8.1
French Polynesia,PYF,2007,6.2
Gambia,GMB,2012,9.4
Gambia,GMB,2018,2.3
Georgia,GEO,2000,5.9
Georgia,GEO,2001,5.5
Georgia,GEO,2002,4.6
Georgia,GEO,2003,4.9
Georgia,GEO,2004,5.1
Georgia,GEO,2005,5.2
Georgia,GEO,2006,4.7
Georgia,GEO,2007,4.9
Georgia,GEO,2009,4.9
Georgia,GEO,2010,5.3
Georgia,GEO,2011,5.2
Georgia,GEO,2012,5.2
Georgia,GEO,2013,5.3
Georgia,GEO,2014,5.2
Georgia,GEO,2015,5
Georgia,GEO,2016,5.4
Georgia,GEO,2017,5.9
Georgia,GEO,2018,6.2
Georgia,GEO,2019,5.8
Georgia,GEO,2020,8.1
Germany,DEU,2000,23.8
Germany,DEU,2001,23.6
Germany,DEU,2002,23.5
Germany,DEU,2003,23
Germany,DEU,2004,23.1
Germany,DEU,2005,22.1
Germany,DEU,2006,21.9
Germany,DEU,2007,22.1
Germany,DEU,2008,21
Germany,DEU,2009,20.4
Germany,DEU,2010,20
Germany,DEU,2011,19.8
Germany,DEU,2012,19.7
Germany,DEU,2013,19.4
Germany,DEU,2014,19.6
Germany,DEU,2015,19.3
Germany,DEU,2016,19.2
Germany,DEU,2017,19
Germany,DEU,2018,19.1
Germany,DEU,2019,18.9
Germany,DEU,2020,19.9
Ghana,GHA,2000,10.6
Ghana,GHA,2006,11.4
Ghana,GHA,2010,10.7
Ghana,GHA,2013,8.9
Ghana,GHA,2015,14
Ghana,GHA,2017,13.7
Greece,GRC,2000,14
Greece,GRC,2001,14.2
Greece,GRC,2002,13.9
Greece,GRC,2003,13.2
Greece,GRC,2004,13.1
Greece,GRC,2005,12.8
Greece,GRC,2006,12.6
Greece,GRC,2007,12.4
Greece,GRC,2008,11.8
Greece,GRC,2009,11.4
Greece,GRC,2010,10.7
Greece,GRC,2011,10.1
Greece,GRC,2012,9.5
Greece,GRC,2013,9.2
Greece,GRC,2014,9
Greece,GRC,2015,9.3
Greece,GRC,2016,9.5
Greece,GRC,2017,9.6
Greece,GRC,2018,9.4
Greece,GRC,2019,9.6
Greece,GRC,2020,9.6
Guatemala,GTM,2000,16.7
Guatemala,GTM,2002,15
Guatemala,GTM,2003,17.2
Guatemala,GTM,2004,14
Guatemala,GTM,2006,15.9
Guatemala,GTM,2010,15.7
Guatemala,GTM,2011,14.2
Guatemala,GTM,2012,13.4
Guatemala,GTM,2013,11.7
Guatemala,GTM,2014,14
Guatemala,GTM,2015,12.8
Guatemala,GTM,2016,13.5
Guatemala,GTM,2017,12.7
Guatemala,GTM,2018,12.8
Guatemala,GTM,2019,11.7
Guinea,GIN,2002,2.8
Guinea-Bissau,GNB,2018,6.7
Guyana,GUY,2002,12.8
Guyana,GUY,2018,10.9
Guyana,GUY,2019,10.5
Haiti,HTI,2003,6.7
Haiti,HTI,2012,1.4
Honduras,HND,2001,16
Honduras,HND,2002,15.9
Honduras,HND,2003,15.7
Honduras,HND,2004,15.8
Honduras,HND,2005,16.6
Honduras,HND,2006,15.2
Honduras,HND,2007,15
Honduras,HND,2008,14.7
Honduras,HND,2009,13.3
Honduras,HND,2010,12.9
Honduras,HND,2011,13.6
Honduras,HND,2012,13.6
Honduras,HND,2013,12.8
Honduras,HND,2014,15.8
Honduras,HND,2015,15
Honduras,HND,2016,15
Honduras,HND,2017,13.8
Honduras,HND,2018,13.6
Honduras,HND,2019,13.7
Honduras,HND,2020,16.2
Hungary,HUN,2000,24.2
Hungary,HUN,2001,24.8
Hungary,HUN,2002,24.9
Hungary,HUN,2003,23.6
Hungary,HUN,2004,23
Hungary,HUN,2005,22.4
Hungary,HUN,2006,22
Hungary,HUN,2007,22.2
Hungary,HUN,2008,21.9
Hungary,HUN,2009,20.9
Hungary,HUN,2010,20.8
Hungary,HUN,2011,21.3
Hungary,HUN,2012,20.7
Hungary,HUN,2013,21
Hungary,HUN,2014,21.6
Hungary,HUN,2015,21.4
Hungary,HUN,2016,21.7
Hungary,HUN,2017,22.4
Hungary,HUN,2018,22.5
Hungary,HUN,2019,22.1
Hungary,HUN,2020,21.6
Iceland,ISL,2000,15
Iceland,ISL,2001,14.8
Iceland,ISL,2002,14.1
Iceland,ISL,2003,13.5
Iceland,ISL,2004,14.2
Iceland,ISL,2005,13
Iceland,ISL,2006,11.9
Iceland,ISL,2007,10.9
Iceland,ISL,2008,10.5
Iceland,ISL,2009,11
Iceland,ISL,2010,10.7
Iceland,ISL,2011,11.2
Iceland,ISL,2012,11.5
Iceland,ISL,2013,11.4
Iceland,ISL,2014,11.1
Iceland,ISL,2015,10.2
Iceland,ISL,2016,10.1
Iceland,ISL,2017,9.7
Iceland,ISL,2018,9.1
Iceland,ISL,2019,9.3
Iceland,ISL,2020,9.6
India,IND,2000,10.7
India,IND,2005,11.8
India,IND,2010,11.1
India,IND,2012,12.5
India,IND,2018,12.2
India,IND,2019,12.1
India,IND,2020,11.3
Indonesia,IDN,2000,13
Indonesia,IDN,2001,13.3
Indonesia,IDN,2002,13.2
Indonesia,IDN,2003,12.4
Indonesia,IDN,2004,11.8
Indonesia,IDN,2005,12.7
Indonesia,IDN,2006,12.5
Indonesia,IDN,2007,12.4
Indonesia,IDN,2008,12.2
Indonesia,IDN,2009,12.2
Indonesia,IDN,2010,12.5
Indonesia,IDN,2011,13
Indonesia,IDN,2012,13.6
Indonesia,IDN,2013,13.5
Indonesia,IDN,2014,13.5
Indonesia,IDN,2015,13.7
Indonesia,IDN,2016,13.5
Indonesia,IDN,2017,14.1
Indonesia,IDN,2018,14.4
Indonesia,IDN,2019,14.4
Indonesia,IDN,2020,13.8
Indonesia,IDN,2021,13.9
Iran,IRN,2005,13.6
Iran,IRN,2006,12.9
Iran,IRN,2007,12.7
Iran,IRN,2008,15.9
Iran,IRN,2009,16.2
Iran,IRN,2010,15.6
Iran,IRN,2011,15.3
Iran,IRN,2012,15.4
Iran,IRN,2013,17.2
Iran,IRN,2014,17
Iran,IRN,2015,17
Iran,IRN,2016,17.2
Iran,IRN,2017,17
Iran,IRN,2018,17.5
Iran,IRN,2019,17.6
Iran,IRN,2020,17.4
Ireland,IRL,2000,17.5
Ireland,IRL,2001,17.4
Ireland,IRL,2002,16.2
Ireland,IRL,2003,16
Ireland,IRL,2004,15.3
Ireland,IRL,2005,13.9
Ireland,IRL,2006,13.2
Ireland,IRL,2007,13.1
Ireland,IRL,2008,12.1
Ireland,IRL,2009,11.6
Ireland,IRL,2010,11.2
Ireland,IRL,2011,11.3
Ireland,IRL,2012,11.2
Ireland,IRL,2013,11.3
Ireland,IRL,2014,11.2
Ireland,IRL,2015,11.4
Ireland,IRL,2016,11.7
Ireland,IRL,2017,11.5
Ireland,IRL,2018,11
Ireland,IRL,2019,11
Ireland,IRL,2020,11.5
Isle of Man,IMN,2001,7.9
Isle of Man,IMN,2006,5.1
Isle of Man,IMN,2011,2
Isle of Man,IMN,2016,4.6
Israel,ISR,2000,17.3
Israel,ISR,2001,16.8
Israel,ISR,2002,16
Israel,ISR,2003,15.7
Israel,ISR,2004,15.6
Israel,ISR,2005,15.3
Israel,ISR,2006,15.1
Israel,ISR,2007,15.2
Israel,ISR,2008,15.1
Israel,ISR,2009,14.3
Israel,ISR,2010,13.9
Israel,ISR,2011,13.4
Israel,ISR,2012,11.5
Israel,ISR,2013,11.6
Israel,ISR,2014,11.6
Israel,ISR,2015,11.3
Israel,ISR,2016,11.2
Israel,ISR,2017,10.9
Italy,ITA,2000,23.1
Italy,ITA,2001,22.8
Italy,ITA,2002,22.7
Italy,ITA,2003,22.4
Italy,ITA,2004,21.8
Italy,ITA,2005,21.4
Italy,ITA,2006,21
Italy,ITA,2007,21
Italy,ITA,2008,19.9
Italy,ITA,2009,19.3
Italy,ITA,2010,18.6
Italy,ITA,2011,18.7
Italy,ITA,2012,18.3
Italy,ITA,2013,18.3
Italy,ITA,2014,18.6
Italy,ITA,2015,18.4
Italy,ITA,2016,18.2
Italy,ITA,2017,18.2
Italy,ITA,2018,18.4
Italy,ITA,2019,18.5
Italy,ITA,2020,18.7
Jamaica,JAM,2000,7
Jamaica,JAM,2001,7.3
Jamaica,JAM,2002,6.8
Jamaica,JAM,2003,7
Jamaica,JAM,2004,6.8
Jamaica,JAM,2005,6.7
Jamaica,JAM,2006,6.5
Jamaica,JAM,2007,6.1
Jamaica,JAM,2008,7.3
Jamaica,JAM,2009,6.9
Jamaica,JAM,2010,6.8
Jamaica,JAM,2011,6.8
Jamaica,JAM,2012,6.9
Jamaica,JAM,2013,6.5
Jamaica,JAM,2014,6.5
Jamaica,JAM,2015,6.4
Jamaica,JAM,2016,6.6
Jamaica,JAM,2017,6.6
Jamaica,JAM,2018,6.6
Jamaica,JAM,2019,6.3
Jamaica,JAM,2020,6.1
Japan,JPN,2000,20.6
Japan,JPN,2001,20.1
Japan,JPN,2002,19.3
Japan,JPN,2003,18.7
Japan,JPN,2004,18.2
Japan,JPN,2005,18
Japan,JPN,2006,18.2
Japan,JPN,2007,18.2
Japan,JPN,2008,18
Japan,JPN,2009,17.1
Japan,JPN,2010,16.8
Japan,JPN,2011,16.7
Japan,JPN,2012,16.5
Japan,JPN,2013,16.5
Japan,JPN,2014,16.4
Japan,JPN,2015,16.3
Japan,JPN,2016,16.1
Japan,JPN,2017,16.1
Japan,JPN,2018,15.9
Japan,JPN,2019,15.8
Japan,JPN,2020,15.7
Japan,JPN,2021,15.6
Jersey,JEY,2000,4.6
Jersey,JEY,2001,4.5
Jersey,JEY,2002,4.3
Jersey,JEY,2003,3.9
Jersey,JEY,2004,3.5
Jersey,JEY,2005,3.3
Jersey,JEY,2006,3
Jersey,JEY,2007,2.9
Jersey,JEY,2008,2.6
Jersey,JEY,2013,2
Jordan,JOR,2002,12.7
Jordan,JOR,2004,14.2
Jordan,JOR,2017,10.9
Jordan,JOR,2018,9.6
Jordan,JOR,2019,8.9
Jordan,JOR,2020,9
Kazakhstan,KAZ,2001,7.7
Kazakhstan,KAZ,2002,7.5
Kazakhstan,KAZ,2003,7.3
Kazakhstan,KAZ,2004,7.2
Kazakhstan,KAZ,2005,7.4
Kazakhstan,KAZ,2006,7.5
Kazakhstan,KAZ,2007,7.5
Kazakhstan,KAZ,2008,7.3
Kazakhstan,KAZ,2009,6.9
Kazakhstan,KAZ,2010,7
Kazakhstan,KAZ,2011,6.5
Kazakhstan,KAZ,2012,6.4
Kazakhstan,KAZ,2013,6.4
Kazakhstan,KAZ,2015,6.4
Kazakhstan,KAZ,2017,6.8
Kenya,KEN,2005,3.6
Kenya,KEN,2019,6.9
Kiribati,KIR,2000,1.6
Kiribati,KIR,2005,2.3
Kiribati,KIR,2010,13.2
Kiribati,KIR,2015,14.3
Kiribati,KIR,2019,5.2
Kuwait,KWT,2003,5.1
Kuwait,KWT,2005,4.4
Kuwait,KWT,2008,4.4
Kuwait,KWT,2016,19.8
Kuwait,KWT,2017,5.7
Kyrgyzstan,KGZ,2000,6.4
Kyrgyzstan,KGZ,2001,6.2
Kyrgyzstan,KGZ,2002,6.7
Kyrgyzstan,KGZ,2003,7.3
Kyrgyzstan,KGZ,2004,7.7
Kyrgyzstan,KGZ,2005,7.9
Kyrgyzstan,KGZ,2006,8.5
Kyrgyzstan,KGZ,2007,8.4
Kyrgyzstan,KGZ,2008,8.2
Kyrgyzstan,KGZ,2012,7.6
Kyrgyzstan,KGZ,2013,6.9
Kyrgyzstan,KGZ,2014,7
Kyrgyzstan,KGZ,2015,7.4
Kyrgyzstan,KGZ,2016,7.6
Kyrgyzstan,KGZ,2017,10.1
Kyrgyzstan,KGZ,2018,11.8
Kyrgyzstan,KGZ,2019,11.8
Kyrgyzstan,KGZ,2020,11.6
Landlocked developing countries (LLDCs),,2000,6.5
Landlocked developing countries (LLDCs),,2001,6.5
Landlocked developing countries (LLDCs),,2002,6.5
Landlocked developing countries (LLDCs),,2003,6.6
Landlocked developing countries (LLDCs),,2004,6.6
Landlocked developing countries (LLDCs),,2005,6.5
Landlocked developing countries (LLDCs),,2006,6.5
Landlocked developing countries (LLDCs),,2007,6.6
Landlocked developing countries (LLDCs),,2008,6.6
Landlocked developing countries (LLDCs),,2009,6.6
Landlocked developing countries (LLDCs),,2010,6.6
Landlocked developing countries (LLDCs),,2011,6.5
Landlocked developing countries (LLDCs),,2012,6.5
Landlocked developing countries (LLDCs),,2013,6.5
Landlocked developing countries (LLDCs),,2014,6.5
Landlocked developing countries (LLDCs),,2015,6.5
Landlocked developing countries (LLDCs),,2016,6.4
Landlocked developing countries (LLDCs),,2017,6.6
Landlocked developing countries (LLDCs),,2018,6.6
Landlocked developing countries (LLDCs),,2019,6.6
Landlocked developing countries (LLDCs),,2020,6.3
Laos,LAO,2010,5.1
Laos,LAO,2017,7.9
Latin America and the Caribbean,,2000,14.5
Latin America and the Caribbean,,2001,14.3
Latin America and the Caribbean,,2002,14
Latin America and the Caribbean,,2003,13.8
Latin America and the Caribbean,,2004,13.9
Latin America and the Caribbean,,2005,13.9
Latin America and the Caribbean,,2006,13.8
Latin America and the Caribbean,,2007,14
Latin America and the Caribbean,,2008,13.8
Latin America and the Caribbean,,2009,13.2
Latin America and the Caribbean,,2010,13
Latin America and the Caribbean,,2011,12.7
Latin America and the Caribbean,,2012,12.8
Latin America and the Caribbean,,2013,12.5
Latin America and the Caribbean,,2014,12.6
Latin America and the Caribbean,,2015,12.5
Latin America and the Caribbean,,2016,12.1
Latin America and the Caribbean,,2017,12.1
Latin America and the Caribbean,,2018,12
Latin America and the Caribbean,,2019,11.9
Latin America and the Caribbean,,2020,11.7
Latvia,LVA,2000,18.5
Latvia,LVA,2001,17.1
Latvia,LVA,2002,16.4
Latvia,LVA,2003,16.6
Latvia,LVA,2004,16.2
Latvia,LVA,2005,15.2
Latvia,LVA,2006,15.1
Latvia,LVA,2007,14.4
Latvia,LVA,2008,14.8
Latvia,LVA,2009,13.2
Latvia,LVA,2010,13.2
Latvia,LVA,2011,13.3
Latvia,LVA,2012,14
Latvia,LVA,2013,14.1
Latvia,LVA,2014,13.4
Latvia,LVA,2015,13
Latvia,LVA,2016,13.8
Latvia,LVA,2017,13.5
Latvia,LVA,2018,12.9
Latvia,LVA,2019,12.7
Latvia,LVA,2020,12.8
Least developed countries (LDCs),,2000,5.7
Least developed countries (LDCs),,2001,5.9
Least developed countries (LDCs),,2002,6
Least developed countries (LDCs),,2003,6.1
Least developed countries (LDCs),,2004,6.3
Least developed countries (LDCs),,2005,6.4
Least developed countries (LDCs),,2006,6.5
Least developed countries (LDCs),,2007,6.6
Least developed countries (LDCs),,2008,6.7
Least developed countries (LDCs),,2009,6.8
Least developed countries (LDCs),,2010,6.9
Least developed countries (LDCs),,2011,6.9
Least developed countries (LDCs),,2012,7
Least developed countries (LDCs),,2013,7
Least developed countries (LDCs),,2014,7.1
Least developed countries (LDCs),,2015,7.2
Least developed countries (LDCs),,2016,7.2
Least developed countries (LDCs),,2017,7.3
Least developed countries (LDCs),,2018,7.3
Least developed countries (LDCs),,2019,7.3
Least developed countries (LDCs),,2020,7
Lebanon,LBN,2019,10.9
Lesotho,LSO,2008,18
Lesotho,LSO,2019,27.9
Liberia,LBR,2010,6.4
Liberia,LBR,2017,2.1
Lithuania,LTU,2000,18.2
Lithuania,LTU,2001,18.1
Lithuania,LTU,2002,17.8
Lithuania,LTU,2003,18.1
Lithuania,LTU,2004,17.9
Lithuania,LTU,2005,18
Lithuania,LTU,2006,17.7
Lithuania,LTU,2007,17.5
Lithuania,LTU,2008,17.1
Lithuania,LTU,2009,15.8
Lithuania,LTU,2010,15.4
Lithuania,LTU,2011,15.6
Lithuania,LTU,2012,15.7
Lithuania,LTU,2013,15.4
Lithuania,LTU,2014,15.1
Lithuania,LTU,2015,15.2
Lithuania,LTU,2016,15.4
Lithuania,LTU,2017,15.4
Lithuania,LTU,2018,16
Lithuania,LTU,2019,15.9
Lithuania,LTU,2020,15.8
Luxembourg,LUX,2000,11.5
Luxembourg,LUX,2001,11.2
Luxembourg,LUX,2002,10.3
Luxembourg,LUX,2003,9.8
Luxembourg,LUX,2004,9.5
Luxembourg,LUX,2005,8.7
Luxembourg,LUX,2006,8.1
Luxembourg,LUX,2007,7.9
Luxembourg,LUX,2008,6.3
Luxembourg,LUX,2009,6.2
Luxembourg,LUX,2010,5.6
Luxembourg,LUX,2011,5.8
Luxembourg,LUX,2012,5.3
Luxembourg,LUX,2013,4.9
Luxembourg,LUX,2014,5.4
Luxembourg,LUX,2015,4.6
Luxembourg,LUX,2016,4.2
Luxembourg,LUX,2017,3.4
Luxembourg,LUX,2018,4.2
Luxembourg,LUX,2019,3.8
Luxembourg,LUX,2020,3.8
Macao,MAC,2000,19.5
Macao,MAC,2001,21.8
Macao,MAC,2002,20.5
Macao,MAC,2003,18.4
Macao,MAC,2004,16.5
Macao,MAC,2005,14.9
Macao,MAC,2006,11.1
Macao,MAC,2007,7.1
Macao,MAC,2008,7.7
Macao,MAC,2009,5.3
Macao,MAC,2010,4.8
Macao,MAC,2011,3.9
Macao,MAC,2012,3
Macao,MAC,2013,2.5
Macao,MAC,2014,1.9
Macao,MAC,2015,1.7
Macao,MAC,2016,2
Macao,MAC,2017,1.7
Macao,MAC,2018,1.7
Macao,MAC,2019,1.6
Macao,MAC,2020,1.6
Madagascar,MDG,2003,5.6
Madagascar,MDG,2005,2.8
Madagascar,MDG,2012,5.2
Madagascar,MDG,2015,6.7
Malawi,MWI,2013,3.9
Malaysia,MYS,2000,22.8
Malaysia,MYS,2001,23.3
Malaysia,MYS,2002,21.7
Malaysia,MYS,2003,21.6
Malaysia,MYS,2004,20.3
Malaysia,MYS,2005,19.8
Malaysia,MYS,2006,20.3
Malaysia,MYS,2007,18.9
Malaysia,MYS,2008,18.2
Malaysia,MYS,2009,16.5
Malaysia,MYS,2010,16.8
Malaysia,MYS,2011,11.7
Malaysia,MYS,2012,16.4
Malaysia,MYS,2013,16.6
Malaysia,MYS,2015,16.5
Malaysia,MYS,2016,16.9
Malaysia,MYS,2017,17.4
Malaysia,MYS,2018,16.9
Malaysia,MYS,2019,17.8
Malaysia,MYS,2020,16.7
Maldives,MDV,2000,12.9
Maldives,MDV,2003,17.8
Maldives,MDV,2009,9.1
Maldives,MDV,2014,11.2
Maldives,MDV,2016,11
Maldives,MDV,2019,10.4
Mali,MLI,2004,11.5
Mali,MLI,2013,4.1
Mali,MLI,2014,5
Mali,MLI,2015,4.8
Mali,MLI,2016,3.9
Mali,MLI,2017,5.2
Mali,MLI,2018,4.2
Malta,MLT,2000,22.8
Malta,MLT,2001,21.4
Malta,MLT,2002,21.4
Malta,MLT,2003,19.3
Malta,MLT,2004,20.2
Malta,MLT,2005,19.2
Malta,MLT,2006,17.4
Malta,MLT,2007,16.5
Malta,MLT,2008,15
Malta,MLT,2009,14.8
Malta,MLT,2010,15.1
Malta,MLT,2011,15.2
Malta,MLT,2012,13.4
Malta,MLT,2013,12.9
Malta,MLT,2014,12.8
Malta,MLT,2015,12.4
Malta,MLT,2016,12
Malta,MLT,2017,11.8
Malta,MLT,2018,11.3
Malta,MLT,2019,11.1
Malta,MLT,2020,11.1
Marshall Islands,MHL,2009,0.8
Marshall Islands,MHL,2010,0.7
Marshall Islands,MHL,2019,3.2
Mauritania,MRT,2017,11.2
Mauritius,MUS,2000,28.7
Mauritius,MUS,2001,25.8
Mauritius,MUS,2002,25.1
Mauritius,MUS,2003,22.7
Mauritius,MUS,2004,22.3
Mauritius,MUS,2005,21.1
Mauritius,MUS,2006,21.1
Mauritius,MUS,2007,20.4
Mauritius,MUS,2008,19.6
Mauritius,MUS,2009,18.2
Mauritius,MUS,2010,17
Mauritius,MUS,2011,16.5
Mauritius,MUS,2012,15.7
Mauritius,MUS,2013,14.8
Mauritius,MUS,2014,13.9
Mauritius,MUS,2015,14.2
Mauritius,MUS,2016,14
Mauritius,MUS,2017,13
Mauritius,MUS,2018,13
Mauritius,MUS,2019,12.7
Melanesia,OWID_MNS,2000,2.9
Melanesia,OWID_MNS,2001,2.9
Melanesia,OWID_MNS,2002,2.8
Melanesia,OWID_MNS,2003,2.9
Melanesia,OWID_MNS,2004,2.9
Melanesia,OWID_MNS,2005,2.9
Melanesia,OWID_MNS,2006,2.9
Melanesia,OWID_MNS,2007,3
Melanesia,OWID_MNS,2008,3
Melanesia,OWID_MNS,2009,3
Melanesia,OWID_MNS,2010,3.1
Melanesia,OWID_MNS,2011,3
Melanesia,OWID_MNS,2012,3
Melanesia,OWID_MNS,2013,2.9
Melanesia,OWID_MNS,2014,3
Melanesia,OWID_MNS,2015,3
Melanesia,OWID_MNS,2016,2.9
Melanesia,OWID_MNS,2017,3
Melanesia,OWID_MNS,2018,2.9
Melanesia,OWID_MNS,2019,3
Melanesia,OWID_MNS,2020,2.9
Mexico,MEX,2000,19.6
Mexico,MEX,2001,19.1
Mexico,MEX,2002,22.5
Mexico,MEX,2003,22
Mexico,MEX,2004,22
Mexico,MEX,2005,16.8
Mexico,MEX,2006,16.8
Mexico,MEX,2007,16.5
Mexico,MEX,2008,15.9
Mexico,MEX,2009,15
Mexico,MEX,2010,15.4
Mexico,MEX,2011,15.3
Mexico,MEX,2012,15.3
Mexico,MEX,2013,15.7
Mexico,MEX,2014,16
Mexico,MEX,2015,16
Mexico,MEX,2016,16.3
Mexico,MEX,2017,16.6
Mexico,MEX,2018,16.6
Mexico,MEX,2019,16.7
Mexico,MEX,2020,16.5
Micronesia (country),FSM,2000,2
Micronesia (country),FSM,2001,2
Micronesia (country),FSM,2002,2.1
Micronesia (country),FSM,2003,2.1
Micronesia (country),FSM,2004,2.1
Micronesia (country),FSM,2005,2.2
Micronesia (country),FSM,2006,2.2
Micronesia (country),FSM,2007,2.3
Micronesia (country),FSM,2008,2.3
Micronesia (country),FSM,2009,2.3
Micronesia (country),FSM,2010,2.4
Micronesia (country),FSM,2011,2.4
Micronesia (country),FSM,2012,2.3
Micronesia (country),FSM,2013,2.3
Micronesia (country),FSM,2014,2.4
Micronesia (country),FSM,2015,2.3
Micronesia (country),FSM,2016,2.2
Micronesia (country),FSM,2017,2.2
Micronesia (country),FSM,2018,2.2
Micronesia (country),FSM,2019,2.2
Micronesia (country),FSM,2020,2.2
Middle Africa,,2000,4.6
Middle Africa,,2001,4.7
Middle Africa,,2002,4.7
Middle Africa,,2003,4.7
Middle Africa,,2004,4.7
Middle Africa,,2005,4.6
Middle Africa,,2006,4.6
Middle Africa,,2007,4.7
Middle Africa,,2008,4.6
Middle Africa,,2009,4.7
Middle Africa,,2010,4.6
Middle Africa,,2011,4.6
Middle Africa,,2012,4.7
Middle Africa,,2013,4.7
Middle Africa,,2014,4.7
Middle Africa,,2015,4.7
Middle Africa,,2016,4.7
Middle Africa,,2017,4.6
Middle Africa,,2018,4.6
Middle Africa,,2019,4.6
Middle Africa,,2020,4.4
Moldova,MDA,2000,9
Moldova,MDA,2001,9.1
Moldova,MDA,2002,9.5
Moldova,MDA,2003,10.1
Moldova,MDA,2004,10.3
Moldova,MDA,2005,10
Moldova,MDA,2006,10.7
Moldova,MDA,2007,10.3
Moldova,MDA,2008,10.9
Moldova,MDA,2009,10.9
Moldova,MDA,2010,10.6
Moldova,MDA,2011,10.9
Moldova,MDA,2012,10.6
Moldova,MDA,2013,9.7
Moldova,MDA,2014,9.7
Moldova,MDA,2015,9.6
Moldova,MDA,2016,9.5
Moldova,MDA,2017,8.9
Moldova,MDA,2018,9
Moldova,MDA,2019,12.1
Moldova,MDA,2020,11.7
Mongolia,MNG,2000,6.8
Mongolia,MNG,2001,6.7
Mongolia,MNG,2002,6.4
Mongolia,MNG,2003,5.4
Mongolia,MNG,2004,6
Mongolia,MNG,2005,4.7
Mongolia,MNG,2006,4.7
Mongolia,MNG,2007,6.1
Mongolia,MNG,2008,6.5
Mongolia,MNG,2009,5.8
Mongolia,MNG,2010,6.3
Mongolia,MNG,2011,6.3
Mongolia,MNG,2012,6.1
Mongolia,MNG,2013,7.3
Mongolia,MNG,2014,7.7
Mongolia,MNG,2015,7.1
Mongolia,MNG,2016,7.5
Mongolia,MNG,2017,7.5
Mongolia,MNG,2018,8
Mongolia,MNG,2019,7.9
Mongolia,MNG,2020,7.7
Montenegro,MNE,2003,13.7
Montenegro,MNE,2005,12.2
Montenegro,MNE,2007,11
Montenegro,MNE,2011,8
Montenegro,MNE,2012,7.4
Montenegro,MNE,2013,7.2
Montenegro,MNE,2014,6.6
Montenegro,MNE,2015,6.7
Montenegro,MNE,2016,5.6
Montenegro,MNE,2017,5.5
Montenegro,MNE,2018,6.1
Montenegro,MNE,2019,6
Montenegro,MNE,2020,6.1
Montserrat,MSR,2020,2.5
Morocco,MAR,2000,21.4
Morocco,MAR,2001,20.9
Morocco,MAR,2002,12.4
Morocco,MAR,2003,12.4
Morocco,MAR,2004,12
Morocco,MAR,2005,11.6
Morocco,MAR,2006,11.5
Morocco,MAR,2011,11
Morocco,MAR,2012,10.5
Mozambique,MOZ,2003,0.8
Mozambique,MOZ,2015,4.1
Myanmar,MMR,2015,10.9
Myanmar,MMR,2017,10.5
Myanmar,MMR,2018,11.1
Myanmar,MMR,2019,10.5
Namibia,NAM,2000,5.3
Namibia,NAM,2004,6.2
Namibia,NAM,2008,6.3
Namibia,NAM,2010,4.8
Namibia,NAM,2012,4.5
Namibia,NAM,2013,4.8
Namibia,NAM,2014,4
Namibia,NAM,2016,6.6
Namibia,NAM,2018,7.2
Nauru,NRU,2013,0.5
Nepal,NPL,2008,0.2
Nepal,NPL,2017,15.1
Netherlands,NLD,2000,13.9
Netherlands,NLD,2001,13.6
Netherlands,NLD,2002,12.6
Netherlands,NLD,2003,13
Netherlands,NLD,2004,12.9
Netherlands,NLD,2005,13.2
Netherlands,NLD,2006,13
Netherlands,NLD,2007,12.3
Netherlands,NLD,2008,11
Netherlands,NLD,2009,10.2
Netherlands,NLD,2010,9.6
Netherlands,NLD,2011,9.2
Netherlands,NLD,2012,9.2
Netherlands,NLD,2013,9.2
Netherlands,NLD,2014,9.3
Netherlands,NLD,2015,9.5
Netherlands,NLD,2016,9.5
Netherlands,NLD,2017,9.3
Netherlands,NLD,2018,9.2
Netherlands,NLD,2019,9
Netherlands,NLD,2020,9
New Caledonia,NCL,2000,14.5
New Caledonia,NCL,2005,9.4
New Caledonia,NCL,2006,9.4
New Caledonia,NCL,2007,9.6
New Caledonia,NCL,2008,10
New Caledonia,NCL,2014,14.5
New Caledonia,NCL,2019,2.5
New Caledonia,NCL,2020,3.4
New Zealand,NZL,2000,15.8
New Zealand,NZL,2001,15.9
New Zealand,NZL,2002,15.6
New Zealand,NZL,2003,14.6
New Zealand,NZL,2004,14.6
New Zealand,NZL,2005,13.8
New Zealand,NZL,2006,13.2
New Zealand,NZL,2007,12.8
New Zealand,NZL,2008,12.7
New Zealand,NZL,2009,11.8
New Zealand,NZL,2010,11.6
New Zealand,NZL,2011,11.5
New Zealand,NZL,2012,11.4
New Zealand,NZL,2013,11.3
New Zealand,NZL,2014,10.9
New Zealand,NZL,2015,11.2
New Zealand,NZL,2016,9.9
New Zealand,NZL,2017,9.9
New Zealand,NZL,2018,9.6
New Zealand,NZL,2019,9.1
New Zealand,NZL,2020,9.2
Nicaragua,NIC,2000,7.8
Nicaragua,NIC,2001,11.8
Nicaragua,NIC,2003,13.3
Nicaragua,NIC,2004,12.9
Nicaragua,NIC,2005,14.5
Nicaragua,NIC,2006,13.8
Nicaragua,NIC,2007,14.4
Nicaragua,NIC,2008,13.7
Nicaragua,NIC,2009,13.1
Nicaragua,NIC,2012,11
Nicaragua,NIC,2014,11.5
Niger,NER,2011,6.7
Niger,NER,2012,6
Niger,NER,2017,20.1
Nigeria,NGA,2004,9.8
Nigeria,NGA,2011,6.5
Nigeria,NGA,2013,7.9
Nigeria,NGA,2019,10.7
Niue,NIU,2001,2.9
North Macedonia,MKD,2002,23.6
North Macedonia,MKD,2003,24.1
North Macedonia,MKD,2004,22.2
North Macedonia,MKD,2005,22.1
North Macedonia,MKD,2006,21.6
North Macedonia,MKD,2007,21.4
North Macedonia,MKD,2008,21.3
North Macedonia,MKD,2009,20.3
North Macedonia,MKD,2010,20
North Macedonia,MKD,2011,19.4
North Macedonia,MKD,2012,19.5
North Macedonia,MKD,2013,19.4
North Macedonia,MKD,2014,19.3
North Macedonia,MKD,2015,19.4
North Macedonia,MKD,2016,19
North Macedonia,MKD,2017,19.3
North Macedonia,MKD,2018,19.9
North Macedonia,MKD,2019,19.8
North Macedonia,MKD,2020,20
Northern Africa,,2000,11.7
Northern Africa,,2001,11.7
Northern Africa,,2002,11.4
Northern Africa,,2003,11
Northern Africa,,2004,11.1
Northern Africa,,2005,11.2
Northern Africa,,2006,11.3
Northern Africa,,2007,11.1
Northern Africa,,2008,11.3
Northern Africa,,2009,11.3
Northern Africa,,2010,11.6
Northern Africa,,2011,10.7
Northern Africa,,2012,11.1
Northern Africa,,2013,10.9
Northern Africa,,2014,11.1
Northern Africa,,2015,11
Northern Africa,,2016,11
Northern Africa,,2017,11.2
Northern Africa,,2018,11.4
Northern Africa,,2019,11.4
Northern Africa,,2020,11.3
Northern Africa (exc. Sudan),,2000,12.5
Northern Africa (exc. Sudan),,2001,12.4
Northern Africa (exc. Sudan),,2002,12.1
Northern Africa (exc. Sudan),,2003,11.7
Northern Africa (exc. Sudan),,2004,11.7
Northern Africa (exc. Sudan),,2005,11.9
Northern Africa (exc. Sudan),,2006,11.9
Northern Africa (exc. Sudan),,2007,11.7
Northern Africa (exc. Sudan),,2008,11.8
Northern Africa (exc. Sudan),,2009,11.9
Northern Africa (exc. Sudan),,2010,12.3
Northern Africa (exc. Sudan),,2011,11.2
Northern Africa (exc. Sudan),,2012,11.7
Northern Africa (exc. Sudan),,2013,11.4
Northern Africa (exc. Sudan),,2014,11.6
Northern Africa (exc. Sudan),,2015,11.5
Northern Africa (exc. Sudan),,2016,11.6
Northern Africa (exc. Sudan),,2017,11.8
Northern Africa (exc. Sudan),,2018,12
Northern Africa (exc. Sudan),,2019,12.1
Northern Africa (exc. Sudan),,2020,12
Northern Africa and Western Asia,,2000,12.9
Northern Africa and Western Asia,,2001,12.7
Northern Africa and Western Asia,,2002,12.4
Northern Africa and Western Asia,,2003,12.1
Northern Africa and Western Asia,,2004,12
Northern Africa and Western Asia,,2005,12
Northern Africa and Western Asia,,2006,11.9
Northern Africa and Western Asia,,2007,11.8
Northern Africa and Western Asia,,2008,11.7
Northern Africa and Western Asia,,2009,11.6
Northern Africa and Western Asia,,2010,11.8
Northern Africa and Western Asia,,2011,11.3
Northern Africa and Western Asia,,2012,11.4
Northern Africa and Western Asia,,2013,11.3
Northern Africa and Western Asia,,2014,11.5
Northern Africa and Western Asia,,2015,11.4
Northern Africa and Western Asia,,2016,11.3
Northern Africa and Western Asia,,2017,11.3
Northern Africa and Western Asia,,2018,11.5
Northern Africa and Western Asia,,2019,11.5
Northern Africa and Western Asia,,2020,11.5
Northern America,,2000,15.2
Northern America,,2001,14.4
Northern America,,2002,13.6
Northern America,,2003,13.3
Northern America,,2004,12.9
Northern America,,2005,12.5
Northern America,,2006,12.3
Northern America,,2007,12
Northern America,,2008,11.8
Northern America,,2009,10.9
Northern America,,2010,10.9
Northern America,,2011,11
Northern America,,2012,11.1
Northern America,,2013,11.1
Northern America,,2014,10.8
Northern America,,2015,10.8
Northern America,,2016,10.7
Northern America,,2017,10.5
Northern America,,2018,10.5
Northern America,,2019,10.5
Northern America,,2020,10.2
Northern Europe,,2000,17.3
Northern Europe,,2001,16.8
Northern Europe,,2002,16
Northern Europe,,2003,15.4
Northern Europe,,2004,14.5
Northern Europe,,2005,14.1
Northern Europe,,2006,13.8
Northern Europe,,2007,13.6
Northern Europe,,2008,12.4
Northern Europe,,2009,10.9
Northern Europe,,2010,10.9
Northern Europe,,2011,10.9
Northern Europe,,2012,10.8
Northern Europe,,2013,10.7
Northern Europe,,2014,10.6
Northern Europe,,2015,10.4
Northern Europe,,2016,10.3
Northern Europe,,2017,10
Northern Europe,,2018,9.9
Northern Europe,,2019,9.9
Northern Europe,,2020,9.7
Northern Mariana Islands,MNP,2000,40.7
Norway,NOR,2000,13
Norway,NOR,2001,12.6
Norway,NOR,2002,12.7
Norway,NOR,2003,12.5
Norway,NOR,2004,11.6
Norway,NOR,2005,11.6
Norway,NOR,2006,11.5
Norway,NOR,2007,11.5
Norway,NOR,2008,10.4
Norway,NOR,2009,9.9
Norway,NOR,2010,9.5
Norway,NOR,2011,9.4
Norway,NOR,2012,9.3
Norway,NOR,2013,8.8
Norway,NOR,2014,8.7
Norway,NOR,2015,8.6
Norway,NOR,2016,8.3
Norway,NOR,2017,8.1
Norway,NOR,2018,7.7
Norway,NOR,2019,7.7
Norway,NOR,2020,7.7
Oceania,,2000,10.5
Oceania,,2001,10.2
Oceania,,2002,10.2
Oceania,,2003,9.7
Oceania,,2004,9.7
Oceania,,2005,9.3
Oceania,,2006,9
Oceania,,2007,8.9
Oceania,,2008,9.2
Oceania,,2009,8.4
Oceania,,2010,8.2
Oceania,,2011,7.9
Oceania,,2012,7.8
Oceania,,2013,7.5
Oceania,,2014,7.4
Oceania,,2015,7.2
Oceania,,2016,7
Oceania,,2017,6.8
Oceania,,2018,6.9
Oceania,,2019,6.5
Oceania,,2020,6.4
Oceania (exc. Australia and New Zealand),,2000,3.4
Oceania (exc. Australia and New Zealand),,2001,3.4
Oceania (exc. Australia and New Zealand),,2002,3.4
Oceania (exc. Australia and New Zealand),,2003,3.4
Oceania (exc. Australia and New Zealand),,2004,3.4
Oceania (exc. Australia and New Zealand),,2005,3.4
Oceania (exc. Australia and New Zealand),,2006,3.4
Oceania (exc. Australia and New Zealand),,2007,3.5
Oceania (exc. Australia and New Zealand),,2008,3.5
Oceania (exc. Australia and New Zealand),,2009,3.5
Oceania (exc. Australia and New Zealand),,2010,3.5
Oceania (exc. Australia and New Zealand),,2011,3.5
Oceania (exc. Australia and New Zealand),,2012,3.4
Oceania (exc. Australia and New Zealand),,2013,3.3
Oceania (exc. Australia and New Zealand),,2014,3.4
Oceania (exc. Australia and New Zealand),,2015,3.4
Oceania (exc. Australia and New Zealand),,2016,3.3
Oceania (exc. Australia and New Zealand),,2017,3.3
Oceania (exc. Australia and New Zealand),,2018,3.3
Oceania (exc. Australia and New Zealand),,2019,3.3
Oceania (exc. Australia and New Zealand),,2020,3.3
Oman,OMN,2000,4.9
Oman,OMN,2008,9.5
Oman,OMN,2010,5.6
Oman,OMN,2020,10.7
Pakistan,PAK,2000,11.5
Pakistan,PAK,2001,11.5
Pakistan,PAK,2002,13.8
Pakistan,PAK,2003,13.8
Pakistan,PAK,2004,13.7
Pakistan,PAK,2005,13.7
Pakistan,PAK,2006,13.8
Pakistan,PAK,2007,13.5
Pakistan,PAK,2008,13
Pakistan,PAK,2009,13.3
Pakistan,PAK,2010,13.5
Pakistan,PAK,2011,13.9
Pakistan,PAK,2013,14.3
Pakistan,PAK,2014,14.3
Pakistan,PAK,2015,15.5
Pakistan,PAK,2016,15.3
Pakistan,PAK,2018,16.2
Pakistan,PAK,2019,15.1
Palau,PLW,2000,0.7
Palau,PLW,2007,3.2
Palau,PLW,2008,3.2
Palau,PLW,2014,0.5
Palestine,PSE,2000,13.8
Palestine,PSE,2001,13.6
Palestine,PSE,2002,12.4
Palestine,PSE,2003,12.3
Palestine,PSE,2004,12.3
Palestine,PSE,2005,12.7
Palestine,PSE,2006,12
Palestine,PSE,2007,12.3
Palestine,PSE,2008,12
Palestine,PSE,2009,11.7
Palestine,PSE,2010,11
Palestine,PSE,2011,8.5
Palestine,PSE,2012,11.6
Palestine,PSE,2013,11.5
Palestine,PSE,2014,11.8
Palestine,PSE,2015,12.1
Palestine,PSE,2016,12.5
Palestine,PSE,2017,12.3
Palestine,PSE,2018,12.3
Palestine,PSE,2019,11.9
Palestine,PSE,2020,12.8
Panama,PAN,2000,9.2
Panama,PAN,2001,9
Panama,PAN,2002,9.2
Panama,PAN,2003,8.9
Panama,PAN,2004,8.9
Panama,PAN,2005,8.8
Panama,PAN,2006,8.7
Panama,PAN,2007,8.7
Panama,PAN,2008,8.7
Panama,PAN,2009,8.7
Panama,PAN,2010,8.3
Panama,PAN,2011,7
Panama,PAN,2012,6.9
Panama,PAN,2013,7.7
Panama,PAN,2014,7.4
Panama,PAN,2015,7.7
Panama,PAN,2016,7.3
Panama,PAN,2017,7.4
Panama,PAN,2018,7.6
Panama,PAN,2019,7.5
Panama,PAN,2020,9
Panama,PAN,2021,7.4
Papua New Guinea,PNG,2000,1.1
Papua New Guinea,PNG,2010,1.8
Paraguay,PRY,2000,11.7
Paraguay,PRY,2001,11.6
Paraguay,PRY,2002,10.3
Paraguay,PRY,2003,10.9
Paraguay,PRY,2004,11.4
Paraguay,PRY,2005,9.7
Paraguay,PRY,2006,10.5
Paraguay,PRY,2007,12.2
Paraguay,PRY,2008,12.4
Paraguay,PRY,2009,11.2
Paraguay,PRY,2010,11.2
Paraguay,PRY,2011,10.6
Paraguay,PRY,2012,10.6
Paraguay,PRY,2013,10.1
Paraguay,PRY,2014,11.4
Paraguay,PRY,2015,12.4
Paraguay,PRY,2016,11.2
Paraguay,PRY,2017,11.7
Paraguay,PRY,2018,11
Paraguay,PRY,2019,10.4
Paraguay,PRY,2020,10.4
Peru,PER,2000,13.5
Peru,PER,2001,12.6
Peru,PER,2002,8.9
Peru,PER,2003,7.9
Peru,PER,2004,9.7
Peru,PER,2005,9.7
Peru,PER,2006,10
Peru,PER,2007,11.1
Peru,PER,2008,10.9
Peru,PER,2009,10.4
Peru,PER,2010,10.3
Peru,PER,2011,9.9
Peru,PER,2012,10.2
Peru,PER,2013,10
Peru,PER,2014,9.3
Peru,PER,2015,9.2
Peru,PER,2016,9.3
Peru,PER,2017,9.2
Peru,PER,2018,8.9
Peru,PER,2019,8.7
Peru,PER,2020,8.1
Philippines,PHL,2000,10
Philippines,PHL,2012,8.3
Philippines,PHL,2013,8.3
Philippines,PHL,2014,8.4
Philippines,PHL,2015,8.3
Philippines,PHL,2016,8.3
Philippines,PHL,2017,8.6
Philippines,PHL,2018,8.8
Philippines,PHL,2019,8.5
Philippines,PHL,2020,8.1
Poland,POL,2000,19.8
Poland,POL,2001,20.2
Poland,POL,2002,18.9
Poland,POL,2003,19.2
Poland,POL,2004,20.3
Poland,POL,2005,20.1
Poland,POL,2006,20.5
Poland,POL,2007,20.8
Poland,POL,2008,20.4
Poland,POL,2009,19.3
Poland,POL,2010,18.6
Poland,POL,2011,18.8
Poland,POL,2012,18.6
Poland,POL,2013,19.1
Poland,POL,2014,19.1
Poland,POL,2015,19.3
Poland,POL,2016,20.2
Poland,POL,2017,20.8
Poland,POL,2018,21
Poland,POL,2019,20.6
Poland,POL,2020,19.9
Polynesia,OWID_PYA,2000,13.2
Polynesia,OWID_PYA,2001,13.3
Polynesia,OWID_PYA,2002,13.3
Polynesia,OWID_PYA,2003,13.1
Polynesia,OWID_PYA,2004,12.9
Polynesia,OWID_PYA,2005,12.8
Polynesia,OWID_PYA,2006,12.6
Polynesia,OWID_PYA,2007,12.4
Polynesia,OWID_PYA,2008,12.2
Polynesia,OWID_PYA,2009,12
Polynesia,OWID_PYA,2010,11.8
Polynesia,OWID_PYA,2011,11.6
Polynesia,OWID_PYA,2012,11.3
Polynesia,OWID_PYA,2013,11.1
Polynesia,OWID_PYA,2014,11
Polynesia,OWID_PYA,2015,10.8
Polynesia,OWID_PYA,2016,10.8
Polynesia,OWID_PYA,2017,10.7
Polynesia,OWID_PYA,2018,10.5
Polynesia,OWID_PYA,2019,10.5
Polynesia,OWID_PYA,2020,10.4
Portugal,PRT,2000,21.7
Portugal,PRT,2001,21.4
Portugal,PRT,2002,20.4
Portugal,PRT,2003,20
Portugal,PRT,2004,19.5
Portugal,PRT,2005,18.8
Portugal,PRT,2006,18.9
Portugal,PRT,2007,18.3
Portugal,PRT,2008,17
Portugal,PRT,2009,16.6
Portugal,PRT,2010,16.4
Portugal,PRT,2011,16.5
Portugal,PRT,2012,16.3
Portugal,PRT,2013,15.9
Portugal,PRT,2014,16.4
Portugal,PRT,2015,16.9
Portugal,PRT,2016,16.9
Portugal,PRT,2017,16.9
Portugal,PRT,2018,17.1
Portugal,PRT,2019,17
Portugal,PRT,2020,17
Puerto Rico,PRI,2000,13.9
Puerto Rico,PRI,2001,12.8
Puerto Rico,PRI,2002,11.5
Puerto Rico,PRI,2003,11.3
Puerto Rico,PRI,2004,11
Puerto Rico,PRI,2005,10.9
Puerto Rico,PRI,2006,10.9
Puerto Rico,PRI,2007,10.7
Puerto Rico,PRI,2008,10.4
Puerto Rico,PRI,2009,9.2
Puerto Rico,PRI,2010,9.1
Puerto Rico,PRI,2011,9
Qatar,QAT,2001,13.2
Qatar,QAT,2004,9.2
Qatar,QAT,2006,11.8
Qatar,QAT,2007,8.7
Qatar,QAT,2008,7.5
Qatar,QAT,2009,8.7
Qatar,QAT,2011,8
Qatar,QAT,2012,7.7
Qatar,QAT,2013,7.8
Qatar,QAT,2015,7
Qatar,QAT,2016,7
Qatar,QAT,2017,7
Qatar,QAT,2018,7.3
Qatar,QAT,2019,7.4
Qatar,QAT,2020,4.7
Reunion,REU,2012,5.1
Romania,ROU,2000,18.6
Romania,ROU,2001,18.4
Romania,ROU,2002,21.5
Romania,ROU,2003,21
Romania,ROU,2004,22.5
Romania,ROU,2005,21.5
Romania,ROU,2006,21.3
Romania,ROU,2007,21.1
Romania,ROU,2008,20.3
Romania,ROU,2009,19
Romania,ROU,2010,17.6
Romania,ROU,2011,18.1
Romania,ROU,2012,17.8
Romania,ROU,2013,18
Romania,ROU,2014,18.5
Romania,ROU,2015,18.2
Romania,ROU,2016,18.9
Romania,ROU,2017,19.2
Romania,ROU,2018,19.3
Romania,ROU,2019,18.9
Romania,ROU,2020,18.1
Russia,RUS,2000,19.5
Russia,RUS,2001,20.1
Russia,RUS,2002,20.2
Russia,RUS,2003,19.1
Russia,RUS,2004,18.7
Russia,RUS,2005,17.7
Russia,RUS,2006,17.5
Russia,RUS,2007,17.5
Russia,RUS,2008,16
Russia,RUS,2009,14.9
Russia,RUS,2010,15.2
Russia,RUS,2011,15
Russia,RUS,2012,15
Russia,RUS,2013,14.8
Russia,RUS,2014,14.5
Russia,RUS,2015,14.3
Russia,RUS,2016,14.4
Russia,RUS,2017,14.2
Russia,RUS,2018,14.1
Russia,RUS,2019,14.3
Russia,RUS,2020,14.2
Rwanda,RWA,2002,1.3
Rwanda,RWA,2012,2.7
Rwanda,RWA,2014,2.1
Rwanda,RWA,2017,5.3
Rwanda,RWA,2018,6.4
Rwanda,RWA,2019,6.4
Rwanda,RWA,2020,6
Saint Helena,SHN,2008,5.4
Saint Kitts and Nevis,KNA,2001,1.8
Saint Lucia,LCA,2000,9.8
Saint Lucia,LCA,2002,7.6
Saint Lucia,LCA,2003,7.2
Saint Lucia,LCA,2004,7.5
Saint Lucia,LCA,2005,7.3
Saint Lucia,LCA,2006,6
Saint Lucia,LCA,2017,5.5
Saint Lucia,LCA,2018,5.4
Saint Lucia,LCA,2019,5.1
Samoa,WSM,2012,6.8
Samoa,WSM,2014,6.8
Samoa,WSM,2017,6.8
San Marino,SMR,2001,32.7
San Marino,SMR,2002,32.2
San Marino,SMR,2003,32.5
San Marino,SMR,2004,32.2
San Marino,SMR,2005,30.8
San Marino,SMR,2006,30.4
San Marino,SMR,2007,29.9
San Marino,SMR,2008,29.1
San Marino,SMR,2009,27.3
San Marino,SMR,2010,27.1
San Marino,SMR,2015,26.9
San Marino,SMR,2016,27.5
San Marino,SMR,2019,22.8
San Marino,SMR,2020,30.8
Sao Tome and Principe,STP,2003,10
Sao Tome and Principe,STP,2004,10
Sao Tome and Principe,STP,2005,9.3
Sao Tome and Principe,STP,2006,6.4
Saudi Arabia,SAU,2000,7.7
Saudi Arabia,SAU,2001,8.1
Saudi Arabia,SAU,2002,7.6
Saudi Arabia,SAU,2006,6.7
Saudi Arabia,SAU,2007,7.4
Saudi Arabia,SAU,2008,6.5
Saudi Arabia,SAU,2009,6.5
Saudi Arabia,SAU,2015,8.2
Saudi Arabia,SAU,2016,7.8
Saudi Arabia,SAU,2017,8.5
Saudi Arabia,SAU,2018,8.8
Saudi Arabia,SAU,2019,9
Saudi Arabia,SAU,2020,10.2
Senegal,SEN,2015,6.2
Senegal,SEN,2016,6.7
Senegal,SEN,2018,11.6
Senegal,SEN,2019,12.9
Serbia,SRB,2004,18.8
Serbia,SRB,2005,18.2
Serbia,SRB,2006,19.7
Serbia,SRB,2007,19.7
Serbia,SRB,2008,17.2
Serbia,SRB,2009,17.2
Serbia,SRB,2010,17
Serbia,SRB,2011,17.2
Serbia,SRB,2012,17
Serbia,SRB,2013,17.1
Serbia,SRB,2014,15.9
Serbia,SRB,2015,16.1
Serbia,SRB,2016,16.5
Serbia,SRB,2017,17.1
Serbia,SRB,2018,18.3
Serbia,SRB,2019,18.7
Serbia,SRB,2020,18.7
Seychelles,SYC,2011,9.3
Seychelles,SYC,2014,6.8
Seychelles,SYC,2015,7.3
Seychelles,SYC,2016,7
Seychelles,SYC,2017,6.3
Seychelles,SYC,2018,5.4
Seychelles,SYC,2019,5.8
Seychelles,SYC,2020,5.9
Sierra Leone,SLE,2003,2.6
Sierra Leone,SLE,2014,2.8
Sierra Leone,SLE,2018,4.1
Singapore,SGP,2000,20.7
Singapore,SGP,2001,19.5
Singapore,SGP,2002,19
Singapore,SGP,2003,18.9
Singapore,SGP,2004,18.3
Singapore,SGP,2005,16.7
Singapore,SGP,2006,16.8
Singapore,SGP,2007,16.9
Singapore,SGP,2008,16.8
Singapore,SGP,2011,14.6
Singapore,SGP,2012,14.1
Singapore,SGP,2013,13.6
Singapore,SGP,2014,11.9
Singapore,SGP,2015,11.1
Singapore,SGP,2016,10.5
Singapore,SGP,2017,10.3
Singapore,SGP,2018,10.3
Singapore,SGP,2019,9.6
Singapore,SGP,2020,9.6
Slovakia,SVK,2000,25.8
Slovakia,SVK,2001,25.6
Slovakia,SVK,2002,27
Slovakia,SVK,2003,26.2
Slovakia,SVK,2004,26.9
Slovakia,SVK,2005,26.7
Slovakia,SVK,2006,26.5
Slovakia,SVK,2007,26.9
Slovakia,SVK,2008,26.3
Slovakia,SVK,2009,23.9
Slovakia,SVK,2010,22.9
Slovakia,SVK,2011,24.2
Slovakia,SVK,2012,24.5
Slovakia,SVK,2013,23.2
Slovakia,SVK,2014,23.3
Slovakia,SVK,2015,24.7
Slovakia,SVK,2016,24.5
Slovakia,SVK,2017,24.6
Slovakia,SVK,2018,24.5
Slovakia,SVK,2019,24.6
Slovakia,SVK,2020,25
Slovenia,SVN,2000,30.1
Slovenia,SVN,2001,30.4
Slovenia,SVN,2002,31.1
Slovenia,SVN,2003,29.5
Slovenia,SVN,2004,28.6
Slovenia,SVN,2005,29.2
Slovenia,SVN,2006,27.9
Slovenia,SVN,2007,27.4
Slovenia,SVN,2008,26.1
Slovenia,SVN,2009,24.2
Slovenia,SVN,2010,24.2
Slovenia,SVN,2011,23.1
Slovenia,SVN,2012,22.4
Slovenia,SVN,2013,22.4
Slovenia,SVN,2014,22.5
Slovenia,SVN,2015,23.4
Slovenia,SVN,2016,25.1
Slovenia,SVN,2017,25.2
Slovenia,SVN,2018,24.9
Slovenia,SVN,2019,25.6
Slovenia,SVN,2020,25.3
Small Island Developing States (SIDS),,2000,10.2
Small Island Developing States (SIDS),,2001,9.7
Small Island Developing States (SIDS),,2002,9.4
Small Island Developing States (SIDS),,2003,9.3
Small Island Developing States (SIDS),,2004,9.4
Small Island Developing States (SIDS),,2005,9.2
Small Island Developing States (SIDS),,2006,9.2
Small Island Developing States (SIDS),,2007,9.2
Small Island Developing States (SIDS),,2008,9.1
Small Island Developing States (SIDS),,2009,8.5
Small Island Developing States (SIDS),,2010,8.3
Small Island Developing States (SIDS),,2011,8.2
Small Island Developing States (SIDS),,2012,8.5
Small Island Developing States (SIDS),,2013,7.8
Small Island Developing States (SIDS),,2014,7.5
Small Island Developing States (SIDS),,2015,7.3
Small Island Developing States (SIDS),,2016,7.3
Small Island Developing States (SIDS),,2017,7.1
Small Island Developing States (SIDS),,2018,7
Small Island Developing States (SIDS),,2019,7
Small Island Developing States (SIDS),,2020,6.7
Solomon Islands,SLB,2013,5.5
Somalia,SOM,2019,11.4
South Africa,ZAF,2000,14.9
South Africa,ZAF,2001,15.5
South Africa,ZAF,2002,16.2
South Africa,ZAF,2003,15.5
South Africa,ZAF,2004,16.1
South Africa,ZAF,2005,15.6
South Africa,ZAF,2006,15.6
South Africa,ZAF,2007,15.1
South Africa,ZAF,2008,14.3
South Africa,ZAF,2009,13.8
South Africa,ZAF,2010,13.3
South Africa,ZAF,2011,13.3
South Africa,ZAF,2012,12.6
South Africa,ZAF,2013,12.2
South Africa,ZAF,2014,11.6
South Africa,ZAF,2015,11.2
South Africa,ZAF,2016,10.7
South Africa,ZAF,2017,11.1
South Africa,ZAF,2018,10.8
South Africa,ZAF,2019,10.8
South Africa,ZAF,2020,10.1
South America,,2000,13.5
South America,,2001,13.4
South America,,2002,13.1
South America,,2003,13
South America,,2004,13.3
South America,,2005,13.3
South America,,2006,13.3
South America,,2007,13.7
South America,,2008,13.6
South America,,2009,13.2
South America,,2010,12.8
South America,,2011,12.4
South America,,2012,12.4
South America,,2013,12.1
South America,,2014,12.1
South America,,2015,11.9
South America,,2016,11.3
South America,,2017,11.2
South America,,2018,11.1
South America,,2019,10.9
South America,,2020,10.7
South Korea,KOR,2000,20.2
South Korea,KOR,2001,19.7
South Korea,KOR,2002,19.1
South Korea,KOR,2003,18.9
South Korea,KOR,2004,18.3
South Korea,KOR,2005,17.9
South Korea,KOR,2006,17.4
South Korea,KOR,2007,17
South Korea,KOR,2008,16.7
South Korea,KOR,2009,16.2
South Korea,KOR,2010,16.8
South Korea,KOR,2011,16.8
South Korea,KOR,2012,16.6
South Korea,KOR,2013,16.9
South Korea,KOR,2014,17.1
South Korea,KOR,2015,17.5
South Korea,KOR,2016,17.3
South Korea,KOR,2017,17
South Korea,KOR,2018,16.8
South Korea,KOR,2019,16.3
South Korea,KOR,2020,16.2
South Korea,KOR,2021,15.9
South-eastern Asia,,2000,12.1
South-eastern Asia,,2001,12.3
South-eastern Asia,,2002,12.3
South-eastern Asia,,2003,12.3
South-eastern Asia,,2004,12.2
South-eastern Asia,,2005,12.8
South-eastern Asia,,2006,12.8
South-eastern Asia,,2007,12.7
South-eastern Asia,,2008,12.6
South-eastern Asia,,2009,12.5
South-eastern Asia,,2010,12.5
South-eastern Asia,,2011,12.5
South-eastern Asia,,2012,12.7
South-eastern Asia,,2013,12.8
South-eastern Asia,,2014,13.3
South-eastern Asia,,2015,13.6
South-eastern Asia,,2016,13.7
South-eastern Asia,,2017,14
South-eastern Asia,,2018,14.3
South-eastern Asia,,2019,14.3
South-eastern Asia,,2020,14.3
Southern Africa,,2000,14.4
Southern Africa,,2001,14.3
Southern Africa,,2002,14.3
Southern Africa,,2003,14.3
Southern Africa,,2004,14.2
Southern Africa,,2005,14.1
Southern Africa,,2006,13.9
Southern Africa,,2007,13.8
Southern Africa,,2008,13.7
Southern Africa,,2009,13.1
Southern Africa,,2010,12.7
Southern Africa,,2011,12.6
Southern Africa,,2012,12
Southern Africa,,2013,11.6
Southern Africa,,2014,11.1
Southern Africa,,2015,10.8
Southern Africa,,2016,10.4
Southern Africa,,2017,10.7
Southern Africa,,2018,10.4
Southern Africa,,2019,10.4
Southern Africa,,2020,9.8
Southern Asia,,2000,10.9
Southern Asia,,2001,11.1
Southern Asia,,2002,11.2
Southern Asia,,2003,11.5
Southern Asia,,2004,11.7
Southern Asia,,2005,12
Southern Asia,,2006,12
Southern Asia,,2007,11.9
Southern Asia,,2008,11.6
Southern Asia,,2009,11.7
Southern Asia,,2010,11.6
Southern Asia,,2011,12.2
Southern Asia,,2012,12.7
Southern Asia,,2013,12.7
Southern Asia,,2014,12.7
Southern Asia,,2015,12.9
Southern Asia,,2016,12.9
Southern Asia,,2017,12.9
Southern Asia,,2018,12.9
Southern Asia,,2019,12.9
Southern Asia,,2020,11.5
Southern Asia (excluding India),,2000,10.9
Southern Asia (excluding India),,2001,11.1
Southern Asia (excluding India),,2002,11.2
Southern Asia (excluding India),,2003,11.5
Southern Asia (excluding India),,2004,11.7
Southern Asia (excluding India),,2005,12
Southern Asia (excluding India),,2006,12
Southern Asia (excluding India),,2007,11.9
Southern Asia (excluding India),,2008,11.6
Southern Asia (excluding India),,2009,11.7
Southern Asia (excluding India),,2010,11.6
Southern Asia (excluding India),,2011,12.2
Southern Asia (excluding India),,2012,12.7
Southern Asia (excluding India),,2013,12.7
Southern Asia (excluding India),,2014,12.7
Southern Asia (excluding India),,2015,12.9
Southern Asia (excluding India),,2016,12.9
Southern Asia (excluding India),,2017,12.9
Southern Asia (excluding India),,2018,12.9
Southern Asia (excluding India),,2019,12.9
Southern Asia (excluding India),,2020,11.5
Southern Europe,,2000,20.3
Southern Europe,,2001,20.2
Southern Europe,,2002,19.9
Southern Europe,,2003,19.4
Southern Europe,,2004,18.9
Southern Europe,,2005,18.4
Southern Europe,,2006,18.1
Southern Europe,,2007,17.9
Southern Europe,,2008,16.9
Southern Europe,,2009,16.2
Southern Europe,,2010,15.7
Southern Europe,,2011,15.7
Southern Europe,,2012,15.5
Southern Europe,,2013,15.4
Southern Europe,,2014,15.5
Southern Europe,,2015,15.5
Southern Europe,,2016,15.5
Southern Europe,,2017,15.6
Southern Europe,,2018,15.8
Southern Europe,,2019,15.9
Southern Europe,,2020,16
Spain,ESP,2000,18.7
Spain,ESP,2001,18.8
Spain,ESP,2002,18.2
Spain,ESP,2003,17.6
Spain,ESP,2004,16.9
Spain,ESP,2005,16.4
Spain,ESP,2006,15.7
Spain,ESP,2007,15.1
Spain,ESP,2008,14.6
Spain,ESP,2009,13.3
Spain,ESP,2010,12.9
Spain,ESP,2011,12.8
Spain,ESP,2012,12.6
Spain,ESP,2013,12.4
Spain,ESP,2014,12.4
Spain,ESP,2015,12.5
Spain,ESP,2016,12.5
Spain,ESP,2017,12.7
Spain,ESP,2018,12.7
Spain,ESP,2019,12.6
Spain,ESP,2020,12.7
Sri Lanka,LKA,2002,16.5
Sri Lanka,LKA,2003,16.5
Sri Lanka,LKA,2004,16.9
Sri Lanka,LKA,2005,18.4
Sri Lanka,LKA,2006,19.2
Sri Lanka,LKA,2007,18.9
Sri Lanka,LKA,2008,19.1
Sri Lanka,LKA,2009,17.7
Sri Lanka,LKA,2010,17.1
Sri Lanka,LKA,2011,16.8
Sri Lanka,LKA,2012,17.7
Sri Lanka,LKA,2013,17.8
Sri Lanka,LKA,2014,18
Sri Lanka,LKA,2015,18
Sri Lanka,LKA,2016,17.9
Sri Lanka,LKA,2017,19.3
Sri Lanka,LKA,2018,18.3
Sri Lanka,LKA,2019,18.4
Sub-Saharan Africa,,2000,6.9
Sub-Saharan Africa,,2001,6.8
Sub-Saharan Africa,,2002,6.7
Sub-Saharan Africa,,2003,6.6
Sub-Saharan Africa,,2004,6.5
Sub-Saharan Africa,,2005,6.3
Sub-Saharan Africa,,2006,6.2
Sub-Saharan Africa,,2007,6.1
Sub-Saharan Africa,,2008,6
Sub-Saharan Africa,,2009,5.9
Sub-Saharan Africa,,2010,5.8
Sub-Saharan Africa,,2011,5.7
Sub-Saharan Africa,,2012,5.8
Sub-Saharan Africa,,2013,5.8
Sub-Saharan Africa,,2014,5.9
Sub-Saharan Africa,,2015,6
Sub-Saharan Africa,,2016,6
Sub-Saharan Africa,,2017,6
Sub-Saharan Africa,,2018,6
Sub-Saharan Africa,,2019,6
Sub-Saharan Africa,,2020,5.8
Sub-Saharan Africa (inc. Sudan),,2000,7
Sub-Saharan Africa (inc. Sudan),,2001,6.8
Sub-Saharan Africa (inc. Sudan),,2002,6.7
Sub-Saharan Africa (inc. Sudan),,2003,6.6
Sub-Saharan Africa (inc. Sudan),,2004,6.5
Sub-Saharan Africa (inc. Sudan),,2005,6.3
Sub-Saharan Africa (inc. Sudan),,2006,6.3
Sub-Saharan Africa (inc. Sudan),,2007,6.2
Sub-Saharan Africa (inc. Sudan),,2008,6.1
Sub-Saharan Africa (inc. Sudan),,2009,6
Sub-Saharan Africa (inc. Sudan),,2010,5.8
Sub-Saharan Africa (inc. Sudan),,2011,5.8
Sub-Saharan Africa (inc. Sudan),,2012,5.8
Sub-Saharan Africa (inc. Sudan),,2013,5.9
Sub-Saharan Africa (inc. Sudan),,2014,5.9
Sub-Saharan Africa (inc. Sudan),,2015,6
Sub-Saharan Africa (inc. Sudan),,2016,6
Sub-Saharan Africa (inc. Sudan),,2017,6.1
Sub-Saharan Africa (inc. Sudan),,2018,6.1
Sub-Saharan Africa (inc. Sudan),,2019,6.1
Sub-Saharan Africa (inc. Sudan),,2020,5.8
Sudan,SDN,2011,7.7
Suriname,SUR,2004,7
Suriname,SUR,2013,6.6
Suriname,SUR,2015,6.5
Sweden,SWE,2000,18
Sweden,SWE,2001,17.5
Sweden,SWE,2002,16.6
Sweden,SWE,2003,16.1
Sweden,SWE,2004,15.9
Sweden,SWE,2005,15.3
Sweden,SWE,2006,14.9
Sweden,SWE,2007,14.5
Sweden,SWE,2008,13.5
Sweden,SWE,2009,12.4
Sweden,SWE,2010,12
Sweden,SWE,2011,12
Sweden,SWE,2012,11.6
Sweden,SWE,2013,11.2
Sweden,SWE,2014,10.7
Sweden,SWE,2015,10.4
Sweden,SWE,2016,10.2
Sweden,SWE,2017,10.1
Sweden,SWE,2018,10
Sweden,SWE,2019,10
Sweden,SWE,2020,9.9
Switzerland,CHE,2000,16.4
Switzerland,CHE,2001,16.9
Switzerland,CHE,2002,15.9
Switzerland,CHE,2003,15.2
Switzerland,CHE,2004,14.9
Switzerland,CHE,2005,14.9
Switzerland,CHE,2006,14.9
Switzerland,CHE,2007,15
Switzerland,CHE,2008,14.2
Switzerland,CHE,2009,14.2
Switzerland,CHE,2010,13.9
Switzerland,CHE,2011,13.6
Switzerland,CHE,2012,13.2
Switzerland,CHE,2013,13.3
Switzerland,CHE,2014,13.1
Switzerland,CHE,2015,12.6
Switzerland,CHE,2016,12.5
Switzerland,CHE,2017,12.4
Switzerland,CHE,2018,12.4
Switzerland,CHE,2019,12.6
Switzerland,CHE,2020,12.3
Syria,SYR,2000,13.1
Syria,SYR,2001,13.6
Syria,SYR,2002,13.7
Syria,SYR,2003,13.2
Syria,SYR,2007,12.8
Syria,SYR,2008,16.2
Syria,SYR,2009,16.4
Syria,SYR,2010,16.5
Syria,SYR,2011,14.2
Tajikistan,TJK,2003,0.1
Tajikistan,TJK,2004,4.7
Tajikistan,TJK,2007,5.7
Tajikistan,TJK,2009,5.5
Tajikistan,TJK,2018,5.4
Tanzania,TZA,2001,1.6
Tanzania,TZA,2006,3.2
Tanzania,TZA,2014,3
Thailand,THA,2002,14.7
Thailand,THA,2003,14.7
Thailand,THA,2010,14.1
Thailand,THA,2011,13.3
Thailand,THA,2012,13.4
Thailand,THA,2013,14.1
Thailand,THA,2014,16.8
Thailand,THA,2015,17
Thailand,THA,2016,16.7
Thailand,THA,2017,16.3
Thailand,THA,2018,16.5
Thailand,THA,2019,16.3
Thailand,THA,2020,15.9
Timor,TLS,2010,3.2
Timor,TLS,2013,5.5
Timor,TLS,2016,7.2
Togo,TGO,2011,10.9
Togo,TGO,2015,8.4
Togo,TGO,2017,15.3
Tonga,TON,2003,24.7
Tonga,TON,2018,20.2
Trinidad and Tobago,TTO,2000,10.9
Trinidad and Tobago,TTO,2001,10.3
Trinidad and Tobago,TTO,2002,10.6
Trinidad and Tobago,TTO,2003,10.3
Trinidad and Tobago,TTO,2004,10.4
Trinidad and Tobago,TTO,2005,9.7
Trinidad and Tobago,TTO,2006,9.5
Trinidad and Tobago,TTO,2007,9.2
Trinidad and Tobago,TTO,2008,9.2
Trinidad and Tobago,TTO,2009,9
Trinidad and Tobago,TTO,2011,8.4
Trinidad and Tobago,TTO,2012,8.2
Trinidad and Tobago,TTO,2013,7.9
Trinidad and Tobago,TTO,2014,7.7
Trinidad and Tobago,TTO,2015,8.1
Trinidad and Tobago,TTO,2016,7.7
Tunisia,TUN,2005,19
Tunisia,TUN,2006,18.8
Tunisia,TUN,2007,18.8
Tunisia,TUN,2008,19.1
Tunisia,TUN,2009,17.7
Tunisia,TUN,2010,18.3
Tunisia,TUN,2011,18.4
Tunisia,TUN,2012,18.5
Tunisia,TUN,2013,18.8
Tunisia,TUN,2014,19
Tunisia,TUN,2015,18.6
Tunisia,TUN,2016,18.5
Tunisia,TUN,2017,18.3
Turkey,TUR,2000,16.9
Turkey,TUR,2001,16.6
Turkey,TUR,2002,17.5
Turkey,TUR,2003,17.3
Turkey,TUR,2004,19.1
Turkey,TUR,2005,19.9
Turkey,TUR,2006,19.9
Turkey,TUR,2007,19.7
Turkey,TUR,2008,19.9
Turkey,TUR,2009,18.2
Turkey,TUR,2010,18.7
Turkey,TUR,2011,18.1
Turkey,TUR,2012,17.8
Turkey,TUR,2013,18.2
Turkey,TUR,2014,19
Turkey,TUR,2015,18.7
Turkey,TUR,2016,18.1
Turkey,TUR,2017,17.6
Turkey,TUR,2018,18.2
Turkey,TUR,2019,18.4
Turkey,TUR,2020,18.9
Turks and Caicos Islands,TCA,2001,2.2
Turks and Caicos Islands,TCA,2002,1.4
Turks and Caicos Islands,TCA,2003,1.2
Turks and Caicos Islands,TCA,2004,1.3
Turks and Caicos Islands,TCA,2005,1.2
Turks and Caicos Islands,TCA,2006,0.8
Turks and Caicos Islands,TCA,2007,1.3
Turks and Caicos Islands,TCA,2008,1.4
Tuvalu,TUV,2016,3.7
Uganda,UGA,2003,6.1
Uganda,UGA,2005,4.1
Uganda,UGA,2009,5
Uganda,UGA,2012,5
Uganda,UGA,2013,4.4
Uganda,UGA,2017,8.2
Ukraine,UKR,2000,13.7
Ukraine,UKR,2009,13.5
Ukraine,UKR,2010,13.3
Ukraine,UKR,2011,13.1
Ukraine,UKR,2012,13.2
Ukraine,UKR,2013,12.6
Ukraine,UKR,2014,13
Ukraine,UKR,2015,12.6
Ukraine,UKR,2016,12.3
Ukraine,UKR,2017,12.4
United Arab Emirates,ARE,2000,11
United Arab Emirates,ARE,2005,8.1
United Arab Emirates,ARE,2008,8.7
United Arab Emirates,ARE,2016,6.2
United Arab Emirates,ARE,2017,4.9
United Arab Emirates,ARE,2018,10.6
United Arab Emirates,ARE,2019,9.2
United Arab Emirates,ARE,2020,8
United Kingdom,GBR,2000,16.9
United Kingdom,GBR,2001,16.3
United Kingdom,GBR,2002,15.5
United Kingdom,GBR,2003,14.8
United Kingdom,GBR,2004,13.5
United Kingdom,GBR,2005,13.2
United Kingdom,GBR,2006,12.9
United Kingdom,GBR,2007,12.8
United Kingdom,GBR,2008,11.3
United Kingdom,GBR,2009,9.7
United Kingdom,GBR,2010,9.8
United Kingdom,GBR,2011,9.8
United Kingdom,GBR,2012,9.8
United Kingdom,GBR,2013,9.8
United Kingdom,GBR,2014,9.8
United Kingdom,GBR,2015,9.6
United Kingdom,GBR,2016,9.5
United Kingdom,GBR,2017,9.2
United Kingdom,GBR,2018,8.9
United Kingdom,GBR,2019,9.1
United States,USA,2003,13
United States,USA,2004,12.5
United States,USA,2005,12.2
United States,USA,2006,12
United States,USA,2007,11.8
United States,USA,2008,11.6
United States,USA,2009,10.8
United States,USA,2010,10.7
United States,USA,2011,10.9
United States,USA,2012,11
United States,USA,2013,11
United States,USA,2014,10.7
United States,USA,2015,10.7
United States,USA,2016,10.6
United States,USA,2017,10.4
United States,USA,2018,10.4
United States,USA,2019,10.4
United States,USA,2020,10.1
United States,USA,2021,9.9
Uruguay,URY,2000,14.8
Uruguay,URY,2001,14.5
Uruguay,URY,2002,13.5
Uruguay,URY,2003,13.7
Uruguay,URY,2004,14
Uruguay,URY,2005,14.3
Uruguay,URY,2006,13.7
Uruguay,URY,2007,14
Uruguay,URY,2008,13.4
Uruguay,URY,2009,13.1
Uruguay,URY,2010,13
Uruguay,URY,2011,12.2
Uruguay,URY,2012,11.9
Uruguay,URY,2013,11.9
Uruguay,URY,2014,11.6
Uruguay,URY,2015,11.1
Uruguay,URY,2016,11.3
Uruguay,URY,2017,10.7
Uruguay,URY,2018,10.4
Uruguay,URY,2019,10.3
Uruguay,URY,2020,10.3
Uzbekistan,UZB,2010,11.5
Uzbekistan,UZB,2011,11.5
Uzbekistan,UZB,2012,11.4
Uzbekistan,UZB,2013,11.4
Uzbekistan,UZB,2014,11.3
Uzbekistan,UZB,2015,11.3
Uzbekistan,UZB,2016,11.3
Uzbekistan,UZB,2017,11.8
Uzbekistan,UZB,2018,12
Uzbekistan,UZB,2019,11.9
Vanuatu,VUT,2006,0.5
Vanuatu,VUT,2009,1.9
Vanuatu,VUT,2010,2.3
Vanuatu,VUT,2019,4.5
Venezuela,VEN,2000,13.3
Venezuela,VEN,2001,12.6
Venezuela,VEN,2002,11.7
Venezuela,VEN,2003,11.6
Venezuela,VEN,2004,11.3
Venezuela,VEN,2005,11.6
Venezuela,VEN,2006,12
Venezuela,VEN,2007,12.2
Venezuela,VEN,2008,11.9
Venezuela,VEN,2009,11.9
Venezuela,VEN,2010,11.5
Venezuela,VEN,2011,11.3
Venezuela,VEN,2012,11
Venezuela,VEN,2013,11.3
Venezuela,VEN,2016,11.6
Venezuela,VEN,2017,10.8
Vietnam,VNM,2000,9.2
Vietnam,VNM,2001,9.7
Vietnam,VNM,2002,10.1
Vietnam,VNM,2003,11
Vietnam,VNM,2004,11.7
Vietnam,VNM,2006,13.7
Vietnam,VNM,2007,13.8
Vietnam,VNM,2009,14.5
Vietnam,VNM,2010,14.3
Vietnam,VNM,2011,13.8
Vietnam,VNM,2012,13.8
Vietnam,VNM,2013,14
Vietnam,VNM,2014,14.4
Vietnam,VNM,2015,15.7
Vietnam,VNM,2016,16.7
Vietnam,VNM,2017,17.4
Vietnam,VNM,2018,17.9
Vietnam,VNM,2019,21.8
Vietnam,VNM,2020,22.8
Vietnam,VNM,2021,23.1
Western Africa,,2000,9.5
Western Africa,,2001,9.5
Western Africa,,2002,9.3
Western Africa,,2003,9.3
Western Africa,,2004,9.1
Western Africa,,2005,8.9
Western Africa,,2006,8.6
Western Africa,,2007,8.4
Western Africa,,2008,8.1
Western Africa,,2009,7.9
Western Africa,,2010,7.6
Western Africa,,2011,7.4
Western Africa,,2012,7.8
Western Africa,,2013,8.1
Western Africa,,2014,8.4
Western Africa,,2015,8.8
Western Africa,,2016,8.9
Western Africa,,2017,9.1
Western Africa,,2018,9.1
Western Africa,,2019,9.1
Western Africa,,2020,9
Western Asia,,2000,13.8
Western Asia,,2001,13.4
Western Asia,,2002,13.1
Western Asia,,2003,12.9
Western Asia,,2004,12.8
Western Asia,,2005,12.7
Western Asia,,2006,12.4
Western Asia,,2007,12.4
Western Asia,,2008,12.1
Western Asia,,2009,11.7
Western Asia,,2010,11.9
Western Asia,,2011,11.7
Western Asia,,2012,11.6
Western Asia,,2013,11.6
Western Asia,,2014,11.8
Western Asia,,2015,11.7
Western Asia,,2016,11.5
Western Asia,,2017,11.4
Western Asia,,2018,11.6
Western Asia,,2019,11.5
Western Asia,,2020,11.6
"Western Asia (exc. Armenia, Azerbaijan, Cyprus, Israel and Georgia)",,2000,14.8
"Western Asia (exc. Armenia, Azerbaijan, Cyprus, Israel and Georgia)",,2001,14.5
"Western Asia (exc. Armenia, Azerbaijan, Cyprus, Israel and Georgia)",,2002,14.1
"Western Asia (exc. Armenia, Azerbaijan, Cyprus, Israel and Georgia)",,2003,13.9
"Western Asia (exc. Armenia, Azerbaijan, Cyprus, Israel and Georgia)",,2004,13.7
"Western Asia (exc. Armenia, Azerbaijan, Cyprus, Israel and Georgia)",,2005,13.6
"Western Asia (exc. Armenia, Azerbaijan, Cyprus, Israel and Georgia)",,2006,13.4
"Western Asia (exc. Armenia, Azerbaijan, Cyprus, Israel and Georgia)",,2007,13.3
"Western Asia (exc. Armenia, Azerbaijan, Cyprus, Israel and Georgia)",,2008,12.8
"Western Asia (exc. Armenia, Azerbaijan, Cyprus, Israel and Georgia)",,2009,12.5
"Western Asia (exc. Armenia, Azerbaijan, Cyprus, Israel and Georgia)",,2010,12.6
"Western Asia (exc. Armenia, Azerbaijan, Cyprus, Israel and Georgia)",,2011,12.4
"Western Asia (exc. Armenia, Azerbaijan, Cyprus, Israel and Georgia)",,2012,12.2
"Western Asia (exc. Armenia, Azerbaijan, Cyprus, Israel and Georgia)",,2013,12.3
"Western Asia (exc. Armenia, Azerbaijan, Cyprus, Israel and Georgia)",,2014,12.5
"Western Asia (exc. Armenia, Azerbaijan, Cyprus, Israel and Georgia)",,2015,12.4
"Western Asia (exc. Armenia, Azerbaijan, Cyprus, Israel and Georgia)",,2016,12.1
"Western Asia (exc. Armenia, Azerbaijan, Cyprus, Israel and Georgia)",,2017,12
"Western Asia (exc. Armenia, Azerbaijan, Cyprus, Israel and Georgia)",,2018,12.2
"Western Asia (exc. Armenia, Azerbaijan, Cyprus, Israel and Georgia)",,2019,12.1
"Western Asia (exc. Armenia, Azerbaijan, Cyprus, Israel and Georgia)",,2020,12.2
Western Europe,,2000,20.6
Western Europe,,2001,20.4
Western Europe,,2002,20
Western Europe,,2003,19.2
Western Europe,,2004,19.2
Western Europe,,2005,18.6
Western Europe,,2006,18.4
Western Europe,,2007,18.3
Western Europe,,2008,17.2
Western Europe,,2009,16.6
Western Europe,,2010,16.2
Western Europe,,2011,16.1
Western Europe,,2012,15.9
Western Europe,,2013,15.6
Western Europe,,2014,15.6
Western Europe,,2015,15.5
Western Europe,,2016,15.4
Western Europe,,2017,15.4
Western Europe,,2018,15.3
Western Europe,,2019,15.2
Western Europe,,2020,15
World,OWID_WRL,2000,15
World,OWID_WRL,2001,14.8
World,OWID_WRL,2002,14.4
World,OWID_WRL,2003,14.3
World,OWID_WRL,2004,14.4
World,OWID_WRL,2005,14.6
World,OWID_WRL,2006,14.8
World,OWID_WRL,2007,15
World,OWID_WRL,2008,14.8
World,OWID_WRL,2009,14.5
World,OWID_WRL,2010,14.5
World,OWID_WRL,2011,14.6
World,OWID_WRL,2012,14.8
World,OWID_WRL,2013,14.7
World,OWID_WRL,2014,14.6
World,OWID_WRL,2015,14.4
World,OWID_WRL,2016,14.2
World,OWID_WRL,2017,14.1
World,OWID_WRL,2018,14
World,OWID_WRL,2019,13.7
World,OWID_WRL,2020,13.1
Yemen,YEM,2004,5.9
Yemen,YEM,2010,6.6
Yemen,YEM,2014,5.5
Zambia,ZMB,2000,2.8
Zambia,ZMB,2005,4
Zambia,ZMB,2008,3.5
Zambia,ZMB,2012,4.1
Zambia,ZMB,2017,7.7
Zambia,ZMB,2018,8.7
Zambia,ZMB,2019,8.1
Zambia,ZMB,2020,8.4
Zimbabwe,ZWE,2004,5.9
Zimbabwe,ZWE,2011,5
Zimbabwe,ZWE,2014,4
Zimbabwe,ZWE,2019,7.6