Entity,Code,Year,Researchers in R&D (per million people)
Albania,ALB,2008,157.343643188477
Algeria,DZA,2005,168.120086669922
American Samoa,ASM,2002,85.1368103027344
American Samoa,ASM,2003,405.974578857422
American Samoa,ASM,2004,151.867980957031
American Samoa,ASM,2005,101.49365234375
Angola,AGO,2011,52.4101905822754
Argentina,ARG,1997,692.192443847656
Argentina,ARG,1998,701.376770019531
Argentina,ARG,1999,709.560180664063
Argentina,ARG,2000,712.947021484375
Argentina,ARG,2001,684.679748535156
Argentina,ARG,2002,688.397583007813
Argentina,ARG,2003,714.366333007813
Argentina,ARG,2004,760.958679199219
Argentina,ARG,2005,814.091186523438
Argentina,ARG,2006,885.771179199219
Argentina,ARG,2007,967.753173828125
Argentina,ARG,2008,1028.2587890625
Argentina,ARG,2009,1032.76965332031
Argentina,ARG,2010,1120.70751953125
Argentina,ARG,2011,1177.00402832031
Argentina,ARG,2012,1199.40405273438
Argentina,ARG,2013,1193.85375976563
Argentina,ARG,2014,1202.07067871094
Australia,AUS,1996,3332.22119140625
Australia,AUS,1998,3360.08935546875
Australia,AUS,2000,3454.25927734375
Australia,AUS,2002,3749.6953125
Australia,AUS,2004,4062.525390625
Australia,AUS,2006,4231.77880859375
Australia,AUS,2008,4335.39013671875
Australia,AUS,2010,4530.72802734375
Austria,AUT,1998,2332.59545898438
Austria,AUT,2002,2972.88940429688
Austria,AUT,2004,3166.57202148438
Austria,AUT,2005,3457.2060546875
Austria,AUT,2006,3530.9453125
Austria,AUT,2007,3815.74438476563
Austria,AUT,2008,4141.9248046875
Austria,AUT,2009,4145.7001953125
Austria,AUT,2010,4359.02783203125
Austria,AUT,2011,4405.95263671875
Austria,AUT,2012,4653.26806640625
Austria,AUT,2013,4763.25927734375
Austria,AUT,2014,4814.5478515625
Bahrain,BHR,2014,361.986297607422
Belgium,BEL,1996,2467.310546875
Belgium,BEL,1997,2574.3515625
Belgium,BEL,1998,2700.6328125
Belgium,BEL,1999,2904.20971679688
Belgium,BEL,2000,2974.1435546875
Belgium,BEL,2001,3126.318359375
Belgium,BEL,2002,2958.92260742188
Belgium,BEL,2003,2965.3388671875
Belgium,BEL,2004,3087.91455078125
Belgium,BEL,2005,3138.400390625
Belgium,BEL,2006,3280.5517578125
Belgium,BEL,2007,3392.71557617188
Belgium,BEL,2008,3411.626953125
Belgium,BEL,2009,3521.6552734375
Belgium,BEL,2010,3735.8232421875
Belgium,BEL,2011,3878.69995117188
Belgium,BEL,2012,4115.45458984375
Belgium,BEL,2013,4156.244140625
Belgium,BEL,2014,4175.88232421875
Bolivia,BOL,1998,73.5087432861328
Bolivia,BOL,1999,73.3253402709961
Bolivia,BOL,2000,71.946662902832
Bolivia,BOL,2001,123.582069396973
Bolivia,BOL,2002,120.184768676758
Bolivia,BOL,2009,145.714645385742
Bolivia,BOL,2010,165.954254150391
Bosnia and Herzegovina,BIH,2003,60.7044792175293
Bosnia and Herzegovina,BIH,2004,62.4051208496094
Bosnia and Herzegovina,BIH,2005,65.9504699707031
Bosnia and Herzegovina,BIH,2006,174.839736938477
Bosnia and Herzegovina,BIH,2007,194.033569335938
Bosnia and Herzegovina,BIH,2012,150.793319702148
Bosnia and Herzegovina,BIH,2013,216.68440246582
Bosnia and Herzegovina,BIH,2014,266.689086914063
Botswana,BWA,2012,164.898895263672
Brazil,BRA,2000,420.254272460938
Brazil,BRA,2001,436.763061523438
Brazil,BRA,2002,454.211547851563
Brazil,BRA,2003,490.221130371094
Brazil,BRA,2004,538.577026367188
Brazil,BRA,2005,580.488342285156
Brazil,BRA,2006,588.98291015625
Brazil,BRA,2007,603.108581542969
Brazil,BRA,2008,618.828308105469
Brazil,BRA,2009,656.335266113281
Brazil,BRA,2010,698.102111816406
Brunei,BRN,2002,288.307800292969
Brunei,BRN,2003,280.354858398438
Brunei,BRN,2004,286.477355957031
Bulgaria,BGR,1996,1782.67102050781
Bulgaria,BGR,1997,1460.98937988281
Bulgaria,BGR,1998,1472.25512695313
Bulgaria,BGR,1999,1311.64306640625
Bulgaria,BGR,2000,1184.79943847656
Bulgaria,BGR,2001,1161.65209960938
Bulgaria,BGR,2002,1172.04919433594
Bulgaria,BGR,2003,1228.56494140625
Bulgaria,BGR,2004,1269.18896484375
Bulgaria,BGR,2005,1308.53894042969
Bulgaria,BGR,2006,1355.61010742188
Bulgaria,BGR,2007,1480.23791503906
Bulgaria,BGR,2008,1515.10998535156
Bulgaria,BGR,2009,1604.27734375
Bulgaria,BGR,2010,1482.18713378906
Bulgaria,BGR,2011,1618.16809082031
Bulgaria,BGR,2012,1547.15234375
Bulgaria,BGR,2013,1692.5107421875
Bulgaria,BGR,2014,1833.13916015625
Burkina Faso,BFA,2010,47.4949989318848
Cambodia,KHM,2002,17.5800590515137
Canada,CAN,1996,3058.029296875
Canada,CAN,1997,3119.40380859375
Canada,CAN,1998,3158.51831054688
Canada,CAN,1999,3242.84350585938
Canada,CAN,2000,3514.44018554688
Canada,CAN,2001,3694.90258789063
Canada,CAN,2002,3706.1455078125
Canada,CAN,2003,3900.10400390625
Canada,CAN,2004,4084.76782226563
Canada,CAN,2005,4237.92724609375
Canada,CAN,2006,4313.2109375
Canada,CAN,2007,4588.22216796875
Canada,CAN,2008,4711.7705078125
Canada,CAN,2009,4451.4169921875
Canada,CAN,2010,4649.21728515625
Canada,CAN,2011,4785.5205078125
Canada,CAN,2012,4634.31494140625
Canada,CAN,2013,4518.513671875
Cape Verde,CPV,2001,100.590797424316
Cape Verde,CPV,2002,131.753463745117
Cape Verde,CPV,2011,50.4888305664063
Chile,CHL,2007,337.182891845703
Chile,CHL,2008,357.989685058594
Chile,CHL,2009,288.711364746094
Chile,CHL,2010,319.716979980469
Chile,CHL,2011,353.368530273438
Chile,CHL,2012,390.950042724609
Chile,CHL,2013,335.2841796875
Chile,CHL,2014,427.981658935547
China,CHN,1996,442.565490722656
China,CHN,1997,471.994934082031
China,CHN,1998,386.771667480469
China,CHN,1999,420.602081298828
China,CHN,2000,547.303894042969
China,CHN,2001,581.531860351563
China,CHN,2002,631.078002929688
China,CHN,2003,667.532104492188
China,CHN,2004,713.284484863281
China,CHN,2005,856.845458984375
China,CHN,2006,932.314147949219
China,CHN,2007,1078.62524414063
China,CHN,2008,1200.294921875
China,CHN,2009,863.92626953125
China,CHN,2010,902.959777832031
China,CHN,2011,977.682067871094
China,CHN,2012,1035.87915039063
China,CHN,2013,1089.19201660156
China,CHN,2014,1113.07189941406
Colombia,COL,1996,70.1200332641602
Colombia,COL,1997,74.1614608764648
Colombia,COL,2000,99.2716217041016
Colombia,COL,2001,111.150581359863
Colombia,COL,2002,126.833572387695
Colombia,COL,2003,138.346984863281
Colombia,COL,2004,110.36750793457
Colombia,COL,2005,126.185317993164
Colombia,COL,2006,142.665145874023
Colombia,COL,2007,161.327087402344
Colombia,COL,2008,175.925247192383
Colombia,COL,2009,183.059234619141
Colombia,COL,2010,192.994125366211
Colombia,COL,2011,176.619400024414
Colombia,COL,2012,148.132858276367
Colombia,COL,2013,151.945007324219
Congo,COG,1996,50.7886009216309
Congo,COG,1997,49.5887107849121
Congo,COG,1998,40.7211494445801
Congo,COG,1999,36.3625106811523
Congo,COG,2000,32.7247314453125
Costa Rica,CRI,2003,132.817245483398
Costa Rica,CRI,2004,109.624008178711
Costa Rica,CRI,2005,124.01587677002
Costa Rica,CRI,2008,263.009002685547
Costa Rica,CRI,2009,997.936645507813
Costa Rica,CRI,2010,1232.70922851563
Costa Rica,CRI,2011,1327.46813964844
Costa Rica,CRI,2012,339.696990966797
Costa Rica,CRI,2013,357.808135986328
Cote d'Ivoire,CIV,2005,69.9840469360352
Croatia,HRV,1998,1054.37939453125
Croatia,HRV,1999,1239.36950683594
Croatia,HRV,2000,1529.33483886719
Croatia,HRV,2001,1509.82495117188
Croatia,HRV,2002,1949.615234375
Croatia,HRV,2003,1334.9912109375
Croatia,HRV,2004,1628.26147460938
Croatia,HRV,2005,1308.11486816406
Croatia,HRV,2006,1322.64538574219
Croatia,HRV,2007,1406.6650390625
Croatia,HRV,2008,1541.61303710938
Croatia,HRV,2009,1600.54541015625
Croatia,HRV,2010,1645.80639648438
Croatia,HRV,2011,1591.55834960938
Croatia,HRV,2012,1560.05981445313
Croatia,HRV,2013,1528.50390625
Croatia,HRV,2014,1437.31469726563
Cyprus,CYP,1998,259.900451660156
Cyprus,CYP,1999,300.381103515625
Cyprus,CYP,2000,321.217193603516
Cyprus,CYP,2001,346.34033203125
Cyprus,CYP,2002,443.930541992188
Cyprus,CYP,2003,490.908172607422
Cyprus,CYP,2004,573.916625976563
Cyprus,CYP,2005,660.477661132813
Cyprus,CYP,2006,713.540954589844
Cyprus,CYP,2007,751.617980957031
Cyprus,CYP,2008,748.3681640625
Cyprus,CYP,2009,800.560485839844
Cyprus,CYP,2010,819.980346679688
Cyprus,CYP,2011,819.419616699219
Cyprus,CYP,2012,776.585205078125
Cyprus,CYP,2013,771.688720703125
Cyprus,CYP,2014,749.788940429688
Czechia,CZE,1996,1255.29187011719
Czechia,CZE,1997,1219.72082519531
Czechia,CZE,1998,1220.23962402344
Czechia,CZE,1999,1316.56701660156
Czechia,CZE,2000,1349.70153808594
Czechia,CZE,2001,1462.96545410156
Czechia,CZE,2002,1464.42150878906
Czechia,CZE,2003,1548.10400390625
Czechia,CZE,2004,1596.11499023438
Czechia,CZE,2005,2362.365234375
Czechia,CZE,2006,2557.30590820313
Czechia,CZE,2007,2698.59741210938
Czechia,CZE,2008,2864.5185546875
Czechia,CZE,2009,2749.4501953125
Czechia,CZE,2010,2781.8544921875
Czechia,CZE,2011,2912.62890625
Czechia,CZE,2012,3149.99145507813
Czechia,CZE,2013,3249.88940429688
Czechia,CZE,2014,3418.46166992188
Denmark,DNK,1996,3178.10864257813
Denmark,DNK,1997,3318.56201171875
Denmark,DNK,1999,3561.48510742188
Denmark,DNK,2001,3632.88061523438
Denmark,DNK,2002,4758.171875
Denmark,DNK,2003,4622.36767578125
Denmark,DNK,2004,4846.94677734375
Denmark,DNK,2005,5201.29443359375
Denmark,DNK,2006,5301.9462890625
Denmark,DNK,2007,5519.3154296875
Denmark,DNK,2008,6496.76318359375
Denmark,DNK,2009,6660.1435546875
Denmark,DNK,2010,6743.89794921875
Denmark,DNK,2011,7025.99462890625
Denmark,DNK,2012,7155.95458984375
Denmark,DNK,2013,7168.171875
Denmark,DNK,2014,7198.1806640625
Ecuador,ECU,1996,84.1358871459961
Ecuador,ECU,1997,78.1551971435547
Ecuador,ECU,1998,83.3615112304688
Ecuador,ECU,2001,39.9914283752441
Ecuador,ECU,2002,42.0744781494141
Ecuador,ECU,2003,48.5341911315918
Ecuador,ECU,2006,70.5208969116211
Ecuador,ECU,2007,65.0453262329102
Ecuador,ECU,2008,103.233062744141
Ecuador,ECU,2009,118.349822998047
Ecuador,ECU,2010,141.300018310547
Ecuador,ECU,2011,180.295440673828
Egypt,EGY,2007,636.077453613281
Egypt,EGY,2008,442.269134521484
Egypt,EGY,2009,437.057830810547
Egypt,EGY,2010,496.728485107422
Egypt,EGY,2011,496.116180419922
Egypt,EGY,2012,521.739807128906
Egypt,EGY,2013,543.88623046875
Egypt,EGY,2014,681.611694335938
Estonia,EST,1998,2117.48120117188
Estonia,EST,1999,2138.44921875
Estonia,EST,2000,1905.44934082031
Estonia,EST,2001,1926.34619140625
Estonia,EST,2002,2212.2822265625
Estonia,EST,2003,2197.55395507813
Estonia,EST,2004,2470.75830078125
Estonia,EST,2005,2457.10205078125
Estonia,EST,2006,2603.43920898438
Estonia,EST,2007,2745.05981445313
Estonia,EST,2008,2969.53369140625
Estonia,EST,2009,3229.01049804688
Estonia,EST,2010,3060.60620117188
Estonia,EST,2011,3396.66333007813
Estonia,EST,2012,3460.62060546875
Estonia,EST,2013,3338.51000976563
Estonia,EST,2014,3284.44775390625
Ethiopia,ETH,2005,20.989860534668
Ethiopia,ETH,2007,19.9648990631104
Ethiopia,ETH,2010,42.2672805786133
Ethiopia,ETH,2013,45.1226387023926
Faeroe Islands,FRO,2003,1780.24340820313
Finland,FIN,1997,5151.61669921875
Finland,FIN,1998,5905.13232421875
Finland,FIN,1999,6326.68896484375
Finland,FIN,2000,6731.88232421875
Finland,FIN,2001,7109.79541015625
Finland,FIN,2002,7428.0126953125
Finland,FIN,2003,8002.6083984375
Finland,FIN,2004,7841.798828125
Finland,FIN,2005,7544.64794921875
Finland,FIN,2006,7673.0556640625
Finland,FIN,2007,7373.23974609375
Finland,FIN,2008,7692.4423828125
Finland,FIN,2009,7648.88134765625
Finland,FIN,2010,7717.47509765625
Finland,FIN,2011,7413.634765625
Finland,FIN,2012,7460.1025390625
Finland,FIN,2013,7187.92626953125
Finland,FIN,2014,6985.9443359375
France,FRA,1996,2649.18212890625
France,FRA,1997,2638.2822265625
France,FRA,1998,2645.3837890625
France,FRA,1999,2714.0947265625
France,FRA,2000,2897.42651367188
France,FRA,2001,2970.46240234375
France,FRA,2002,3103.08056640625
France,FRA,2003,3188.46215820313
France,FRA,2004,3325.36450195313
France,FRA,2005,3306.68139648438
France,FRA,2006,3418.13208007813
France,FRA,2007,3580.19482421875
France,FRA,2008,3653.9921875
France,FRA,2009,3741.42211914063
France,FRA,2010,3867.99291992188
France,FRA,2011,3939.51147460938
France,FRA,2012,4073.40576171875
France,FRA,2013,4169.84814453125
France,FRA,2014,4201.05517578125
Gambia,GMB,2008,97.6840133666992
Gambia,GMB,2009,109.219673156738
Gambia,GMB,2011,33.5029602050781
Georgia,GEO,2013,561.634399414063
Georgia,GEO,2014,585.410705566406
Germany,DEU,1996,2811.61376953125
Germany,DEU,1997,2875.74072265625
Germany,DEU,1998,2898.56689453125
Germany,DEU,1999,3107.28271484375
Germany,DEU,2000,3148.80126953125
Germany,DEU,2001,3231.71752929688
Germany,DEU,2002,3253.51977539063
Germany,DEU,2003,3297.09106445313
Germany,DEU,2004,3318.869140625
Germany,DEU,2005,3349.64575195313
Germany,DEU,2006,3452.2099609375
Germany,DEU,2007,3597.23876953125
Germany,DEU,2008,3751.78149414063
Germany,DEU,2009,3940.73583984375
Germany,DEU,2010,4077.76708984375
Germany,DEU,2011,4211.25439453125
Germany,DEU,2012,4379.0751953125
Germany,DEU,2013,4399.67236328125
Germany,DEU,2014,4380.5625
Ghana,GHA,2007,17.4138507843018
Ghana,GHA,2010,38.6795883178711
Greece,GRC,1997,1015.39239501953
Greece,GRC,1999,1351.66162109375
Greece,GRC,2001,1307.94348144531
Greece,GRC,2003,1417.21166992188
Greece,GRC,2005,1769.95324707031
Greece,GRC,2006,1793.70336914063
Greece,GRC,2007,1887.82946777344
Greece,GRC,2011,2212.33276367188
Greece,GRC,2012,2232.2890625
Greece,GRC,2013,2643.85400390625
Greece,GRC,2014,2715.9072265625
Greenland,GRL,2001,536.059753417969
Greenland,GRL,2002,539.498352050781
Greenland,GRL,2003,646.901245117188
Greenland,GRL,2004,701.464477539063
Guam,GUM,2003,285.129547119141
Guam,GUM,2004,316.067596435547
Guam,GUM,2005,303.028381347656
Guatemala,GTM,2005,29.4307193756104
Guatemala,GTM,2006,24.0918502807617
Guatemala,GTM,2007,33.8463897705078
Guatemala,GTM,2008,38.2797203063965
Guatemala,GTM,2009,38.4240989685059
Guatemala,GTM,2010,24.639799118042
Guatemala,GTM,2011,24.5858898162842
Guatemala,GTM,2012,26.7425594329834
Hong Kong,HKG,1998,1039.53625488281
Hong Kong,HKG,1999,1184.30859375
Hong Kong,HKG,2000,1139.23461914063
Hong Kong,HKG,2001,1338.25048828125
Hong Kong,HKG,2002,1552.06127929688
Hong Kong,HKG,2003,1970.26110839844
Hong Kong,HKG,2004,2133.09399414063
Hong Kong,HKG,2005,2634.13842773438
Hong Kong,HKG,2006,2673.05810546875
Hong Kong,HKG,2007,2842.59838867188
Hong Kong,HKG,2008,2669.89501953125
Hong Kong,HKG,2009,2774.82177734375
Hong Kong,HKG,2010,2942.98901367188
Hong Kong,HKG,2011,2893.2978515625
Hong Kong,HKG,2012,2990.20336914063
Hong Kong,HKG,2013,3135.98828125
Hungary,HUN,1996,1007.07543945313
Hungary,HUN,1997,1081.73352050781
Hungary,HUN,1998,1140.82189941406
Hungary,HUN,1999,1226.84729003906
Hungary,HUN,2000,1409.02197265625
Hungary,HUN,2001,1438.41027832031
Hungary,HUN,2002,1471.75952148438
Hungary,HUN,2003,1496.82434082031
Hungary,HUN,2004,1473.13293457031
Hungary,HUN,2005,1572.70764160156
Hungary,HUN,2006,1741.03967285156
Hungary,HUN,2007,1728.01684570313
Hungary,HUN,2008,1841.06604003906
Hungary,HUN,2009,1999.41186523438
Hungary,HUN,2010,2131.08154296875
Hungary,HUN,2011,2304.47045898438
Hungary,HUN,2012,2393.67358398438
Hungary,HUN,2013,2522.845703125
Hungary,HUN,2014,2650.57836914063
Iceland,ISL,1997,4915.3583984375
Iceland,ISL,1998,5132.283203125
Iceland,ISL,1999,5666.7958984375
Iceland,ISL,2001,6546.330078125
Iceland,ISL,2003,6614.35888671875
Iceland,ISL,2005,7261.79052734375
Iceland,ISL,2006,7975.61865234375
Iceland,ISL,2007,7230.48974609375
Iceland,ISL,2008,7443.3173828125
Iceland,ISL,2009,7969.49755859375
Iceland,ISL,2011,7034.544921875
Iceland,ISL,2013,5993.04833984375
India,IND,1996,152.48388671875
India,IND,1998,115.631309509277
India,IND,2000,110.050392150879
India,IND,2005,135.299697875977
India,IND,2010,156.638046264648
Indonesia,IDN,2000,212.649658203125
Indonesia,IDN,2001,199.218185424805
Indonesia,IDN,2009,89.5267028808594
Iran,IRN,2006,712.686767578125
Iran,IRN,2008,748.207397460938
Iran,IRN,2009,712.216186523438
Iran,IRN,2010,738.188659667969
Iran,IRN,2012,691.414001464844
Iraq,IRQ,2007,370.7138671875
Iraq,IRQ,2008,381.026489257813
Iraq,IRQ,2009,401.993499755859
Iraq,IRQ,2010,416.254211425781
Iraq,IRQ,2011,425.47705078125
Iraq,IRQ,2014,67.8700485229492
Ireland,IRL,1996,1747.72058105469
Ireland,IRL,1997,1901.61499023438
Ireland,IRL,1998,2061.87353515625
Ireland,IRL,1999,2079.013671875
Ireland,IRL,2000,2216.79956054688
Ireland,IRL,2001,2293.62255859375
Ireland,IRL,2002,2362.7763671875
Ireland,IRL,2003,2484.29467773438
Ireland,IRL,2004,2672.47729492188
Ireland,IRL,2005,2756.38134765625
Ireland,IRL,2006,2834.69140625
Ireland,IRL,2007,2892.64575195313
Ireland,IRL,2008,3236.94873046875
Ireland,IRL,2009,3112.57641601563
Ireland,IRL,2010,3070.169921875
Ireland,IRL,2011,3281.74047851563
Ireland,IRL,2012,3421.90478515625
Ireland,IRL,2013,3605.94116210938
Ireland,IRL,2014,3732.0615234375
Israel,ISR,2011,7296.25341796875
Israel,ISR,2012,8255.404296875
Italy,ITA,1996,1338.91137695313
Italy,ITA,1997,1151.625
Italy,ITA,1998,1146.34143066406
Italy,ITA,1999,1141.36437988281
Italy,ITA,2000,1156.83947753906
Italy,ITA,2001,1162.88269042969
Italy,ITA,2002,1235.64587402344
Italy,ITA,2003,1212.583984375
Italy,ITA,2004,1234.17578125
Italy,ITA,2005,1406.28405761719
Italy,ITA,2006,1500.88073730469
Italy,ITA,2007,1572.57873535156
Italy,ITA,2008,1614.42236328125
Italy,ITA,2009,1712.54418945313
Italy,ITA,2010,1735.65625
Italy,ITA,2011,1778.70458984375
Italy,ITA,2012,1853.01354980469
Italy,ITA,2013,1943.46948242188
Italy,ITA,2014,2006.68469238281
Japan,JPN,1996,4947.04052734375
Japan,JPN,1997,5001.5986328125
Japan,JPN,1998,5211.65283203125
Japan,JPN,1999,5251.07177734375
Japan,JPN,2000,5151.125
Japan,JPN,2001,5183.763671875
Japan,JPN,2002,4934.94970703125
Japan,JPN,2003,5156.09375
Japan,JPN,2004,5156.828125
Japan,JPN,2005,5360.19580078125
Japan,JPN,2006,5386.994140625
Japan,JPN,2007,5377.68896484375
Japan,JPN,2008,5157.7666015625
Japan,JPN,2009,5147.8359375
Japan,JPN,2010,5152.63134765625
Japan,JPN,2011,5160.20458984375
Japan,JPN,2012,5083.74951171875
Japan,JPN,2013,5201.31640625
Japan,JPN,2014,5386.15380859375
Jordan,JOR,1998,1966.96667480469
Kazakhstan,KAZ,2007,405.198455810547
Kazakhstan,KAZ,2008,375.220703125
Kazakhstan,KAZ,2009,347.426788330078
Kazakhstan,KAZ,2010,369.207214355469
Kazakhstan,KAZ,2011,384.431732177734
Kazakhstan,KAZ,2012,609.638122558594
Kazakhstan,KAZ,2013,734.054565429688
Kenya,KEN,2007,56.5199890136719
Kenya,KEN,2010,230.731201171875
Kuwait,KWT,1997,197.478912353516
Kuwait,KWT,1998,186.836837768555
Kuwait,KWT,1999,175.916488647461
Kuwait,KWT,2000,167.921752929688
Kuwait,KWT,2001,168.842346191406
Kuwait,KWT,2002,169.423889160156
Kuwait,KWT,2003,170.802093505859
Kuwait,KWT,2004,172.179489135742
Kuwait,KWT,2005,169.640975952148
Kuwait,KWT,2006,164.051193237305
Kuwait,KWT,2007,185.929916381836
Kuwait,KWT,2008,148.967391967773
Kuwait,KWT,2009,139.52311706543
Kuwait,KWT,2010,133.029449462891
Kuwait,KWT,2011,126.883926391602
Kuwait,KWT,2012,128.378295898438
Laos,LAO,2002,15.8114500045776
Latin America & Caribbean (excluding high income),,2000,314.084311088469
Latin America & Caribbean (excluding high income),,2001,322.385469536254
Latin America & Caribbean (excluding high income),,2002,375.100435203694
Latin America & Caribbean (excluding high income),,2003,400.254007772493
Latin America & Caribbean (excluding high income),,2004,468.221033045672
Latin America & Caribbean (excluding high income),,2005,481.809427971146
Latin America & Caribbean (excluding high income),,2006,479.063651867127
Latin America & Caribbean (excluding high income),,2007,497.318164716792
Latin America & Caribbean (excluding high income),,2008,510.593707750002
Latin America & Caribbean (excluding high income),,2009,538.143061143494
Latin America & Caribbean (excluding high income),,2010,569.03161098281
Latin America & Caribbean (excluding high income),,2011,601.600770699679
Latin America & Caribbean (excluding high income),,2012,604.820440885418
Latin America & Caribbean (excluding high income),,2013,578.990406225856
Latin America & Caribbean (excluding high income),,2014,605.950322590583
Latvia,LVA,1996,1154.86071777344
Latvia,LVA,1997,1072.03234863281
Latvia,LVA,1998,1058.95263671875
Latvia,LVA,1999,1096.67028808594
Latvia,LVA,2000,1608.27770996094
Latvia,LVA,2001,1491.16577148438
Latvia,LVA,2002,1489.59887695313
Latvia,LVA,2003,1400.55773925781
Latvia,LVA,2004,1472.79382324219
Latvia,LVA,2005,1473.36169433594
Latvia,LVA,2006,1789.3642578125
Latvia,LVA,2007,1914.45251464844
Latvia,LVA,2008,2038.04187011719
Latvia,LVA,2009,1710.19128417969
Latvia,LVA,2010,1863.65209960938
Latvia,LVA,2011,1912.62036132813
Latvia,LVA,2012,1916.45922851563
Latvia,LVA,2013,1801.81787109375
Latvia,LVA,2014,1884.02868652344
Lesotho,LSO,2002,6.36439990997314
Lesotho,LSO,2003,7.89981985092163
Lesotho,LSO,2004,10.4600200653076
Lesotho,LSO,2009,23.0102996826172
Lesotho,LSO,2011,5.85355997085571
Lithuania,LTU,1996,2090.96533203125
Lithuania,LTU,1997,2182.42016601563
Lithuania,LTU,1998,2379.91259765625
Lithuania,LTU,1999,2429.15234375
Lithuania,LTU,2000,2230.68505859375
Lithuania,LTU,2001,2334.54174804688
Lithuania,LTU,2002,1842.88403320313
Lithuania,LTU,2003,1939.50146484375
Lithuania,LTU,2004,2178.4189453125
Lithuania,LTU,2005,2284.2919921875
Lithuania,LTU,2006,2414.13696289063
Lithuania,LTU,2007,2593.81469726563
Lithuania,LTU,2008,2619.10522460938
Lithuania,LTU,2009,2676.17700195313
Lithuania,LTU,2010,2753.58764648438
Lithuania,LTU,2011,2732.37133789063
Lithuania,LTU,2012,2659.70849609375
Lithuania,LTU,2013,2887.162109375
Lithuania,LTU,2014,2961.46655273438
Low & middle income,,2005,566.879162467348
Low & middle income,,2010,619.252221987415
Low & middle income,,2015,716.562080482216
Luxembourg,LUX,2000,3773.38598632813
Luxembourg,LUX,2003,4357.05029296875
Luxembourg,LUX,2004,4494.650390625
Luxembourg,LUX,2005,4864.0703125
Luxembourg,LUX,2006,4412.453125
Luxembourg,LUX,2007,4635.72119140625
Luxembourg,LUX,2008,4715.93310546875
Luxembourg,LUX,2009,4828.94970703125
Luxembourg,LUX,2010,5144.982421875
Luxembourg,LUX,2011,5444.294921875
Luxembourg,LUX,2012,4338.9130859375
Luxembourg,LUX,2013,4594.54736328125
Luxembourg,LUX,2014,4577.29736328125
Macao,MAC,2001,260.906494140625
Macao,MAC,2002,236.391723632813
Macao,MAC,2003,325.898376464844
Macao,MAC,2004,532.95068359375
Macao,MAC,2005,635.4814453125
Macao,MAC,2006,572.40771484375
Macao,MAC,2007,396.939697265625
Macao,MAC,2008,394.658508300781
Macao,MAC,2009,575.176696777344
Macao,MAC,2010,654.21435546875
Macao,MAC,2011,615.165649414063
Macao,MAC,2012,744.940063476563
Macao,MAC,2013,928.253540039063
Macao,MAC,2014,1053.40930175781
Madagascar,MDG,1998,14.4013795852661
Madagascar,MDG,1999,14.8727502822876
Madagascar,MDG,2000,15.2431201934814
Madagascar,MDG,2001,50.6289596557617
Madagascar,MDG,2002,47.0840492248535
Madagascar,MDG,2003,47.2013282775879
Madagascar,MDG,2004,47.7387008666992
Madagascar,MDG,2005,48.0580101013184
Madagascar,MDG,2006,47.7527809143066
Madagascar,MDG,2007,48.3712005615234
Madagascar,MDG,2008,46.6708183288574
Madagascar,MDG,2009,45.375358581543
Madagascar,MDG,2010,52.1358795166016
Madagascar,MDG,2011,51.0174293518066
Malawi,MWI,2007,30.0554695129395
Malawi,MWI,2010,49.5672798156738
Malaysia,MYS,1996,89.0838012695313
Malaysia,MYS,1998,152.785598754883
Malaysia,MYS,2000,274.243988037109
Malaysia,MYS,2002,293.2958984375
Malaysia,MYS,2004,500.137664794922
Malaysia,MYS,2006,369.123199462891
Malaysia,MYS,2008,600.958862304688
Malaysia,MYS,2009,1070.39379882813
Malaysia,MYS,2010,1467.07336425781
Malaysia,MYS,2011,1653.38427734375
Malaysia,MYS,2012,1793.54821777344
Malaysia,MYS,2014,2051.73583984375
Mali,MLI,2006,38.5426216125488
Mali,MLI,2010,29.1746292114258
Malta,MLT,2002,695.388977050781
Malta,MLT,2003,702.5224609375
Malta,MLT,2004,1104.39575195313
Malta,MLT,2005,1206.26354980469
Malta,MLT,2006,1302.85180664063
Malta,MLT,2007,1220.61352539063
Malta,MLT,2008,1331.22705078125
Malta,MLT,2009,1206.4228515625
Malta,MLT,2010,1443.95043945313
Malta,MLT,2011,1804.02099609375
Malta,MLT,2012,2018.78747558594
Malta,MLT,2013,2056.40356445313
Malta,MLT,2014,2132.99243164063
Mauritius,MUS,2012,181.112335205078
Mexico,MEX,1996,206.837661743164
Mexico,MEX,1997,218.706344604492
Mexico,MEX,1998,209.088821411133
Mexico,MEX,1999,216.053527832031
Mexico,MEX,2000,216.207611083984
Mexico,MEX,2001,224.389923095703
Mexico,MEX,2002,294.871215820313
Mexico,MEX,2003,313.953582763672
Mexico,MEX,2004,366.938842773438
Mexico,MEX,2005,400.208099365234
Mexico,MEX,2006,325.579742431641
Mexico,MEX,2007,335.250213623047
Mexico,MEX,2008,327.372192382813
Mexico,MEX,2009,367.866973876953
Mexico,MEX,2010,311.839538574219
Mexico,MEX,2011,322.542205810547
Middle income,,2000,483.229404244462
Middle income,,2005,584.560213338029
Middle income,,2010,652.385460869248
Middle income,,2015,740.673994444663
Moldova,MDA,2003,656.089660644531
Moldova,MDA,2004,654.04638671875
Moldova,MDA,2005,621.255920410156
Moldova,MDA,2006,604.876037597656
Moldova,MDA,2007,627.837158203125
Moldova,MDA,2008,713.422546386719
Moldova,MDA,2009,698.518249511719
Moldova,MDA,2010,663.241821289063
Moldova,MDA,2011,678.550354003906
Moldova,MDA,2012,671.451599121094
Moldova,MDA,2013,643.884155273438
Moldova,MDA,2014,651.959289550781
Montenegro,MNE,2011,760.084533691406
Montenegro,MNE,2013,646.764282226563
Montenegro,MNE,2014,673.285461425781
Morocco,MAR,2006,650.735290527344
Morocco,MAR,2007,643.764892578125
Morocco,MAR,2008,660.371337890625
Morocco,MAR,2010,725.058837890625
Morocco,MAR,2011,851.900634765625
Morocco,MAR,2012,856.921447753906
Mozambique,MOZ,2006,15.5029096603394
Mozambique,MOZ,2008,19.2999591827393
Mozambique,MOZ,2009,11.526650428772
Mozambique,MOZ,2010,37.5117301940918
Myanmar,MMR,1997,7.16837978363037
Myanmar,MMR,1998,7.22431993484497
Myanmar,MMR,1999,10.8264303207397
Myanmar,MMR,2001,11.909779548645
Myanmar,MMR,2002,17.1904106140137
Nepal,NPL,2002,61.1821098327637
Netherlands,NLD,1996,2285.70190429688
Netherlands,NLD,1997,2433.658203125
Netherlands,NLD,1998,2485.8115234375
Netherlands,NLD,1999,2644.62622070313
Netherlands,NLD,2000,2654.70971679688
Netherlands,NLD,2001,2852.72509765625
Netherlands,NLD,2002,2729.15112304688
Netherlands,NLD,2003,2709.46118164063
Netherlands,NLD,2004,2977.96215820313
Netherlands,NLD,2005,2930.13940429688
Netherlands,NLD,2006,3240.63525390625
Netherlands,NLD,2007,3101.31225585938
Netherlands,NLD,2008,3070.66723632813
Netherlands,NLD,2009,2833.0322265625
Netherlands,NLD,2010,3228.9794921875
Netherlands,NLD,2011,3674.9765625
Netherlands,NLD,2012,4372.4228515625
Netherlands,NLD,2013,4561.22802734375
Netherlands,NLD,2014,4478.0537109375
New Zealand,NZL,1997,2202.56713867188
New Zealand,NZL,1999,2296.79760742188
New Zealand,NZL,2001,2643.64868164063
New Zealand,NZL,2003,3075.22387695313
New Zealand,NZL,2005,3140.73657226563
New Zealand,NZL,2007,3445.00415039063
New Zealand,NZL,2009,3718.9970703125
New Zealand,NZL,2011,3700.77490234375
New Zealand,NZL,2013,4008.71069335938
Nicaragua,NIC,1997,71.0310211181641
Niger,NER,2001,9.36240005493164
Niger,NER,2002,8.6121301651001
Niger,NER,2003,7.98293018341064
Niger,NER,2004,8.15635013580322
Niger,NER,2005,7.4895601272583
Nigeria,NGA,2007,38.5756301879883
North Macedonia,MKD,1997,621.526428222656
North Macedonia,MKD,1998,692.959838867188
North Macedonia,MKD,1999,678.216369628906
North Macedonia,MKD,2000,658.532043457031
North Macedonia,MKD,2001,613.380126953125
North Macedonia,MKD,2002,573.764770507813
North Macedonia,MKD,2003,549.662902832031
North Macedonia,MKD,2004,524.419616699219
North Macedonia,MKD,2005,544.815368652344
North Macedonia,MKD,2006,518.724365234375
North Macedonia,MKD,2007,505.9892578125
North Macedonia,MKD,2008,470.985260009766
North Macedonia,MKD,2009,433.722534179688
North Macedonia,MKD,2010,534.269287109375
North Macedonia,MKD,2011,446.645690917969
North Macedonia,MKD,2012,613.259765625
North Macedonia,MKD,2013,676.425048828125
North Macedonia,MKD,2014,838.446228027344
Norway,NOR,1997,3963.32788085938
Norway,NOR,1999,4096.07763671875
Norway,NOR,2001,4360.0009765625
Norway,NOR,2003,4504.94140625
Norway,NOR,2004,4502.3349609375
Norway,NOR,2005,4584.455078125
Norway,NOR,2006,4838.03125
Norway,NOR,2007,5162.76171875
Norway,NOR,2008,5360.42919921875
Norway,NOR,2009,5439.126953125
Norway,NOR,2010,5407.81884765625
Norway,NOR,2011,5496.2255859375
Norway,NOR,2012,5547.82080078125
Norway,NOR,2013,5569.44580078125
Norway,NOR,2014,5679.326171875
Oman,OMN,2011,150.66340637207
Oman,OMN,2012,170.262145996094
Oman,OMN,2013,127.272888183594
Pakistan,PAK,1997,77.433708190918
Pakistan,PAK,2005,82.7419128417969
Pakistan,PAK,2007,164.851867675781
Pakistan,PAK,2009,165.756896972656
Pakistan,PAK,2011,150.993576049805
Pakistan,PAK,2013,166.916275024414
Palestine,PSE,2007,74.5733413696289
Palestine,PSE,2008,94.1715621948242
Palestine,PSE,2009,143.182250976563
Palestine,PSE,2010,322.455383300781
Palestine,PSE,2013,564.069152832031
Panama,PAN,1996,111.884559631348
Panama,PAN,1997,114.556571960449
Panama,PAN,1998,158.343994140625
Panama,PAN,1999,96.9634017944336
Panama,PAN,2000,94.4283599853516
Panama,PAN,2001,89.4104614257813
Panama,PAN,2002,94.4437789916992
Panama,PAN,2003,94.9255065917969
Panama,PAN,2004,84.9533996582031
Panama,PAN,2005,103.636276245117
Panama,PAN,2006,105.369087219238
Panama,PAN,2007,166.356536865234
Panama,PAN,2008,132.335662841797
Panama,PAN,2009,110.692779541016
Panama,PAN,2011,118.95777130127
Panama,PAN,2012,37.9297714233398
Panama,PAN,2013,39.4147415161133
Paraguay,PRY,2001,88.9464263916016
Paraguay,PRY,2002,82.5978927612305
Paraguay,PRY,2003,81.7411270141602
Paraguay,PRY,2004,86.8026580810547
Paraguay,PRY,2005,72.3320693969727
Paraguay,PRY,2008,77.0613403320313
Paraguay,PRY,2011,50.3673210144043
Paraguay,PRY,2012,169.457992553711
Philippines,PHL,2003,70.6264572143555
Philippines,PHL,2005,80.0544509887695
Philippines,PHL,2007,78.1988525390625
Philippines,PHL,2009,81.8970108032227
Philippines,PHL,2011,85.0567779541016
Philippines,PHL,2013,189.407943725586
Poland,POL,1996,1359.43627929688
Poland,POL,1997,1441.09692382813
Poland,POL,1998,1457.27282714844
Poland,POL,1999,1465.20764160156
Poland,POL,2000,1433.60083007813
Poland,POL,2001,1459.65808105469
Poland,POL,2002,1475.10754394531
Poland,POL,2003,1523.87854003906
Poland,POL,2004,1584.83325195313
Poland,POL,2005,1616.13415527344
Poland,POL,2006,1548.19689941406
Poland,POL,2007,1594.66833496094
Poland,POL,2008,1604.2568359375
Poland,POL,2009,1585.02307128906
Poland,POL,2010,1672.36889648438
Poland,POL,2011,1661.72045898438
Poland,POL,2012,1735.34558105469
Poland,POL,2013,1850.71752929688
Poland,POL,2014,2035.78332519531
Portugal,PRT,1996,1247.11206054688
Portugal,PRT,1997,1342.79174804688
Portugal,PRT,1998,1441.11181640625
Portugal,PRT,1999,1538.59411621094
Portugal,PRT,2000,1628.47106933594
Portugal,PRT,2001,1717.47290039063
Portugal,PRT,2002,1832.03112792969
Portugal,PRT,2003,1945.81555175781
Portugal,PRT,2004,1980.77392578125
Portugal,PRT,2005,2015.84729003906
Portugal,PRT,2006,2344.0244140625
Portugal,PRT,2007,2670.5244140625
Portugal,PRT,2008,3820.19506835938
Portugal,PRT,2009,3761.39453125
Portugal,PRT,2010,3922.91333007813
Portugal,PRT,2011,4172.40087890625
Portugal,PRT,2012,4041.66772460938
Portugal,PRT,2013,3615.14624023438
Portugal,PRT,2014,3699.87280273438
Puerto Rico,PRI,2013,260.120941162109
Qatar,QAT,2012,597.060729980469
Romania,ROU,1996,1328.81518554688
Romania,ROU,1997,1256.15246582031
Romania,ROU,1998,1224.20068359375
Romania,ROU,1999,1053.14050292969
Romania,ROU,2000,925.337646484375
Romania,ROU,2001,897.320739746094
Romania,ROU,2002,928.336608886719
Romania,ROU,2003,965.121032714844
Romania,ROU,2004,985.109191894531
Romania,ROU,2005,1072.421875
Romania,ROU,2006,896.964111328125
Romania,ROU,2007,896.485290527344
Romania,ROU,2008,935.026000976563
Romania,ROU,2009,939.578430175781
Romania,ROU,2010,974.440002441406
Romania,ROU,2011,799.536010742188
Romania,ROU,2012,903.2861328125
Romania,ROU,2013,938.45849609375
Romania,ROU,2014,921.504699707031
Russia,RUS,1996,3795.7607421875
Russia,RUS,1997,3603.294921875
Russia,RUS,1998,3341.53759765625
Russia,RUS,1999,3382.9013671875
Russia,RUS,2000,3459.13061523438
Russia,RUS,2001,3468.5537109375
Russia,RUS,2002,3388.14868164063
Russia,RUS,2003,3371.60327148438
Russia,RUS,2004,3315.98193359375
Russia,RUS,2005,3234.70751953125
Russia,RUS,2006,3239.58544921875
Russia,RUS,2007,3276.12231445313
Russia,RUS,2008,3152.62036132813
Russia,RUS,2009,3090.01123046875
Russia,RUS,2010,3087.99145507813
Russia,RUS,2011,3125.30126953125
Russia,RUS,2012,3093.56274414063
Russia,RUS,2013,3073.091796875
Russia,RUS,2014,3101.62963867188
Rwanda,RWA,2008,10.6458101272583
Rwanda,RWA,2009,12.2897701263428
Senegal,SEN,2006,260.052520751953
Senegal,SEN,2007,275.442260742188
Senegal,SEN,2008,370.156158447266
Senegal,SEN,2010,361.123382568359
Serbia,SRB,2007,964.486267089844
Serbia,SRB,2008,1095.35778808594
Serbia,SRB,2009,1149.3251953125
Serbia,SRB,2010,1212.59460449219
Serbia,SRB,2011,1298.76489257813
Serbia,SRB,2012,1313.86560058594
Serbia,SRB,2013,1380.93591308594
Serbia,SRB,2014,1464.82299804688
Seychelles,SYC,2005,146.483825683594
Singapore,SGP,1996,2551.20336914063
Singapore,SGP,1997,2656.3642578125
Singapore,SGP,1998,3050.73095703125
Singapore,SGP,1999,3295.75610351563
Singapore,SGP,2000,4245.03125
Singapore,SGP,2001,4160.93310546875
Singapore,SGP,2002,4380.9921875
Singapore,SGP,2003,4706.4521484375
Singapore,SGP,2004,4881.8505859375
Singapore,SGP,2005,5291.7685546875
Singapore,SGP,2006,5424.78662109375
Singapore,SGP,2007,5768.56982421875
Singapore,SGP,2008,5740.83740234375
Singapore,SGP,2009,6148.96142578125
Singapore,SGP,2010,6306.51904296875
Singapore,SGP,2011,6495.9873046875
Singapore,SGP,2012,6442.2763671875
Singapore,SGP,2013,6665.1943359375
Singapore,SGP,2014,6658.4990234375
Slovakia,SVK,1996,1863.32568359375
Slovakia,SVK,1997,1857.95642089844
Slovakia,SVK,1998,1884.80456542969
Slovakia,SVK,1999,1709.23754882813
Slovakia,SVK,2000,1848.2880859375
Slovakia,SVK,2001,1779.53979492188
Slovakia,SVK,2002,1704.76916503906
Slovakia,SVK,2003,1787.89880371094
Slovakia,SVK,2004,1990.58850097656
Slovakia,SVK,2005,2027.89428710938
Slovakia,SVK,2006,2185.68701171875
Slovakia,SVK,2007,2291.32470703125
Slovakia,SVK,2008,2332.40258789063
Slovakia,SVK,2009,2460.22216796875
Slovakia,SVK,2010,2808.04370117188
Slovakia,SVK,2011,2832.16259765625
Slovakia,SVK,2012,2819.8525390625
Slovakia,SVK,2013,2717.58935546875
Slovakia,SVK,2014,2718.52807617188
Slovenia,SVN,1996,2256.86547851563
Slovenia,SVN,1997,2023.06042480469
Slovenia,SVN,1998,2155.25268554688
Slovenia,SVN,1999,2226.27099609375
Slovenia,SVN,2000,2180.37133789063
Slovenia,SVN,2001,2262.24877929688
Slovenia,SVN,2002,2335.18041992188
Slovenia,SVN,2003,1898.60302734375
Slovenia,SVN,2004,2024.18579101563
Slovenia,SVN,2005,2631.07543945313
Slovenia,SVN,2006,2920.37255859375
Slovenia,SVN,2007,3097.96704101563
Slovenia,SVN,2008,3463.017578125
Slovenia,SVN,2009,3644.98999023438
Slovenia,SVN,2010,3753.02075195313
Slovenia,SVN,2011,4261.244140625
Slovenia,SVN,2012,4306.5986328125
Slovenia,SVN,2013,4216.83447265625
Slovenia,SVN,2014,4149.91162109375
South Africa,ZAF,1997,198.804763793945
South Africa,ZAF,2001,311.150970458984
South Africa,ZAF,2003,300.841461181641
South Africa,ZAF,2004,375.825073242188
South Africa,ZAF,2005,357.848266601563
South Africa,ZAF,2006,378.820739746094
South Africa,ZAF,2007,388.788238525391
South Africa,ZAF,2008,385.000762939453
South Africa,ZAF,2009,388.159912109375
South Africa,ZAF,2010,362.630218505859
South Africa,ZAF,2011,385.071044921875
South Africa,ZAF,2012,404.685913085938
South Korea,KOR,1996,2211.22680664063
South Korea,KOR,1997,2267.02880859375
South Korea,KOR,1998,2029.42712402344
South Korea,KOR,1999,2182.82934570313
South Korea,KOR,2000,2345.3525390625
South Korea,KOR,2001,2932.46264648438
South Korea,KOR,2002,3034.38696289063
South Korea,KOR,2003,3215.21142578125
South Korea,KOR,2004,3301.31420898438
South Korea,KOR,2005,3777.10668945313
South Korea,KOR,2006,4175.013671875
South Korea,KOR,2007,4603.83642578125
South Korea,KOR,2008,4867.8134765625
South Korea,KOR,2009,5000.85205078125
South Korea,KOR,2010,5380.275390625
South Korea,KOR,2011,5853.3291015625
South Korea,KOR,2012,6361.6015625
South Korea,KOR,2013,6456.6259765625
South Korea,KOR,2014,6899.0029296875
Spain,ESP,1996,1294.74548339844
Spain,ESP,1997,1347.20227050781
Spain,ESP,1998,1501.03149414063
Spain,ESP,1999,1524.24011230469
Spain,ESP,2000,1881.47424316406
Spain,ESP,2001,1942.26513671875
Spain,ESP,2002,1992.51062011719
Spain,ESP,2003,2178.2724609375
Spain,ESP,2004,2339.60546875
Spain,ESP,2005,2501.90161132813
Spain,ESP,2006,2599.99536132813
Spain,ESP,2007,2712.35009765625
Spain,ESP,2008,2858.90063476563
Spain,ESP,2009,2890.22241210938
Spain,ESP,2010,2889.45678710938
Spain,ESP,2011,2788.25634765625
Spain,ESP,2012,2718.38427734375
Spain,ESP,2013,2652.55102539063
Spain,ESP,2014,2642.3720703125
Sri Lanka,LKA,1996,187.661270141602
Sri Lanka,LKA,2000,135.063583374023
Sri Lanka,LKA,2004,138.276092529297
Sri Lanka,LKA,2006,93.176139831543
Sri Lanka,LKA,2008,98.8493270874023
Sri Lanka,LKA,2010,105.933708190918
Sri Lanka,LKA,2013,110.905586242676
Sweden,SWE,1997,4162.72265625
Sweden,SWE,1999,4503.9033203125
Sweden,SWE,2001,5174.60400390625
Sweden,SWE,2003,5388.16943359375
Sweden,SWE,2004,5431.13671875
Sweden,SWE,2005,6090.80908203125
Sweden,SWE,2006,6132.65771484375
Sweden,SWE,2007,5004.9619140625
Sweden,SWE,2008,5443.11572265625
Sweden,SWE,2009,5085.00537109375
Sweden,SWE,2010,5255.85595703125
Sweden,SWE,2011,5146.92333984375
Sweden,SWE,2012,5163.7470703125
Sweden,SWE,2013,6670.0283203125
Sweden,SWE,2014,6868.11328125
Switzerland,CHE,1996,3131.1826171875
Switzerland,CHE,2000,3643.11010742188
Switzerland,CHE,2004,3457.994140625
Switzerland,CHE,2008,3287.98291015625
Switzerland,CHE,2012,4481.07373046875
Tanzania,TZA,2010,35.0416603088379
Tanzania,TZA,2013,18.4920501708984
Thailand,THA,1996,100.836761474609
Thailand,THA,1997,72.8219375610352
Thailand,THA,1999,168.102874755859
Thailand,THA,2001,279.270690917969
Thailand,THA,2003,279.462615966797
Thailand,THA,2005,311.338653564453
Thailand,THA,2007,322.394104003906
Thailand,THA,2009,330.587463378906
Thailand,THA,2011,543.473754882813
Thailand,THA,2014,973.998474121094
Togo,TGO,2003,26.877420425415
Togo,TGO,2004,25.236930847168
Togo,TGO,2005,33.3439788818359
Togo,TGO,2006,23.7257194519043
Togo,TGO,2007,36.669750213623
Togo,TGO,2010,34.4711494445801
Togo,TGO,2011,34.6122207641602
Togo,TGO,2012,35.9346389770508
Togo,TGO,2014,38.1705894470215
Tunisia,TUN,2007,1088.48510742188
Tunisia,TUN,2008,1218.18688964844
Tunisia,TUN,2009,1491.03601074219
Tunisia,TUN,2010,1384.22143554688
Tunisia,TUN,2011,1429.14636230469
Tunisia,TUN,2012,1622.76171875
Tunisia,TUN,2013,1792.52465820313
Tunisia,TUN,2014,1803.20959472656
Turkey,TUR,1996,304.197601318359
Turkey,TUR,1997,313.076934814453
Turkey,TUR,1998,308.501739501953
Turkey,TUR,1999,322.093292236328
Turkey,TUR,2000,365.005432128906
Turkey,TUR,2001,353.709045410156
Turkey,TUR,2002,368.440948486328
Turkey,TUR,2003,494.398132324219
Turkey,TUR,2004,505.819763183594
Turkey,TUR,2005,576.755493164063
Turkey,TUR,2006,620.968688964844
Turkey,TUR,2007,714.486206054688
Turkey,TUR,2008,750.747619628906
Turkey,TUR,2009,810.517883300781
Turkey,TUR,2010,889.788330078125
Turkey,TUR,2011,980.842468261719
Turkey,TUR,2012,1097.17211914063
Turkey,TUR,2013,1168.59887695313
Turkey,TUR,2014,1156.51293945313
Uganda,UGA,2010,38.0911712646484
Ukraine,UKR,2006,1478.71569824219
Ukraine,UKR,2007,1459.32263183594
Ukraine,UKR,2008,1432.32849121094
Ukraine,UKR,2009,1349.71069335938
Ukraine,UKR,2010,1332.19787597656
Ukraine,UKR,2011,1261.86047363281
Ukraine,UKR,2012,1234.66162109375
Ukraine,UKR,2013,1165.18225097656
Ukraine,UKR,2014,1026.40747070313
United Kingdom,GBR,1996,2492.02294921875
United Kingdom,GBR,1997,2499.68334960938
United Kingdom,GBR,1998,2697.05981445313
United Kingdom,GBR,1999,2856.79052734375
United Kingdom,GBR,2000,2897.28344726563
United Kingdom,GBR,2001,3082.99194335938
United Kingdom,GBR,2002,3341.63330078125
United Kingdom,GBR,2003,3638.88525390625
United Kingdom,GBR,2004,3825.95703125
United Kingdom,GBR,2005,4128.86962890625
United Kingdom,GBR,2006,4188.19140625
United Kingdom,GBR,2007,4131.53369140625
United Kingdom,GBR,2008,4083.85888671875
United Kingdom,GBR,2009,4116.3505859375
United Kingdom,GBR,2010,4091.17553710938
United Kingdom,GBR,2011,3979.38427734375
United Kingdom,GBR,2012,4029.2783203125
United Kingdom,GBR,2013,4185.689453125
United Kingdom,GBR,2014,4252.3623046875
United States,USA,1996,3122.39599609375
United States,USA,1997,3224.05249023438
United States,USA,1998,3388.00854492188
United States,USA,1999,3445.10473632813
United States,USA,2000,3475.51513671875
United States,USA,2001,3545.55688476563
United States,USA,2002,3630.322265625
United States,USA,2003,3870.20629882813
United States,USA,2004,3764.83935546875
United States,USA,2005,3718.04907226563
United States,USA,2006,3781.63623046875
United States,USA,2007,3757.78247070313
United States,USA,2008,3911.75439453125
United States,USA,2009,4071.78881835938
United States,USA,2010,3866.962890625
United States,USA,2011,4010.841796875
United States,USA,2012,4018.63452148438
Upper middle income,,1996,722.114911363943
Upper middle income,,1997,713.869223362445
Upper middle income,,1998,656.082577016263
Upper middle income,,1999,667.967735836686
Upper middle income,,2000,732.350160100956
Upper middle income,,2001,729.013027412604
Upper middle income,,2002,782.95309092072
Upper middle income,,2003,786.213608205232
Upper middle income,,2004,839.273851324913
Upper middle income,,2005,911.990263073214
Upper middle income,,2006,970.194292005425
Upper middle income,,2007,1043.43675687026
Upper middle income,,2008,1127.92607930858
Upper middle income,,2009,912.05383705025
Upper middle income,,2010,967.489786138609
Upper middle income,,2011,1007.29627385342
Upper middle income,,2012,1070.47697348326
Upper middle income,,2013,1072.73008867171
Upper middle income,,2014,1095.94602554866
Upper middle income,,2015,1165.82409055022
Upper middle income,,2016,1203.91302651848
Upper middle income,,2017,1258.35469561752
Uruguay,URY,1999,218.815475463867
Uruguay,URY,2000,277.519683837891
Uruguay,URY,2002,373.222900390625
Uruguay,URY,2008,273.663391113281
Uruguay,URY,2009,480.854858398438
Uruguay,URY,2010,549.132385253906
Uruguay,URY,2011,524.868469238281
Uruguay,URY,2012,537.27783203125
Uruguay,URY,2013,529.054138183594
Uruguay,URY,2014,504.164916992188
Uruguay,URY,2015,524.252136230469
Uzbekistan,UZB,2011,533.730712890625
Venezuela,VEN,1998,49.1815795898438
Venezuela,VEN,1999,55.612548828125
Venezuela,VEN,2000,61.0665817260742
Venezuela,VEN,2001,70.6088333129883
Venezuela,VEN,2002,69.3330535888672
Venezuela,VEN,2003,94.7498779296875
Venezuela,VEN,2004,104.467193603516
Venezuela,VEN,2005,121.333862304688
Venezuela,VEN,2006,146.099212646484
Venezuela,VEN,2007,162.735549926758
Venezuela,VEN,2008,187.112884521484
Venezuela,VEN,2009,182.396850585938
Venezuela,VEN,2010,200.1328125
Venezuela,VEN,2011,228.356811523438
Venezuela,VEN,2012,290.946960449219
Vietnam,VNM,2002,113.870681762695
Zambia,ZMB,1996,46.8305397033691
Zambia,ZMB,1997,50.6977806091309
Zambia,ZMB,1998,52.6189308166504
Zambia,ZMB,1999,51.9918403625488
Zambia,ZMB,2008,40.870548248291
Zimbabwe,ZWE,2012,89.6091232299805