Entity,Code,Year,"10.b.1 - Total assistance for development, by donor countries (millions of current United States dollars) - DC_TRF_TOTDL"
Australia,AUS,2000,1891000000
Australia,AUS,2001,1208000000
Australia,AUS,2002,768000000
Australia,AUS,2003,2921000000
Australia,AUS,2004,2352000000
Australia,AUS,2005,5201000000
Australia,AUS,2006,9003000000
Australia,AUS,2007,10249000000
Australia,AUS,2008,3828000000
Australia,AUS,2009,3133000000
Australia,AUS,2010,14531000000
Australia,AUS,2011,18522000000
Australia,AUS,2012,21906000000
Australia,AUS,2013,23170000000
Australia,AUS,2014,31975000000
Australia,AUS,2015,13840000000
Australia,AUS,2016,15124000000
Australia,AUS,2017,266000000
Australia,AUS,2018,398000000
Australia,AUS,2019,5032000000
Austria,AUT,2000,1135000000
Austria,AUT,2001,836000000
Austria,AUT,2002,1910000000
Austria,AUT,2003,1445000000
Austria,AUT,2004,1352000000
Austria,AUT,2005,4837000000
Austria,AUT,2006,3455000000
Austria,AUT,2007,20405000000
Austria,AUT,2008,10831000000
Austria,AUT,2009,3273000000
Austria,AUT,2010,6372000000
Austria,AUT,2011,8075000000
Austria,AUT,2012,4797000000
Austria,AUT,2013,1044000000
Austria,AUT,2014,3475000000
Austria,AUT,2015,4692000000
Austria,AUT,2016,3250000000
Austria,AUT,2017,2254000000
Austria,AUT,2018,2443000000
Austria,AUT,2019,2803000000
Azerbaijan,AZE,2014,16000000
Azerbaijan,AZE,2015,13000000
Azerbaijan,AZE,2016,13000000
Azerbaijan,AZE,2017,19000000
Azerbaijan,AZE,2018,28000000
Azerbaijan,AZE,2019,26000000
Belgium,BEL,2000,2281000000
Belgium,BEL,2001,304000000
Belgium,BEL,2002,1337000000
Belgium,BEL,2003,1221000000
Belgium,BEL,2004,816000000
Belgium,BEL,2005,3142000000
Belgium,BEL,2006,5308000000
Belgium,BEL,2007,3818000000
Belgium,BEL,2008,4425000000
Belgium,BEL,2009,3224000000
Belgium,BEL,2010,7896000000
Belgium,BEL,2011,1185000000
Belgium,BEL,2012,2703000000
Belgium,BEL,2013,10217000000
Belgium,BEL,2014,8725000000
Belgium,BEL,2015,3635000000
Belgium,BEL,2016,-11432000000
Belgium,BEL,2017,7728000000
Belgium,BEL,2018,3896000000
Belgium,BEL,2019,4316000000
Bulgaria,BGR,2010,40000000
Bulgaria,BGR,2011,48000000
Bulgaria,BGR,2012,40000000
Bulgaria,BGR,2013,50000000
Bulgaria,BGR,2014,49000000
Bulgaria,BGR,2015,41000000
Bulgaria,BGR,2016,68000000
Bulgaria,BGR,2017,62000000
Bulgaria,BGR,2018,69000000
Bulgaria,BGR,2019,65000000
Canada,CAN,2000,6483000000
Canada,CAN,2001,1538000000
Canada,CAN,2002,2044000000
Canada,CAN,2003,4949000000
Canada,CAN,2004,5986000000
Canada,CAN,2005,13373000000
Canada,CAN,2006,14233000000
Canada,CAN,2007,17161000000
Canada,CAN,2008,24069000000
Canada,CAN,2009,7340000000
Canada,CAN,2010,22642000000
Canada,CAN,2011,13548000000
Canada,CAN,2012,17068000000
Canada,CAN,2013,10397000000
Canada,CAN,2014,17876000000
Canada,CAN,2015,3718000000
Canada,CAN,2016,10026000000
Canada,CAN,2017,4348000000
Canada,CAN,2018,8886000000
Canada,CAN,2019,4620000000
Croatia,HRV,2012,21000000
Croatia,HRV,2013,45000000
Croatia,HRV,2014,72000000
Croatia,HRV,2015,51000000
Croatia,HRV,2016,41000000
Croatia,HRV,2017,54000000
Croatia,HRV,2018,79000000
Croatia,HRV,2019,73000000
Cyprus,CYP,2005,15000000
Cyprus,CYP,2006,26000000
Cyprus,CYP,2007,35000000
Cyprus,CYP,2008,37000000
Cyprus,CYP,2009,46000000
Cyprus,CYP,2010,51000000
Cyprus,CYP,2011,38000000
Cyprus,CYP,2012,25000000
Cyprus,CYP,2013,20000000
Cyprus,CYP,2014,19000000
Cyprus,CYP,2015,18000000
Cyprus,CYP,2018,25000000
Cyprus,CYP,2019,20000000
Czechia,CZE,2000,16000000
Czechia,CZE,2001,26000000
Czechia,CZE,2002,45000000
Czechia,CZE,2003,91000000
Czechia,CZE,2004,108000000
Czechia,CZE,2005,135000000
Czechia,CZE,2006,161000000
Czechia,CZE,2007,179000000
Czechia,CZE,2008,249000000
Czechia,CZE,2009,216000000
Czechia,CZE,2010,228000000
Czechia,CZE,2011,250000000
Czechia,CZE,2012,220000000
Czechia,CZE,2013,211000000
Czechia,CZE,2014,106000000
Czechia,CZE,2015,263000000
Czechia,CZE,2016,223000000
Czechia,CZE,2017,124000000
Czechia,CZE,2018,129000000
Czechia,CZE,2019,285000000
Denmark,DNK,2000,2176000000
Denmark,DNK,2001,2645000000
Denmark,DNK,2002,1577000000
Denmark,DNK,2003,1896000000
Denmark,DNK,2004,2634000000
Denmark,DNK,2005,2215000000
Denmark,DNK,2006,2686000000
Denmark,DNK,2007,4807000000
Denmark,DNK,2008,5150000000
Denmark,DNK,2009,3757000000
Denmark,DNK,2010,4794000000
Denmark,DNK,2011,2818000000
Denmark,DNK,2012,2400000000
Denmark,DNK,2013,4371000000
Denmark,DNK,2014,4194000000
Denmark,DNK,2015,2931000000
Denmark,DNK,2016,3327000000
Denmark,DNK,2017,5980000000
Denmark,DNK,2018,5724000000
Denmark,DNK,2019,3121000000
Estonia,EST,2000,1000000
Estonia,EST,2001,0
Estonia,EST,2002,1000000
Estonia,EST,2003,1000000
Estonia,EST,2004,5000000
Estonia,EST,2005,10000000
Estonia,EST,2006,14000000
Estonia,EST,2007,16000000
Estonia,EST,2008,22000000
Estonia,EST,2009,18000000
Estonia,EST,2010,19000000
Estonia,EST,2011,24000000
Estonia,EST,2012,23000000
Estonia,EST,2013,31000000
Estonia,EST,2014,37000000
Estonia,EST,2015,33000000
Estonia,EST,2016,43000000
Estonia,EST,2017,43000000
Estonia,EST,2018,48000000
Estonia,EST,2019,48000000
Finland,FIN,2000,1087000000
Finland,FIN,2001,1334000000
Finland,FIN,2002,-180000000
Finland,FIN,2003,-44000000
Finland,FIN,2004,1338000000
Finland,FIN,2005,1642000000
Finland,FIN,2006,1413000000
Finland,FIN,2007,2149000000
Finland,FIN,2008,-221000000
Finland,FIN,2009,3185000000
Finland,FIN,2010,4312000000
Finland,FIN,2011,1016000000
Finland,FIN,2012,1527000000
Finland,FIN,2013,996000000
Finland,FIN,2014,3027000000
Finland,FIN,2015,-48000000
Finland,FIN,2016,1860000000
Finland,FIN,2017,3704000000
Finland,FIN,2018,2297000000
Finland,FIN,2019,2247000000
France,FRA,2000,5557000000
France,FRA,2001,16327000000
France,FRA,2002,4729000000
France,FRA,2003,6936000000
France,FRA,2004,12599000000
France,FRA,2005,15744000000
France,FRA,2006,22329000000
France,FRA,2007,43126000000
France,FRA,2008,40641000000
France,FRA,2009,38420000000
France,FRA,2010,35198000000
France,FRA,2011,34216000000
France,FRA,2012,29578000000
France,FRA,2013,10523000000
France,FRA,2014,19222000000
France,FRA,2015,1234000000
France,FRA,2016,20794000000
France,FRA,2017,23120000000
France,FRA,2018,12632000000
France,FRA,2019,21848000000
Germany,DEU,2000,12331000000
Germany,DEU,2001,6345000000
Germany,DEU,2002,7207000000
Germany,DEU,2003,5224000000
Germany,DEU,2004,15251000000
Germany,DEU,2005,30683000000
Germany,DEU,2006,25992000000
Germany,DEU,2007,36739000000
Germany,DEU,2008,35727000000
Germany,DEU,2009,29130000000
Germany,DEU,2010,41637000000
Germany,DEU,2011,56202000000
Germany,DEU,2012,34717000000
Germany,DEU,2013,53096000000
Germany,DEU,2014,53003000000
Germany,DEU,2015,47627000000
Germany,DEU,2016,49199000000
Germany,DEU,2017,53738000000
Germany,DEU,2018,51983000000
Germany,DEU,2019,42193000000
Greece,GRC,2000,229000000
Greece,GRC,2001,202000000
Greece,GRC,2002,322000000
Greece,GRC,2003,403000000
Greece,GRC,2004,328000000
Greece,GRC,2005,709000000
Greece,GRC,2006,2896000000
Greece,GRC,2007,3391000000
Greece,GRC,2008,1166000000
Greece,GRC,2009,850000000
Greece,GRC,2010,761000000
Greece,GRC,2011,485000000
Greece,GRC,2012,907000000
Greece,GRC,2013,869000000
Greece,GRC,2014,-438000000
Greece,GRC,2015,-85000000
Greece,GRC,2016,-1993000000
Greece,GRC,2017,364000000
Greece,GRC,2018,261000000
Greece,GRC,2019,369000000
Hungary,HUN,2003,21000000
Hungary,HUN,2004,70000000
Hungary,HUN,2005,100000000
Hungary,HUN,2006,149000000
Hungary,HUN,2007,103000000
Hungary,HUN,2008,107000000
Hungary,HUN,2009,117000000
Hungary,HUN,2010,114000000
Hungary,HUN,2011,140000000
Hungary,HUN,2012,118000000
Hungary,HUN,2013,128000000
Hungary,HUN,2014,144000000
Hungary,HUN,2015,156000000
Hungary,HUN,2016,199000000
Hungary,HUN,2017,-184000000
Hungary,HUN,2018,1100000000
Hungary,HUN,2019,12264000000
Iceland,ISL,2000,9000000
Iceland,ISL,2001,10000000
Iceland,ISL,2002,13000000
Iceland,ISL,2003,18000000
Iceland,ISL,2004,21000000
Iceland,ISL,2005,27000000
Iceland,ISL,2006,42000000
Iceland,ISL,2007,48000000
Iceland,ISL,2008,48000000
Iceland,ISL,2009,34000000
Iceland,ISL,2010,29000000
Iceland,ISL,2011,26000000
Iceland,ISL,2012,26000000
Iceland,ISL,2013,35000000
Iceland,ISL,2014,37000000
Iceland,ISL,2015,40000000
Iceland,ISL,2016,69000000
Iceland,ISL,2017,83000000
Iceland,ISL,2018,77000000
Iceland,ISL,2019,119000000
Ireland,IRL,2000,740000000
Ireland,IRL,2001,735000000
Ireland,IRL,2002,1469000000
Ireland,IRL,2003,2334000000
Ireland,IRL,2004,3851000000
Ireland,IRL,2005,5298000000
Ireland,IRL,2006,5237000000
Ireland,IRL,2007,5840000000
Ireland,IRL,2008,6101000000
Ireland,IRL,2009,4188000000
Ireland,IRL,2010,2695000000
Ireland,IRL,2011,2444000000
Ireland,IRL,2012,956000000
Ireland,IRL,2013,1933000000
Ireland,IRL,2014,1203000000
Ireland,IRL,2015,1228000000
Ireland,IRL,2016,1295000000
Ireland,IRL,2017,1202000000
Ireland,IRL,2018,1368000000
Ireland,IRL,2019,1149000000
Israel,ISR,2000,164000000
Israel,ISR,2001,92000000
Israel,ISR,2002,131000000
Israel,ISR,2003,112000000
Israel,ISR,2004,84000000
Israel,ISR,2005,95000000
Israel,ISR,2006,90000000
Israel,ISR,2007,111000000
Israel,ISR,2008,138000000
Israel,ISR,2009,124000000
Israel,ISR,2010,145000000
Israel,ISR,2011,206000000
Israel,ISR,2012,181000000
Israel,ISR,2013,202000000
Israel,ISR,2014,200000000
Israel,ISR,2015,233000000
Israel,ISR,2016,351000000
Israel,ISR,2017,408000000
Israel,ISR,2018,365000000
Israel,ISR,2019,281000000
Italy,ITA,2000,10846000000
Italy,ITA,2001,-189000000
Italy,ITA,2002,1399000000
Italy,ITA,2003,4218000000
Italy,ITA,2004,3239000000
Italy,ITA,2005,4103000000
Italy,ITA,2006,5512000000
Italy,ITA,2007,4422000000
Italy,ITA,2008,5581000000
Italy,ITA,2009,5569000000
Italy,ITA,2010,9608000000
Italy,ITA,2011,11912000000
Italy,ITA,2012,11186000000
Italy,ITA,2013,16703000000
Italy,ITA,2014,8706000000
Italy,ITA,2015,15621000000
Italy,ITA,2016,19309000000
Italy,ITA,2017,14791000000
Italy,ITA,2018,7378000000
Italy,ITA,2019,6574000000
Japan,JPN,2000,11423000000
Japan,JPN,2001,13714000000
Japan,JPN,2002,4659000000
Japan,JPN,2003,6335000000
Japan,JPN,2004,11368000000
Japan,JPN,2005,23238000000
Japan,JPN,2006,26179000000
Japan,JPN,2007,30333000000
Japan,JPN,2008,31805000000
Japan,JPN,2009,45482000000
Japan,JPN,2010,48249000000
Japan,JPN,2011,62082000000
Japan,JPN,2012,48977000000
Japan,JPN,2013,58346000000
Japan,JPN,2014,40718000000
Japan,JPN,2015,37908000000
Japan,JPN,2016,39834000000
Japan,JPN,2017,37699000000
Japan,JPN,2018,53667000000
Japan,JPN,2019,54551000000
Kazakhstan,KAZ,2013,8000000
Kazakhstan,KAZ,2014,33000000
Kazakhstan,KAZ,2015,43000000
Kazakhstan,KAZ,2016,31000000
Kazakhstan,KAZ,2017,35000000
Kazakhstan,KAZ,2018,40000000
Kazakhstan,KAZ,2019,34000000
Kuwait,KWT,2000,165000000
Kuwait,KWT,2001,73000000
Kuwait,KWT,2002,20000000
Kuwait,KWT,2003,138000000
Kuwait,KWT,2004,161000000
Kuwait,KWT,2005,218000000
Kuwait,KWT,2006,158000000
Kuwait,KWT,2007,110000000
Kuwait,KWT,2008,283000000
Kuwait,KWT,2009,221000000
Kuwait,KWT,2010,232000000
Kuwait,KWT,2011,175000000
Kuwait,KWT,2012,180000000
Kuwait,KWT,2013,231000000
Kuwait,KWT,2014,277000000
Kuwait,KWT,2015,304000000
Kuwait,KWT,2016,1080000000
Kuwait,KWT,2017,567000000
Kuwait,KWT,2018,273000000
Kuwait,KWT,2019,402000000
Latvia,LVA,2002,2000000
Latvia,LVA,2003,1000000
Latvia,LVA,2004,8000000
Latvia,LVA,2005,11000000
Latvia,LVA,2006,12000000
Latvia,LVA,2007,16000000
Latvia,LVA,2008,22000000
Latvia,LVA,2009,21000000
Latvia,LVA,2010,16000000
Latvia,LVA,2011,19000000
Latvia,LVA,2012,21000000
Latvia,LVA,2013,24000000
Latvia,LVA,2014,25000000
Latvia,LVA,2015,23000000
Latvia,LVA,2016,30000000
Latvia,LVA,2017,32000000
Latvia,LVA,2018,34000000
Latvia,LVA,2019,34000000
Liechtenstein,LIE,2007,18000000
Liechtenstein,LIE,2008,24000000
Liechtenstein,LIE,2009,26000000
Liechtenstein,LIE,2010,27000000
Liechtenstein,LIE,2011,31000000
Liechtenstein,LIE,2012,29000000
Liechtenstein,LIE,2013,28000000
Liechtenstein,LIE,2014,27000000
Liechtenstein,LIE,2015,24000000
Liechtenstein,LIE,2016,25000000
Liechtenstein,LIE,2017,24000000
Liechtenstein,LIE,2018,26000000
Liechtenstein,LIE,2019,25000000
Lithuania,LTU,2001,2000000
Lithuania,LTU,2002,2000000
Lithuania,LTU,2003,2000000
Lithuania,LTU,2004,9000000
Lithuania,LTU,2005,16000000
Lithuania,LTU,2006,25000000
Lithuania,LTU,2007,48000000
Lithuania,LTU,2008,48000000
Lithuania,LTU,2009,36000000
Lithuania,LTU,2010,37000000
Lithuania,LTU,2011,52000000
Lithuania,LTU,2012,52000000
Lithuania,LTU,2013,50000000
Lithuania,LTU,2014,46000000
Lithuania,LTU,2015,48000000
Lithuania,LTU,2016,57000000
Lithuania,LTU,2017,59000000
Lithuania,LTU,2018,65000000
Lithuania,LTU,2019,68000000
Luxembourg,LUX,2000,129000000
Luxembourg,LUX,2001,144000000
Luxembourg,LUX,2002,148000000
Luxembourg,LUX,2003,201000000
Luxembourg,LUX,2004,242000000
Luxembourg,LUX,2005,265000000
Luxembourg,LUX,2006,299000000
Luxembourg,LUX,2007,384000000
Luxembourg,LUX,2008,426000000
Luxembourg,LUX,2009,428000000
Luxembourg,LUX,2010,411000000
Luxembourg,LUX,2011,417000000
Luxembourg,LUX,2012,399000000
Luxembourg,LUX,2013,429000000
Luxembourg,LUX,2014,423000000
Luxembourg,LUX,2015,363000000
Luxembourg,LUX,2016,391000000
Luxembourg,LUX,2017,424000000
Luxembourg,LUX,2018,473000000
Luxembourg,LUX,2019,472000000
Malta,MLT,2009,14000000
Malta,MLT,2010,14000000
Malta,MLT,2011,20000000
Malta,MLT,2012,19000000
Malta,MLT,2013,18000000
Malta,MLT,2014,20000000
Malta,MLT,2015,17000000
Malta,MLT,2016,21000000
Malta,MLT,2017,25000000
Malta,MLT,2018,33000000
Malta,MLT,2019,41000000
Netherlands,NLD,2000,6947000000
Netherlands,NLD,2001,-3432000000
Netherlands,NLD,2002,-1487000000
Netherlands,NLD,2003,15196000000
Netherlands,NLD,2004,14106000000
Netherlands,NLD,2005,22781000000
Netherlands,NLD,2006,28616000000
Netherlands,NLD,2007,18142000000
Netherlands,NLD,2008,-14022000000
Netherlands,NLD,2009,6045000000
Netherlands,NLD,2010,13013000000
Netherlands,NLD,2011,22046000000
Netherlands,NLD,2012,19943000000
Netherlands,NLD,2013,19428000000
Netherlands,NLD,2014,68874000000
Netherlands,NLD,2015,68160000000
Netherlands,NLD,2016,38797000000
Netherlands,NLD,2017,35700000000
Netherlands,NLD,2018,14696000000
Netherlands,NLD,2019,27491000000
New Zealand,NZL,2000,142000000
New Zealand,NZL,2001,139000000
New Zealand,NZL,2002,164000000
New Zealand,NZL,2003,208000000
New Zealand,NZL,2004,271000000
New Zealand,NZL,2005,401000000
New Zealand,NZL,2006,338000000
New Zealand,NZL,2007,404000000
New Zealand,NZL,2008,433000000
New Zealand,NZL,2009,387000000
New Zealand,NZL,2010,426000000
New Zealand,NZL,2011,536000000
New Zealand,NZL,2012,629000000
New Zealand,NZL,2013,581000000
New Zealand,NZL,2014,667000000
New Zealand,NZL,2015,621000000
New Zealand,NZL,2016,643000000
New Zealand,NZL,2017,648000000
New Zealand,NZL,2018,556000000
New Zealand,NZL,2019,752000000
Norway,NOR,2000,1437000000
Norway,NOR,2001,1485000000
Norway,NOR,2002,2279000000
Norway,NOR,2003,3308000000
Norway,NOR,2004,2785000000
Norway,NOR,2005,4637000000
Norway,NOR,2006,5459000000
Norway,NOR,2007,6377000000
Norway,NOR,2008,3759000000
Norway,NOR,2009,4977000000
Norway,NOR,2010,5876000000
Norway,NOR,2011,4755000000
Norway,NOR,2012,4752000000
Norway,NOR,2013,5580000000
Norway,NOR,2014,5040000000
Norway,NOR,2015,4565000000
Norway,NOR,2016,4287000000
Norway,NOR,2017,4001000000
Norway,NOR,2018,4262000000
Norway,NOR,2019,4548000000
Other non-specified areas in Eastern Asia,,2004,421000000
Other non-specified areas in Eastern Asia,,2005,483000000
Other non-specified areas in Eastern Asia,,2006,513000000
Other non-specified areas in Eastern Asia,,2007,514000000
Other non-specified areas in Eastern Asia,,2008,435000000
Other non-specified areas in Eastern Asia,,2009,411000000
Other non-specified areas in Eastern Asia,,2010,381000000
Other non-specified areas in Eastern Asia,,2011,381000000
Other non-specified areas in Eastern Asia,,2012,305000000
Other non-specified areas in Eastern Asia,,2013,272000000
Other non-specified areas in Eastern Asia,,2014,274000000
Other non-specified areas in Eastern Asia,,2015,255000000
Other non-specified areas in Eastern Asia,,2016,328000000
Other non-specified areas in Eastern Asia,,2017,319000000
Other non-specified areas in Eastern Asia,,2018,292000000
Other non-specified areas in Eastern Asia,,2019,316000000
Poland,POL,2000,29000000
Poland,POL,2001,36000000
Poland,POL,2002,14000000
Poland,POL,2003,27000000
Poland,POL,2004,118000000
Poland,POL,2005,205000000
Poland,POL,2006,300000000
Poland,POL,2007,363000000
Poland,POL,2008,373000000
Poland,POL,2009,375000000
Poland,POL,2010,378000000
Poland,POL,2011,417000000
Poland,POL,2012,421000000
Poland,POL,2013,487000000
Poland,POL,2014,452000000
Poland,POL,2015,499000000
Poland,POL,2016,1057000000
Poland,POL,2017,1114000000
Poland,POL,2018,976000000
Poland,POL,2019,961000000
Portugal,PRT,2000,4622000000
Portugal,PRT,2001,1775000000
Portugal,PRT,2002,175000000
Portugal,PRT,2003,1145000000
Portugal,PRT,2004,676000000
Portugal,PRT,2005,1109000000
Portugal,PRT,2006,666000000
Portugal,PRT,2007,2215000000
Portugal,PRT,2008,1528000000
Portugal,PRT,2009,-1060000000
Portugal,PRT,2010,162000000
Portugal,PRT,2011,-1299000000
Portugal,PRT,2012,475000000
Portugal,PRT,2013,2325000000
Portugal,PRT,2014,2369000000
Portugal,PRT,2015,520000000
Portugal,PRT,2016,732000000
Portugal,PRT,2017,3442000000
Portugal,PRT,2018,1562000000
Portugal,PRT,2019,84000000
Romania,ROU,2008,123000000
Romania,ROU,2009,153000000
Romania,ROU,2010,114000000
Romania,ROU,2011,164000000
Romania,ROU,2012,142000000
Romania,ROU,2013,134000000
Romania,ROU,2014,214000000
Romania,ROU,2015,158000000
Romania,ROU,2016,269000000
Romania,ROU,2017,220000000
Romania,ROU,2018,249000000
Romania,ROU,2019,254000000
Russia,RUS,2010,659000000
Russia,RUS,2011,479000000
Russia,RUS,2012,465000000
Russia,RUS,2013,714000000
Russia,RUS,2014,876000000
Russia,RUS,2015,745000000
Russia,RUS,2016,1258000000
Russia,RUS,2017,1190000000
Russia,RUS,2018,999000000
Russia,RUS,2019,802000000
Saudi Arabia,SAU,2000,276000000
Saudi Arabia,SAU,2001,205000000
Saudi Arabia,SAU,2002,2478000000
Saudi Arabia,SAU,2003,2391000000
Saudi Arabia,SAU,2004,1734000000
Saudi Arabia,SAU,2005,1026000000
Saudi Arabia,SAU,2006,2025000000
Saudi Arabia,SAU,2007,1551000000
Saudi Arabia,SAU,2008,4979000000
Saudi Arabia,SAU,2009,3134000000
Saudi Arabia,SAU,2010,3480000000
Saudi Arabia,SAU,2011,5095000000
Saudi Arabia,SAU,2012,1299000000
Saudi Arabia,SAU,2013,5683000000
Saudi Arabia,SAU,2014,13634000000
Saudi Arabia,SAU,2015,863000000
Saudi Arabia,SAU,2016,1544000000
Saudi Arabia,SAU,2017,1955000000
Saudi Arabia,SAU,2018,4839000000
Saudi Arabia,SAU,2019,2069000000
Slovakia,SVK,2000,6000000
Slovakia,SVK,2001,8000000
Slovakia,SVK,2002,7000000
Slovakia,SVK,2003,15000000
Slovakia,SVK,2004,28000000
Slovakia,SVK,2005,57000000
Slovakia,SVK,2006,55000000
Slovakia,SVK,2007,67000000
Slovakia,SVK,2008,92000000
Slovakia,SVK,2009,75000000
Slovakia,SVK,2010,74000000
Slovakia,SVK,2011,86000000
Slovakia,SVK,2012,80000000
Slovakia,SVK,2013,86000000
Slovakia,SVK,2014,83000000
Slovakia,SVK,2015,85000000
Slovakia,SVK,2016,106000000
Slovakia,SVK,2017,119000000
Slovakia,SVK,2018,138000000
Slovakia,SVK,2019,110000000
Slovenia,SVN,2005,35000000
Slovenia,SVN,2006,44000000
Slovenia,SVN,2007,54000000
Slovenia,SVN,2008,68000000
Slovenia,SVN,2009,71000000
Slovenia,SVN,2010,59000000
Slovenia,SVN,2011,63000000
Slovenia,SVN,2012,58000000
Slovenia,SVN,2013,62000000
Slovenia,SVN,2014,62000000
Slovenia,SVN,2015,156000000
Slovenia,SVN,2016,228000000
Slovenia,SVN,2017,23000000
Slovenia,SVN,2018,236000000
Slovenia,SVN,2019,147000000
South Korea,KOR,2000,44000000
South Korea,KOR,2001,-38000000
South Korea,KOR,2002,1595000000
South Korea,KOR,2003,2181000000
South Korea,KOR,2004,3153000000
South Korea,KOR,2005,4910000000
South Korea,KOR,2006,6514000000
South Korea,KOR,2007,11582000000
South Korea,KOR,2008,10700000000
South Korea,KOR,2009,6442000000
South Korea,KOR,2010,11834000000
South Korea,KOR,2011,11509000000
South Korea,KOR,2012,12415000000
South Korea,KOR,2013,15038000000
South Korea,KOR,2014,11649000000
South Korea,KOR,2015,12318000000
South Korea,KOR,2016,12222000000
South Korea,KOR,2017,10882000000
South Korea,KOR,2018,12615000000
South Korea,KOR,2019,12162000000
Spain,ESP,2000,23471000000
Spain,ESP,2001,11523000000
Spain,ESP,2002,8171000000
Spain,ESP,2003,6667000000
Spain,ESP,2004,12762000000
Spain,ESP,2005,6801000000
Spain,ESP,2006,11146000000
Spain,ESP,2007,21662000000
Spain,ESP,2008,30087000000
Spain,ESP,2009,12812000000
Spain,ESP,2010,10340000000
Spain,ESP,2011,20145000000
Spain,ESP,2012,1977000000
Spain,ESP,2013,7987000000
Spain,ESP,2014,13669000000
Spain,ESP,2015,22041000000
Spain,ESP,2016,4713000000
Spain,ESP,2017,8721000000
Spain,ESP,2018,14452000000
Spain,ESP,2019,13561000000
Sweden,SWE,2000,3952000000
Sweden,SWE,2001,3077000000
Sweden,SWE,2002,2232000000
Sweden,SWE,2003,1255000000
Sweden,SWE,2004,2954000000
Sweden,SWE,2005,3545000000
Sweden,SWE,2006,4175000000
Sweden,SWE,2007,6911000000
Sweden,SWE,2008,5896000000
Sweden,SWE,2009,7164000000
Sweden,SWE,2010,5127000000
Sweden,SWE,2011,6598000000
Sweden,SWE,2012,14156000000
Sweden,SWE,2013,10447000000
Sweden,SWE,2014,9325000000
Sweden,SWE,2015,10365000000
Sweden,SWE,2016,8446000000
Sweden,SWE,2017,7041000000
Sweden,SWE,2018,6639000000
Sweden,SWE,2019,7101000000
Switzerland,CHE,2000,1765000000
Switzerland,CHE,2001,1535000000
Switzerland,CHE,2002,1603000000
Switzerland,CHE,2003,3225000000
Switzerland,CHE,2004,1406000000
Switzerland,CHE,2005,8103000000
Switzerland,CHE,2006,12555000000
Switzerland,CHE,2007,5825000000
Switzerland,CHE,2008,12246000000
Switzerland,CHE,2009,8853000000
Switzerland,CHE,2010,23444000000
Switzerland,CHE,2011,12878000000
Switzerland,CHE,2012,14342000000
Switzerland,CHE,2013,13293000000
Switzerland,CHE,2014,12730000000
Switzerland,CHE,2015,6518000000
Switzerland,CHE,2016,5238000000
Switzerland,CHE,2017,16822000000
Switzerland,CHE,2018,18902000000
Switzerland,CHE,2019,11107000000
Thailand,THA,2006,74000000
Thailand,THA,2007,67000000
Thailand,THA,2008,177000000
Thailand,THA,2009,38000000
Thailand,THA,2010,4000000
Thailand,THA,2011,23000000
Thailand,THA,2012,11000000
Thailand,THA,2013,36000000
Thailand,THA,2014,69000000
Thailand,THA,2015,62000000
Thailand,THA,2016,168000000
Thailand,THA,2017,133000000
Thailand,THA,2018,134000000
Thailand,THA,2019,144000000
Timor,TLS,2014,3000000
Timor,TLS,2015,4000000
Turkey,TUR,2000,141000000
Turkey,TUR,2001,64000000
Turkey,TUR,2002,73000000
Turkey,TUR,2003,108000000
Turkey,TUR,2004,1128000000
Turkey,TUR,2005,1052000000
Turkey,TUR,2006,1663000000
Turkey,TUR,2007,1337000000
Turkey,TUR,2008,1577000000
Turkey,TUR,2009,1520000000
Turkey,TUR,2010,1718000000
Turkey,TUR,2011,2363000000
Turkey,TUR,2012,3436000000
Turkey,TUR,2013,4347000000
Turkey,TUR,2014,6403000000
Turkey,TUR,2015,5105000000
Turkey,TUR,2016,7943000000
Turkey,TUR,2017,9327000000
Turkey,TUR,2018,11199000000
Turkey,TUR,2019,9293000000
United Arab Emirates,ARE,2000,399000000
United Arab Emirates,ARE,2001,487000000
United Arab Emirates,ARE,2002,558000000
United Arab Emirates,ARE,2003,926000000
United Arab Emirates,ARE,2004,485000000
United Arab Emirates,ARE,2005,510000000
United Arab Emirates,ARE,2006,783000000
United Arab Emirates,ARE,2007,2426000000
United Arab Emirates,ARE,2008,1266000000
United Arab Emirates,ARE,2009,967000000
United Arab Emirates,ARE,2010,425000000
United Arab Emirates,ARE,2011,834000000
United Arab Emirates,ARE,2012,819000000
United Arab Emirates,ARE,2013,5409000000
United Arab Emirates,ARE,2014,5772000000
United Arab Emirates,ARE,2015,8379000000
United Arab Emirates,ARE,2016,5075000000
United Arab Emirates,ARE,2017,4181000000
United Arab Emirates,ARE,2018,5861000000
United Arab Emirates,ARE,2019,6501000000
United Kingdom,GBR,2000,10230000000
United Kingdom,GBR,2001,9615000000
United Kingdom,GBR,2002,7638000000
United Kingdom,GBR,2003,18541000000
United Kingdom,GBR,2004,31702000000
United Kingdom,GBR,2005,31269000000
United Kingdom,GBR,2006,26941000000
United Kingdom,GBR,2007,49887000000
United Kingdom,GBR,2008,41878000000
United Kingdom,GBR,2009,24713000000
United Kingdom,GBR,2010,25632000000
United Kingdom,GBR,2011,46851000000
United Kingdom,GBR,2012,63461000000
United Kingdom,GBR,2013,30738000000
United Kingdom,GBR,2014,31766000000
United Kingdom,GBR,2015,18553000000
United Kingdom,GBR,2016,18053000000
United Kingdom,GBR,2017,17735000000
United Kingdom,GBR,2018,18950000000
United Kingdom,GBR,2019,18954000000
United States,USA,2000,25252000000
United States,USA,2001,38618000000
United States,USA,2002,24410000000
United States,USA,2003,37860000000
United States,USA,2004,32283000000
United States,USA,2005,113526000000
United States,USA,2006,90897000000
United States,USA,2007,129862000000
United States,USA,2008,13678000000
United States,USA,2009,115276000000
United States,USA,2010,216950000000
United States,USA,2011,166777000000
United States,USA,2012,167506000000
United States,USA,2013,151860000000
United States,USA,2014,238648000000
United States,USA,2015,38520000000
United States,USA,2016,71698000000
United States,USA,2017,172871000000
United States,USA,2018,50784000000
United States,USA,2019,148083000000